base_origem,qru_corrida,orgao_nome,orgao_codigo_siorg,orgao_categoria,unidade_administrativa_nome,unidade_administrativa_codigo_siorg,status,motivo,justificativa,km_total,km_rota_calculada,valor_corrida,data_abertura,data_despacho,data_local_embarque,data_inicio,data_final,data_cancelamento,origem_endereco,origem_bairro,origem_cidade,origem_uf,destino_solicitado_endereco,destino_efetivo_endereco,origem_latitude,origem_longitude,destino_solicitado_latitude,destino_solicitado_longitude,destino_efetivo_latitude,destino_efetivo_longitude,avaliacao_usuario_nota,avaliacao_usuario_texto,veiculo_fabricante,veiculo_modelo,veiculo_ano_fabricacao,veiculo_ano_modelo,veiculo_cor,veiculo_placa,ateste_setorial_data,conteste_info
TAXIGOV_DF_3,1365033,Presidência da República,26,DIRETA,CGPPP/IN/CC/PR,,CONCLUÍDA,Outros,,4.56,4.545,17.69,2024-07-16 01:08:19.050,2024-07-16 01:08:32.117,2024-07-16 01:12:42.527,2024-07-16 01:14:55.843,2024-07-16 01:22:26.970,,IMPRENSA NACIONAL,,BRASÍLIA,DF,39 - ASA SUL - BRASÍLIA / DF,39 - ASA SUL - BRASÍLIA / DF,-15.79243,-47.9136,-15.80098,-47.89351,-15.80116,-47.89354,,,,,2024,25,,SSK-**89,,
TAXIGOV_DF_3,1365028,Presidência da República,26,DIRETA,CGPPP/IN/CC/PR,,CANCELADA,Reunião,,,,7.76,2024-07-15 22:55:32.263,2024-07-16 02:06:38.673,,2024-07-16 02:06:38.673,2024-07-16 02:07:23.180,2024-07-16 02:07:23.180,ESTRADA PARQUE INDUSTRIAS GRAFICAS,ZONA INDUSTRIAL,BRASILIA,DF,"QRSW 8 Bl. A1, Brasilia, DF",,-15.79243,-47.9136,-15.78398,-47.92825,,,,,,,,,,,,
TAXIGOV_DF_ENTIDADES,1364997,Instituto do Patrimônio Histórico e Artístico Nacional,2045,INDIRETA,GABINETE/IPHAN,,CANCELADA,Reunião,,,,,2024-07-15 19:14:57.857,2024-07-15 19:19:57.630,,2024-07-15 19:19:57.630,2024-07-15 19:20:08.080,2024-07-15 19:20:08.080,APEXBRASIL,ASA NORTE,BRASILIA,DF,"Instituto do Patrimonio Historico e Artistico Nacional - Sede, Asa Sul, Brasilia, Distrito Federal",,-15.78575,-47.87549,-15.82776,-47.9249,,,,,,SPIN,2024,25,PRATA,SSK-**89,,
TAXIGOV_DF_ENTIDADES,1364995,Instituto Brasileiro do Meio Ambiente e dos Recursos Naturais Renováveis,1812,INDIRETA,DIPLAN/IBAMA,,CONCLUÍDA,Reunião,,5.21,4.897,19.28,2024-07-15 19:14:41.830,2024-07-15 19:14:51.773,2024-07-15 19:15:58.990,2024-07-15 19:16:08.173,2024-07-15 19:24:39.847,,"MINISTERIO DO MEIO AMBIENTE, EIXO MONUMENTAL",,BRASILIA,DF,"Ibama, Brasilia, Distrito Federal","Ibama, Brasilia, Distrito Federal",-15.79859,-47.87243,-15.76624,-47.86238,-15.76553,-47.8627,,,,SIENA,2018,2019,BRANCA,PBK-**34,,
TAXIGOV_DF_3,1364984,Ministério da Saúde,304,DIRETA,DEMSP,,CONCLUÍDA,Reunião,,4.14,4.13,16.06,2024-07-15 18:49:23.617,2024-07-15 18:50:50.960,2024-07-15 18:53:52.260,2024-07-15 18:54:00.420,2024-07-15 19:04:31.250,,MINISTERIO DA SAUDE - BLOCO G,,BRASILIA,DF,"PO700 - Ministerio da Saude, SRTVN, 701, Asa Norte, Brasilia, Distrito Federal","PO700 - Ministerio da Saude, SRTVN, 701, Asa Norte, Brasilia, Distrito Federal",-15.80024,-47.86838,-15.78407,-47.89045,-15.78416,-47.89046,,,,,2018,2019,,PBK-**34,,
TAXIGOV_DF_3,1364979,Ministério da Saúde,304,DIRETA,GAB/SGTES,,CONCLUÍDA,Reunião,,4.11,4.151,15.95,2024-07-15 18:43:00.153,2024-07-15 18:43:12.760,2024-07-15 18:44:38.640,2024-07-15 18:47:51.150,2024-07-15 18:56:47.580,,MINISTERIO DA SAUDE - BLOCO G,,BRASILIA,DF,"PO700 - Ministerio da Saude, SRTVN, 701, Asa Norte, Brasilia, DF","PO700 - Ministerio da Saude, SRTVN, 701, Asa Norte, Brasilia, DF",-15.80024,-47.86838,-15.78407,-47.89045,-15.78435,-47.89049,,,,,2018,2018,,QOB-**36,,
TAXIGOV_DF_3,1364977,Ministério do Meio Ambiente,1927,DIRETA,GM/MMA,,CONCLUÍDA,Reunião,,2.19,2.963,8.5,2024-07-15 18:40:41.373,2024-07-15 18:40:59.000,2024-07-15 18:46:46.017,2024-07-15 18:47:22.913,2024-07-15 18:50:40.563,,"ANEXO I (PALACIO DO PLANALTO   PRESIDENCIA DA REPUBLICA), PRACA DOS TRES PODERES",PA 1,BRASILIA,DF,"Ministerio do Meio Ambiente, Eixo Monumental, Brasilia, Distrito Federal","Ministerio do Meio Ambiente, Eixo Monumental, Brasilia, Distrito Federal",-15.79955,-47.85925,-15.79859,-47.87243,-15.79861,-47.87221,,,,,2018,2019,,PBK-**34,,
TAXIGOV_DF_3,1364967,Ministério da Educação,244,DIRETA,SECADI,,CANCELADA,Reunião,,,,7.76,2024-07-15 18:20:47.820,2024-07-15 18:26:54.147,,2024-07-15 18:20:47.820,2024-07-15 18:26:54.143,2024-07-15 18:26:54.143,EM BLOCO L,BRASILIA,BRASILIA,DF,"Venancio Shopping, Setor Comercial Sul, Q. 6, Asa Sul, Brasilia, DF",,-15.79527,-47.87307,-15.79599,-47.89293,,,,,,,,,,,,
TAXIGOV_DF_3,1364965,Ministério da Educação,244,DIRETA,ACS/GM/MEC,,CANCELADA,Reunião,,,0.313,7.76,2024-07-15 18:16:26.230,2024-07-15 18:25:59.893,2024-07-15 18:31:46.910,2024-07-15 18:37:33.763,2024-07-15 18:44:19.927,2024-07-15 18:44:19.927,"MINISTERIO DA EDUCACAO (MEC), ESPLANADA DOS MINISTERIOS, BL. L",ZONA CIVICOADMINISTRATIVA,BRASILIA,DF,"Venancio Shopping, Setor Comercial Sul, Q. 6, Asa Sul, Brasilia, Distrito Federal","EM BLOCO L, BLOCO L, ASA NORTE, BRASILIA - DF, BRASIL",-15.7949,-47.87322,-15.79599,-47.89293,-15.7951,-47.87284,,,,,2017,2018,,PBE-**89,,
TAXIGOV_DF_3,1364961,Ministério da Saúde,304,DIRETA,DAHU/SAES/MS,,CONCLUÍDA,Reunião,,2.84,2.662,11.02,2024-07-15 18:12:50.277,2024-07-15 18:13:21.017,2024-07-15 18:23:18.967,2024-07-15 18:23:34.220,2024-07-15 18:33:35.700,,EBSERH - EMPRESA BRASILEIRA DE SERVICOS HOSPITALARES,ASA SUL,BRASILIA,DF,"PO700 - Ministerio da Saude, SRTVN, 701, Asa Norte, Brasilia, DF","PO700 - Ministerio da Saude, SRTVN, 701, Asa Norte, Brasilia, DF",-15.79581,-47.89378,-15.78407,-47.89045,-15.78441,-47.89045,,,,,,,,REU-**33,,
TAXIGOV_DF_ENTIDADES,1364953,Fundo Nacional de Desenvolvimento da Educação,253,INDIRETA,GABIN/FNDE,,CANCELADA,Reunião,,,,7.4,2024-07-15 18:02:38.170,2024-07-15 18:11:16.063,,2024-07-15 18:02:38.170,2024-07-15 18:11:16.063,2024-07-15 18:11:16.063,"CENTRO INTERNACIONAL DE CONVENCOES DO BRASIL, SCES TRECHO 2",ASA SUL,BRASILIA,DF,"Fundo Nacional de Desenvolvimento da Educacao, Sbs, 12, Asa Sul, Brasilia, Distrito Federal",,-15.81569,-47.84475,-15.80089,-47.88341,,,,,,,,,,,,
TAXIGOV_DF_3,1364949,Presidência da República,26,DIRETA,CGPPP/IN/CC/PR,,CANCELADA,Reunião,,,,7.76,2024-07-15 17:59:24.573,2024-07-16 02:06:44.077,,2024-07-16 02:06:44.077,2024-07-16 02:07:10.123,2024-07-16 02:07:10.123,ESTRADA PARQUE INDUSTRIAS GRAFICAS,ZONA INDUSTRIAL,BRASILIA,DF,"SQS 409 Bl. B, Asa Sul, Brasilia, DF",,-15.79243,-47.9136,-15.82359,-47.9027,,,,,,,,,,,,
TAXIGOV_DF_3,1364945,Ministério da Saúde,304,DIRETA,CGSPD/DAET/SAES/MS,,CONCLUÍDA,Reunião,,8.97,8.268,34.8,2024-07-15 17:56:36.747,2024-07-15 17:58:50.943,2024-07-15 18:07:42.373,2024-07-15 18:07:48.450,2024-07-15 18:33:29.660,,SCES TRECHO 2,ASA SUL,BRASILIA,DF,"Edificio PO 700, Asa Norte, Brasilia, DF","Edificio PO 700, Asa Norte, Brasilia, DF",-15.81568,-47.84475,-15.78364,-47.89034,-15.78406,-47.89041,,,,,2020,2020,,REC-**41,,
TAXIGOV_DF_ENTIDADES,1364943,Instituto Nacional de Estudos e Pesquisas Educacionais Anísio Teixeira,249,INDIRETA,GAB/INEP,,CONCLUÍDA,Reunião,,5.66,5.702,20.89,2024-07-15 17:53:11.057,2024-07-15 17:59:01.870,2024-07-15 18:03:46.220,2024-07-15 18:07:09.583,2024-07-15 18:23:11.040,,MINISTERIO DA EDUCACAO,PA 2,BRASILIA,DF,"INEP - Instituto Nacional de Estudos e Pesquisas Educacionais Anisio Teixeira, SIG Qd. 4, Lt. 327, Sudoeste/Octogonal, Cruzeiro, DF","INEP - Instituto Nacional de Estudos e Pesquisas Educacionais Anisio Teixeira, SIG Qd. 4, Lt. 327, Sudoeste/Octogonal, Cruzeiro, DF",-15.79501,-47.87305,-15.78816,-47.91414,-15.78833,-47.91389,,,,COROLLA,2022,2023,PRETA,SGO-**68,,
TAXIGOV_DF_3,1364941,Ministério da Justiça e Segurança Pública,235881,DIRETA,DINT/SEOPI/MJSP,,CONCLUÍDA,Reunião,,3.84,4.022,14.9,2024-07-15 17:50:00.333,2024-07-15 17:56:24.517,2024-07-15 17:59:10.430,2024-07-15 17:59:44.157,2024-07-15 18:10:47.233,,MINISTERIO DA JUSTICA E CIDADANIA - ANEXO II,,BRASILIA,DF,"Edificio Taurisano, Sbn Q 1, 31, Asa Norte, Brasilia, Distrito Federal","Edificio Taurisano, Sbn Q 1, 31, Asa Norte, Brasilia, Distrito Federal",-15.796570000000001,-47.86601,-15.78088,-47.88728,-15.78087,-47.88663,,,,,2024,2024,,SSI-**69,,
TAXIGOV_DF_3,1364938,Ministério da Saúde,304,DIRETA,DEMSP,,CONCLUÍDA,Reunião,,4.13,4.163,16.02,2024-07-15 17:42:18.670,2024-07-15 17:44:16.780,2024-07-15 17:48:56.280,2024-07-15 17:49:55.163,2024-07-15 17:58:03.627,,"PO 700, SRTVN QUADRA 03",ASA NORTE,BRASILIA,DF,"Ministerio da Saude - Bloco G, Brasilia, Distrito Federal","Ministerio da Saude - Bloco G, Brasilia, Distrito Federal",-15.78354,-47.8903,-15.80024,-47.86838,-15.80033,-47.86819,,,,,2022,2023,,SGO-**68,,
TAXIGOV_DF_3,1364937,Ministério da Saúde,304,DIRETA,CGSPD/DAET/SAES/MS,,CONCLUÍDA,Reunião,,4.15,4.148,16.1,2024-07-15 17:42:17.257,2024-07-15 17:42:26.163,2024-07-15 17:44:16.663,2024-07-15 17:44:27.747,2024-07-15 17:52:03.820,,MINISTERIO DA SAUDE - BLOCO G,,BRASILIA,DF,"PO700 - Ministerio da Saude, Asa Norte, Brasilia, Distrito Federal","PO700 - Ministerio da Saude, Asa Norte, Brasilia, Distrito Federal",-15.80024,-47.86838,-15.78406,-47.89043,-15.78432,-47.89048,,,,,2023,2024,,SSF-**75,,
TAXIGOV_DF_ENTIDADES,1364934,Instituto Brasileiro de Museus,100584,INDIRETA,DPMUS,,CONCLUÍDA,Reunião,,6.95,7.145,25.72,2024-07-15 17:27:52.640,2024-07-15 17:29:40.733,2024-07-15 17:39:34.003,2024-07-15 17:40:02.943,2024-07-15 17:51:50.860,,SCES TRECHO 2,ASA SUL,BRASILIA,DF,"Edificio Capes, Asa Norte, Brasilia, DF","Edificio Capes, Asa Norte, Brasilia, DF",-15.81568,-47.84475,-15.78799,-47.87818,-15.78853,-47.87856,,,,VOYAGE,2020,2020,PRATA,REC-**41,,
TAXIGOV_DF_3,1364926,Ministério do Meio Ambiente,1927,DIRETA,GM/MMA,,CONCLUÍDA,Reunião,,2.08,2.087,8.07,2024-07-15 17:19:09.373,2024-07-15 17:20:56.630,2024-07-15 17:28:32.740,2024-07-15 17:29:26.373,2024-07-15 17:35:55.653,,"MINISTERIO DO MEIO AMBIENTE, EIXO MONUMENTAL",,BRASILIA,DF,"Anexo I (Palacio do Planalto   Presidencia da Republica), Praca dos Tres Poderes, Brasilia, Distrito Federal","Anexo I (Palacio do Planalto   Presidencia da Republica), Praca dos Tres Poderes, Brasilia, Distrito Federal",-15.79859,-47.87243,-15.79955,-47.85925,-15.79978,-47.85932,,,,,2024,2024,,SSI-**69,,
TAXIGOV_DF_3,1364923,Ministério da Saúde,304,DIRETA,DEPPROS,,CONCLUÍDA,Reunião,,4.35,4.347,16.88,2024-07-15 17:17:00.823,2024-07-15 17:17:40.840,2024-07-15 17:19:43.070,2024-07-15 17:20:42.033,2024-07-15 17:31:50.827,,"EDIFICIO PO 700, VIA W 5 NORTE",ASA NORTE,BRASILIA,DF,"Anexo do Ministerio da Saude, Eixo Monumental, G, Brasilia, Distrito Federal","Anexo do Ministerio da Saude, Eixo Monumental, G, Brasilia, Distrito Federal",-15.78364,-47.89034,-15.80181,-47.86856,-15.80159,-47.86924,,,,,,,,OVO-**35,,
TAXIGOV_DF_3,1364917,Ministério do Desenvolvimento Agrário e Agricultura Familiar,308794,DIRETA,SETEQ / MDA,,CONCLUÍDA,Reunião,,2.55,2.481,9.89,2024-07-15 17:14:36.490,2024-07-15 17:17:33.500,2024-07-15 17:20:06.697,2024-07-15 17:22:06.537,2024-07-15 17:28:39.350,,PALACIO DO PLANALTO,,BRASILIA,DF,"Banca Palacio do Desenvolvimento, Asa Norte, Brasilia, Distrito Federal","Banca Palacio do Desenvolvimento, Asa Norte, Brasilia, Distrito Federal",-15.79905,-47.86077,-15.79111,-47.87962,-15.79117,-47.87964,,,,,2020,2020,,REC-**41,,
TAXIGOV_DF_ENTIDADES,1364916,Fundo Nacional de Desenvolvimento da Educação,253,INDIRETA,COGER/FNDE,,CONCLUÍDA,Reunião,,2.99,3.293,11.06,2024-07-15 17:12:25.897,2024-07-15 17:13:02.487,2024-07-15 17:17:10.073,2024-07-15 17:17:49.023,2024-07-15 17:23:53.453,,EDIFICIO CAPES,ASA NORTE,BRASILIA,DF,"Fundo Nacional de Desenvolvimento da Educacao, Sbs, 12, Asa Sul, Brasilia, DF","Fundo Nacional de Desenvolvimento da Educacao, Sbs, 12, Asa Sul, Brasilia, DF",-15.78799,-47.87818,-15.80089,-47.88341,-15.80133,-47.88354,,,,KICKS,2023,2024,PRATA,SGV-**61,,
TAXIGOV_DF_3,1364912,Ministério da Saúde,304,DIRETA,GAB/SVS,,CONCLUÍDA,Reunião,,2.08,2.059,8.07,2024-07-15 17:10:29.297,2024-07-15 17:11:11.457,2024-07-15 17:13:36.627,2024-07-15 17:14:49.743,2024-07-15 17:20:25.597,,SRTVN QUADRA 03,BRASILIA,BRASILIA,DF,"San Marco Hotel, Asa Sul, Brasilia, DF","San Marco Hotel, Asa Sul, Brasilia, DF",-15.78354,-47.8903,-15.79306,-47.89176,-15.79316,-47.89185,,,,,2023,2024,,SSG-**11,,
TAXIGOV_DF_3,1364909,Ministério da Saúde,304,DIRETA,DGAP,,CANCELADA,Reunião,,,,7.76,2024-07-15 17:06:59.613,2024-07-15 17:18:59.363,,2024-07-15 17:18:59.363,2024-07-15 17:19:42.770,2024-07-15 17:19:42.770,MINISTERIO DA EDUCACAO,PA 2,BRASILIA,DF,"PO700 - Ministerio da Saude, SRTVN, 701, Asa Norte, Brasilia, DF",,-15.79501,-47.87305,-15.78407,-47.89045,,,,,,,2024,2024,,SSI-**69,,
TAXIGOV_DF_3,1364908,Ministério da Saúde,304,DIRETA,GAB/SGTES,,CONCLUÍDA,Reunião,,4.02,4.191,15.6,2024-07-15 17:06:27.150,2024-07-15 17:06:36.203,2024-07-15 17:07:40.127,2024-07-15 17:11:31.753,2024-07-15 17:23:22.043,,"SRTVN, 701",ASA NORTE,BRASILIA,DF,"Ministerio da Saude - Bloco G, Brasilia, DF","Ministerio da Saude - Bloco G, Brasilia, DF",-15.78407,-47.89045,-15.80024,-47.86838,-15.80003,-47.86814,,,,,2024,2024,,SSJ-**17,,
TAXIGOV_DF_ENTIDADES,1364902,Instituto Nacional de Colonização e Reforma Agrária,1799,INDIRETA,GAB/INCRA,,CANCELADA,Reunião,,,,7.4,2024-07-15 17:04:18.817,2024-07-15 17:16:25.550,,2024-07-15 17:04:18.817,2024-07-15 17:16:25.550,2024-07-15 17:16:25.550,ESPLANADA DOS MINISTERIOS,ZONA CIVICO-ADMINISTRATIVA,BRASILIA,DF,"Palacio do Desenvolvimento, Brasilia, DF",,-15.79906,-47.87167,-15.79075,-47.87953,,,,,,,,,,,,
TAXIGOV_DF_3,1364901,Ministério da Saúde,304,DIRETA,DGAP,,CONCLUÍDA,Reunião,,1.34,1.338,7.76,2024-07-15 17:04:03.930,2024-07-15 17:04:22.810,2024-07-15 17:07:19.237,2024-07-15 17:08:07.090,2024-07-15 17:13:02.027,,MINISTERIO DA EDUCACAO,PA 2,BRASILIA,DF,"Ministerio da Saude - Bloco G, Brasilia, DF","Ministerio da Saude - Bloco G, Brasilia, DF",-15.79501,-47.87305,-15.80024,-47.86838,-15.80035,-47.8682,,,,,2023,2023,,SGR-**55,,
TAXIGOV_DF_3,1364898,Ministério da Saúde,304,DIRETA,GAB/SVS,,CONCLUÍDA,Reunião,,4.21,4.223,16.33,2024-07-15 17:02:52.670,2024-07-15 17:03:04.757,2024-07-15 17:08:00.887,2024-07-15 17:08:30.887,2024-07-15 17:17:48.197,,"SRTVN, 701",ASA NORTE,BRASILIA,DF,"Ministerio da Saude - Bloco G, Brasilia, DF","Ministerio da Saude - Bloco G, Brasilia, DF",-15.78407,-47.89045,-15.80024,-47.86838,-15.80032,-47.8682,,,,,,,,SSK-**03,,
TAXIGOV_DF_3,1364897,Ministério do Desenvolvimento Agrário e Agricultura Familiar,308794,DIRETA,SETEQ / MDA,,CANCELADA,Reunião,,,,7.76,2024-07-15 17:02:48.933,2024-07-15 17:14:22.983,,2024-07-15 17:02:48.933,2024-07-15 17:14:22.983,2024-07-15 17:14:22.983,PALACIO DO PLANALTO,,BRASILIA,DF,"Banca Palacio do Desenvolvimento, Asa Norte, Brasilia, Distrito Federal",,-15.79905,-47.86077,-15.79111,-47.87962,,,,,,,,,,,,
TAXIGOV_DF_3,1364896,Ministério da Saúde,304,DIRETA,CGSPD/DAET/SAES/MS,,CONCLUÍDA,Reunião,,4.08,4.138,15.83,2024-07-15 17:02:25.643,2024-07-15 17:07:40.490,2024-07-15 17:10:36.780,2024-07-15 17:10:36.180,2024-07-15 17:20:53.973,,MINISTERIO DA SAUDE - BLOCO G,,BRASILIA,DF,"Edificio PO 700, Via W 5 Norte, Asa Norte, Brasilia, Distrito Federal","Edificio PO 700, Via W 5 Norte, Asa Norte, Brasilia, Distrito Federal",-15.80024,-47.86838,-15.78364,-47.89034,-15.78423,-47.8905,,,,,2022,2023,,REV-**05,,
TAXIGOV_DF_3,1364889,Ministério da Saúde,304,DIRETA,DGCI,,CANCELADA,Reunião,,,,,2024-07-15 16:58:11.390,2024-07-15 16:58:20.323,,2024-07-15 16:58:20.323,2024-07-15 16:59:52.040,2024-07-15 16:59:52.040,EIXO MONUMENTAL,G,BRASILIA,DF,"PO700 - Ministerio da Saude, SRTVN, 701, Asa Norte, Brasilia, DF",,-15.80181,-47.86856,-15.78407,-47.89045,,,,,,,2022,2023,,SGQ-**66,,
TAXIGOV_DF_3,1364883,Ministério da Saúde,304,DIRETA,GAB/SGTES,,CONCLUÍDA,Reunião,,4.1,4.128,15.91,2024-07-15 16:56:03.843,2024-07-15 16:56:12.360,2024-07-15 16:59:15.300,2024-07-15 16:59:53.437,2024-07-15 17:09:38.760,,"ESPLANADA DOS MINISTERIOS, BL. G",BRASILIA,BRASILIA,DF,"PO700 - Ministerio da Saude, SRTVN, 701, Asa Norte, Brasilia, DF","PO700 - Ministerio da Saude, SRTVN, 701, Asa Norte, Brasilia, DF",-15.80055,-47.86855,-15.78407,-47.89045,-15.78445,-47.89049,,,,,2023,2024,,SGV-**61,,
TAXIGOV_DF_3,1364880,Ministério da Saúde,304,DIRETA,CGAH,,CONCLUÍDA,Reunião,,3.99,4.136,15.48,2024-07-15 16:55:09.577,2024-07-15 16:55:18.637,2024-07-15 16:59:05.807,2024-07-15 17:03:15.060,2024-07-15 17:13:31.140,,MINISTERIO DA SAUDE - BLOCO G,,BRASILIA,DF,"PO700 - Ministerio da Saude, SRTVN, 701, Asa Norte, Brasilia, DF","PO700 - Ministerio da Saude, SRTVN, 701, Asa Norte, Brasilia, DF",-15.80024,-47.86838,-15.78407,-47.89045,-15.78422,-47.8904,,,,,2024,2024,,SSK-**66,,
TAXIGOV_DF_3,1364874,Ministério da Saúde,304,DIRETA,DGCI,,CONCLUÍDA,Reunião,,4.37,4.379,16.96,2024-07-15 16:51:26.343,2024-07-15 16:51:36.347,2024-07-15 16:57:54.750,2024-07-15 16:57:59.957,2024-07-15 17:10:07.930,,"ANEXO DO MINISTERIO DA SAUDE, EIXO MONUMENTAL",G,BRASILIA,DF,"PO700 - Ministerio da Saude, Asa Norte, Brasilia, Distrito Federal","PO700 - Ministerio da Saude, Asa Norte, Brasilia, Distrito Federal",-15.80181,-47.86856,-15.78406,-47.89043,-15.7841,-47.89043,,,,,,,,REL-**24,,
TAXIGOV_DF_3,1364873,Ministério da Saúde,304,DIRETA,DGCI,,CANCELADA,Reunião,,,,7.76,2024-07-15 16:51:26.140,2024-07-15 16:51:36.027,2024-07-15 16:53:13.770,2024-07-15 16:51:36.027,2024-07-15 16:57:53.820,2024-07-15 16:57:53.820,EIXO MONUMENTAL,G,BRASILIA,DF,"PO700 - Ministerio da Saude, SRTVN, 701, Asa Norte, Brasilia, DF",,-15.80181,-47.86856,-15.78407,-47.89045,,,,,,,2022,2023,,SGQ-**66,,
TAXIGOV_DF_ENTIDADES,1364864,Fundação Nacional do Índio,173,INDIRETA,PFE/FUNAI,,CONCLUÍDA,Reunião,,3.91,4.117,13.88,2024-07-15 16:45:18.820,2024-07-15 16:45:28.987,2024-07-15 16:46:52.190,2024-07-15 16:46:55.550,2024-07-15 16:57:06.013,,MINISTERIO DOS POVOS INDIGENAS,PA 2,BRASILIA,DF,"Fundacao Nacional dos Povos Indigenas - FUNAI, Asa Sul, Brasilia, DF","Fundacao Nacional dos Povos Indigenas - FUNAI, Asa Sul, Brasilia, DF",-15.79917,-47.87167,-15.79521,-47.89352,-15.79518,-47.89372,,,,KICKS,2023,2024,BRANCA,SGY-**29,,
TAXIGOV_DF_ENTIDADES,1364859,Superintendência do Desenvolvimento do Centro-Oeste,100113,INDIRETA,APOIO/DA/SUDECO,,CONCLUÍDA,Reunião,,2.82,2.421,10.43,2024-07-15 16:42:31.117,2024-07-15 16:42:41.443,2024-07-15 16:42:43.813,2024-07-15 16:46:07.080,2024-07-15 16:53:36.230,,CAIXA,ASA SUL,BRASILIA,DF,"Superintendencia do Desenvolvimento do Centro-Oeste, Asa Norte, Brasilia, DF","Superintendencia do Desenvolvimento do Centro-Oeste, Asa Norte, Brasilia, DF",-15.80275,-47.88373,-15.79119,-47.87828,-15.79126,-47.87849,,,,COROLLA,2021,2022,PRATA,RES-**79,,
TAXIGOV_DF_ENTIDADES,1364855,Agência Nacional de Aviação Civil,86144,INDIRETA,SAF/ANAC,,CONCLUÍDA,Reunião,,4.37,4.328,16.17,2024-07-15 16:38:37.060,2024-07-15 16:38:43.617,2024-07-15 16:54:19.110,2024-07-15 16:55:05.860,2024-07-15 17:04:11.913,,"MINISTERIO DA SAUDE BL G,",PA 1,BRASILIA,DF,"SCS ED PARQUE CIDADE CORPORATE, - ASA SUL","SCS ED PARQUE CIDADE CORPORATE, - ASA SUL",-15.80001,-47.86838,-15.79431,-47.89336,-15.79516,-47.89375,,,,CRONOS,2022,2023,PRATA,SGQ-**74,,
TAXIGOV_DF_3,1364853,Ministério da Saúde,304,DIRETA,DGCI,,CONCLUÍDA,Reunião,,4.1,4.118,15.91,2024-07-15 16:38:29.950,2024-07-15 16:38:41.200,2024-07-15 16:42:55.230,2024-07-15 16:43:59.457,2024-07-15 16:52:04.120,,MINISTERIO DA SAUDE - BLOCO G,,BRASILIA,DF,"PO700 - Ministerio da Saude, SRTVN, 701, Asa Norte, Brasilia, DF","PO700 - Ministerio da Saude, SRTVN, 701, Asa Norte, Brasilia, DF",-15.80024,-47.86838,-15.78407,-47.89045,-15.78405,-47.89043,,,,,2017,2017,,PAQ-**53,,
TAXIGOV_DF_ENTIDADES,1364846,Instituto Nacional de Colonização e Reforma Agrária,1799,INDIRETA,GAB/INCRA,,CONCLUÍDA,Reunião,,3.85,2.752,14.25,2024-07-15 16:32:38.590,2024-07-15 16:32:48.960,2024-07-15 16:38:19.293,2024-07-15 16:38:38.320,2024-07-15 16:47:55.577,,CAMARA DOS DEPUTADOS ANEXO IV,ANEXO IV,BRASILIA,DF,"Instituto Nacional de Colonizacao e Reforma Agraria - Sede, Asa Norte, Brasilia, DF","Instituto Nacional de Colonizacao e Reforma Agraria - Sede, Asa Norte, Brasilia, DF",-15.80264,-47.86511,-15.79089,-47.87956,-15.79086,-47.88044,,,,COROLLA,2018,2019,PRETO,PBE-**50,,
TAXIGOV_DF_3,1364842,Presidência da República,26,DIRETA,ASCOM/SRI/PR,,CANCELADA,Reunião,,,,7.76,2024-07-15 16:28:02.080,2024-07-15 16:31:19.240,2024-07-15 16:37:39.217,2024-07-15 16:41:19.240,2024-07-15 16:48:16.340,2024-07-15 16:48:16.340,EIXO MONUMENTAL,,BRASILIA,DF,"Palacio do Planalto, Brasilia, DF",,-15.7964,-47.86991,-15.79905,-47.86077,,,,,,,2024,2025,,SSJ-**86,,
TAXIGOV_DF_3,1364839,Ministério do Meio Ambiente,1927,DIRETA,GM/MMA,,CONCLUÍDA,Reunião,,2.11,2.981,8.19,2024-07-15 16:25:33.150,2024-07-15 16:26:10.987,2024-07-15 16:32:48.120,2024-07-15 16:33:49.607,2024-07-15 16:40:33.630,,"ANEXO I (PALACIO DO PLANALTO   PRESIDENCIA DA REPUBLICA), PRACA DOS TRES PODERES",PA 1,BRASILIA,DF,"Ministerio do Meio Ambiente, Eixo Monumental, Brasilia, Distrito Federal","Ministerio do Meio Ambiente, Eixo Monumental, Brasilia, Distrito Federal",-15.79955,-47.85925,-15.79859,-47.87243,-15.79874,-47.87232,,,,,2021,2022,,REO-**84,,
TAXIGOV_DF_3,1364835,Ministério da Educação,244,DIRETA,STIC/MEC,,CONCLUÍDA,Reunião,,3.32,3.144,12.88,2024-07-15 16:22:39.550,2024-07-15 16:24:53.203,2024-07-15 16:29:16.533,2024-07-15 16:30:31.690,2024-07-15 16:36:43.683,,SGAS,ASA SUL,BRASILIA,DF,"Ministerio da Educacao - Anexo I, Brasilia, DF","Ministerio da Educacao - Anexo I, Brasilia, DF",-15.81501,-47.88775,-15.79362,-47.87239,-15.79344,-47.87287,,,,,2022,2023,,SGN-**06,,
TAXIGOV_DF_3,1364832,Ministério do Turismo,72084,DIRETA,GM,,CONCLUÍDA,Reunião,,5.5,5.638,21.34,2024-07-15 16:21:27.553,2024-07-15 16:27:43.113,2024-07-15 16:35:33.637,2024-07-15 16:35:36.133,2024-07-15 16:46:56.750,,"MINISTERIO DO TURISMO (MTUR), ESPLANADA DOS MINISTERIOS, BL. U",ZONA CIVICOADMINISTRATIVA,BRASILIA,DF,"Centro Internacional de Convencoes do Brasil, SCES Trecho 2, Asa Sul, Brasilia, Distrito Federal","Centro Internacional de Convencoes do Brasil, SCES Trecho 2, Asa Sul, Brasilia, Distrito Federal",-15.79631,-47.86798,-15.81569,-47.84475,-15.81526,-47.84532,,,,,2020,2020,,REC-**41,,
TAXIGOV_DF_ENTIDADES,1364830,Superintendência do Desenvolvimento do Centro-Oeste,100113,INDIRETA,APOIO/DA/SUDECO,,CONCLUÍDA,Reunião,,3.32,3.202,12.28,2024-07-15 16:19:42.237,2024-07-15 16:19:50.617,2024-07-15 16:23:52.860,2024-07-15 16:24:07.840,2024-07-15 16:31:39.483,,SUPERINTENDENCIA DO DESENVOLVIMENTO DO CENTRO-OESTE,ASA NORTE,BRASILIA,DF,"Caixa, Asa Sul, Brasilia, DF","Caixa, Asa Sul, Brasilia, DF",-15.79119,-47.87828,-15.80275,-47.88373,-15.80294,-47.88429,,,,COROLLA,2021,2022,PRATA,RES-**79,,
TAXIGOV_DF_3,1364828,Presidência da República,26,DIRETA,DITEC/SA/CC/PR,,CONCLUÍDA,Outros,,12.42,14.665,48.19,2024-07-15 16:17:38.827,2024-07-15 16:18:00.153,2024-07-15 16:24:59.940,2024-07-15 16:26:00.783,2024-07-15 16:37:02.730,,RESIDENCIA OFICIAL DA GRANJA DO TORTO,ZONA INDUSTRIAL,BRASILIA,DF,"Palacio do Planalto, Pca. dos Tres Poderes, ZONA CIVICOADMINISTRATIVA, BRASILIA, DF","VIA N. DOIS LESTE, ASA NORTE, BRASILIA - DF, BRASIL",-15.70542,-47.90573,-15.79941,-47.86088,-15.79693,-47.85817,,,,,2022,2023,,SGO-**68,,
TAXIGOV_DF_3,1364827,Presidência da República,26,DIRETA,SECONSEA/SG/PR,,CONCLUÍDA,Reunião,,3.23,2.917,12.53,2024-07-15 16:16:55.570,2024-07-15 16:19:39.503,2024-07-15 16:24:04.173,2024-07-15 16:29:18.307,2024-07-15 16:36:25.540,,"PALACIO DO PLANALTO - ANEXO I, PRACA DOS TRES PODERES",ZONA CIVICOADMINISTRATIVA,BRASILIA,DF,"Camara dos Deputados Anexo IV, Anexo IV, Brasilia, Distrito Federal","Camara dos Deputados Anexo IV, Anexo IV, Brasilia, Distrito Federal",-15.79951,-47.85951,-15.80264,-47.86511,-15.80198,-47.86488,,,,,2022,2023,,SGQ-**66,,
TAXIGOV_DF_ENTIDADES,1364823,Instituto Chico Mendes de Conservação da Biodiversidade,91842,INDIRETA,CGTER/ICMBIO,,CONCLUÍDA,Reunião,,1.5,1.583,7.1,2024-07-15 16:14:51.560,2024-07-15 16:18:21.810,2024-07-15 16:21:28.117,2024-07-15 16:22:55.167,2024-07-15 16:26:49.143,,CAMARA DOS DEPUTADOS ANEXO IV,ANEXO IV,BRASILIA,DF,"Ministerio do Meio Ambiente, Eixo Monumental, Brasilia, Distrito Federal","Ministerio do Meio Ambiente, Eixo Monumental, Brasilia, Distrito Federal",-15.80264,-47.86511,-15.79859,-47.87243,-15.79882,-47.87223,,,,COROLLA,2018,2019,PRETO,PBE-**50,,
TAXIGOV_DF_3,1364816,Ministério da Saúde,304,DIRETA,DAHU/SAES/MS,,CONCLUÍDA,Reunião,,2.36,2.377,9.16,2024-07-15 16:13:05.370,2024-07-15 16:13:16.833,2024-07-15 16:18:06.193,2024-07-15 16:19:01.177,2024-07-15 16:25:37.383,,SRTVN QUADRA 03,ASA NORTE,BRASILIA,DF,"EBSERH - Empresa Brasileira de Servicos Hospitalares, Asa Sul, Brasilia, DF","EBSERH - Empresa Brasileira de Servicos Hospitalares, Asa Sul, Brasilia, DF",-15.78354,-47.8903,-15.79581,-47.89378,-15.79511,-47.89375,,,,,2023,2024,,SGV-**13,,
TAXIGOV_DF_ENTIDADES,1364815,Agência Nacional de Aviação Civil,86144,INDIRETA,SAF/ANAC,,CONCLUÍDA,Reunião,,12.73,11.752,47.1,2024-07-15 16:12:42.100,2024-07-15 16:12:51.400,2024-07-15 16:13:03.733,2024-07-15 16:13:15.077,2024-07-15 16:36:27.253,,"SIA TRECHO 3, CONSELHO DE MEDICINA VETERINARIA",ZONA INDUSTRIAL GUARA,BRASILIA,DF,"MINISTERIO DA SAUDE BL G, - PA 1","EMI BLOCO D, ASA SUL, BRASILIA - DF, BRASIL",-15.80388,-47.95383,-15.80001,-47.86838,-15.79958,-47.87071,,,,CRONOS,2022,2023,PRATA,SGQ-**74,,
TAXIGOV_DF_3,1364814,Ministério da Saúde,304,DIRETA,CGPCLIN,,CONCLUÍDA,Reunião,,4.7,4.133,18.24,2024-07-15 16:12:18.207,2024-07-15 16:12:27.130,2024-07-15 16:16:14.810,2024-07-15 16:17:21.203,2024-07-15 16:27:57.093,,MINISTERIO DA SAUDE - BLOCO G,,BRASILIA,DF,"PO700 - Ministerio da Saude, SRTVN, 701, Asa Norte, Brasilia, DF","PO700 - Ministerio da Saude, SRTVN, 701, Asa Norte, Brasilia, DF",-15.80024,-47.86838,-15.78407,-47.89045,-15.78419,-47.89046,,,,,,,,OVO-**35,,
TAXIGOV_DF_ENTIDADES,1364805,Fundação Universidade de Brasília,470,INDIRETA,IH,,CONCLUÍDA,Serviço externo / técnico,,12.97,9.991,47.73,2024-07-15 16:09:49.390,2024-07-15 16:09:59.930,2024-07-15 16:13:43.747,2024-07-15 16:14:06.513,2024-07-15 16:29:30.063,,UBS 1 LAGO NORTE,SETOR DE HABITACOES INDIVIDUAIS NORTE,BRASILIA,DF,"Hospital Universitario de Brasilia, Asa Norte, Brasilia, DF","SGAN 604, ASA NORTE, BRASILIA - DF, 70830-150, BRASIL",-15.72564,-47.87388,-15.77091,-47.87361,-15.77194,-47.87301,,,,LOGAN,2019,2020,BRANCA,QWT-**02,,
TAXIGOV_DF_ENTIDADES,1364802,Agência Nacional de Aviação Civil,86144,INDIRETA,SFI/ANAC,,CONCLUÍDA,Reunião,,4.16,3.948,15.39,2024-07-15 16:09:17.587,2024-07-15 16:09:25.777,2024-07-15 16:12:39.947,2024-07-15 16:13:07.047,2024-07-15 16:27:25.220,,"MIN. DA DEFESA, ANX. I, BL. O",ASA NORTE,BRASILIA,DF,"Agencia Nacional de Aviacao Civil, Asa Sul, Brasilia, DF","Agencia Nacional de Aviacao Civil, Asa Sul, Brasilia, DF",-15.79428,-47.87035,-15.79456,-47.89348,-15.79516,-47.89374,,,,SIENA,2018,2019,BRANCA,PBK-**34,,
TAXIGOV_DF_3,1364801,Ministério da Educação,244,DIRETA,AP/GM/MEC,,CONCLUÍDA,Reunião,,2.07,2.594,8.03,2024-07-15 16:07:28.460,2024-07-15 16:08:04.773,2024-07-15 16:11:11.430,2024-07-15 16:11:47.660,2024-07-15 16:16:05.880,,PCA. DOS TRES PODERES,BRASILIA,BRASILIA,DF,"Ministerio da Educacao, Brasilia, DF","Ministerio da Educacao, Brasilia, DF",-15.80113,-47.86541,-15.79501,-47.87305,-15.79503,-47.87287,,,,,2022,2023,,SGO-**30,,
TAXIGOV_DF_3,1364797,Ministério do Desenvolvimento Agrário e Agricultura Familiar,308794,DIRETA,CGLOG / SPOA / SE / MDA,,CONCLUÍDA,Reunião,,2.36,2.449,9.16,2024-07-15 16:06:03.227,2024-07-15 16:07:07.200,2024-07-15 16:11:24.090,2024-07-15 16:11:27.967,2024-07-15 16:18:10.950,,BANCA PALACIO DO DESENVOLVIMENTO,ASA NORTE,BRASILIA,DF,"Ministerio da Agricultura e Pecuaria, Brasilia, DF","Ministerio da Agricultura e Pecuaria, Brasilia, DF",-15.79111,-47.87962,-15.79953,-47.87093,-15.79967,-47.87066,,,,,2018,2019,,PBE-**50,,
TAXIGOV_DF_ENTIDADES,1364796,Fundação Oswaldo Cruz,315,INDIRETA,NEVS/FIOCRUZ-BSB,,CONCLUÍDA,Reunião,,23.6,23.727,87.32,2024-07-15 16:05:32.367,2024-07-15 16:05:41.917,2024-07-15 16:05:58.950,2024-07-15 16:10:24.077,2024-07-15 16:37:54.980,,UBS 1 SAO SEBASTIAO,CENTRO SAO SEBASTIAO,BRASILIA,DF,"Hospital Universitario de Brasilia - Emergencia, Asa Norte, Brasilia, Distrito Federal","Hospital Universitario de Brasilia - Emergencia, Asa Norte, Brasilia, Distrito Federal",-15.90244,-47.77262,-15.77171,-47.87302,-15.77179,-47.87293,,,,KICKS,2023,2023,PRETA,SGT-**78,,
TAXIGOV_DF_3,1364792,Presidência da República,26,DIRETA,SEPPI/CC/PR,,CONCLUÍDA,Reunião,,3.89,3.895,15.09,2024-07-15 16:05:04.490,2024-07-15 16:05:18.840,2024-07-15 16:08:44.377,2024-07-15 16:09:59.857,2024-07-15 16:16:32.693,,PALACIO DO PLANALTO,,BRASILIA,DF,"Centro Empresarial CNC, SAUN Qd. 5, Lt. C, Asa Norte, Brasilia, DF","Centro Empresarial CNC, SAUN Qd. 5, Lt. C, Asa Norte, Brasilia, DF",-15.79905,-47.86077,-15.78649,-47.87531,-15.78573,-47.87528,,,,,2022,2023,,SGO-**28,,
TAXIGOV_DF_3,1364791,Ministério da Saúde,304,DIRETA,DATHI,,CONCLUÍDA,Reunião,,4.88,4.243,18.93,2024-07-15 16:04:57.690,2024-07-15 16:05:07.773,2024-07-15 16:08:58.477,2024-07-15 16:10:07.330,2024-07-15 16:22:54.927,,EMI BLOCO G,ASA SUL,BRASILIA,DF,"PO700 - Ministerio da Saude, SRTVN, 701, Asa Norte, Brasilia, DF","SHCGN 702/703 BLOCO C, QD N702, ASA NORTE, BRASILIA - DF, 70720-620, BRASIL",-15.80021,-47.86841,-15.78407,-47.89045,-15.78146,-47.88927,,,,,2021,2021,,RDJ-**50,,
TAXIGOV_DF_ENTIDADES,1364790,Agência Nacional de Aviação Civil,86144,INDIRETA,SAF/ANAC,,CONCLUÍDA,Reunião,,1.33,6.153,7.4,2024-07-15 16:04:52.743,2024-07-15 16:05:00.557,2024-07-15 16:05:11.887,2024-07-15 16:05:16.540,2024-07-15 16:10:41.823,,"SIA ANTINGA BRASIL TELECOM,",PA 21,BRASILIA,DF,SIA CONSELHO DE MEDICINA VETERINARIA,"VIA IA TRES, SIA, GUARA - DF, 71200-030, BRASIL",-15.82515,-47.96012,,,-15.80298,-47.95245,,,,CRONOS,2022,2023,PRATA,SGQ-**74,,
TAXIGOV_DF_ENTIDADES,1364787,Agência Nacional de Aviação Civil,86144,INDIRETA,SAF/ANAC,,CONCLUÍDA,Serviço externo / técnico,,11.65,12.378,43.11,2024-07-15 16:02:23.267,2024-07-15 16:02:30.173,2024-07-15 16:02:38.570,2024-07-15 16:03:21.800,2024-07-15 16:16:54.250,,"AEROPORTO ANAC,",AEROPORTO,BRASILIA,DF,"SCS ANAC, - SCS","SCS ANAC, - SCS",-15.8696,-47.93225,-15.79448,-47.89349,-15.79513,-47.89368,,,,COROLLA,2021,2022,PRETA,REQ-**58,,
TAXIGOV_DF_3,1364783,Ministério da Saúde,304,DIRETA,DEDT,,CONCLUÍDA,Reunião,,4.13,,16.02,2024-07-15 16:00:38.907,2024-07-15 16:01:06.600,2024-07-15 16:11:06.600,2024-07-15 16:11:06.600,2024-07-15 16:25:00.790,,"ESPLANADA DOS MINISTERIOS, BL. G",ASA SUL,BRASILIA,DF,"PO700 - Ministerio da Saude, SRTVN, 701, Asa Norte, Brasilia, DF","PO700 - Ministerio da Saude, SRTVN, 701, Asa Norte, Brasilia, DF",-15.80055,-47.86855,-15.78407,-47.89045,,,5.0,,,,2017,2017,,PAQ-**13,,
TAXIGOV_DF_3,1364782,Presidência da República,26,DIRETA,DG/IN/CC/PR,,CONCLUÍDA,Reunião,,5.76,5.915,22.35,2024-07-15 16:00:26.467,2024-07-15 16:00:33.463,2024-07-15 16:01:04.063,2024-07-15 16:01:22.433,2024-07-15 16:17:37.407,,"CRS 503 BLOCO B,",ASA SUL,BRASILIA,DF,"SIG IMPRENSA NACIONAL, - PA 31","SIG QUADRA 6, SUDOESTE/OCTOGONAL, CRUZEIRO - DF, 70610-460, BRASIL",-15.80287,-47.89529,-15.79845,-47.92963,-15.79303,-47.91418,,,,,2024,2024,,SSH-**37,,
TAXIGOV_DF_3,1364781,Ministério da Saúde,304,DIRETA,GAB/SESAI,,CONCLUÍDA,Reunião,,4.65,4.381,18.04,2024-07-15 15:59:37.427,2024-07-15 15:59:44.850,2024-07-15 16:02:14.443,2024-07-15 16:02:41.260,2024-07-15 16:13:02.230,,EIXO MONUMENTAL,G,BRASILIA,DF,"PO700 - Ministerio da Saude, SRTVN, 701, Asa Norte, Brasilia, DF","PO700 - Ministerio da Saude, SRTVN, 701, Asa Norte, Brasilia, DF",-15.80181,-47.86856,-15.78407,-47.89045,-15.78412,-47.89046,,,,,2022,2022,,SGN-**17,,
TAXIGOV_DF_3,1364777,Ministério da Saúde,304,DIRETA,CGESCO,,CONCLUÍDA,Reunião,,2.95,2.952,11.45,2024-07-15 15:57:51.747,2024-07-15 15:58:00.327,2024-07-15 16:00:50.537,2024-07-15 16:01:46.307,2024-07-15 16:07:20.413,,EDIFICIO PARQUE CIDADE CORPORATE,ASA SUL,BRASILIA,DF,"Anexo do Ministerio da Saude, Eixo Monumental, G, Brasilia, DF","Anexo do Ministerio da Saude, Eixo Monumental, G, Brasilia, DF",-15.7951,-47.89345,-15.80181,-47.86856,-15.80161,-47.86919,,,,,2023,2024,,SGV-**61,,
TAXIGOV_DF_3,1364776,Advocacia-Geral da União,46,DIRETA,EAGU/AGU,,CONCLUÍDA,Reunião,,6.66,6.745,25.84,2024-07-15 15:57:36.853,2024-07-15 15:57:49.153,2024-07-15 16:03:04.127,2024-07-15 16:03:47.217,2024-07-15 16:20:16.847,,BIBLIOTECA DO SENADO FEDERAL,,BRASILIA,DF,"Advocacia-Geral da Uniao - Sede III, Brasilia, DF","Advocacia-Geral da Uniao - Sede III, Brasilia, DF",-15.79775,-47.86342,-15.79215,-47.9124,-15.7922,-47.91244,,,,,2024,2025,,SSK-**24,,
TAXIGOV_DF_3,1364773,Presidência da República,26,DIRETA,SNJ/SG/PR,,CONCLUÍDA,Reunião,,4.57,4.752,17.73,2024-07-15 15:56:21.190,2024-07-15 15:57:13.027,2024-07-15 16:04:42.953,2024-07-15 16:05:16.213,2024-07-15 16:12:16.923,,AGENCIA NACIONAL DE TRANSPORTES TERRESTRES - SEDE,SCES,BRASILIA,DF,"Arco do Anexo do Palacio do Planalto, Via N1, Brasilia, Distrito Federal","Arco do Anexo do Palacio do Planalto, Via N1, Brasilia, Distrito Federal",-15.80991,-47.84491,-15.79967,-47.85931,-15.79978,-47.85931,,,,,,,,OVO-**35,,
TAXIGOV_DF_3,1364772,Presidência da República,26,DIRETA,SECOI/SECOM/PR,,CONCLUÍDA,Reunião,,7.2,6.822,27.94,2024-07-15 15:55:42.880,2024-07-15 15:57:09.183,2024-07-15 16:06:26.077,2024-07-15 16:07:18.573,2024-07-15 16:16:45.620,,"CENTRO INTERNACIONAL DE CONVENCOES DO BRASIL, SCES TRECHO 2",ASA SUL,BRASILIA,DF,"Planalto Bittar - Hotel e Eventos, Asa Sul, Brasilia, Distrito Federal","Planalto Bittar - Hotel e Eventos, Asa Sul, Brasilia, Distrito Federal",-15.81569,-47.84475,-15.79367,-47.88913,-15.79433,-47.88901,,,,,2017,2017,,PAQ-**53,,
TAXIGOV_DF_ENTIDADES,1364769,Fundação Nacional do Índio,173,INDIRETA,CORI/FUNAI,,CONCLUÍDA,Reunião,,3.62,2.992,12.85,2024-07-15 15:54:46.070,2024-07-15 15:54:59.847,2024-07-15 15:59:49.730,2024-07-15 16:00:03.107,2024-07-15 16:07:47.220,,INSTITUTO NACIONAL DE COLONIZACAO E REFORMA AGRARIA - SEDE,ASA NORTE,BRASILIA,DF,"Fundacao Nacional dos Povos Indigenas - FUNAI, Asa Sul, Brasilia, Distrito Federal","Fundacao Nacional dos Povos Indigenas - FUNAI, Asa Sul, Brasilia, Distrito Federal",-15.79089,-47.87956,-15.79521,-47.89352,-15.79518,-47.8938,,,,YARIS,2022,2023,PRATA,SGR-**08,,
TAXIGOV_DF_ENTIDADES,1364758,Empresa de Tecnologia e Informações da Previdência,303,INDIRETA,APOIO/DATAPREV,,CONCLUÍDA,Transporte de documentos / materiais,,1.91,1.915,7.4,2024-07-15 15:47:50.697,2024-07-15 15:50:51.017,2024-07-15 15:57:46.797,2024-07-15 15:58:12.880,2024-07-15 16:01:27.993,,"SCS QUADRA 06, 317",ASA SUL,BRASÍLIA,DF,7 - ASA SUL - BRASÍLIA / DF,7 - ASA SUL - BRASÍLIA / DF,-15.79605,-47.89053,-15.80041,-47.87811,-15.80026,-47.87815,,,,COROLLA PRETA,2024,2024,,SSK-**66,,
TAXIGOV_DF_ENTIDADES,1364754,Fundo Nacional de Desenvolvimento da Educação,253,INDIRETA,COGER/FNDE,,CONCLUÍDA,Reunião,,1.78,2.548,7.4,2024-07-15 15:46:19.337,2024-07-15 15:46:30.343,2024-07-15 15:50:36.353,2024-07-15 15:50:51.950,2024-07-15 15:56:29.943,,"SBS, 12",ASA SUL,BRASILIA,DF,"Edificio Capes, Asa Norte, Brasilia, DF","Edificio Capes, Asa Norte, Brasilia, DF",-15.80089,-47.88341,-15.78799,-47.87818,-15.78878,-47.87866,,,,SIENA,2019,2020,BRANCA,PBY-**80,,
TAXIGOV_DF_3,1364749,Ministério da Saúde,304,DIRETA,SPO/SE,,CONCLUÍDA,Reunião,,4.15,4.177,16.1,2024-07-15 15:44:13.460,2024-07-15 15:44:23.967,2024-07-15 15:48:12.347,2024-07-15 15:49:04.127,2024-07-15 15:54:50.067,,EDIFICIO PO 700,ASA NORTE,BRASILIA,DF,"Ministerio da Saude (MS), Esplanada dos Ministerios, Bl. G, ZONA CIVICOADMINISTRATIVA, BRASILIA, DF","Ministerio da Saude (MS), Esplanada dos Ministerios, Bl. G, ZONA CIVICOADMINISTRATIVA, BRASILIA, DF",-15.78364,-47.89034,-15.80055,-47.86855,-15.80034,-47.86823,,,,,,,,OVO-**35,,
TAXIGOV_DF_3,1364745,Ministério da Saúde,304,DIRETA,CGSA,,CONCLUÍDA,Outros,,14.7,12.162,57.04,2024-07-15 15:42:36.017,2024-07-15 15:42:44.523,2024-07-15 15:43:17.750,2024-07-15 16:14:10.447,2024-07-15 16:32:05.793,,"SIA EDITORA MINISTÉRIO DA SAÚDE,",SETOR INDUSTRIAL,BRASILIA,DF,"ANEXO MINISTERIO DA SAÚDE, - PA 1","ANEXO MINISTERIO DA SAÚDE, - PA 1",-15.80222,-47.95607,-15.80167,-47.86859,-15.80152,-47.86918,,,,,2018,2019,,PBL-**63,,
TAXIGOV_DF_ENTIDADES,1364743,Agência Nacional de Aviação Civil,86144,INDIRETA,ASTEC/ANAC,,CONCLUÍDA,Transporte de documentos / materiais,,6.99,6.854,25.86,2024-07-15 15:41:57.937,2024-07-15 15:42:05.390,2024-07-15 15:42:17.743,2024-07-15 15:48:09.377,2024-07-15 16:00:45.770,,"SPS POLICIA FEDERAL SUPERINTENDENCIA,",SPS,BRASILIA,DF,"SCS ANAC, - SCS","SCS ANAC, - SCS",-15.82828,-47.93251,-15.79448,-47.89349,-15.79502,-47.89374,,,,CITY,2022,2022,PRATA,REU-**12,,
TAXIGOV_DF_3,1364742,Ministério do Turismo,72084,DIRETA,CAMP/SPOA/SE,,CONCLUÍDA,Reunião,,11.69,11.615,45.36,2024-07-15 15:41:29.847,2024-07-15 15:41:42.837,2024-07-15 15:46:29.393,2024-07-15 15:47:18.737,2024-07-15 16:06:53.217,,CONCESSIONARIA FORD SLAVIERO SIA,ZONA INDUSTRIAL GUARA,BRASILIA,DF,"Ministerio do Turismo, n bl U, Brasilia, DF","Ministerio do Turismo, n bl U, Brasilia, DF",-15.80773,-47.95312,-15.79689,-47.86823,-15.79732,-47.86833,,,,,2018,2019,,PBL-**03,,
TAXIGOV_DF_ENTIDADES,1364730,Fundo Nacional de Desenvolvimento da Educação,253,INDIRETA,GABIN/FNDE,,CONCLUÍDA,Reunião,,6.26,7.445,23.16,2024-07-15 15:39:38.047,2024-07-15 15:39:47.700,2024-07-15 15:43:05.647,2024-07-15 15:44:39.987,2024-07-15 15:52:58.080,,"FUNDO NACIONAL DE DESENVOLVIMENTO DA EDUCACAO, SBS, 12",ASA SUL,BRASILIA,DF,"Centro Internacional de Convencoes do Brasil, SCES Trecho 2, Asa Sul, Brasilia, Distrito Federal","Centro Internacional de Convencoes do Brasil, SCES Trecho 2, Asa Sul, Brasilia, Distrito Federal",-15.80089,-47.88341,-15.81569,-47.84475,-15.8156,-47.84498,,,,VIRTUS,2019,2019,PRETA,PBP-**59,,
TAXIGOV_DF_3,1364729,Ministério da Saúde,304,DIRETA,GAB/SESAI,,CONCLUÍDA,Reunião,,4.06,4.397,15.75,2024-07-15 15:39:27.933,2024-07-15 15:39:36.547,2024-07-15 15:43:22.300,2024-07-15 15:43:29.127,2024-07-15 15:52:17.920,,"ANEXO DO MINISTERIO DA SAUDE, EIXO MONUMENTAL",G,BRASILIA,DF,"PO 700, SRTVN Quadra 03, ASA NORTE, BRASILIA, DF","PO 700, SRTVN Quadra 03, ASA NORTE, BRASILIA, DF",-15.80181,-47.86856,-15.78354,-47.8903,-15.78426,-47.89045,,,,,2023,2024,,SGV-**61,,
TAXIGOV_DF_3,1364724,Ministério da Saúde,304,DIRETA,CGESCO,,CONCLUÍDA,Reunião,,3.28,3.483,12.73,2024-07-15 15:36:42.233,2024-07-15 15:36:52.710,2024-07-15 15:42:54.183,2024-07-15 15:43:00.177,2024-07-15 15:50:40.833,,ESPLANADA DOS MINISTERIOS,BRASILIA,BRASILIA,DF,"Edificio Parque Cidade Corporate, Asa Sul, Brasilia, DF","Edificio Parque Cidade Corporate, Asa Sul, Brasilia, DF",-15.802,-47.86917,-15.7951,-47.89345,-15.79519,-47.8938,,,,,2024,2024,,SSK-**66,,
TAXIGOV_DF_3,1364718,Ministério do Desenvolvimento Agrário e Agricultura Familiar,308794,DIRETA,SAF / MDA,,CONCLUÍDA,Reunião,,2.56,3.04,9.93,2024-07-15 15:35:51.523,2024-07-15 15:36:32.397,2024-07-15 15:39:04.193,2024-07-15 15:39:05.133,2024-07-15 15:45:34.043,,"MINISTERIO DA ECONOMIA - BLOCO C, ESPLANADA DOS MINISTERIOS",ZONA CIVICO-ADMINISTRATIVA,BRASILIA,DF,"Instituto Nacional de Colonizacao e Reforma Agraria - Sede, Asa Norte, Brasilia, Distrito Federal","Instituto Nacional de Colonizacao e Reforma Agraria - Sede, Asa Norte, Brasilia, Distrito Federal",-15.79906,-47.87167,-15.79089,-47.87956,-15.79117,-47.87959,,,,,2020,2020,,REC-**41,,
TAXIGOV_DF_ENTIDADES,1364717,Fundação Nacional do Índio,173,INDIRETA,PFE/FUNAI,,CONCLUÍDA,Reunião,,2.65,2.862,9.41,2024-07-15 15:35:37.443,2024-07-15 15:35:55.357,2024-07-15 15:40:37.600,2024-07-15 15:40:43.700,2024-07-15 15:45:56.640,,FUNDACAO NACIONAL DOS POVOS INDIGENAS - FUNAI,ASA SUL,BRASILIA,DF,"Ministerio dos Povos Indigenas, Brasilia, DF","Ministerio dos Povos Indigenas, Brasilia, DF",-15.79521,-47.89352,-15.79917,-47.87167,-15.79927,-47.87152,,,,SIENA,2021,2021,BRANCA,REK-**22,,
TAXIGOV_DF_ENTIDADES,1364716,Agência Nacional de Aviação Civil,86144,INDIRETA,SAF/ANAC,,CONCLUÍDA,Reunião,,16.45,18.833,60.87,2024-07-15 15:35:28.243,2024-07-15 15:35:36.243,2024-07-15 15:35:47.580,2024-07-15 15:36:48.350,2024-07-15 16:01:36.513,,"IBAMA,",PA 11,BRASILIA,DF,"SIA TRECHO 05 ANVISA, - SIA","SIA TRECHO 5, SIA, GUARA - DF, 71205-050, BRASIL",-15.76756,-47.86197,-15.78963,-47.9673,-15.799,-47.95308,,,,CRONOS,2022,2023,PRATA,SGQ-**74,,
TAXIGOV_DF_3,1364715,Presidência da República,26,DIRETA,DG/IN/CC/PR,,CONCLUÍDA,Reunião,,6.24,5.61,24.21,2024-07-15 15:35:09.547,2024-07-15 15:35:17.283,2024-07-15 15:44:27.533,2024-07-15 15:44:32.840,2024-07-15 15:57:50.270,,ESTRADA PARQUE INDUSTRIAS GRAFICAS,ZONA INDUSTRIAL,BRASILIA,DF,"ENGEMIL ENGENHARIA NOVA SEDE, Via W2 Sul, Asa Sul, Brasilia, DF","ENGEMIL ENGENHARIA NOVA SEDE, Via W2 Sul, Asa Sul, Brasilia, DF",-15.79243,-47.9136,-15.80287,-47.89511,-15.80314,-47.89515,,,,,2024,2024,,SSH-**37,,
TAXIGOV_DF_ENTIDADES,1364714,Conselho Administrativo de Defesa Econômica,322,INDIRETA,CGP/CADE,,CONCLUÍDA,Reunião,,8.82,8.937,32.63,2024-07-15 15:34:17.387,2024-07-15 15:34:32.090,2024-07-15 15:35:10.417,2024-07-15 15:43:21.377,2024-07-15 16:00:13.680,,"PALACIO DA JUSTIÇA,",PA 1,BRASILIA,DF,"515 NORTE CADE, - ASA NORTE","515 NORTE CADE, - ASA NORTE",-15.79735,-47.86613,-15.74194,-47.89732,-15.74243,-47.89714,,,,VIRTUS,2024,2024,BRANCA,SSH-**20,,
TAXIGOV_DF_ENTIDADES,1364713,Instituto Nacional de Estudos e Pesquisas Educacionais Anísio Teixeira,249,INDIRETA,GAB/INEP,,CONCLUÍDA,Reunião,,5.68,5.637,20.96,2024-07-15 15:33:26.243,2024-07-15 15:33:55.113,2024-07-15 15:40:54.153,2024-07-15 15:41:43.307,2024-07-15 15:52:59.453,,INSTITUTO NACIONAL DE ESTUDOS E PESQUISAS EDUCACIONAIS,ZONA INDUSTRIAL,BRASILIA,DF,"Ministerio da Educacao, Brasilia, DF","Ministerio da Educacao, Brasilia, DF",-15.788,-47.91424,-15.79501,-47.87305,-15.7954,-47.87295,,,,SIENA,2018,2019,PRATA,PBK-**99,,
TAXIGOV_DF_3,1364710,Ministério da Saúde,304,DIRETA,DEDT,,CONCLUÍDA,Reunião,,4.18,4.167,16.22,2024-07-15 15:32:16.223,2024-07-15 15:32:32.670,2024-07-15 15:40:02.420,2024-07-15 15:40:50.580,2024-07-15 15:49:58.663,,SRTVN QUADRA 03,ASA NORTE,BRASILIA,DF,"Ministerio da Saude - Bloco G, Brasilia, DF","Ministerio da Saude - Bloco G, Brasilia, DF",-15.78354,-47.8903,-15.80024,-47.86838,-15.80033,-47.86831,,,,,2024,2025,,SSK-**24,,
TAXIGOV_DF_3,1364707,Presidência da República,26,DIRETA,ITI/CC/PR,,CONCLUÍDA,Reunião,,4.34,3.204,16.84,2024-07-15 15:31:49.900,2024-07-15 15:32:47.377,2024-07-15 15:39:04.667,2024-07-15 15:39:05.147,2024-07-15 15:52:01.213,,VIA N2,ASA SUL,BRASILIA,DF,"Instituto Nacional de Tecnologia da Informacao, Asa Norte, Brasilia, DF","Instituto Nacional de Tecnologia da Informacao, Asa Norte, Brasilia, DF",-15.79866,-47.8589,-15.78794,-47.88458,-15.78825,-47.8845,,,,,2023,2023,,SGS-**70,,
TAXIGOV_DF_ENTIDADES,1364704,Instituto Nacional de Colonização e Reforma Agrária,1799,INDIRETA,CAMARA DE CONCILIACAO AGRARIA,,CONCLUÍDA,Reunião,,2.81,3.037,10.4,2024-07-15 15:30:35.203,2024-07-15 15:30:57.110,2024-07-15 15:33:16.383,2024-07-15 15:34:13.250,2024-07-15 15:40:20.297,,ESPLANADA DOS MINISTERIOS,ZONA CIVICO-ADMINISTRATIVA,BRASILIA,DF,"Instituto Nacional de Colonizacao e Reforma Agraria - Sede, Asa Norte, Brasilia, DF","Instituto Nacional de Colonizacao e Reforma Agraria - Sede, Asa Norte, Brasilia, DF",-15.79906,-47.87167,-15.79089,-47.87956,-15.79118,-47.87963,,,,SIENA,2017,2017,BRANCA,PAQ-**13,,
TAXIGOV_DF_ENTIDADES,1364700,Fundação Oswaldo Cruz,315,INDIRETA,SEAD/FIOCRUZ-BSB,,CONCLUÍDA,Reunião,,3.24,2.648,11.99,2024-07-15 15:28:37.520,2024-07-15 15:28:43.593,2024-07-15 15:28:53.030,2024-07-15 15:28:55.103,2024-07-15 15:35:47.550,,"204/404 NORTE CORREIOS,",PA 12,BRASILIA,DF,"UNB DARCY RIBEIRO, - ASA NORTE","CAMPUS DARCY RIBEIRO UNB, ASA NORTE, BRASILIA - DF, 70910-900, BRASIL",-15.77526,-47.87812,-15.76562,-47.87206,-15.77155,-47.87087,,,,YARIS,2022,2023,PRATA,SGR-**08,,
TAXIGOV_DF_3,1364697,Advocacia-Geral da União,46,DIRETA,EAGU/AGU,,CONCLUÍDA,Reunião,,4.44,2.401,17.23,2024-07-15 15:27:13.037,2024-07-15 15:28:17.797,2024-07-15 15:30:26.640,2024-07-15 15:30:37.073,2024-07-15 15:38:09.103,,STJ - PORTARIA ADM (GOLF 3),PA 1,BRASILIA,DF,"Biblioteca do Senado Federal, Brasilia, DF","Biblioteca do Senado Federal, Brasilia, DF",-15.80699,-47.8668,-15.79775,-47.86342,-15.79755,-47.8635,,,,,2022,2023,,SGO-**30,,
TAXIGOV_DF_ENTIDADES,1364695,Agência Nacional de Aviação Civil,86144,INDIRETA,SAF/ANAC,,CONCLUÍDA,Serviço externo / técnico,,13.28,12.734,49.14,2024-07-15 15:26:36.717,2024-07-15 15:26:45.207,2024-07-15 15:31:13.187,2024-07-15 15:32:05.137,2024-07-15 15:44:44.993,,AGENCIA NACIONAL DE AVIACAO CIVIL,ASA SUL,BRASILIA,DF,"Centro de Treinamento da Agencia Nacional de Aviacao Civil, Estrada Parque Aeroporto, 1471, Brasilia, Distrito Federal","Centro de Treinamento da Agencia Nacional de Aviacao Civil, Estrada Parque Aeroporto, 1471, Brasilia, Distrito Federal",-15.79456,-47.89348,-15.86968,-47.9325,-15.86974,-47.93239,,,,COROLLA,2021,2022,PRETA,REQ-**58,,
TAXIGOV_DF_ENTIDADES,1364692,Agência Espacial Brasileira,4243,INDIRETA,DPEI/AEB,,CONCLUÍDA,Reunião,,11.83,11.844,43.89,2024-07-15 15:25:29.750,2024-07-15 15:25:37.400,2024-07-15 15:35:46.603,2024-07-15 15:36:28.717,2024-07-15 15:51:37.700,,AEB AGENCIA ESPACIAL BRASILEIRA,SETOR POLICIAL SUL,BRASILIA,DF,"Ministerio da Ciencia, Tecnologia e Inovacao - MCTI, Brasilia, Distrito Federal","Ministerio da Ciencia, Tecnologia e Inovacao - MCTI, Brasilia, Distrito Federal",-15.81587,-47.94311,-15.79986,-47.87005,-15.79982,-47.86986,,,,ONIX,2022,2023,PRATA,SGR-**88,,
TAXIGOV_DF_ENTIDADES,1364690,Instituto Brasileiro de Museus,100584,INDIRETA,DPMUS,,CONCLUÍDA,Reunião,,7.25,6.856,26.83,2024-07-15 15:24:21.273,2024-07-15 15:25:22.857,2024-07-15 15:28:28.303,2024-07-15 15:28:49.157,2024-07-15 15:40:30.090,,EDIFICIO CAPES,ASA NORTE,BRASILIA,DF,"Centro Internacional de Convencoes do Brasil, SCES Trecho 2, Asa Sul, Brasilia, DF","Centro Internacional de Convencoes do Brasil, SCES Trecho 2, Asa Sul, Brasilia, DF",-15.78799,-47.87818,-15.81568,-47.84475,-15.81588,-47.84466,,,,NISSA,2024,2025,VERSA,SSL-**34,,
TAXIGOV_DF_3,1364687,Ministério do Turismo,72084,DIRETA,CGTR DIMEC/SNDTUR,,CONCLUÍDA,Reunião,,5.56,5.6,21.57,2024-07-15 15:23:25.757,2024-07-15 15:23:33.753,2024-07-15 15:26:39.773,2024-07-15 15:29:22.323,2024-07-15 15:39:15.140,,N BL U,PA 2,BRASILIA,DF,"Centro Internacional de Convencoes do Brasil, SCES Trecho 2, Asa Sul, Brasilia, DF","Centro Internacional de Convencoes do Brasil, SCES Trecho 2, Asa Sul, Brasilia, DF",-15.79689,-47.86823,-15.81568,-47.84475,-15.81558,-47.84505,,,,,2022,2023,,SGO-**28,,
TAXIGOV_DF_ENTIDADES,1364686,Empresa de Tecnologia e Informações da Previdência,303,INDIRETA,APOIO/DATAPREV,,CONCLUÍDA,Transporte de documentos / materiais,,2.33,2.356,8.62,2024-07-15 15:22:47.167,2024-07-15 15:22:58.463,2024-07-15 15:31:53.163,2024-07-15 15:32:19.280,2024-07-15 15:40:21.970,,7,ASA SUL,BRASÍLIA,DF,"SCS QUADRA 06, 317 - ASA SUL - BRASÍLIA / DF","SCS QUADRA 06, 317 - ASA SUL - BRASÍLIA / DF",-15.80041,-47.87811,-15.79605,-47.89053,-15.79595,-47.89057,,,,COBALT,2018,2018,PRATA,PBF-**55,,
TAXIGOV_DF_ENTIDADES,1364684,Departamento Nacional de Infraestrutura de Transportes,54844,INDIRETA,DNIT/MINFRA,,CONCLUÍDA,Reunião,,3.92,3.842,14.58,2024-07-15 15:21:26.370,2024-07-15 15:21:32.360,2024-07-15 15:25:27.000,2024-07-15 15:27:09.653,2024-07-15 15:37:02.693,,"SCS, ED GOIAS",PA 4,BRASILIA,DF,"DNIT, - ASA NORTE","SAUN, ASA NORTE, BRASILIA - DF, 70040-210, BRASIL",-15.79915,-47.89631,-15.7898,-47.87496,-15.79129,-47.87587,,,,COROLLA,2018,2019,PRETO,PBE-**50,,
TAXIGOV_DF_3,1364682,Ministério da Saúde,304,DIRETA,GAB/SE/MS,,CONCLUÍDA,Reunião,,4.13,,16.02,2024-07-15 15:19:41.780,2024-07-15 15:19:50.520,2024-07-15 15:21:05.550,2024-07-15 15:21:59.033,2024-07-15 15:37:43.957,,"MINISTERIO DA SAUDE (MS), ESPLANADA DOS MINISTERIOS, BL. G",ZONA CIVICOADMINISTRATIVA,BRASILIA,DF,"PO 700, Via W 5 Norte, Asa Norte, Brasilia, Distrito Federal","PO 700, Via W 5 Norte, Asa Norte, Brasilia, Distrito Federal",-15.80055,-47.86855,-15.78364,-47.89034,,,5.0,,,,2024,2024,,SSJ-**17,,
TAXIGOV_DF_ENTIDADES,1364681,Instituto Nacional do Seguro Social,1934,INDIRETA,DTI/INSS/AC,,CONCLUÍDA,Reunião,,12.5,13.41,46.25,2024-07-15 15:19:38.560,2024-07-15 15:19:46.003,2024-07-15 15:19:58.470,2024-07-15 16:15:46.050,2024-07-15 16:32:14.273,,"SIA, DEPOSITO DO INSS",SIA,BRASILIA,DF,"SAUS QD 2 INSS, - SAUS","SAUS QD 2 INSS, - SAUS",-15.7897,-47.96733,-15.80177,-47.87891,-15.80204,-47.87898,,,,YARIS,2022,2023,PRATA,REV-**05,,
TAXIGOV_DF_3,1364680,Presidência da República,26,DIRETA,SEPPI/CC/PR,,CONCLUÍDA,Reunião,,3.03,2.908,11.76,2024-07-15 15:18:49.750,2024-07-15 15:20:40.473,2024-07-15 15:24:22.613,2024-07-15 15:26:49.457,2024-07-15 15:34:14.760,,"SAUN QD. 5, LT. C",ASA NORTE,BRASILIA,DF,"Ministerio de Minas e Energia - Bloco U, Brasilia, DF","Ministerio de Minas e Energia - Bloco U, Brasilia, DF",-15.78649,-47.87531,-15.79648,-47.86802,-15.79666,-47.8677,,,,,2023,2024,,SSG-**11,,
TAXIGOV_DF_ENTIDADES,1364679,Instituto Nacional de Colonização e Reforma Agrária,1799,INDIRETA,GAB/INCRA,,CONCLUÍDA,Reunião,,3.54,2.953,13.1,2024-07-15 15:18:31.447,2024-07-15 15:21:15.920,2024-07-15 15:32:27.503,2024-07-15 15:32:33.653,2024-07-15 15:38:57.573,,INSTITUTO NACIONAL DE COLONIZACAO E REFORMA AGRARIA - SEDE,ASA NORTE,BRASILIA,DF,"Camara dos Deputados Anexo IV, Anexo IV, Brasilia, DF","Camara dos Deputados Anexo IV, Anexo IV, Brasilia, DF",-15.79089,-47.87956,-15.80264,-47.86511,-15.80255,-47.86504,,,,VIRTUS,2022,2022,PRATA,SGQ-**29,,
TAXIGOV_DF_3,1364676,Ministério do Desenvolvimento Agrário e Agricultura Familiar,308794,DIRETA,CGLOG / SPOA / SE / MDA,,CONCLUÍDA,Reunião,,2.32,2.394,9.0,2024-07-15 15:16:20.193,2024-07-15 15:17:08.237,2024-07-15 15:22:51.440,2024-07-15 15:22:57.617,2024-07-15 15:28:58.990,,SBN QD. 1 BL. D,BRASILIA,BRASILIA,DF,"Ministerio do Desenvolvimento Agrario e Agricultura Familiar (MDA), Brasilia, DF","Ministerio do Desenvolvimento Agrario e Agricultura Familiar (MDA), Brasilia, DF",-15.79104,-47.87938,-15.79937,-47.87084,-15.79918,-47.87054,,,,,2023,2024,,SGV-**61,,
TAXIGOV_DF_3,1364671,Ministério das Relações Exteriores,263,DIRETA,SGAD/SG/MRE,,CONCLUÍDA,Serviço externo / técnico,,9.95,9.624,38.61,2024-07-15 15:14:54.207,2024-07-15 15:15:02.347,2024-07-15 15:15:17.017,2024-07-15 15:32:57.890,2024-07-15 15:46:34.357,,"SQN 115 BLOCO C,",ASA NORTE,BRASILIA,DF,"ANEXO II DO ITAMARATY(BOLO DE NOIVA), - ASA SUL","ANEXO II DO ITAMARATY(BOLO DE NOIVA), - ASA SUL",-15.7423,-47.89343,-15.80173,-47.86795,-15.80155,-47.86801,,,,,2022,2022,,REV-**32,,
TAXIGOV_DF_ENTIDADES,1364669,Fundação Oswaldo Cruz,315,INDIRETA,SEAD/FIOCRUZ-BSB,,CONCLUÍDA,Reunião,,4.12,3.142,15.24,2024-07-15 15:14:16.023,2024-07-15 15:15:18.743,2024-07-15 15:19:04.093,2024-07-15 15:20:40.453,2024-07-15 15:26:23.123,,UNB CAMPUS DARCY RIBEIRO,BRASILIA,BRASILIA,DF,"Correios, Asa Norte, Brasilia, DF","Correios, Asa Norte, Brasilia, DF",-15.77112,-47.87152,-15.77492,-47.87768,-15.77518,-47.87761,,,,YARIS,2022,2023,PRATA,SGR-**08,,
TAXIGOV_DF_ENTIDADES,1364667,Agência Nacional de Aviação Civil,86144,INDIRETA,ASTEC/ANAC,,CONCLUÍDA,Transporte de documentos / materiais,,3.45,3.986,12.77,2024-07-15 15:13:04.950,2024-07-15 15:13:14.037,2024-07-15 15:19:30.293,2024-07-15 15:20:34.867,2024-07-15 15:34:18.873,,AGENCIA NACIONAL DE AVIACAO CIVIL,ASA SUL,BRASILIA,DF,"Policia Federal, Brasilia, DF","ERW S, ASA SUL, BRASILIA - DF, 70344-000, BRASIL",-15.79456,-47.89348,-15.82827,-47.93205,-15.81029,-47.89398,,,,CITY,2022,2022,PRATA,REU-**12,,
TAXIGOV_DF_ENTIDADES,1364666,Agência Nacional de Aviação Civil,86144,INDIRETA,SAF/ANAC,,CONCLUÍDA,Reunião,,7.57,6.745,28.01,2024-07-15 15:12:51.073,2024-07-15 15:12:59.450,2024-07-15 15:18:31.983,2024-07-15 15:19:07.020,2024-07-15 15:33:25.110,,EDIFICIO PARQUE CIDADE CORPORATE,ASA SUL,BRASILIA,DF,"IBAMA Instituto Brasileiro do Meio Ambiente e dos Recursos Naturais Renovaveis, SCEN Trecho 2, Ed. Sede, Brasilia, Distrito Federal","IBAMA, ASA NORTE, BRASILIA - DF, BRASIL",-15.7951,-47.89345,-15.76773,-47.86204,-15.76665,-47.86177,,,,CRONOS,2022,2023,PRATA,SGQ-**74,,
TAXIGOV_DF_3,1364664,Ministério da Saúde,304,DIRETA,GAB/SESAI,,CONCLUÍDA,Reunião,,4.55,4.34,17.65,2024-07-15 15:12:35.533,2024-07-15 15:12:48.370,2024-07-15 15:15:53.280,2024-07-15 15:16:16.707,2024-07-15 15:24:21.383,,"PO 700, SRTVN QUADRA 03",ASA NORTE,BRASILIA,DF,"Anexo do Ministerio da Saude, Eixo Monumental, G, Brasilia, Distrito Federal","Anexo do Ministerio da Saude, Eixo Monumental, G, Brasilia, Distrito Federal",-15.78354,-47.8903,-15.80181,-47.86856,-15.80165,-47.86918,,,,,2024,2025,,SSL-**34,,
TAXIGOV_DF_ENTIDADES,1364663,Agência Espacial Brasileira,4243,INDIRETA,DPOA/AEB,,CONCLUÍDA,Outros,,12.8,10.498,47.49,2024-07-15 15:12:21.503,2024-07-15 15:12:27.723,2024-07-15 15:12:38.243,2024-07-15 15:13:34.050,2024-07-15 15:35:49.537,,"704/705 NORTE,",PA 16,BRASILIA,DF,"SPS AEB AGENCIA ESPACIAL BRASILEIRA, - SPS","SPS AEB AGENCIA ESPACIAL BRASILEIRA, - SPS",-15.77452,-47.88883,-15.81565,-47.94314,-15.81585,-47.94309,,,,CCROSS,2023,2023,PRATA,SGR-**14,,
TAXIGOV_DF_ENTIDADES,1364662,Instituto Brasileiro do Meio Ambiente e dos Recursos Naturais Renováveis,1812,INDIRETA,DIPLAN/IBAMA,,CANCELADA,Reunião,,,,,2024-07-15 15:12:19.150,2024-07-15 15:14:32.120,,2024-07-15 15:14:32.120,2024-07-15 15:15:05.120,2024-07-15 15:15:05.120,"IBAMA,",ASA NORTE,BRASILIA,DF,"Ministerio do Meio Ambiente, Eixo Monumental, Brasilia, Distrito Federal",,-15.76624,-47.86238,-15.79859,-47.87243,,,,,,KICKS,2023,2024,PRATA,SGV-**61,,
TAXIGOV_DF_3,1364661,Ministério da Saúde,304,DIRETA,CGSA,,CONCLUÍDA,Outros,,13.63,12.888,52.88,2024-07-15 15:12:07.327,2024-07-15 15:12:19.507,2024-07-15 15:16:22.187,2024-07-15 15:19:22.537,2024-07-15 15:40:54.357,,ANEXO DO MINISTÉRIO DA SAÚDE,G,BRASÍLIA,DF,EDITORA - MINISTÉRIO DA SAÚDE - BRASÍLIA / DF,EDITORA - MINISTÉRIO DA SAÚDE - BRASÍLIA / DF,-15.80181,-47.86856,-15.80182,-47.95618,-15.80177,-47.95654,,,,,2018,2019,,PBL-**63,,
TAXIGOV_DF_ENTIDADES,1364659,Banco Central do Brasil,89,INDIRETA,DEMAP/DIDOC,,CONCLUÍDA,Outros,,6.78,7.107,25.36,2024-07-15 15:12:06.623,2024-07-15 15:12:15.887,2024-07-15 15:15:28.847,2024-07-15 15:15:38.807,2024-07-15 15:34:05.193,,0,SET MEDICO HOSP,BRASÍLIA,DF,"QUADRA SIG QUADRA 8, 2025 - ZONA INDUSTRIAL - BRASÍLIA / DF","QUADRA SIG QUADRA 8, 2025 - ZONA INDUSTRIAL - BRASÍLIA / DF",-15.80322,-47.88516,-15.79623,-47.91352,-15.79618,-47.91349,,,,VOYAGE,2021,2022,BRANCA,RMO-**95,,
TAXIGOV_DF_ENTIDADES,1364656,Conselho Administrativo de Defesa Econômica,322,INDIRETA,CGP/CADE,,CONCLUÍDA,Reunião,,10.27,10.607,38.0,2024-07-15 15:10:56.407,2024-07-15 15:11:36.130,2024-07-15 15:14:34.403,2024-07-15 15:16:42.877,2024-07-15 15:32:14.290,,"CONSELHO ADMINISTRATIVO DE DEFESA ECONOMICA (CADE), SEPN 515 CONJ. D LOTE 4",ASA NORTE,BRASILIA,DF,"Palacio da Justica - Ministerio da Justica e Seguranca Publica, Brasilia, Distrito Federal","Palacio da Justica - Ministerio da Justica e Seguranca Publica, Brasilia, Distrito Federal",-15.7423,-47.8975,-15.79765,-47.86583,-15.79689,-47.86588,,,,VIRTUS,2024,2024,BRANCA,SSH-**20,,
TAXIGOV_DF_3,1364651,Ministério do Desenvolvimento Agrário e Agricultura Familiar,308794,DIRETA,DECOOP / SEAB / MDA,,CONCLUÍDA,Reunião,,2.65,2.673,10.28,2024-07-15 15:08:21.703,2024-07-15 15:08:32.387,2024-07-15 15:13:20.530,2024-07-15 15:13:43.910,2024-07-15 15:20:20.270,,MINISTERIO DA AGRICULTURA E PECUARIA,,BRASILIA,DF,"Banca Palacio do Desenvolvimento, Asa Norte, Brasilia, Distrito Federal","Banca Palacio do Desenvolvimento, Asa Norte, Brasilia, Distrito Federal",-15.79954,-47.87093,-15.79111,-47.87962,-15.79102,-47.87928,,,,,2023,2024,,SSG-**11,,
TAXIGOV_DF_ENTIDADES,1364647,Banco Central do Brasil,89,INDIRETA,COAF,,CONCLUÍDA,Reunião,,6.54,4.902,24.46,2024-07-15 15:07:16.900,2024-07-15 15:07:38.137,2024-07-15 15:10:00.153,2024-07-15 15:10:10.850,2024-07-15 15:21:19.527,,"BLOCO J - ESPLANADA DOS MINISTERIOS, BLOCO J",PA 2,BRASILIA,DF,"UniBacen, SCES, Tr. 2, BRASILIA, DF","UniBacen, SCES, Tr. 2, BRASILIA, DF",-15.79448,-47.87468,-15.81744,-47.86781,-15.81749,-47.86794,,,,SPIN,2023,2023,BRANCA,SGS-**72,,
TAXIGOV_DF_3,1364644,Ministério do Meio Ambiente,1927,DIRETA,GAB/SAPE,,CANCELADA,Reunião,,,,,2024-07-15 15:05:49.103,2024-07-15 15:06:01.330,,2024-07-15 15:06:01.330,2024-07-15 15:08:57.287,2024-07-15 15:08:57.287,MINISTÉRIO DO MEIO AMBIENTE,,BRASÍLIA,DF,PALÁCIO DA JUSTIÇA - MINISTÉRIO DA JUSTIÇA E SEGURANÇA PÚBLICA - BRASÍLIA / DF,,-15.79859,-47.87243,-15.79668,-47.86591,,,,,,,2022,23,,SGQ-**57,,
TAXIGOV_DF_3,1364643,Ministério do Desenvolvimento Agrário e Agricultura Familiar,308794,DIRETA,CGLOG / SPOA / SE / MDA,,CONCLUÍDA,Reunião,,2.84,3.035,11.02,2024-07-15 15:03:20.287,2024-07-15 15:03:37.180,2024-07-15 15:07:48.130,2024-07-15 15:07:54.800,2024-07-15 15:14:18.267,,ESPLANADA DOS MINISTERIOS,ZONA CIVICO-ADMINISTRATIVA,BRASILIA,DF,"Instituto Nacional de Colonizacao e Reforma Agraria - Sede, Asa Norte, Brasilia, DF","Instituto Nacional de Colonizacao e Reforma Agraria - Sede, Asa Norte, Brasilia, DF",-15.79906,-47.87167,-15.79089,-47.87956,-15.79115,-47.87964,,,,,2022,2023,,SGR-**08,,
TAXIGOV_DF_ENTIDADES,1364640,Fundação Universidade de Brasília,470,INDIRETA,IH,,CONCLUÍDA,Serviço externo / técnico,,7.68,8.152,28.26,2024-07-15 15:02:28.857,2024-07-15 15:02:35.587,2024-07-15 15:08:32.403,2024-07-15 15:08:40.730,2024-07-15 15:19:22.817,,SGAN 912 MOD. C,ASA NORTE,BRASILIA,DF,"UBS 1 Lago Norte, Brasilia, DF","UBS 1 Lago Norte, Brasilia, DF",-15.75481,-47.90072,-15.72564,-47.87388,-15.72542,-47.87438,,,,LOGAN,2019,2020,BRANCA,QWT-**02,,
TAXIGOV_DF_3,1364634,Ministério do Desenvolvimento Agrário e Agricultura Familiar,308794,DIRETA,SAF / MDA,,CONCLUÍDA,Transporte de documentos / materiais,,2.37,2.4,9.2,2024-07-15 15:01:03.253,2024-07-15 15:01:11.120,2024-07-15 15:03:45.027,2024-07-15 15:03:55.787,2024-07-15 15:09:13.407,,INSTITUTO NACIONAL DE COLONIZAÇÃO E REFORMA AGRÁRIA - SEDE,ASA NORTE,BRASÍLIA,DF,0 - ASA NORTE - BRASÍLIA / DF,0 - ASA NORTE - BRASÍLIA / DF,-15.79089,-47.87956,-15.79926,-47.87165,-15.79927,-47.87152,,,,,2018,2019,,PBL-**63,,
TAXIGOV_DF_ENTIDADES,1364631,Fundação Oswaldo Cruz,315,INDIRETA,NEVS/FIOCRUZ-BSB,,CONCLUÍDA,Reunião,,22.74,23.415,84.14,2024-07-15 15:00:34.923,2024-07-15 15:00:48.480,2024-07-15 15:02:20.930,2024-07-15 15:07:06.837,2024-07-15 15:29:21.250,,"HOSPITAL REGIONAL DE SOBRADINHO, Q 12",SUL AGUAS CLARAS,BRASILIA,DF,"Hospital Universitario de Brasilia - Emergencia, Asa Norte, Brasilia, Distrito Federal","Hospital Universitario de Brasilia - Emergencia, Asa Norte, Brasilia, Distrito Federal",-15.64827,-47.79261,-15.77171,-47.87302,-15.77175,-47.87296,,,,VIRTUS,2024,2025,PRETA,SSK-**22,,
TAXIGOV_DF_ENTIDADES,1364627,Fundação Universidade de Brasília,470,INDIRETA,IH,,CANCELADA,Serviço externo / técnico,,,,,2024-07-15 14:58:52.867,2024-07-15 15:02:06.363,,2024-07-15 15:02:06.363,2024-07-15 15:02:11.103,2024-07-15 15:02:11.103,SGAN 912 MOD. C,ASA NORTE,BRASILIA,DF,"UBS 1 Lago Norte, Brasilia, DF",,-15.75481,-47.90072,-15.72564,-47.87388,,,,,,LOGAN,2019,2020,BRANCA,QWT-**02,,
TAXIGOV_DF_3,1364625,Ministério da Saúde,304,DIRETA,DEPPROS,,CONCLUÍDA,Reunião,,4.13,4.381,16.02,2024-07-15 14:58:05.790,2024-07-15 14:58:20.537,2024-07-15 15:04:05.797,2024-07-15 15:04:20.973,2024-07-15 15:13:12.950,,"ANEXO DO MINISTERIO DA SAUDE, EIXO MONUMENTAL",G,BRASILIA,DF,"Edificio PO 700, Via W 5 Norte, Asa Norte, Brasilia, Distrito Federal","Edificio PO 700, Via W 5 Norte, Asa Norte, Brasilia, Distrito Federal",-15.80181,-47.86856,-15.78364,-47.89034,-15.78412,-47.89046,,,,,2023,2024,,SGV-**61,,
TAXIGOV_DF_3,1364622,Advocacia-Geral da União,46,DIRETA,EAGU/AGU,,CONCLUÍDA,Reunião,,8.5,6.363,32.98,2024-07-15 14:56:17.447,2024-07-15 14:56:27.057,2024-07-15 15:00:08.337,2024-07-15 15:00:22.027,2024-07-15 15:16:48.783,,PRACA DO BURITI,ASA NORTE,BRASILIA,DF,"STJ - Portaria Adm (golf 3), Brasilia, DF","STJ - Portaria Adm (golf 3), Brasilia, DF",-15.78434,-47.90666,-15.80699,-47.8668,-15.80695,-47.86667,,,,,2020,2020,,REC-**41,,
TAXIGOV_DF_3,1364618,Ministério da Defesa,41066,DIRETA,SEORI/MD,,CONCLUÍDA,Reunião,,23.89,21.941,92.69,2024-07-15 14:54:16.237,2024-07-15 14:54:26.860,2024-07-15 14:58:09.277,2024-07-15 14:58:13.077,2024-07-15 15:23:41.673,,"VIA N. DOIS LESTE,",BRASILIA,BRASILIA,DF,"MecanicaTech - Solucoes Automotivas, Ade Aguas Claras Conjunto 16, 39, Brasilia, Distrito Federal","MecanicaTech - Solucoes Automotivas, Ade Aguas Claras Conjunto 16, 39, Brasilia, Distrito Federal",-15.79511,-47.86877,-15.87722,-48.01239,-15.87749,-48.01244,,,,,2022,2023,,SGO-**86,,
TAXIGOV_DF_3,1364615,Ministério da Saúde,304,DIRETA,DGCI,,CONCLUÍDA,Reunião,,4.13,4.123,16.02,2024-07-15 14:52:54.517,2024-07-15 14:53:19.030,2024-07-15 14:57:19.047,2024-07-15 14:58:12.363,2024-07-15 15:12:48.420,,MINISTERIO DA SAUDE - BLOCO G,,BRASILIA,DF,"PO 700, SRTVN, Asa Norte, Brasilia, Distrito Federal","PO 700, SRTVN, Asa Norte, Brasilia, Distrito Federal",-15.80024,-47.86838,-15.78456,-47.88949,-15.7841,-47.8904,,,,,2021,2022,,REQ-**58,,
TAXIGOV_DF_3,1364613,Ministério do Desenvolvimento Agrário e Agricultura Familiar,308794,DIRETA,DECOOP / SEAB / MDA,,CONCLUÍDA,Reunião,,2.42,2.405,9.39,2024-07-15 14:51:40.297,2024-07-15 14:52:46.783,2024-07-15 14:53:15.900,2024-07-15 14:58:17.343,2024-07-15 15:05:04.390,,"EDIFICIO PALACIO DO DESENVOLVIMENTO, SBN QD. 1 BL. D",ASA NORTE,BRASILIA,DF,"Bloco D - Esplanada dos Ministerios, Brasilia, Distrito Federal","Bloco D - Esplanada dos Ministerios, Brasilia, Distrito Federal",-15.79104,-47.87939,-15.79944,-47.87087,-15.7993,-47.87052,,,,,2022,23,,SGQ-**77,,
TAXIGOV_DF_3,1364607,Ministério do Meio Ambiente,1927,DIRETA,GAB/SAPE,,CANCELADA,Reunião,,,,0.0,2024-07-15 14:50:01.167,2024-07-15 14:50:16.420,,2024-07-15 15:00:16.420,2024-07-15 14:54:26.640,2024-07-15 14:54:26.640,3484,,BRASÍLIA,DF,PALÁCIO DA JUSTIÇA - MINISTÉRIO DA JUSTIÇA E SEGURANÇA PÚBLICA - BRASÍLIA / DF,,-15.79376,-47.88355,-15.79668,-47.86591,,,,,,,2021,2022,,RMO-**95,,
TAXIGOV_DF_3,1364603,Ministério da Saúde,304,DIRETA,GAB/SESAI,,CONCLUÍDA,Reunião,,4.21,4.401,16.33,2024-07-15 14:48:08.077,2024-07-15 14:51:06.500,2024-07-15 14:56:49.980,2024-07-15 14:57:10.073,2024-07-15 15:04:46.243,,"SRTVN, 701",ASA NORTE,BRASILIA,DF,"Ministerio da Saude - Bloco G, Brasilia, DF","VIA S. DOIS OESTE, ASA SUL, BRASILIA - DF, 70070-600, BRASIL",-15.78407,-47.89045,-15.80024,-47.86838,-15.80164,-47.86921,,,,,2023,2024,,SSG-**11,,
TAXIGOV_DF_3,1364598,Ministério da Saúde,304,DIRETA,CGENG/SAA/SE/MS,,CONCLUÍDA,Serviço externo / técnico,,2.57,1.915,9.97,2024-07-15 14:43:45.713,2024-07-15 14:44:09.640,2024-07-15 14:51:53.100,2024-07-15 14:51:56.360,2024-07-15 14:55:14.007,,"MINISTERIO DO EXERCITO, ESPLANADA DOS MINISTERIOS, BL. O",ZONA CIVICOADMINISTRATIVA,BRASILIA,DF,"Ministerio da Saude - Anexo A, Esplanada dos Ministerios, Bl. G, ZONA CIVICOADMINISTRATIVA, BRASILIA, DF","EMI BLOCO G, ASA SUL, BRASILIA - DF, 70058-900, BRASIL",-15.7941,-47.86979,-15.80203,-47.86871,-15.80058,-47.86831,,,,,2021,2021,,RES-**02,,
TAXIGOV_DF_ENTIDADES,1364597,Departamento Nacional de Infraestrutura de Transportes,54844,INDIRETA,DNIT/MINFRA,,CONCLUÍDA,Reunião,,3.65,3.226,13.58,2024-07-15 14:43:41.113,2024-07-15 14:43:51.243,2024-07-15 14:52:16.493,2024-07-15 14:52:22.597,2024-07-15 15:14:16.907,,SAN QD. 3 BL. A,BRASILIA,BRASILIA,DF,"Edificio Goias, Asa Sul, Brasilia, DF","Edificio Goias, Asa Sul, Brasilia, DF",-15.79071,-47.87523,-15.7982,-47.88737,-15.79893,-47.88712,,,,COROLLA,2018,2019,PRETO,PBE-**50,,
TAXIGOV_DF_3,1364595,Presidência da República,26,DIRETA,ASCOM/SRI/PR,,CONCLUÍDA,Reunião,,1.49,1.586,7.76,2024-07-15 14:43:04.263,2024-07-15 14:43:18.797,2024-07-15 14:48:26.433,2024-07-15 14:49:23.200,2024-07-15 14:53:30.333,,VIA N2,ASA SUL,BRASILIA,DF,"Ministerio da Fazenda, Eixo Monumental, Brasilia, DF","Ministerio da Fazenda, Eixo Monumental, Brasilia, DF",-15.79866,-47.8589,-15.7964,-47.86991,-15.79615,-47.8696,,,,,2023,2024,,SGV-**61,,
TAXIGOV_DF_3,1364593,Ministério do Turismo,72084,DIRETA,GSE,,CONCLUÍDA,Reunião,,0.82,0.88,7.76,2024-07-15 14:42:30.480,2024-07-15 14:44:02.317,2024-07-15 14:46:52.160,2024-07-15 14:47:00.370,2024-07-15 14:48:34.527,,"MINISTERIO DO TURISMO (MTUR), ESPLANADA DOS MINISTERIOS, BL. U",ZONA CIVICOADMINISTRATIVA,BRASILIA,DF,"Ministerio da Gestao e da Inovacao em Servicos Publicos - MGI, Brasilia, Distrito Federal","Ministerio da Gestao e da Inovacao em Servicos Publicos - MGI, Brasilia, Distrito Federal",-15.79631,-47.86798,-15.79472,-47.87389,-15.79491,-47.87362,,,,,2021,2022,,REQ-**58,,
TAXIGOV_DF_ENTIDADES,1364585,Fundação Nacional do Índio,173,INDIRETA,CORI/FUNAI,,CONCLUÍDA,Reunião,,2.84,2.827,10.08,2024-07-15 14:38:58.270,2024-07-15 14:39:08.033,2024-07-15 14:45:37.593,2024-07-15 14:45:58.427,2024-07-15 14:52:31.160,,FUNDACAO NACIONAL DOS POVOS INDIGENAS - FUNAI,ASA SUL,BRASILIA,DF,"Instituto Nacional de Colonizacao e Reforma Agraria - Sede, Asa Norte, Brasilia, Distrito Federal","Instituto Nacional de Colonizacao e Reforma Agraria - Sede, Asa Norte, Brasilia, Distrito Federal",-15.79521,-47.89352,-15.79089,-47.87956,-15.79114,-47.87967,,,,TRACKER,2022,23,PRATA,SGQ-**77,,
TAXIGOV_DF_ENTIDADES,1364580,Instituto Nacional do Seguro Social,1934,INDIRETA,DTI/INSS/AC,,CONCLUÍDA,Reunião,,15.73,12.174,58.2,2024-07-15 14:36:29.350,2024-07-15 14:36:41.407,2024-07-15 14:43:20.210,2024-07-15 14:44:02.287,2024-07-15 15:16:28.923,,"SAUS QUADRA 2, 3",BRASILIA,BRASILIA,DF,"Deposito do INSS, Sia Trecho 2 Tcheca 2 Canteiro Central Via Ia 1, 83, Brasilia, DF","Deposito do INSS, Sia Trecho 2 Tcheca 2 Canteiro Central Via Ia 1, 83, Brasilia, DF",-15.80114,-47.87923,-15.80708,-47.95577,-15.8068,-47.95597,,,,YARIS,2022,2023,PRATA,REV-**05,,
TAXIGOV_DF_ENTIDADES,1364577,Instituto Nacional do Seguro Social,1934,INDIRETA,DTI/INSS/AC,,CANCELADA,Reunião,,,,,2024-07-15 14:34:11.487,2024-07-15 14:34:21.440,,2024-07-15 14:34:21.440,2024-07-15 14:34:28.790,2024-07-15 14:34:28.790,"SAUS QUADRA 2, 3",BRASILIA,BRASILIA,DF,"Deposito do INSS, Sia Trecho 2 Tcheca 2 Canteiro Central Via Ia 1, 83, Brasilia, DF",,-15.80114,-47.87923,-15.80708,-47.95577,,,,,,YARIS,2022,2023,PRATA,REV-**05,,
TAXIGOV_DF_ENTIDADES,1364575,Banco Central do Brasil,89,INDIRETA,COAF,,CONCLUÍDA,Reunião,,6.64,5.423,24.83,2024-07-15 14:32:45.090,2024-07-15 14:36:16.380,2024-07-15 14:49:13.540,2024-07-15 14:49:16.657,2024-07-15 15:00:18.767,,"UNIBACEN, SCES, TR. 2",PA 4,BRASILIA,DF,"Bloco J - Esplanada dos Ministerios, Brasilia, Distrito Federal","Bloco J - Esplanada dos Ministerios, Brasilia, Distrito Federal",-15.81744,-47.86781,-15.79448,-47.87468,-15.79445,-47.87455,,,,VIRTUS,2021,2022,BRANCA,REO-**84,,
TAXIGOV_DF_3,1364572,Ministério da Saúde,304,DIRETA,CGAH,,CONCLUÍDA,Reunião,,4.17,4.297,16.18,2024-07-15 14:31:21.620,2024-07-15 14:31:38.017,2024-07-15 14:36:09.980,2024-07-15 14:36:16.970,2024-07-15 14:42:39.490,,SRTVN 701 BLOCO C,ASA NORTE,BRASILIA,DF,"Ministerio da Saude - Bloco G, Brasilia, DF","Ministerio da Saude - Bloco G, Brasilia, DF",-15.78426,-47.89023,-15.80024,-47.86838,-15.80029,-47.8682,,,,,2022,2023,,SGR-**08,,
TAXIGOV_DF_ENTIDADES,1364571,Instituto de Pesquisa Econômica Aplicada,7,INDIRETA,DIEST/IPEA,,CANCELADA,Reunião,,,,,2024-07-15 14:31:13.393,2024-07-15 16:00:09.870,2024-07-15 16:09:01.027,2024-07-15 16:00:09.870,2024-07-15 16:11:24.263,2024-07-15 16:11:24.263,INSTITUTO DE PESQUISA ECONÔMICA APLICADA,ASA SUL,BRASÍLIA,DF,0 - ASA NORTE - BRASÍLIA / DF,,-15.79916,-47.89699,-15.7947,-47.87376,,,,,,VOYAGE,2020,2020,PRATA,REC-**41,,
TAXIGOV_DF_3,1364568,Ministério da Saúde,304,DIRETA,CGSPD/DAET/SAES/MS,,CONCLUÍDA,Reunião,,8.44,8.27,32.75,2024-07-15 14:30:29.203,2024-07-15 14:30:43.400,2024-07-15 14:35:36.260,2024-07-15 14:36:18.243,2024-07-15 14:52:01.637,,"CICB - CENTRO INTERNACIONAL DE CONVENCOES DO BRASIL, SCES TR. 2, CONJ. 63, LT. 50",PA 4,BRASILIA,DF,"PO700 - Ministerio da Saude, SRTVN, 701, Asa Norte, Brasilia, Distrito Federal","PO700 - Ministerio da Saude, SRTVN, 701, Asa Norte, Brasilia, Distrito Federal",-15.81575,-47.84484,-15.78407,-47.89045,-15.78408,-47.89041,,,,,,,,PAX-**00,,
TAXIGOV_DF_ENTIDADES,1364567,Instituto Chico Mendes de Conservação da Biodiversidade,91842,INDIRETA,CGTER/ICMBIO,,CONCLUÍDA,Reunião,,8.93,9.36,31.7,2024-07-15 14:30:22.183,2024-07-15 14:30:36.050,2024-07-15 14:35:47.943,2024-07-15 14:41:09.457,2024-07-15 14:57:19.840,,"SQSW 104 BLOCO G,",CRUZEIRO,BRASILIA,DF,"Anexo 02 do Senado, Brasilia, Distrito Federal","Anexo 02 do Senado, Brasilia, Distrito Federal",-15.80507,-47.92663,-15.79768,-47.86373,-15.79752,-47.86351,,,,COBALT,2018,2018,PRATA,PBF-**55,,
TAXIGOV_DF_3,1364565,Ministério do Turismo,72084,DIRETA,CGCE/GM,,CONCLUÍDA,Reunião,,0.93,0.894,7.76,2024-07-15 14:29:56.297,2024-07-15 14:30:10.267,2024-07-15 14:40:06.717,2024-07-15 14:41:05.340,2024-07-15 14:43:55.017,,N BL U,PA 2,BRASILIA,DF,"Ministerio da Gestao e da Inovacao em Servicos Publicos - MGI, Brasilia, DF","Ministerio da Gestao e da Inovacao em Servicos Publicos - MGI, Brasilia, DF",-15.79689,-47.86823,-15.79472,-47.87389,-15.79502,-47.87418,,,,,2021,2021,,RES-**02,,
TAXIGOV_DF_3,1364564,Ministério das Relações Exteriores,263,DIRETA,SGAD/SG/MRE,,CONCLUÍDA,Serviço externo / técnico,,9.07,9.399,35.19,2024-07-15 14:29:42.373,2024-07-15 14:29:50.233,2024-07-15 14:30:09.320,2024-07-15 14:52:03.950,2024-07-15 15:04:47.960,,"SQS 403 BLOCO B,",ASA SUL,BRASILIA,DF,"SQN 115 BLOCO C, - ASA NORTE","SQN 115 BLOCO C, - ASA NORTE",-15.81106,-47.88776,-15.7423,-47.89343,-15.74226,-47.89356,,,,,2022,2022,,REV-**32,,
TAXIGOV_DF_ENTIDADES,1364562,Agência Espacial Brasileira,4243,INDIRETA,DPOA/AEB,,CONCLUÍDA,Outros,,13.45,10.695,49.9,2024-07-15 14:29:13.167,2024-07-15 14:29:23.033,2024-07-15 14:42:16.737,2024-07-15 14:46:58.590,2024-07-15 15:09:49.350,,"BRASILIA - DF, 70610-200, BRASIL",BRASILIA,BRASILIA,DF,"Comercio Residencial Norte 704/705, Asa Norte, Brasilia, DF","Comercio Residencial Norte 704/705, Asa Norte, Brasilia, DF",-15.8159,-47.94314,-15.775,-47.88983,-15.775,-47.8903,,,,CCROSS,2023,2023,PRATA,SGR-**14,,
TAXIGOV_DF_3,1364560,Ministério da Saúde,304,DIRETA,DATHI,,CONCLUÍDA,Reunião,,4.64,4.198,18.0,2024-07-15 14:28:35.373,2024-07-15 14:28:46.763,2024-07-15 14:32:51.503,2024-07-15 14:35:50.263,2024-07-15 14:45:50.737,,SRTVN 701 BLOCO C,ASA NORTE,BRASILIA,DF,"Ministerio da Saude - Bloco G, Brasilia, DF","Ministerio da Saude - Bloco G, Brasilia, DF",-15.78381,-47.89023,-15.80024,-47.86838,-15.80036,-47.86824,,,,,2024,2024,,SSL-**29,,
TAXIGOV_DF_3,1364556,Ministério da Justiça e Segurança Pública,235881,DIRETA,ASEI /MJSP,,CONCLUÍDA,Reunião,,2.47,2.782,9.58,2024-07-15 14:27:18.990,2024-07-15 14:31:05.023,2024-07-15 14:38:25.273,2024-07-15 14:39:49.963,2024-07-15 14:46:12.943,,"DF-002, 1509",ASA SUL,BRASILIA,DF,"Palacio da Justica - Ministerio da Justica e Seguranca Publica, Brasilia, DF","Palacio da Justica - Ministerio da Justica e Seguranca Publica, Brasilia, DF",-15.80411,-47.87322,-15.79668,-47.86591,-15.79681,-47.86607,,,,,2022,2023,,SGO-**86,,
TAXIGOV_DF_3,1364555,Ministério do Desenvolvimento Agrário e Agricultura Familiar,308794,DIRETA,CGLOG / SPOA / SE / MDA,,CONCLUÍDA,Reunião,,2.77,2.618,10.75,2024-07-15 14:27:13.123,2024-07-15 14:27:20.860,2024-07-15 14:34:55.243,2024-07-15 14:35:07.230,2024-07-15 14:42:55.353,,"BRASILIA - DF, 70070-600, BRASIL",BRASILIA,BRASILIA,DF,"Palacio do Desenvolvimento, Brasilia, DF","Palacio do Desenvolvimento, Brasilia, DF",-15.79955,-47.87102,-15.79075,-47.87953,-15.79124,-47.87959,,,,,2018,2019,,PBE-**50,,
TAXIGOV_DF_3,1364546,Ministério do Desenvolvimento Agrário e Agricultura Familiar,308794,DIRETA,SAF / MDA,,CANCELADA,Reunião,,,,7.76,2024-07-15 14:22:48.523,2024-07-15 14:27:02.920,,2024-07-15 14:27:02.920,2024-07-15 14:29:40.187,2024-07-15 14:29:40.187,PALACIO DO DESENVOLVIMENTO,ASA NORTE,BRASILIA,DF,"Ministerio da Agricultura e Pecuaria, Brasilia, DF",,-15.79075,-47.87953,-15.79953,-47.87093,,,,,,,2024,2025,,SSJ-**86,,
TAXIGOV_DF_3,1364540,Ministério da Saúde,304,DIRETA,SPO/SE,,CONCLUÍDA,Reunião,,4.01,4.053,15.56,2024-07-15 14:20:00.310,2024-07-15 14:20:08.057,2024-07-15 14:22:57.397,2024-07-15 14:23:33.157,2024-07-15 14:34:47.240,,"MINISTERIO DA SAUDE (MS), ESPLANADA DOS MINISTERIOS, BL. G",ZONA CIVICOADMINISTRATIVA,BRASILIA,DF,"Edificio PO 700, Asa Norte, Brasilia, Distrito Federal","Edificio PO 700, Asa Norte, Brasilia, Distrito Federal",-15.80055,-47.86855,-15.78364,-47.89034,-15.78398,-47.89039,,,,,2019,2019,,PBU-**76,,
TAXIGOV_DF_3,1364535,Ministério da Saúde,304,DIRETA,DGCI,,CONCLUÍDA,Reunião,,4.16,4.228,16.14,2024-07-15 14:16:43.763,2024-07-15 14:16:58.317,2024-07-15 14:21:10.050,2024-07-15 14:21:39.323,2024-07-15 14:29:28.760,,"SRTVN, 701",ASA NORTE,BRASILIA,DF,"Ministerio da Saude - Bloco G, Brasilia, DF","Ministerio da Saude - Bloco G, Brasilia, DF",-15.78407,-47.89045,-15.80024,-47.86838,-15.80035,-47.86826,,,,,2022,2022,,SGN-**17,,
TAXIGOV_DF_3,1364533,Ministério do Desenvolvimento Agrário e Agricultura Familiar,308794,DIRETA,SAF / MDA,,CANCELADA,Reunião,,,,7.76,2024-07-15 14:16:15.983,2024-07-15 14:29:45.237,,2024-07-15 14:39:45.237,2024-07-15 15:27:52.800,2024-07-15 15:27:52.800,INSTITUTO NACIONAL DE COLONIZACAO E REFORMA AGRARIA - SEDE,ASA NORTE,BRASILIA,DF,"Ministerio da Agricultura e Pecuaria, Brasilia, Distrito Federal",,-15.79089,-47.87956,-15.79954,-47.87093,,,,,,,2024,2025,,SSJ-**86,,
TAXIGOV_DF_3,1364532,Ministério das Relações Exteriores,263,DIRETA,SGAD/SG/MRE,,CONCLUÍDA,Serviço externo / técnico,,3.32,3.695,12.88,2024-07-15 14:16:09.383,2024-07-15 14:16:18.087,2024-07-15 14:20:08.690,2024-07-15 14:20:30.047,2024-07-15 14:27:59.500,,VIA S2,ASA SUL,BRASILIA,DF,"BL B, Quadra Sqs 403 Bloco B, 0, Asa Sul, Brasilia, DF","BL B, Quadra Sqs 403 Bloco B, 0, Asa Sul, Brasilia, DF",-15.80205,-47.868,-15.81104,-47.88779,-15.81098,-47.88768,,,,,2022,2022,,REV-**32,,
TAXIGOV_DF_3,1364531,Advocacia-Geral da União,46,DIRETA,EAGU/AGU,,CONCLUÍDA,Reunião,,2.42,2.497,9.39,2024-07-15 14:15:20.360,2024-07-15 14:15:28.637,2024-07-15 14:20:18.380,2024-07-15 14:20:50.157,2024-07-15 14:27:13.620,,ADVOCACIA-GERAL DA UNIAO - SEDE III,ZONA INDUSTRIAL,BRASILIA,DF,"Tribunal de Contas do Distrito Federal, Praca do Buriti, Asa Norte, Brasilia, DF","Tribunal de Contas do Distrito Federal, Praca do Buriti, Asa Norte, Brasilia, DF",-15.79215,-47.9124,-15.78434,-47.90666,-15.78366,-47.90696,,,,,2022,2022,,RET-**80,,
TAXIGOV_DF_3,1364524,Ministério do Meio Ambiente,1927,DIRETA,CGGA/SPOA/MMA,,CONCLUÍDA,Reunião,,6.44,5.609,24.99,2024-07-15 14:11:58.613,2024-07-15 14:12:09.133,2024-07-15 14:15:30.453,2024-07-15 14:15:57.863,2024-07-15 14:26:44.547,,"MINISTERIO DO MEIO AMBIENTE, EIXO MONUMENTAL",,BRASILIA,DF,"Funatura Fundacao Pro-Natureza, Asa Norte, Brasilia, Distrito Federal","Funatura Fundacao Pro-Natureza, Asa Norte, Brasilia, Distrito Federal",-15.79859,-47.87243,-15.76523,-47.88554,-15.76533,-47.88655,,,,,2023,2023,,SGT-**97,,
TAXIGOV_DF_3,1364521,Ministério da Saúde,304,DIRETA,GAB/SECTICS,,CONCLUÍDA,Reunião,,4.12,4.01,15.99,2024-07-15 14:11:36.863,2024-07-15 14:11:46.483,2024-07-15 14:14:25.073,2024-07-15 14:17:51.450,2024-07-15 14:28:58.187,,"BRASILIA - DF, 70070-600, BRASIL",BRASILIA,BRASILIA,DF,"PO700 - Ministerio da Saude, SRTVN, 701, Asa Norte, Brasilia, DF","PO700 - Ministerio da Saude, SRTVN, 701, Asa Norte, Brasilia, DF",-15.79996,-47.86839,-15.78407,-47.89045,-15.78416,-47.89046,,,,,2023,2024,,SGV-**61,,
TAXIGOV_DF_3,1364519,Ministério da Educação,244,DIRETA,STIC/MEC,,CONCLUÍDA,Reunião,,3.49,3.823,13.54,2024-07-15 14:11:24.167,2024-07-15 14:11:35.290,2024-07-15 14:19:54.507,2024-07-15 14:20:41.477,2024-07-15 14:26:43.140,,"ESPLANADA DOS MINISTERIOS, BL. L",ASA NORTE,BRASILIA,DF,"MEC Cetremec, Sgas, Asa Sul, Brasilia, DF","MEC Cetremec, Sgas, Asa Sul, Brasilia, DF",-15.79331,-47.87215,-15.81501,-47.88775,-15.81501,-47.88787,,,,,2022,23,,REV-**13,,
TAXIGOV_DF_3,1364518,Ministério da Saúde,304,DIRETA,DAHU/SAES/MS,,CONCLUÍDA,Reunião,,4.03,4.171,15.64,2024-07-15 14:11:04.263,2024-07-15 14:11:17.323,2024-07-15 14:15:18.523,2024-07-15 14:15:44.067,2024-07-15 14:25:50.420,,SRTVN QUADRA 03,BRASILIA,BRASILIA,DF,"Ministerio da Saude - Bloco G, Brasilia, DF","Ministerio da Saude - Bloco G, Brasilia, DF",-15.78354,-47.8903,-15.80024,-47.86838,-15.80037,-47.8683,,,,,2018,2019,,PBE-**50,,
TAXIGOV_DF_3,1364517,Ministério do Desenvolvimento Agrário e Agricultura Familiar,308794,DIRETA,SE / MDA,,CONCLUÍDA,Reunião,,2.26,2.344,8.77,2024-07-15 14:11:02.597,2024-07-15 14:11:09.993,2024-07-15 14:13:52.697,2024-07-15 14:14:12.997,2024-07-15 14:20:16.710,,BANCA PALACIO DO DESENVOLVIMENTO,ASA NORTE,BRASILIA,DF,"Emi Bloco C, Brasilia, Brasilia, DF","Emi Bloco C, Brasilia, Brasilia, DF",-15.79111,-47.87962,-15.79929,-47.87131,-15.79927,-47.87152,,,,,2020,2021,,REI-**48,,
TAXIGOV_DF_3,1364510,Presidência da República,26,DIRETA,SNJ/SG/PR,,CONCLUÍDA,Reunião,,3.9,4.134,15.13,2024-07-15 14:08:52.543,2024-07-15 14:09:31.087,2024-07-15 14:13:59.420,2024-07-15 14:17:09.223,2024-07-15 14:23:57.350,,"ARCO DO ANEXO DO PALACIO DO PLANALTO, VIA N1",ASA SUL,BRASILIA,DF,"Agencia Nacional de Transportes Terrestres - Sede, Brasilia, Distrito Federal","Agencia Nacional de Transportes Terrestres - Sede, Brasilia, Distrito Federal",-15.79967,-47.85931,-15.80991,-47.84491,-15.80959,-47.84506,,,,,2024,2024,,SSK-**66,,
TAXIGOV_DF_3,1364508,Ministério das Relações Exteriores,263,DIRETA,SGAD/SG/MRE,,CONCLUÍDA,Reunião,,10.04,10.001,38.96,2024-07-15 14:08:23.870,2024-07-15 14:08:37.053,2024-07-15 14:13:03.580,2024-07-15 14:13:07.463,2024-07-15 14:26:37.157,,"SAAN QUADRA 1, 135",ZONA INDUSTRIAL,BRASILIA,DF,"Ministerio das Relacoes Exteriores   Anexo I, Eixo Monumental, Brasilia, DF","VIA S UM LESTE, ASA SUL, BRASILIA - DF, 70100-000, BRASIL",-15.76826,-47.93901,-15.80123,-47.86757,-15.80019,-47.86632,,,,,2021,2021,,RES-**02,,
TAXIGOV_DF_3,1364504,Ministério da Saúde,304,DIRETA,GAB/SGTES,,CONCLUÍDA,Reunião,,4.05,4.181,15.71,2024-07-15 14:07:18.787,2024-07-15 14:07:28.377,2024-07-15 14:12:00.827,2024-07-15 14:12:28.007,2024-07-15 14:21:24.177,,PO700 - MINISTERIO DA SAUDE,ASA NORTE,BRASILIA,DF,"Ministerio da Saude - Bloco G, Brasilia, DF","Ministerio da Saude - Bloco G, Brasilia, DF",-15.78406,-47.89043,-15.80024,-47.86838,-15.79997,-47.86808,,,,,2024,2024,,SSH-**13,,
TAXIGOV_DF_3,1364503,Ministério da Justiça e Segurança Pública,235881,DIRETA,ASEI /MJSP,,CONCLUÍDA,Reunião,,3.1,3.219,12.03,2024-07-15 14:07:02.997,2024-07-15 14:07:13.823,2024-07-15 14:11:03.067,2024-07-15 14:11:59.517,2024-07-15 14:19:10.903,,"ESPLANADA DOS MINISTERIOS, BL. T",ASA NORTE,BRASILIA,DF,"Embaixada dos Estados Unidos da America, DF-002, 1509, Asa Sul, Brasilia, DF","VIA AF5 SUL, ASA SUL, BRASILIA - DF, BRASIL",-15.79711,-47.86591,-15.80411,-47.87322,-15.80355,-47.8742,,,,,2017,2017,,PAQ-**13,,
TAXIGOV_DF_3,1364492,Ministério da Saúde,304,DIRETA,CGSAT/DSASTE/SVS/MS,,CONCLUÍDA,Reunião,,2.07,2.123,8.03,2024-07-15 14:00:58.640,2024-07-15 14:01:09.890,2024-07-15 14:04:52.070,2024-07-15 14:05:22.163,2024-07-15 14:10:55.303,,"PO700 - MINISTERIO DA SAUDE, SRTVN, 701",ASA NORTE,BRASILIA,DF,"San Marco Hotel, Asa Sul, Brasilia, Distrito Federal","San Marco Hotel, Asa Sul, Brasilia, Distrito Federal",-15.78407,-47.89045,-15.79306,-47.89176,-15.79311,-47.89192,,,,,2023,2024,,SGW-**55,,
TAXIGOV_DF_3,1364490,Ministério da Saúde,304,DIRETA,CGENG/SAA/SE/MS,,CONCLUÍDA,Reunião,,2.55,2.385,9.89,2024-07-15 14:00:08.547,2024-07-15 14:00:34.313,2024-07-15 14:08:19.623,2024-07-15 14:08:35.983,2024-07-15 14:15:47.073,,VIA S. DOIS OESTE,ASA SUL,BRASILIA,DF,"Ministerio da Defesa - Anexo, Asa Norte, Brasilia, DF","Ministerio da Defesa - Anexo, Asa Norte, Brasilia, DF",-15.80189,-47.86875,-15.79442,-47.87028,-15.79482,-47.87024,,,,,2023,2023,,SGS-**70,,
TAXIGOV_DF_ENTIDADES,1364484,Instituto Nacional de Colonização e Reforma Agrária,1799,INDIRETA,GAB/INCRA,,CONCLUÍDA,Reunião,,2.31,2.412,8.55,2024-07-15 13:55:34.433,2024-07-15 13:59:41.080,2024-07-15 14:04:12.377,2024-07-15 14:04:44.787,2024-07-15 14:11:26.727,,PALACIO DO DESENVOLVIMENTO,ASA NORTE,BRASILIA,DF,"Ministerio da Economia - Bloco C, Esplanada dos Ministerios, Zona Civico-Administrativa, Brasilia, DF","Ministerio da Economia - Bloco C, Esplanada dos Ministerios, Zona Civico-Administrativa, Brasilia, DF",-15.79075,-47.87953,-15.79906,-47.87167,-15.79923,-47.87154,,,,CRONOS,2022,2022,BRANCA,REV-**32,,
TAXIGOV_DF_3,1364480,Ministério da Saúde,304,DIRETA,DGAP,,CONCLUÍDA,Reunião,,1.21,1.205,7.76,2024-07-15 13:53:05.680,2024-07-15 13:53:26.277,2024-07-15 13:56:19.457,2024-07-15 13:56:53.740,2024-07-15 14:01:39.890,,MINISTERIO DA SAUDE - BLOCO G,,BRASILIA,DF,"Ministerio da Educacao, Brasilia, DF","Ministerio da Educacao, Brasilia, DF",-15.80024,-47.86838,-15.79501,-47.87305,-15.79507,-47.87292,,,,,2017,2017,,PAQ-**13,,
TAXIGOV_DF_3,1364470,Presidência da República,26,DIRETA,ITI/CC/PR,,CONCLUÍDA,Reunião,,6.04,3.692,23.44,2024-07-15 13:45:40.047,2024-07-15 13:46:23.143,2024-07-15 13:55:28.190,2024-07-15 13:58:27.410,2024-07-15 14:12:20.710,,INSTITUTO NACIONAL DE TECNOLOGIA DA INFORMACAO,ASA NORTE,BRASILIA,DF,"Anexo III do Palacio do Planalto, Brasilia, DF","VIA N. UM LESTE, ASA SUL, BRASILIA - DF, BRASIL",-15.78794,-47.88458,-15.799,-47.85901,-15.80024,-47.85902,,,,,2022,2023,,SGQ-**66,,
TAXIGOV_DF_3,1364467,Ministério da Saúde,304,DIRETA,OUVSUS,,CONCLUÍDA,Reunião,,4.22,4.127,16.37,2024-07-15 13:44:43.170,2024-07-15 13:44:52.910,2024-07-15 13:46:34.770,2024-07-15 13:51:05.660,2024-07-15 14:02:42.767,,MINISTERIO DA SAUDE - BLOCO G,,BRASILIA,DF,"PO 700, Via W 5 Norte, Asa Norte, Brasilia, Distrito Federal","PO 700, Via W 5 Norte, Asa Norte, Brasilia, Distrito Federal",-15.80024,-47.86838,-15.78364,-47.89034,-15.78413,-47.89052,,,,,,,,REL-**24,,
TAXIGOV_DF_3,1364465,Ministério da Saúde,304,DIRETA,CGSPD/DAET/SAES/MS,,CONCLUÍDA,Reunião,,4.16,4.317,16.14,2024-07-15 13:43:28.040,2024-07-15 13:43:37.523,2024-07-15 13:47:22.440,2024-07-15 13:50:04.310,2024-07-15 13:57:23.900,,"SRTVN 701 BLOCO C,",BRASILIA,BRASILIA,DF,"Ministerio da Saude - Bloco G, Brasilia, Distrito Federal","Ministerio da Saude - Bloco G, Brasilia, Distrito Federal",-15.78422,-47.8901,-15.80024,-47.86838,-15.80034,-47.8683,,,,,2022,2022,,REV-**32,,
TAXIGOV_DF_3,1364462,Presidência da República,26,DIRETA,DITEC/SA/CC/PR,,CONCLUÍDA,Serviço externo / técnico,,19.28,13.214,74.81,2024-07-15 13:41:20.917,2024-07-15 13:43:19.530,2024-07-15 13:48:35.727,2024-07-15 13:50:10.033,2024-07-15 14:17:14.500,,"CENTRO DE CAPACITACAO E DESENVOLVIMENTO DA PRESIDENCIA DA REPUBLICA (CECAD-PR), PRACA DOS TRES PODERES",ZONA CIVICO-ADMINISTRATIVA,BRASILIA,DF,"Residencia Oficial da Granja do Torto, Brasilia, Distrito Federal","PARQUE NACIONAL DE BRASILIA, BRASILIA - DF, 70636-000, BRASIL",-15.79683,-47.85799,-15.70542,-47.90573,-15.7118,-47.90072,,,,,2021,2021,,REK-**22,,
TAXIGOV_DF_3,1364460,Ministério da Saúde,304,DIRETA,DGCI,,CONCLUÍDA,Reunião,,4.11,4.223,15.95,2024-07-15 13:41:01.237,2024-07-15 13:41:13.720,2024-07-15 13:50:16.503,2024-07-15 13:51:25.607,2024-07-15 14:00:03.723,,"PO700 - MINISTERIO DA SAUDE, SRTVN, 701",ASA NORTE,BRASILIA,DF,"Ministerio da Saude - Bloco G, Brasilia, Distrito Federal","Ministerio da Saude - Bloco G, Brasilia, Distrito Federal",-15.78407,-47.89045,-15.80024,-47.86838,-15.80034,-47.86813,,,,,2021,2022,,RMO-**95,,
TAXIGOV_DF_3,1364456,Ministério da Educação,244,DIRETA,AP/GM/MEC,,CONCLUÍDA,Reunião,,2.15,1.894,8.34,2024-07-15 13:38:29.270,2024-07-15 13:39:31.127,2024-07-15 13:43:46.800,2024-07-15 13:45:30.100,2024-07-15 13:50:44.763,,MINISTERIO DA EDUCACAO,PA 2,BRASILIA,DF,"Camara dos Deputados - Anexo II, Pca. dos Tres Poderes, Brasilia, Brasilia, DF","Camara dos Deputados - Anexo II, Pca. dos Tres Poderes, Brasilia, Brasilia, DF",-15.79501,-47.87305,-15.80113,-47.86541,-15.8016,-47.8649,,,,,2019,2020,,QWT-**02,,
TAXIGOV_DF_3,1364453,Ministério da Saúde,304,DIRETA,DGAP,,CANCELADA,Reunião,,,,7.76,2024-07-15 13:35:55.603,2024-07-15 13:42:03.020,,2024-07-15 13:35:55.603,2024-07-15 13:42:03.020,2024-07-15 13:42:03.020,VIA N. UM LESTE,EIXO MONUMENTAL,BRASILIA,DF,"Ministerio da Educacao, Brasilia, DF",,-15.79833,-47.86431,-15.79501,-47.87305,,,,,,,,,,,,
TAXIGOV_DF_3,1364437,Ministério da Saúde,304,DIRETA,GAB/SAES,,CONCLUÍDA,Reunião,,9.72,9.794,37.71,2024-07-15 13:28:54.213,2024-07-15 13:29:02.637,2024-07-15 13:37:38.303,2024-07-15 13:38:56.817,2024-07-15 13:51:11.660,,ESCOLA NACIONAL DE ADMINISTRACAO PUBLICA - ENAP,ASA SUL,BRASILIA,DF,"Ministerio da Saude - Bloco G, Brasilia, DF","Ministerio da Saude - Bloco G, Brasilia, DF",-15.83033,-47.93057,-15.80024,-47.86838,-15.80009,-47.86811,,,,,2022,2023,,SGN-**06,,
TAXIGOV_DF_3,1364435,Ministério da Saúde,304,DIRETA,CGSB/DESF/SAPS/MS,,CONCLUÍDA,Reunião,,5.55,4.434,21.53,2024-07-15 13:25:25.157,2024-07-15 13:27:20.210,2024-07-15 13:36:44.547,2024-07-15 13:37:15.937,2024-07-15 13:44:50.400,,"SCES TR. 2, CONJ. 63, LT. 50",BRASILIA,BRASILIA,DF,"Ministerio da Saude - Anexo B, Esplanada dos Ministerios, Brasilia, Brasilia, DF","Ministerio da Saude - Anexo B, Esplanada dos Ministerios, Brasilia, Brasilia, DF",-15.81575,-47.84484,-15.802,-47.86917,-15.80157,-47.86921,,,,,2019,2019,,PBU-**76,,
TAXIGOV_DF_3,1364420,Ministério da Saúde,304,DIRETA,CGSPD/DAET/SAES/MS,,CONCLUÍDA,Reunião,,9.07,8.767,35.19,2024-07-15 13:13:40.540,2024-07-15 13:13:54.043,2024-07-15 13:15:54.657,2024-07-15 13:17:45.787,2024-07-15 13:31:03.003,,"SRTVN, 701",ASA NORTE,BRASILIA,DF,"Centro Internacional de Convencoes do Brasil, SCES Trecho 2, Asa Sul, Brasilia, DF","Centro Internacional de Convencoes do Brasil, SCES Trecho 2, Asa Sul, Brasilia, DF",-15.78407,-47.89045,-15.81568,-47.84475,-15.8157,-47.84482,,,,,2024,2024,,SSJ-**17,,
TAXIGOV_DF_3,1364397,Ministério da Justiça e Segurança Pública,235881,DIRETA,DINT/SEOPI/MJSP,,CANCELADA,Reunião,,,,7.76,2024-07-15 13:01:47.207,2024-07-15 13:02:01.477,,2024-07-15 13:02:01.477,2024-07-15 13:09:48.007,2024-07-15 13:09:48.007,"VIA W3 NORTE,",BRASILIA,BRASILIA,DF,"Ministerio da Justica e Cidadania - Anexo II, Brasilia, Distrito Federal",,-15.78087,-47.8877,-15.796570000000001,-47.86601,,,,,,,2023,2024,,SGV-**13,,
TAXIGOV_DF_3,1364391,Ministério de Minas e Energia,2852,DIRETA,GM/MME,,CONCLUÍDA,Reunião,,0.82,1.139,7.76,2024-07-15 12:53:33.217,2024-07-15 12:53:43.037,2024-07-15 13:08:27.750,2024-07-15 13:08:45.333,2024-07-15 13:11:27.170,,PALACIO DO PLANALTO,,BRASILIA,DF,"Ministerio de Minas e Energia - Bloco U, Brasilia, Distrito Federal","Ministerio de Minas e Energia - Bloco U, Brasilia, Distrito Federal",-15.79905,-47.86077,-15.79648,-47.86802,-15.79661,-47.86785,,,,,2024,2024,,SSK-**66,,
TAXIGOV_DF_3,1364390,Ministério da Saúde,304,DIRETA,DGCI,,CONCLUÍDA,Reunião,,5.15,4.118,19.98,2024-07-15 12:52:06.827,2024-07-15 12:52:14.480,2024-07-15 13:01:58.030,2024-07-15 13:05:29.750,2024-07-15 13:16:35.137,,MINISTERIO DA SAUDE - BLOCO G,,BRASILIA,DF,"PO700 - Ministerio da Saude, SRTVN, 701, Asa Norte, Brasilia, DF","PO700 - Ministerio da Saude, SRTVN, 701, Asa Norte, Brasilia, DF",-15.80024,-47.86838,-15.78407,-47.89045,-15.78405,-47.89046,,,,,,,,PAX-**00,,
TAXIGOV_DF_3,1364381,Presidência da República,26,DIRETA,SEART/SECOM/PR,,CANCELADA,Reunião,,,,7.76,2024-07-15 12:46:11.283,2024-07-15 12:46:19.400,,2024-07-15 12:46:19.400,2024-07-15 12:51:48.390,2024-07-15 12:51:48.390,PALACIO DO PLANALTO,,BRASILIA,DF,"Palacio Itamaraty, Brasilia, Distrito Federal",,-15.79905,-47.86077,-15.80068,-47.8673,,,,,,,,,,PAX-**00,,
TAXIGOV_DF_ENTIDADES,1364373,Empresa Brasileira de Serviços Hospitalares,117267,INDIRETA,DAS/EBSERH,,CONCLUÍDA,Reunião,,10.04,7.4,35.04,2024-07-15 12:37:59.260,2024-07-15 12:39:02.210,2024-07-15 12:44:50.747,2024-07-15 12:46:07.207,2024-07-15 13:01:43.037,,"CENTRO INTERNACIONAL DE CONVENCOES DO BRASIL, SCES TRECHO 2",ASA SUL,BRASILIA,DF,"Edificio Parque Cidade Corporate, Asa Sul, Brasilia, Distrito Federal","Edificio Parque Cidade Corporate, Asa Sul, Brasilia, Distrito Federal",-15.81569,-47.84475,-15.7951,-47.89345,-15.79524,-47.89386,,,,COROLLA,2019,2019,PRETA,PBU-**76,,
TAXIGOV_DF_3,1364370,Advocacia-Geral da União,46,DIRETA,DPOFC/SGA/AGU,,CONCLUÍDA,Transporte de documentos / materiais,,5.51,5.602,21.38,2024-07-15 12:34:12.823,2024-07-15 12:38:30.223,2024-07-15 12:43:03.037,2024-07-15 12:43:44.077,2024-07-15 12:55:22.017,,MINISTERIO DA ECONOMIA - BLOCO K,,BRASILIA,DF,"Advocacia-Geral da Uniao - Sede III, Brasilia, DF","Advocacia-Geral da Uniao - Sede III, Brasilia, DF",-15.794740000000001,-47.87379,-15.79215,-47.9124,-15.79222,-47.91244,,,,,2024,2025,,SSL-**49,,
TAXIGOV_DF_3,1364367,Ministério da Saúde,304,DIRETA,DGIP/SE,,CONCLUÍDA,Reunião,,4.18,4.173,16.22,2024-07-15 12:32:50.600,2024-07-15 12:33:00.580,2024-07-15 12:37:20.453,2024-07-15 12:39:07.410,2024-07-15 12:47:35.613,,"SRTVN QUADRA 701, LT. D, ED. PO700",BRASILIA,BRASILIA,DF,"Ministerio da Saude - Bloco G, Brasilia, DF","Ministerio da Saude - Bloco G, Brasilia, DF",-15.78361,-47.89024,-15.80024,-47.86838,-15.80035,-47.86821,,,,,2024,2025,,SSJ-**86,,
TAXIGOV_DF_3,1364366,Presidência da República,26,DIRETA,SIMP/SECOM/PR,,CONCLUÍDA,Reunião,,1.47,1.627,7.76,2024-07-15 12:30:53.677,2024-07-15 12:31:07.897,2024-07-15 12:33:15.690,2024-07-15 12:38:18.410,2024-07-15 12:40:37.483,,PCA. DOS TRES PODERES,ASA NORTE,BRASILIA,DF,"Palacio Itamaraty, Brasilia, DF","VIA S UM LESTE, EIXO MONUMENTAL, BRASILIA - DF, BRASIL",-15.79941,-47.86088,-15.80068,-47.8673,-15.79931,-47.86904,,,,,2023,2023,,SGS-**72,,
TAXIGOV_DF_ENTIDADES,1364353,Fundo Nacional de Desenvolvimento da Educação,253,INDIRETA,DISEC/FNDE,,CONCLUÍDA,Reunião,,8.9,10.394,32.93,2024-07-15 12:18:29.287,2024-07-15 12:18:35.627,2024-07-15 12:21:35.340,2024-07-15 12:21:37.710,2024-07-15 12:36:39.777,,"SAAN QUADRA 1,",ZONA INDUSTRIAL,BRASILIA,DF,"Fundo Nacional de Desenvolvimento da Educacao, Sbs, 12, Asa Sul, Brasilia, Distrito Federal","Fundo Nacional de Desenvolvimento da Educacao, Sbs, 12, Asa Sul, Brasilia, Distrito Federal",-15.76328,-47.93746,-15.80089,-47.88341,-15.80134,-47.88348,,,,ONIX,2022,23,PRATA,SGP-**61,,
TAXIGOV_DF_3,1364352,Presidência da República,26,DIRETA,SNDSAPP/SG/PR,,CONCLUÍDA,Reunião,,1.38,1.387,7.76,2024-07-15 12:17:58.147,2024-07-15 12:18:07.073,2024-07-15 12:21:22.587,2024-07-15 12:22:43.957,2024-07-15 12:26:24.910,,"MINISTERIO DO MEIO AMBIENTE, EIXO MONUMENTAL",,BRASILIA,DF,"Anexo I (Palacio do Planalto   Presidencia da Republica), Praca dos Tres Poderes, Brasilia, Distrito Federal","VIA N. UM LESTE, ASA NORTE, BRASILIA - DF, BRASIL",-15.79859,-47.87243,-15.79955,-47.85925,-15.7993,-47.86177,,,,,,,,PAX-**00,,
TAXIGOV_DF_3,1364348,Ministério do Desenvolvimento Agrário e Agricultura Familiar,308794,DIRETA,SE / MDA,,CONCLUÍDA,Reunião,,2.65,3.063,10.28,2024-07-15 12:13:08.637,2024-07-15 12:13:17.260,2024-07-15 12:17:00.097,2024-07-15 12:20:35.810,2024-07-15 12:28:11.720,,"EMI BLOCO C,",BRASILIA,BRASILIA,DF,"Banca Palacio do Desenvolvimento, Asa Norte, Brasilia, Distrito Federal","Banca Palacio do Desenvolvimento, Asa Norte, Brasilia, Distrito Federal",-15.79929,-47.87131,-15.79111,-47.87962,-15.79117,-47.87964,,,,,2024,2024,,SSK-**66,,
TAXIGOV_DF_3,1364347,Ministério da Saúde,304,DIRETA,DGCI,,CONCLUÍDA,Reunião,,4.31,4.401,16.72,2024-07-15 12:13:05.333,2024-07-15 12:16:24.523,2024-07-15 12:20:46.293,2024-07-15 12:22:07.627,2024-07-15 12:31:25.127,,PO700 - MINISTERIO DA SAUDE,ASA NORTE,BRASILIA,DF,"Anexo do Ministerio da Saude, Eixo Monumental, G, Brasilia, Distrito Federal","Anexo do Ministerio da Saude, Eixo Monumental, G, Brasilia, Distrito Federal",-15.78406,-47.89043,-15.80181,-47.86856,-15.8016,-47.86938,,,,,2024,2024,,SSH-**13,,
TAXIGOV_DF_3,1364344,Ministério da Justiça e Segurança Pública,235881,DIRETA,ANPD/MJSP,,CONCLUÍDA,Reunião,,3.42,3.361,13.27,2024-07-15 12:09:46.337,2024-07-15 12:11:14.077,2024-07-15 12:17:41.983,2024-07-15 12:18:52.687,2024-07-15 12:23:48.180,,PALACIO DA JUSTICA - MINISTERIO DA JUSTICA E SEGURANCA PUBLICA,,BRASILIA,DF,"Camarada Camarao: Camaroes, Peixes, Happy Hour, Restaurante, Brasilia DF, Asa Norte, Brasilia, DF","Camarada Camarao: Camaroes, Peixes, Happy Hour, Restaurante, Brasilia DF, Asa Norte, Brasilia, DF",-15.79765,-47.86583,-15.78688,-47.89112,-15.78684,-47.8915,,,,,2023,2024,,SGV-**43,,
TAXIGOV_DF_3,1364341,Ministério da Defesa,41066,DIRETA,SEORI/MD,,CONCLUÍDA,Reunião,,25.0,22.05,97.0,2024-07-15 12:03:56.370,2024-07-15 12:04:37.063,2024-07-15 12:17:33.663,2024-07-15 12:17:45.170,2024-07-15 12:52:52.507,,"MECANICATECH - SOLUCOES AUTOMOTIVAS, ADE AGUAS CLARAS CONJUNTO 16, 39",AREA DE DESENVOLVIMENTO ECONOMICO AGUAS CLARAS,BRASILIA,DF,"Ministerio da Defesa, Eixo Monumental, Brasilia, Distrito Federal","Ministerio da Defesa, Eixo Monumental, Brasilia, Distrito Federal",-15.87722,-48.01239,-15.79605,-47.86885,-15.79619,-47.86957,,,,,2022,2023,,SGO-**74,,
TAXIGOV_DF_3,1364338,Ministério da Saúde,304,DIRETA,GAB/SESAI,,CONCLUÍDA,Reunião,,4.12,4.137,15.99,2024-07-15 12:03:26.657,2024-07-15 12:03:33.903,2024-07-15 12:09:53.930,2024-07-15 12:12:12.010,2024-07-15 12:22:59.133,,MINISTERIO DA SAUDE - BLOCO G,,BRASILIA,DF,"PO700 - Ministerio da Saude, SRTVN, 701, Asa Norte, Brasilia, Distrito Federal","PO700 - Ministerio da Saude, SRTVN, 701, Asa Norte, Brasilia, Distrito Federal",-15.80024,-47.86838,-15.78407,-47.89045,-15.78422,-47.89048,,,,,2018,2019,,PBO-**89,,
TAXIGOV_DF_3,1364336,Ministério do Meio Ambiente,1927,DIRETA,CGAA/GMV/MMA,,CONCLUÍDA,Reunião,,12.86,11.225,49.9,2024-07-15 12:02:02.720,2024-07-15 12:02:10.190,2024-07-15 12:02:26.990,2024-07-15 13:29:15.467,2024-07-15 13:45:09.610,,"SHIS QI 23 CONJUNTO 10,",SETOR DE HABITACOES INDIVIDUAIS SUL,BRASILIA,DF,"MINISTERIO DA CULTURA BLOCO B, - ESPLANADA","MINISTERIO DA CULTURA BLOCO B, - ESPLANADA",-15.84376,-47.8476,-15.79856,-47.87251,-15.79902,-47.87236,,,,,2023,2023,,SGW-**96,,
TAXIGOV_DF_3,1364332,Ministério da Saúde,304,DIRETA,CGSPD/DAET/SAES/MS,,CONCLUÍDA,Reunião,,4.28,4.213,16.61,2024-07-15 12:00:53.667,2024-07-15 12:01:02.753,2024-07-15 12:01:22.093,2024-07-15 12:03:11.073,2024-07-15 12:10:21.630,,"CENTRO INTERNACIONAL DE CONVENCOES DO BRASIL, SCES TRECHO 2",ASA SUL,BRASILIA,DF,"Ministerio da Saude - Bloco G, Brasilia, Distrito Federal","VIA S. DOIS OESTE, 13, ASA SUL, BRASILIA - DF, BRASIL",-15.81569,-47.84475,-15.80024,-47.86838,-15.80156,-47.86759,,,,,,,,SSJ-**46,,
TAXIGOV_DF_3,1364330,Presidência da República,26,DIRETA,CGPPP/IN/CC/PR,,CONCLUÍDA,Reunião,,43.43,31.266,168.51,2024-07-15 11:59:44.510,2024-07-16 01:45:14.007,2024-07-16 01:54:13.720,2024-07-16 02:02:07.220,2024-07-16 03:01:01.413,,"IMPRENSA NACIONAL, ESTRADA PARQUE INDUSTRIAS GRAFICAS",ZONA INDUSTRIAL,BRASILIA,DF,"Setor Leste Quadra 9, Gama, Brasilia, DF","SETOR LESTE QUADRA 45, QD45 LT84, GAMA - DF, 72440-450, BRASIL",-15.79243,-47.9136,-16.01173,-48.05185,-16.00102,-48.05308,,,,,2024,25,,SSK-**89,,
TAXIGOV_DF_3,1364327,Ministério da Saúde,304,DIRETA,CGSB/DESF/SAPS/MS,,CONCLUÍDA,Reunião,,6.16,4.702,23.9,2024-07-15 11:57:37.080,2024-07-15 11:57:46.420,2024-07-15 12:00:56.403,2024-07-15 12:04:55.090,2024-07-15 12:13:29.430,,ESPLANADA DOS MINISTERIOS,BRASILIA,BRASILIA,DF,"Centro Internacional de Convencoes do Brasil, SCES Trecho 2, Asa Sul, Brasilia, DF","Centro Internacional de Convencoes do Brasil, SCES Trecho 2, Asa Sul, Brasilia, DF",-15.802,-47.86917,-15.81568,-47.84475,-15.81568,-47.84471,,,,,2023,2023,,SGV-**21,,
TAXIGOV_DF_3,1364318,Presidência da República,26,DIRETA,DECADI/SECOI/SECOM/PR,,CONCLUÍDA,Reunião,,5.4,1.251,20.95,2024-07-15 11:52:26.680,2024-07-15 11:52:44.233,2024-07-15 12:07:43.787,2024-07-15 12:07:59.930,2024-07-15 12:15:47.600,,PALACIO DO PLANALTO,,BRASILIA,DF,"Palacio Itamaraty, Brasilia, Distrito Federal","EMI BLOCO G, ASA SUL, BRASILIA - DF, 70058-900, BRASIL",-15.79905,-47.86077,-15.80068,-47.8673,-15.79986,-47.86805,,,,,2023,2023,,SGS-**72,,
TAXIGOV_DF_3,1364311,Ministério da Saúde,304,DIRETA,GAB/SAES,,CONCLUÍDA,Reunião,,10.68,10.725,41.44,2024-07-15 11:47:39.600,2024-07-15 11:47:50.087,2024-07-15 11:53:12.690,2024-07-15 11:53:58.290,2024-07-15 12:08:41.483,,MINISTERIO DA SAUDE - BLOCO G,,BRASILIA,DF,"Escola Nacional de Administracao Publica - Enap, Asa Sul, Brasilia, DF","Escola Nacional de Administracao Publica - Enap, Asa Sul, Brasilia, DF",-15.80024,-47.86838,-15.83033,-47.93057,-15.83024,-47.9313,,,,,2022,2023,,SGN-**06,,
TAXIGOV_DF_3,1364304,Presidência da República,26,DIRETA,SIMP/SECOM/PR,,CONCLUÍDA,Reunião,,1.55,1.964,7.76,2024-07-15 11:42:21.180,2024-07-15 11:42:30.617,2024-07-15 11:48:25.270,2024-07-15 11:48:52.213,2024-07-15 11:54:01.397,,PALACIO DO PLANALTO,,BRASILIA,DF,"Palacio Itamaraty, Brasilia, DF","EMI BLOCO F, ASA SUL, BRASILIA - DF, BRASIL",-15.79905,-47.86077,-15.80068,-47.8673,-15.79978,-47.86884,,,,,2018,2019,,PBO-**89,,
TAXIGOV_DF_3,1364303,Ministério do Desenvolvimento Agrário e Agricultura Familiar,308794,DIRETA,GM / MDA,,CONCLUÍDA,Reunião,,8.54,6.435,33.14,2024-07-15 11:42:13.240,2024-07-15 11:42:23.037,2024-07-15 11:43:43.273,2024-07-15 11:44:30.677,2024-07-15 11:58:49.790,,EMI BLOCO C,BRASILIA,BRASILIA,DF,"Rubaiyat, Asa Sul, Brasilia, DF","Rubaiyat, Asa Sul, Brasilia, DF",-15.79937,-47.87171,-15.83358,-47.89267,-15.8334,-47.89275,,,,,2022,2022,,REU-**98,,
TAXIGOV_DF_3,1364300,Advocacia-Geral da União,46,DIRETA,PGU/AGU,,CONCLUÍDA,Reunião,,1.78,1.918,7.76,2024-07-15 11:40:53.163,2024-07-15 11:40:58.960,2024-07-15 11:49:09.093,2024-07-15 11:53:35.383,2024-07-15 11:57:04.420,,"PALACIO DO ITAMARATY,",PA 1,BRASILIA,DF,"SAUS QUADRA 3 AGU, - ASA SUL","SAUS QUADRA 3 AGU, - ASA SUL",-15.80054,-47.8672,-15.80212,-47.88036,-15.80276,-47.88047,,,,,2019,2020,,PBQ-**36,,
TAXIGOV_DF_3,1364298,Ministério do Desenvolvimento Agrário e Agricultura Familiar,308794,DIRETA,CGLOG / SPOA / SE / MDA,,CONCLUÍDA,Reunião,,2.31,2.44,8.96,2024-07-15 11:39:15.897,2024-07-15 11:39:24.153,2024-07-15 11:42:23.217,2024-07-15 11:43:56.550,2024-07-15 11:49:25.083,,SBN QD. 1 BL. D,BRASILIA,BRASILIA,DF,"Ministerio da Agricultura e Pecuaria, Brasilia, DF","Ministerio da Agricultura e Pecuaria, Brasilia, DF",-15.79096,-47.8794,-15.79953,-47.87093,-15.7995,-47.87074,,,,,2023,2023,,SGU-**46,,
TAXIGOV_DF_3,1364297,Ministério da Educação,244,DIRETA,CETREMEC,,CONCLUÍDA,Reunião,,3.62,3.674,14.05,2024-07-15 11:39:15.727,2024-07-15 11:39:27.973,2024-07-15 11:44:11.583,2024-07-15 11:45:17.233,2024-07-15 11:52:32.177,,ANEXO MINISTERIO DA EDUCACAO,PA 2,BRASILIA,DF,"MEC Cetremec, Sgas, Asa Sul, Brasilia, Distrito Federal","MEC Cetremec, Sgas, Asa Sul, Brasilia, Distrito Federal",-15.79355,-47.87271,-15.81501,-47.88775,-15.81542,-47.88742,,,,,2022,23,,SGQ-**77,,
TAXIGOV_DF_3,1364286,Presidência da República,26,DIRETA,SNPS/SG/PR,,CONCLUÍDA,Reunião,,7.85,4.833,30.46,2024-07-15 11:34:40.290,2024-07-15 11:34:53.990,2024-07-15 11:40:01.860,2024-07-15 11:40:31.983,2024-07-15 11:51:12.530,,SCES TRECHO 2,ASA SUL,BRASILIA,DF,"Arco do Anexo do Palacio do Planalto, Via N1, Brasilia, DF","Arco do Anexo do Palacio do Planalto, Via N1, Brasilia, DF",-15.81568,-47.84475,-15.79967,-47.85931,-15.79971,-47.85936,,,,,2018,2018,,PBK-**91,,
TAXIGOV_DF_3,1364283,Ministério do Meio Ambiente,1927,DIRETA,CGAA/GMV/MMA,,CONCLUÍDA,Reunião,,16.58,10.954,64.33,2024-07-15 11:30:26.773,2024-07-15 11:30:40.583,2024-07-15 11:33:11.447,2024-07-15 11:35:00.133,2024-07-15 12:00:27.183,,EMI BLOCO B,BRASILIA,BRASILIA,DF,"Lago Sul, Brasilia, DF","SHIS QI 23 CONJUNTO 10, 19, SETOR DE HABITACOES INDIVIDUAIS SUL, LAGO SUL - DF, 71660-100, BRASIL",-15.7989,-47.87204,-15.84143,-47.87675,-15.84465,-47.84732,,,,,2023,2023,,SGW-**96,,
TAXIGOV_DF_3,1364282,Ministério da Saúde,304,DIRETA,GM/MS,,CONCLUÍDA,Reunião,,5.57,4.23,21.61,2024-07-15 11:30:06.410,2024-07-15 11:30:47.973,2024-07-15 11:35:33.957,2024-07-15 11:36:11.730,2024-07-15 11:49:01.590,,MINISTERIO DA SAUDE,BRASILIA,BRASILIA,DF,"PO700 - Ministerio da Saude, SRTVN, 701, Asa Norte, Brasilia, DF","SRTVN BLOCO B, BLOCO B, ASA NORTE, BRASILIA - DF, 70719-903, BRASIL",-15.80032,-47.86842,-15.78407,-47.89045,-15.7843,-47.88877,,,,,2021,2022,,RET-**80,,
TAXIGOV_DF_3,1364271,Advocacia-Geral da União,46,DIRETA,PGU/AGU,,CONCLUÍDA,Reunião,,2.24,1.807,8.69,2024-07-15 11:24:44.797,2024-07-15 11:24:56.810,2024-07-15 11:34:25.950,2024-07-15 11:34:32.407,2024-07-15 11:39:22.737,,"AGU - ADVOCACIA-GERAL DA UNIAO, SAUS QD. 3, LT. 5/6",ASA SUL,BRASILIA,DF,"Ministerio das Relacoes Exteriores (MRE), Esplanada dos Ministerios, Bl. H, ZONA CIVICOADMINISTRATIVA, BRASILIA, DF","Ministerio das Relacoes Exteriores (MRE), Esplanada dos Ministerios, Bl. H, ZONA CIVICOADMINISTRATIVA, BRASILIA, DF",-15.80235,-47.88043,-15.80157,-47.86782,-15.80128,-47.86866,,,,,2019,2020,,PBQ-**36,,
TAXIGOV_DF_3,1364264,Ministério da Saúde,304,DIRETA,CGESCO,,CONCLUÍDA,Reunião,,0.43,4.342,7.76,2024-07-15 11:22:32.287,2024-07-15 11:22:40.357,2024-07-15 11:24:09.877,2024-07-15 11:24:19.177,2024-07-15 11:35:54.990,,"CENTRO INTERNACIONAL DE CONVENCOES DO BRASIL, SCES TRECHO 2",ASA SUL,BRASILIA,DF,"Ministerio da Saude - Anexo A, Esplanada dos Ministerios, Bl. G, ZONA CIVICOADMINISTRATIVA, BRASILIA, DF","Ministerio da Saude - Anexo A, Esplanada dos Ministerios, Bl. G, ZONA CIVICOADMINISTRATIVA, BRASILIA, DF",-15.81569,-47.84475,-15.80203,-47.86871,-15.80121,-47.86874,,,,,2018,2019,,PBE-**50,,
TAXIGOV_DF_3,1364255,Ministério da Saúde,304,DIRETA,ASCER/GM/MS,,CONCLUÍDA,Reunião,,2.55,2.706,9.89,2024-07-15 11:16:38.987,2024-07-15 11:16:47.170,2024-07-15 11:20:20.853,2024-07-15 11:21:07.290,2024-07-15 11:26:55.707,,ADMINISTRACAO REGIONAL DE PLANO PILOTO,ASA NORTE,BRASILIA,DF,"Ministerio da Saude - Bloco G, Brasilia, DF","Ministerio da Saude - Bloco G, Brasilia, DF",-15.78777,-47.87855,-15.80024,-47.86838,-15.80029,-47.86822,,,,,2023,2023,,SGT-**38,,
TAXIGOV_DF_3,1364251,Ministério da Defesa,41066,DIRETA,ESD/MD,,CONCLUÍDA,Reunião,,12.54,12.371,48.66,2024-07-15 11:14:07.690,2024-07-15 11:14:18.087,2024-07-15 11:18:40.497,2024-07-15 11:19:41.137,2024-07-15 11:35:18.973,,"EM BLOCO Q,",BRASILIA,BRASILIA,DF,"Escola Superior de Defesa, DF-001, km 27, Jardim Botanico, Brasilia, Distrito Federal","ESAF, LAGO SUL - DF, BRASIL",-15.79629,-47.86882,-15.86728,-47.82376,-15.86734,-47.8221,,,,,2023,2023,,SGV-**21,,
TAXIGOV_DF_3,1364250,Ministério da Saúde,304,DIRETA,GAB/SVS,,CONCLUÍDA,Reunião,,2.83,2.613,10.98,2024-07-15 11:12:55.017,2024-07-15 11:13:07.493,2024-07-15 11:18:23.913,2024-07-15 11:18:47.477,2024-07-15 11:24:51.980,,SAN MARCO HOTEL,ASA SUL,BRASILIA,DF,"PO 700, SRTVN Quadra 03, Brasilia, Brasilia, DF","PO 700, SRTVN Quadra 03, Brasilia, Brasilia, DF",-15.79306,-47.89176,-15.78354,-47.8903,-15.78422,-47.89051,,,,,2021,2022,,REO-**84,,
TAXIGOV_DF_3,1364249,Ministério da Saúde,304,DIRETA,GAB/SE/MS,,CONCLUÍDA,Reunião,,3.99,4.131,15.48,2024-07-15 11:12:15.483,2024-07-15 11:12:25.010,2024-07-15 11:13:46.713,2024-07-15 11:14:28.347,2024-07-15 11:24:11.253,,MINISTERIO DA SAUDE - BLOCO G,,BRASILIA,DF,"PO700 - Ministerio da Saude, SRTVN, 701, Asa Norte, Brasilia, DF","PO700 - Ministerio da Saude, SRTVN, 701, Asa Norte, Brasilia, DF",-15.80024,-47.86838,-15.78407,-47.89045,-15.78417,-47.89048,,,,,2024,2024,,SSJ-**17,,
TAXIGOV_DF_3,1364240,Ministério das Relações Exteriores,263,DIRETA,SGAD/SG/MRE,,CONCLUÍDA,Serviço externo / técnico,,7.14,7.84,27.7,2024-07-15 11:06:50.447,2024-07-15 11:06:57.470,2024-07-15 11:07:09.060,2024-07-15 11:09:40.470,2024-07-15 11:20:41.937,,"SQS 213 BLOCO E,",ASA SUL,BRASILIA,DF,"ANEXO II DO ITAMARATY(BOLO DE NOIVA), - ASA SUL","ANEXO II DO ITAMARATY(BOLO DE NOIVA), - ASA SUL",-15.82941,-47.91436,-15.80173,-47.86795,-15.80189,-47.86777,,,,,,,,SGR-**11,,
TAXIGOV_DF_ENTIDADES,1364238,Fundação Oswaldo Cruz,315,INDIRETA,PSAT/FIOCRUZ-BSB,,CONCLUÍDA,Reunião,,27.5,23.313,101.75,2024-07-15 11:05:32.180,2024-07-15 11:05:40.193,2024-07-15 11:31:44.470,2024-07-15 11:46:19.500,2024-07-15 12:14:10.170,,"SOBRADINHO I, UBS 3",PA 45,BRASILIA,DF,"CAMPUS UNIVERSITARIO DARCY RIBEIRO, - CAMPUS UNIVERSITARIO DARCY RIBEIRO","CAMPUS DARCY RIBEIRO UNB, ASA NORTE, BRASILIA - DF, 70910-900, BRASIL",-15.64934,-47.82826,-15.76371,-47.86878,-15.77144,-47.87083,,,,SIENA,2021,21,BRANCA,REO-**09,,
TAXIGOV_DF_3,1364234,Ministério da Educação,244,DIRETA,CETREMEC,,CONCLUÍDA,Reunião,,3.47,3.441,13.46,2024-07-15 11:04:36.897,2024-07-15 11:04:49.983,2024-07-15 11:09:33.270,2024-07-15 11:10:50.050,2024-07-15 11:16:52.740,,"MEC CETREMEC, SGAS",ASA SUL,BRASILIA,DF,"Ministerio da Educacao, Brasilia, Distrito Federal","Ministerio da Educacao, Brasilia, Distrito Federal",-15.81501,-47.88775,-15.79501,-47.87305,-15.79516,-47.87289,,,,,2022,2023,,SGO-**76,,
TAXIGOV_DF_3,1364219,Ministério do Desenvolvimento Agrário e Agricultura Familiar,308794,DIRETA,CGLOG / SPOA / SE / MDA,,CONCLUÍDA,Reunião,,2.35,2.502,9.12,2024-07-15 10:56:56.630,2024-07-15 10:57:04.607,2024-07-15 10:58:59.237,2024-07-15 11:00:56.540,2024-07-15 11:05:09.383,,PALACIO DO DESENVOLVIMENTO,ASA NORTE,BRASILIA,DF,"Ministerio da Agricultura e Pecuaria, Brasilia, DF","Ministerio da Agricultura e Pecuaria, Brasilia, DF",-15.79075,-47.87953,-15.79953,-47.87093,-15.79948,-47.87071,,,,,2020,2020,,RED-**83,,
TAXIGOV_DF_ENTIDADES,1364213,Fundo Nacional de Desenvolvimento da Educação,253,INDIRETA,DISEC/FNDE,,CONCLUÍDA,Reunião,,8.73,9.647,32.3,2024-07-15 10:52:08.167,2024-07-15 10:52:14.733,2024-07-15 11:11:24.707,2024-07-15 11:11:44.953,2024-07-15 11:26:36.013,,"SAAN QD 1 MEC FNDE DEPOSITO ARQUIVO,",SAAN,BRASILIA,DF,"SBS FNDE, - ASA SUL","SBS FNDE, - ASA SUL",-15.76717,-47.9393,-15.80091,-47.88345,-15.80126,-47.88378,,,,ONIX,2023,2024,PRATA,SGW-**05,,
TAXIGOV_DF_ENTIDADES,1364212,Agência Nacional de Aviação Civil,86144,INDIRETA,ASTEC/ANAC,,CONCLUÍDA,Reunião,,12.6,,46.62,2024-07-15 10:50:43.367,2024-07-15 10:51:03.263,2024-07-15 10:59:55.073,2024-07-15 11:00:02.420,2024-07-15 11:24:19.450,,"ESTRADA PARQUE AEROPORTO, 1471",AEROPORTO,BRASILIA,DF,"Agencia Nacional de Aviacao Civil, Asa Sul, Brasilia, DF","Agencia Nacional de Aviacao Civil, Asa Sul, Brasilia, DF",-15.86967,-47.9325,-15.79456,-47.89348,,,5.0,,,SPIN,2023,2024,PRATA,SGX-**39,,
TAXIGOV_DF_3,1364205,Ministério da Saúde,304,DIRETA,ASCER/GM/MS,,CONCLUÍDA,Reunião,,2.81,2.819,10.9,2024-07-15 10:48:05.807,2024-07-15 10:48:16.860,2024-07-15 10:48:38.580,2024-07-15 10:51:06.053,2024-07-15 10:57:27.360,,"ESPLANADA DOS MINISTERIOS, BL. G",BRASILIA,BRASILIA,DF,"Administracao Regional de Plano Piloto, Asa Norte, Brasilia, DF","Administracao Regional de Plano Piloto, Asa Norte, Brasilia, DF",-15.80055,-47.86855,-15.78777,-47.87855,-15.78794,-47.87833,,,,,2023,2024,,SGV-**13,,
TAXIGOV_DF_3,1364203,Ministério das Relações Exteriores,263,DIRETA,SGAD/SG/MRE,,CONCLUÍDA,Serviço externo / técnico,,9.09,7.561,35.27,2024-07-15 10:46:35.580,2024-07-15 10:46:44.837,2024-07-15 10:48:50.503,2024-07-15 10:53:15.487,2024-07-15 11:06:13.320,,VIA S2,ASA SUL,BRASILIA,DF,"BL E, Asa Sul, Brasilia, DF","BL E, Asa Sul, Brasilia, DF",-15.80205,-47.868,-15.82939,-47.91435,-15.82928,-47.91457,,,,,,,,SGR-**11,,
TAXIGOV_DF_3,1364202,Ministério da Saúde,304,DIRETA,DEPPROS,,CONCLUÍDA,Reunião,,0.92,0.981,7.76,2024-07-15 10:46:26.123,2024-07-15 10:46:37.313,2024-07-15 10:52:03.873,2024-07-15 10:52:38.483,2024-07-15 10:57:55.523,,"MINISTERIO DA SAUDE - ANEXO B, ESPLANADA DOS MINISTERIOS",ZONA CIVICOADMINISTRATIVA,BRASILIA,DF,"Senado Federal, Praca dos Tres Poderes, s/n, Brasilia, Distrito Federal","VIA S UM LESTE, EIXO MONUMENTAL, BRASILIA - DF, 70100-000, BRASIL",-15.802,-47.86917,-15.79929,-47.86407,-15.80143,-47.86276,,,,,2021,2022,,RET-**80,,
TAXIGOV_DF_3,1364196,Ministério da Educação,244,DIRETA,SECADI,,CONCLUÍDA,Reunião,,5.52,5.594,21.42,2024-07-15 10:43:13.660,2024-07-15 10:43:21.520,2024-07-15 10:43:33.900,2024-07-15 10:44:24.970,2024-07-15 10:52:54.737,,"SCES CICB,",SCES,BRASILIA,DF,"MINISTERIO DA EDUCACAO BL L, - PA 2","SGO, ASA NORTE, BRASILIA - DF, BRASIL",-15.81548,-47.84479,-15.79534,-47.87311,-15.79347,-47.87291,,,,,2023,2023,,SGV-**21,,
TAXIGOV_DF_3,1364195,Ministério da Justiça e Segurança Pública,235881,DIRETA,ANPD/MJSP,,CONCLUÍDA,Reunião,,4.38,4.48,16.99,2024-07-15 10:43:07.687,2024-07-15 10:43:39.893,2024-07-15 10:48:02.443,2024-07-15 10:48:10.477,2024-07-15 10:58:33.087,,"CAMARADA CAMARAO: CAMAROES, PEIXES, HAPPY HOUR, RESTAURANTE, BRASILIA DF",ASA NORTE,BRASILIA,DF,"Palacio da Justica - Ministerio da Justica e Seguranca Publica, Brasilia, DF","Palacio da Justica - Ministerio da Justica e Seguranca Publica, Brasilia, DF",-15.78688,-47.89112,-15.79765,-47.86583,-15.79675,-47.8659,,,,,2024,2025,,SSK-**24,,
TAXIGOV_DF_3,1364188,Presidência da República,26,DIRETA,DGES/GSI/PR,,CONCLUÍDA,Transporte de documentos / materiais,,2.66,1.674,10.32,2024-07-15 10:40:28.990,2024-07-15 10:41:09.110,2024-07-15 10:42:09.060,2024-07-15 10:44:07.280,2024-07-15 10:52:05.623,,MINISTERIO DA SAUDE - BLOCO G,,BRASILIA,DF,"Anexo I (Palacio do Planalto   Presidencia da Republica), Praca dos Tres Poderes, Brasilia, Distrito Federal","Anexo I (Palacio do Planalto   Presidencia da Republica), Praca dos Tres Poderes, Brasilia, Distrito Federal",-15.80024,-47.86838,-15.79955,-47.85925,-15.79969,-47.85942,,,,,2023,2023,,SGW-**96,,
TAXIGOV_DF_3,1364187,Advocacia-Geral da União,46,DIRETA,DPOFC/SGA/AGU,,CONCLUÍDA,Transporte de documentos / materiais,,5.7,6.492,22.12,2024-07-15 10:40:28.650,2024-07-15 10:40:35.437,2024-07-15 10:40:50.027,2024-07-15 10:59:28.223,2024-07-15 11:10:19.687,,"SIG AGU SEDE II,",PA 31,BRASILIA,DF,"MINISTERIO DA ECONOMIA BL K, - PA 2","MINISTERIO DA ECONOMIA BL K, - PA 2",-15.79188,-47.91234,-15.79482,-47.87401,-15.79472,-47.87362,,,,,2018,2019,,PBO-**89,,
TAXIGOV_DF_3,1364186,Ministério da Saúde,304,DIRETA,GAB/SVS,,CONCLUÍDA,Reunião,,2.05,2.058,7.95,2024-07-15 10:40:09.807,2024-07-15 10:42:34.180,2024-07-15 10:45:34.520,2024-07-15 10:47:37.557,2024-07-15 10:52:41.713,,SRTVN QUADRA 03,BRASILIA,BRASILIA,DF,"San Marco Hotel, Asa Sul, Brasilia, DF","San Marco Hotel, Asa Sul, Brasilia, DF",-15.78354,-47.8903,-15.79306,-47.89176,-15.79317,-47.89185,,,,,2023,24,,SSF-**66,,
TAXIGOV_DF_3,1364183,Ministério da Saúde,304,DIRETA,GAB/SESAI,,CONCLUÍDA,Reunião,,4.09,4.22,15.87,2024-07-15 10:39:43.427,2024-07-15 10:39:55.877,2024-07-15 10:44:28.613,2024-07-15 10:47:24.587,2024-07-15 10:56:06.810,,PO700 - MINISTERIO DA SAUDE,ASA NORTE,BRASILIA,DF,"Ministerio da Saude - Bloco G, Brasilia, Distrito Federal","Ministerio da Saude - Bloco G, Brasilia, Distrito Federal",-15.78406,-47.89043,-15.80024,-47.86838,-15.80029,-47.86824,,,,,2024,2024,,SSJ-**17,,
TAXIGOV_DF_3,1364178,Ministério do Desenvolvimento Agrário e Agricultura Familiar,308794,DIRETA,CGLOG / SPOA / SE / MDA,,CONCLUÍDA,Reunião,,2.7,3.034,10.48,2024-07-15 10:37:46.210,2024-07-15 10:37:54.683,2024-07-15 10:38:48.767,2024-07-15 10:39:57.377,2024-07-15 10:46:16.183,,ESPLANADA DOS MINISTERIOS,ZONA CIVICO-ADMINISTRATIVA,BRASILIA,DF,"Instituto Nacional de Colonizacao e Reforma Agraria (INCRA), SBN Qd. 1 Bl. D, Brasilia, Brasilia, DF","Instituto Nacional de Colonizacao e Reforma Agraria (INCRA), SBN Qd. 1 Bl. D, Brasilia, Brasilia, DF",-15.79906,-47.87167,-15.79096,-47.8794,-15.79116,-47.87965,,,,,2024,2024,,SSK-**66,,
TAXIGOV_DF_3,1364172,Ministério da Saúde,304,DIRETA,DGCI,,CONCLUÍDA,Reunião,,4.15,4.27,16.1,2024-07-15 10:34:08.960,2024-07-15 10:34:20.867,2024-07-15 10:39:05.213,2024-07-15 10:39:29.780,2024-07-15 10:45:33.110,,"BRASILIA - DF, 70719-040, BRASIL",BRASILIA,BRASILIA,DF,"Ministerio da Saude - Bloco G, Brasilia, DF","Ministerio da Saude - Bloco G, Brasilia, DF",-15.7846,-47.8903,-15.80024,-47.86838,-15.80006,-47.86812,,,,,2023,2024,,SGV-**13,,
TAXIGOV_DF_3,1364169,Ministério da Saúde,304,DIRETA,CGSPD/DAET/SAES/MS,,CANCELADA,Reunião,,,,,2024-07-15 10:33:16.730,2024-07-15 10:35:42.093,,2024-07-15 10:35:42.093,2024-07-15 10:35:53.973,2024-07-15 10:35:53.973,PO700 - MINISTERIO DA SAUDE,ASA NORTE,BRASILIA,DF,"Centro Internacional de Convencoes do Brasil, SCES Trecho 2, Asa Sul, Brasilia, Distrito Federal",,-15.78406,-47.89043,-15.81569,-47.84475,,,,,,,2024,2025,,SSJ-**86,,
TAXIGOV_DF_3,1364168,Ministério da Saúde,304,DIRETA,DEDT,,CONCLUÍDA,Reunião,,4.16,4.168,16.14,2024-07-15 10:33:06.250,2024-07-15 10:33:22.270,2024-07-15 10:37:33.963,2024-07-15 10:38:28.623,2024-07-15 10:45:31.737,,"PO 700, VIA W 5 NORTE",ASA NORTE,BRASILIA,DF,"Ministerio da Saude - Bloco G, Brasilia, Distrito Federal","Ministerio da Saude - Bloco G, Brasilia, Distrito Federal",-15.78364,-47.89034,-15.80024,-47.86838,-15.80029,-47.86811,,,,,2021,2022,,RMO-**95,,
TAXIGOV_DF_3,1364167,Ministério da Saúde,304,DIRETA,GAB/SE/MS,,CONCLUÍDA,Reunião,,4.08,4.218,15.83,2024-07-15 10:32:24.397,2024-07-15 10:32:32.107,2024-07-15 10:34:39.757,2024-07-15 10:37:29.237,2024-07-15 10:45:28.890,,"SRTVN, 701",ASA NORTE,BRASILIA,DF,"Ministerio da Saude - Bloco G, Brasilia, DF","Ministerio da Saude - Bloco G, Brasilia, DF",-15.78407,-47.89045,-15.80024,-47.86838,-15.80025,-47.86825,,,,,,,,SGR-**11,,
TAXIGOV_DF_ENTIDADES,1364165,Empresa de Tecnologia e Informações da Previdência,303,INDIRETA,SGDF/DATAPREV,,CONCLUÍDA,Reunião,,2.47,1.66,9.14,2024-07-15 10:31:19.083,2024-07-15 10:31:38.680,2024-07-15 10:34:18.637,2024-07-15 10:35:25.347,2024-07-15 10:43:16.103,,"AC COELHO LOJA DE TINTAS ASA SUL: TINTAS CORAL, SUVINIL BRASILIA DF",ASA SUL,BRASILIA,DF,"AC Coelho Materiais Para Construcao Asa Sul: Porcelanato, Iluminacao, Decoracao, Acabamentos, Tintas, Brasilia DF, Asa Sul, Brasilia, DF","AC Coelho Materiais Para Construcao Asa Sul: Porcelanato, Iluminacao, Decoracao, Acabamentos, Tintas, Brasilia DF, Asa Sul, Brasilia, DF",-15.81963,-47.91183,-15.82366,-47.9171,-15.8237,-47.91717,,,,SPIN,2022,2023,BRANCA,REU-**49,,
TAXIGOV_DF_ENTIDADES,1364153,Fundação Oswaldo Cruz,315,INDIRETA,PSAT/FIOCRUZ-BSB,,CONCLUÍDA,Reunião,,25.63,25.549,94.83,2024-07-15 10:27:07.583,2024-07-15 10:27:37.773,2024-07-15 10:33:01.183,2024-07-15 10:34:19.800,2024-07-15 11:00:31.610,,UNB CAMPUS DARCY RIBEIRO,ASA NORTE,BRASILIA,DF,"UBS Nova Colina, Brasilia, DF","UBS Nova Colina, Brasilia, DF",-15.77112,-47.87152,-15.64803,-47.75528,-15.64827,-47.75517,,,,SIENA,2021,21,BRANCA,REO-**09,,
TAXIGOV_DF_ENTIDADES,1364150,Fundo Nacional de Desenvolvimento da Educação,253,INDIRETA,DISEC/FNDE,,CONCLUÍDA,Reunião,,9.48,9.831,35.08,2024-07-15 10:23:57.443,2024-07-15 10:24:42.310,2024-07-15 10:30:27.783,2024-07-15 10:31:56.793,2024-07-15 10:50:15.310,,"FUNDO NACIONAL DE DESENVOLVIMENTO DA EDUCACAO, SBS, 12",ASA SUL,BRASILIA,DF,"SAAN Quadra 1, Brasilia, Distrito Federal","SAAN QUADRA 1 BLOCO B, 220, BRASILIA - DF, 70632-100, BRASIL",-15.80089,-47.88341,-15.76328,-47.93746,-15.76739,-47.9393,,,,ONIX,2023,2024,PRATA,SGW-**05,,
TAXIGOV_DF_3,1364146,Ministério da Saúde,304,DIRETA,DGIP/SE,,CONCLUÍDA,Reunião,,5.35,3.49,20.76,2024-07-15 10:22:08.647,2024-07-15 10:22:17.347,2024-07-15 10:25:19.193,2024-07-15 10:26:16.633,2024-07-15 10:39:07.213,,MINISTERIO DA SAUDE - BLOCO G,,BRASILIA,DF,"PO700 - Ministerio da Saude, SRTVN, 701, Asa Norte, Brasilia, DF","VIA W3 NORTE, ASA NORTE, BRASILIA - DF, BRASIL",-15.80024,-47.86838,-15.78407,-47.89045,-15.79002,-47.88909,,,,,2021,2021,,RDJ-**50,,
TAXIGOV_DF_3,1364144,Ministério da Saúde,304,DIRETA,CGSPD/DAET/SAES/MS,,CANCELADA,Reunião,,,,7.76,2024-07-15 10:22:01.407,2024-07-15 10:24:42.600,,2024-07-15 10:24:42.600,2024-07-15 10:33:03.387,2024-07-15 10:33:03.387,PO700 - MINISTERIO DA SAUDE,ASA NORTE,BRASILIA,DF,"Centro Internacional de Convencoes do Brasil, SCES Trecho 2, Asa Sul, Brasilia, Distrito Federal",,-15.78406,-47.89043,-15.81569,-47.84475,,,,,,,2021,2022,,RMO-**95,,
TAXIGOV_DF_3,1364140,Advocacia-Geral da União,46,DIRETA,DPOFC/SGA/AGU,,CONCLUÍDA,Transporte de documentos / materiais,,6.96,6.869,27.0,2024-07-15 10:18:56.293,2024-07-15 10:19:04.060,2024-07-15 10:22:05.590,2024-07-15 10:23:20.987,2024-07-15 10:39:48.447,,ESPLANADA DOS MINISTERIOS,ZONA CIVICO-ADMINISTRATIVA,BRASILIA,DF,"Advocacia-Geral da Uniao - Sede III, Brasilia, DF","Advocacia-Geral da Uniao - Sede III, Brasilia, DF",-15.79906,-47.87167,-15.79215,-47.9124,-15.79234,-47.91241,,,,,2018,2019,,PBO-**89,,
TAXIGOV_DF_ENTIDADES,1364135,Conselho Administrativo de Defesa Econômica,322,INDIRETA,CGP/CADE,,CONCLUÍDA,Reunião,,8.53,9.157,31.56,2024-07-15 10:14:54.560,2024-07-15 10:15:01.890,2024-07-15 10:15:12.510,2024-07-15 10:21:39.647,2024-07-15 10:33:13.450,,"CHAPELARIA DO SENADO,",PA 1,BRASILIA,DF,"515 NORTE CADE, - ASA NORTE","515 NORTE CADE, - ASA NORTE",-15.79943,-47.8642,-15.74194,-47.89732,-15.74244,-47.89721,,,,YARES,2022,2023,BRANCA,SGP-**69,,
TAXIGOV_DF_3,1364129,Presidência da República,26,DIRETA,DGES/GSI/PR,,CONCLUÍDA,Transporte de documentos / materiais,,2.66,1.866,10.32,2024-07-15 10:11:17.547,2024-07-15 10:11:31.647,2024-07-15 10:20:21.160,2024-07-15 10:21:00.397,2024-07-15 10:26:49.570,,"ANEXO I (PALACIO DO PLANALTO   PRESIDENCIA DA REPUBLICA), PRACA DOS TRES PODERES",PA 1,BRASILIA,DF,"Ministerio da Saude - Bloco G, Brasilia, Distrito Federal","Ministerio da Saude - Bloco G, Brasilia, Distrito Federal",-15.79955,-47.85925,-15.80024,-47.86838,-15.80028,-47.86826,,,,,2023,2023,,SGT-**97,,
TAXIGOV_DF_ENTIDADES,1364126,Fundação Universidade de Brasília,470,INDIRETA,USG,16205,CONCLUÍDA,Transporte de documentos / materiais,,5.48,5.138,21.04,2024-07-15 10:10:26.067,2024-07-15 10:10:33.337,2024-07-15 10:10:42.597,2024-07-15 10:12:18.977,2024-07-15 10:19:10.967,,"HOSPITAL DE BASE,",PA 4,BRASILIA,DF,"HOSPITAL HUB, - PA 15","HOSPITAL HUB, - PA 15",-15.80015,-47.88879,-15.77154,-47.87384,-15.77188,-47.87298,,,,SIENA,2021,21,BRANCA,REO-**09,,
TAXIGOV_DF_ENTIDADES,1364125,Fundação Oswaldo Cruz,315,INDIRETA,NEVS/FIOCRUZ-BSB,,CONCLUÍDA,Reunião,,24.96,24.594,92.35,2024-07-15 10:10:04.457,2024-07-15 12:50:05.910,2024-07-15 12:57:01.830,2024-07-15 13:02:30.370,2024-07-15 13:31:36.770,,HOSPITAL UNIVERSITARIO DE BRASILIA - EMERGENCIA,ASA NORTE,BRASILIA,DF,"UBS 1 Sao Sebastiao, Brasilia, Distrito Federal","UBS 1 Sao Sebastiao, Brasilia, Distrito Federal",-15.77171,-47.87302,-15.90244,-47.77262,-15.90219,-47.7727,,,,KICKS,2023,2023,PRETA,SGT-**78,,
TAXIGOV_DF_3,1364112,Ministério da Saúde,304,DIRETA,CGPCLIN,,CONCLUÍDA,Reunião,,4.16,4.175,16.14,2024-07-15 10:02:41.227,2024-07-15 10:02:53.290,2024-07-15 10:08:37.150,2024-07-15 10:09:06.157,2024-07-15 10:16:16.560,,VIA W 5 NORTE,ASA NORTE,BRASILIA,DF,"Ministerio da Saude - Bloco G, Brasilia, DF","Ministerio da Saude - Bloco G, Brasilia, DF",-15.78364,-47.89034,-15.80024,-47.86838,-15.80033,-47.8682,,,,,,,,SSJ-**46,,
TAXIGOV_DF_3,1364108,Presidência da República,26,DIRETA,SNPS/SG/PR,,CANCELADA,Reunião,,,,7.76,2024-07-15 10:00:19.573,2024-07-15 10:00:29.480,,2024-07-15 10:00:29.480,2024-07-15 10:09:01.623,2024-07-15 10:09:01.623,VIA N1,,BRASILIA,DF,"Centro Internacional de Convencoes do Brasil, SCES Trecho 2, Asa Sul, Brasilia, DF",,-15.79967,-47.85931,-15.81568,-47.84475,,,,,,,2020,2020,,QXT-**92,,
TAXIGOV_DF_3,1364105,Ministério da Educação,244,DIRETA,SECADI,,CONCLUÍDA,Reunião,,9.61,5.923,37.29,2024-07-15 09:59:04.310,2024-07-15 10:00:54.490,2024-07-15 10:03:47.533,2024-07-15 10:07:05.190,2024-07-15 10:41:49.743,,MINISTERIO DA EDUCACAO,PA 2,BRASILIA,DF,"Centro Internacional de Convencoes do Brasil, SCES Trecho 2, Asa Sul, Brasilia, DF","Centro Internacional de Convencoes do Brasil, SCES Trecho 2, Asa Sul, Brasilia, DF",-15.79501,-47.87305,-15.81568,-47.84475,-15.81587,-47.84438,,,,,2023,2023,,SGV-**21,,
TAXIGOV_DF_3,1364098,Presidência da República,26,DIRETA,SECOI/SECOM/PR,,CONCLUÍDA,Reunião,,8.92,6.969,34.61,2024-07-15 09:57:05.480,2024-07-15 09:57:18.817,2024-07-15 10:00:49.203,2024-07-15 10:01:08.023,2024-07-15 10:18:06.450,,PLANALTO BITTAR - HOTEL E EVENTOS,ASA SUL,BRASILIA,DF,"Centro Internacional de Convencoes do Brasil, SCES Trecho 2, Asa Sul, Brasilia, Distrito Federal","SCES TRECHO 2, 2/43, ASA SUL, BRASILIA - DF, 70200-002, BRASIL",-15.79367,-47.88913,-15.81569,-47.84475,-15.81499,-47.84582,,,,,2023,2024,,SSG-**88,,
TAXIGOV_DF_ENTIDADES,1364091,Fundação Universidade de Brasília,470,INDIRETA,USG,16205,CONCLUÍDA,Transporte de documentos / materiais,,5.37,5.487,20.62,2024-07-15 09:54:05.820,2024-07-15 09:54:33.763,2024-07-15 09:57:24.987,2024-07-15 09:58:43.150,2024-07-15 10:08:45.530,,HOSPITAL UNIVERSITÁRIO DE BRASÍLIA,ASA NORTE,BRASÍLIA,DF,HOSPITAL DE BASE DO DISTRITO FEDERAL - ASA SUL - BRASÍLIA / DF,"SMHS BLOCO D, BLOCO D, ASA SUL, BRASILIA - DF, 70322-000, BRASIL",-15.77091,-47.87361,-15.80024,-47.88879,-15.80028,-47.89015,,,,SIENA,2021,21,BRANCA,REO-**09,,
TAXIGOV_DF_ENTIDADES,1364089,Agência Nacional de Aviação Civil,86144,INDIRETA,ASTEC/ANAC,,CONCLUÍDA,Reunião,,13.73,12.734,50.8,2024-07-15 09:53:54.317,2024-07-15 09:54:10.710,2024-07-15 09:59:20.190,2024-07-15 10:00:01.607,2024-07-15 10:14:04.987,,AGENCIA NACIONAL DE AVIACAO CIVIL,ASA SUL,BRASILIA,DF,"Centro de Treinamento da Agencia Nacional de Aviacao Civil, Estrada Parque Aeroporto, 1471, Brasilia, DF","Centro de Treinamento da Agencia Nacional de Aviacao Civil, Estrada Parque Aeroporto, 1471, Brasilia, DF",-15.79456,-47.89348,-15.86967,-47.9325,-15.8697,-47.93243,,,,ONIX,2023,2024,BRANCA,SSG-**08,,
TAXIGOV_DF_ENTIDADES,1364088,Conselho Administrativo de Defesa Econômica,322,INDIRETA,CGP/CADE,,CONCLUÍDA,Reunião,,11.59,11.259,42.88,2024-07-15 09:53:32.057,2024-07-15 09:53:41.523,2024-07-15 09:56:24.233,2024-07-15 09:57:48.620,2024-07-15 10:12:10.280,,"CONSELHO ADMINISTRATIVO DE DEFESA ECONOMICA (CADE), SEPN 515 CONJ. D LOTE 4",ASA NORTE,BRASILIA,DF,"Senado Federal, Pca. dos Tres Poderes, ZONA CIVICOADMINISTRATIVA, BRASILIA, DF","VIA N. DOIS LESTE, ASA NORTE, BRASILIA - DF, BRASIL",-15.7423,-47.8975,-15.79648,-47.86178,-15.79725,-47.86371,,,,YARES,2022,2023,BRANCA,SGP-**69,,
TAXIGOV_DF_3,1364079,Ministério do Desenvolvimento Agrário e Agricultura Familiar,308794,DIRETA,CGLOG / SPOA / SE / MDA,,CONCLUÍDA,Reunião,,2.59,2.418,10.05,2024-07-15 09:45:56.520,2024-07-15 09:46:45.720,2024-07-15 09:48:55.363,2024-07-15 09:49:23.077,2024-07-15 09:58:55.457,,MINISTERIO DA AGRICULTURA E PECUARIA,,BRASILIA,DF,"Palacio do Desenvolvimento, Brasilia, DF","VIA N DOIS OESTE, ASA NORTE, BRASILIA - DF, 70070-200, BRASIL",-15.79953,-47.87093,-15.79075,-47.87953,-15.79216,-47.8778,,,,,2021,2021,,RDJ-**50,,
TAXIGOV_DF_3,1364077,Advocacia-Geral da União,46,DIRETA,ACS/GAB/AGU,,CANCELADA,Reunião,,,,,2024-07-15 09:45:34.683,2024-07-15 09:45:45.057,,2024-07-15 09:45:45.057,2024-07-15 09:46:45.673,2024-07-15 09:46:45.673,"ADVOCACIA-GERAL DA UNIAO, 6",ASA SUL,BRASILIA,DF,"Universidade Catolica de Brasilia - Campus Taguatinga, Brasilia, Distrito Federal",,-15.80231,-47.88046,-15.86511,-48.03014,,,,,,,2023,2024,,SGW-**05,,
TAXIGOV_DF_ENTIDADES,1364074,Empresa Brasileira de Serviços Hospitalares,117267,INDIRETA,DAS/EBSERH,,CONCLUÍDA,Reunião,,8.81,7.785,30.75,2024-07-15 09:45:13.437,2024-07-15 09:45:22.663,2024-07-15 09:52:20.807,2024-07-15 09:53:03.803,2024-07-15 10:07:03.527,,EDIFICIO PARQUE CIDADE CORPORATE,ASA SUL,BRASILIA,DF,"Centro Internacional de Convencoes do Brasil, SCES Trecho 2, Asa Sul, Brasilia, Distrito Federal","Centro Internacional de Convencoes do Brasil, SCES Trecho 2, Asa Sul, Brasilia, Distrito Federal",-15.7951,-47.89345,-15.81569,-47.84475,-15.81569,-47.84466,,,,ONIX,2018,2018,PRATA,SGT-**90,,
TAXIGOV_DF_3,1364066,Advocacia-Geral da União,46,DIRETA,ACS/GAB/AGU,,CANCELADA,Reunião,,,,,2024-07-15 09:40:51.807,2024-07-15 09:42:29.117,2024-07-15 09:42:40.737,2024-07-15 09:42:29.117,2024-07-15 09:45:27.133,2024-07-15 09:45:27.133,"ADVOCACIA-GERAL DA UNIAO, 6",ASA SUL,BRASILIA,DF,"Universidade Catolica de Brasilia - Campus Taguatinga, Brasilia, Distrito Federal",,-15.80231,-47.88046,-15.86511,-48.03014,,,,,,,2023,2024,,SGW-**05,,
TAXIGOV_DF_3,1364065,Ministério da Saúde,304,DIRETA,CGESCO,,CONCLUÍDA,Reunião,,5.95,4.978,23.09,2024-07-15 09:40:50.353,2024-07-15 09:41:01.060,2024-07-15 09:45:27.967,2024-07-15 09:45:39.040,2024-07-15 09:55:31.733,,"MINISTERIO DA SAUDE - ANEXO A, ESPLANADA DOS MINISTERIOS, BL. G",ZONA CIVICOADMINISTRATIVA,BRASILIA,DF,"Centro Internacional de Convencoes do Brasil, SCES Trecho 2, Asa Sul, Brasilia, Distrito Federal","Centro Internacional de Convencoes do Brasil, SCES Trecho 2, Asa Sul, Brasilia, Distrito Federal",-15.80203,-47.86871,-15.81569,-47.84475,-15.8158,-47.84451,,,,,2022,2023,,SGO-**86,,
TAXIGOV_DF_3,1364061,Ministério do Desenvolvimento Agrário e Agricultura Familiar,308794,DIRETA,ASPAR / MDA,,CONCLUÍDA,Reunião,,7.08,7.169,27.47,2024-07-15 09:38:34.367,2024-07-15 09:38:42.010,2024-07-15 09:40:53.827,2024-07-15 09:41:59.077,2024-07-15 09:56:25.357,,"BANCA DE REVISTAS - SBN, SBN 1",ASA NORTE,BRASILIA,DF,"Instituto Nacional de Meteorologia, Brasilia, Distrito Federal","INSTITUTO NACIONAL DE METEOROLOGIA, SUDOESTE/OCTOGONAL, CRUZEIRO - DF, BRASIL",-15.79103,-47.8798,-15.78763,-47.92147,-15.79176,-47.92529,,,,,2023,2023,,SGT-**38,,
TAXIGOV_DF_ENTIDADES,1364059,Empresa de Tecnologia e Informações da Previdência,303,INDIRETA,SGDF/DATAPREV,,CONCLUÍDA,Reunião,,5.5,6.109,20.35,2024-07-15 09:36:25.643,2024-07-15 09:40:35.680,2024-07-15 09:48:04.980,2024-07-15 09:48:07.850,2024-07-15 09:59:32.073,,VIA L2 SUL,ASA SUL,BRASILIA,DF,"AC Coelho Tintas Asa Sul, Asa Sul, Brasilia, DF","AC Coelho Tintas Asa Sul, Asa Sul, Brasilia, DF",-15.80034,-47.87811,-15.81963,-47.91183,-15.81983,-47.91177,,,,COROLLA,2022,2023,PRETA,RET-**66,,
TAXIGOV_DF_3,1364052,Ministério das Relações Exteriores,263,DIRETA,SGAD/SG/MRE,,CONCLUÍDA,Reunião,,10.54,10.451,40.9,2024-07-15 09:34:48.090,2024-07-15 09:34:59.990,2024-07-15 09:39:36.237,2024-07-15 09:40:13.777,2024-07-15 09:55:40.023,,"ESPLANADA DOS MINISTERIOS, BLOCO H",ASA SUL,BRASILIA,DF,"Unitrans International, SAAN Quadra 1, SAAN, Brasilia, DF","Unitrans International, SAAN Quadra 1, SAAN, Brasilia, DF",-15.80129,-47.8677,-15.76826,-47.93901,-15.76815,-47.93907,,,,,2018,2019,,PBO-**89,,
TAXIGOV_DF_ENTIDADES,1364037,Banco Central do Brasil,89,INDIRETA,DEMAP/DIDOC,,CONCLUÍDA,Outros,,5.02,5.317,18.77,2024-07-15 09:27:24.467,2024-07-15 09:27:28.867,2024-07-15 09:32:06.227,2024-07-15 09:32:10.490,2024-07-15 09:43:56.563,,"QUADRA SIG QUADRA 8, 2025",ZONA INDUSTRIAL,BRASÍLIA,DF,0 - SET MEDICO HOSP - BRASÍLIA / DF,0 - SET MEDICO HOSP - BRASÍLIA / DF,-15.79623,-47.91352,-15.80322,-47.88516,-15.80337,-47.885,,,,COROLLA PRETA,2024,2024,,SSK-**66,,
TAXIGOV_DF_ENTIDADES,1364020,Fundo Nacional de Desenvolvimento da Educação,253,INDIRETA,DIARC/FNDE,,CONCLUÍDA,Reunião,,9.94,9.554,36.78,2024-07-15 09:14:55.363,2024-07-15 09:15:19.930,2024-07-15 09:20:11.757,2024-07-15 09:22:32.773,2024-07-15 09:39:40.760,,"SAAN QUADRA 1 BLOCO B, 180",ZONA INDUSTRIAL,BRASILIA,DF,"Fundo Nacional de Desenvolvimento da Educacao, Sbs, 12, Asa Sul, Brasilia, DF","Fundo Nacional de Desenvolvimento da Educacao, Sbs, 12, Asa Sul, Brasilia, DF",-15.76769,-47.93953,-15.80089,-47.88341,-15.8013,-47.88349,,,,COROLLA,2022,2023,PRETA,RET-**66,,
TAXIGOV_DF_3,1364007,Ministério da Saúde,304,DIRETA,DGCI,,CONCLUÍDA,Reunião,,4.82,4.394,18.7,2024-07-15 09:07:41.160,2024-07-15 09:07:58.600,2024-07-15 09:15:07.793,2024-07-15 09:15:19.093,2024-07-15 09:23:25.957,,"SRTVN, 701",ASA NORTE,BRASILIA,DF,"Anexo do Ministerio da Saude, Eixo Monumental, G, Brasilia, DF","Anexo do Ministerio da Saude, Eixo Monumental, G, Brasilia, DF",-15.78407,-47.89045,-15.80181,-47.86856,-15.80158,-47.86921,,,,,2022,2023,,SGO-**70,,
TAXIGOV_DF_ENTIDADES,1363990,Empresa Brasileira de Serviços Hospitalares,117267,INDIRETA,APDF/EBSERH,,CONCLUÍDA,Reunião,,11.66,12.939,40.69,2024-07-15 08:56:29.277,2024-07-15 08:56:41.113,2024-07-15 09:13:41.887,2024-07-15 09:13:48.380,2024-07-15 09:28:54.470,,"VIA W2 SUL, 13",ASA SUL,BRASILIA,DF,"Centro Internacional de Convencoes do Brasil, SCES Trecho 2, Asa Sul, Brasilia, DF","Centro Internacional de Convencoes do Brasil, SCES Trecho 2, Asa Sul, Brasilia, DF",-15.82816,-47.92731,-15.81568,-47.84475,-15.81547,-47.84518,,,,KICKS,2022,2022,BRANCA,REU-**33,,
TAXIGOV_DF_3,1363982,Ministério da Saúde,304,DIRETA,CGSPD/DAET/SAES/MS,,CONCLUÍDA,Reunião,,11.76,8.679,45.63,2024-07-15 08:50:03.920,2024-07-15 08:50:18.783,2024-07-15 08:57:53.897,2024-07-15 08:59:19.843,2024-07-15 09:14:36.603,,SRTVN QUADRA 03,ASA NORTE,BRASILIA,DF,"Centro Internacional de Convencoes do Brasil, SCES Trecho 2, Asa Sul, Brasilia, DF","Centro Internacional de Convencoes do Brasil, SCES Trecho 2, Asa Sul, Brasilia, DF",-15.78354,-47.8903,-15.81568,-47.84475,-15.81554,-47.84508,,,,,2021,2022,,RMO-**95,,
TAXIGOV_DF_ENTIDADES,1363977,Agência Nacional de Transportes Terrestres,54793,INDIRETA,SUESP,,CONCLUÍDA,Reunião,,9.03,5.537,33.23,2024-07-15 08:48:04.073,2024-07-15 08:48:11.650,2024-07-15 08:50:06.807,2024-07-15 08:51:49.510,2024-07-15 09:09:02.577,,EIXO MONUMENTAL,,BRASILIA,DF,"ANTT Agencia Nacional de Transportes Terrestres - Sede, Brasilia, DF","ANTT Agencia Nacional de Transportes Terrestres - Sede, Brasilia, DF",-15.79859,-47.87243,-15.80991,-47.84491,-15.80956,-47.8451,,,,SIENA,2017,2017,BRANCA,PAX-**00,,
TAXIGOV_DF_3,1363970,Ministério da Educação,244,DIRETA,SECADI,,CONCLUÍDA,Reunião,,6.9,5.924,26.77,2024-07-15 08:43:19.620,2024-07-15 08:43:34.687,2024-07-15 08:45:09.590,2024-07-15 08:45:57.703,2024-07-15 08:59:38.693,,"ESPLANADA DOS MINISTERIOS, BL. L",ASA NORTE,BRASILIA,DF,"Centro Internacional de Convencoes do Brasil, SCES Trecho 2, Asa Sul, Brasilia, DF","Centro Internacional de Convencoes do Brasil, SCES Trecho 2, Asa Sul, Brasilia, DF",-15.79331,-47.87215,-15.81568,-47.84475,-15.8156,-47.8449,,,,,2017,2017,,PAQ-**13,,
TAXIGOV_DF_3,1363962,Ministério da Defesa,41066,DIRETA,ESD/MD,,CONCLUÍDA,Reunião,,16.68,14.298,64.72,2024-07-15 08:36:50.490,2024-07-15 08:37:54.820,2024-07-15 08:49:08.627,2024-07-15 08:49:30.670,2024-07-15 09:15:20.010,,"ESCOLA SUPERIOR DE DEFESA, DF-001, KM 27",JARDIM BOTANICO,BRASILIA,DF,"Ministerio da Defesa, Eixo Monumental, Brasilia, Distrito Federal","Ministerio da Defesa, Eixo Monumental, Brasilia, Distrito Federal",-15.86728,-47.82376,-15.79605,-47.86885,-15.79633,-47.86871,,,,,2022,2023,,SGO-**30,,
TAXIGOV_DF_3,1363957,Ministério de Minas e Energia,2852,DIRETA,GM/MME,,CONCLUÍDA,Reunião,,4.71,3.429,18.27,2024-07-15 08:32:44.250,2024-07-15 08:32:52.120,2024-07-15 08:40:23.563,2024-07-15 08:40:26.943,2024-07-15 08:53:03.590,,"RODOVIARIA PLANO PILOTO,",ZONA CIVICOADMINISTRATIVA,BRASILIA,DF,"Ministerio de Minas e Energia, Esplanada dos Ministerios, Bl. U, ZONA CIVICOADMINISTRATIVA, BRASILIA, DF","Ministerio de Minas e Energia, Esplanada dos Ministerios, Bl. U, ZONA CIVICOADMINISTRATIVA, BRASILIA, DF",-15.79367,-47.88296,-15.79661,-47.86804,-15.79664,-47.86789,,,,,2019,2020,,PBQ-**36,,
TAXIGOV_DF_ENTIDADES,1363955,Agência Nacional de Aviação Civil,86144,INDIRETA,SFI/ANAC,,CONCLUÍDA,Reunião,,5.49,3.528,20.31,2024-07-15 08:30:15.440,2024-07-15 08:30:23.187,2024-07-15 08:31:22.830,2024-07-15 08:32:27.337,2024-07-15 08:43:11.067,,AGENCIA NACIONAL DE AVIACAO CIVIL,ASA SUL,BRASILIA,DF,"Ministerio da Defesa - Anexo, Asa Norte, Brasilia, DF","Ministerio da Defesa - Anexo, Asa Norte, Brasilia, DF",-15.79456,-47.89348,-15.79442,-47.87028,-15.79433,-47.87059,,,,LOGAN,2019,2020,BRANCA,QWT-**02,,
TAXIGOV_DF_3,1363951,Ministério do Desenvolvimento Agrário e Agricultura Familiar,308794,DIRETA,CGLOG / SPOA / SE / MDA,,CONCLUÍDA,Reunião,,3.83,2.199,14.86,2024-07-15 08:28:44.483,2024-07-15 08:28:58.977,2024-07-15 08:31:06.940,2024-07-15 08:31:25.917,2024-07-15 08:38:26.887,,"ESPLANADA DOS MINISTERIOS, BL. D",ASA SUL,BRASILIA,DF,"Instituto Nacional de Colonizacao e Reforma Agraria - Sede, Asa Norte, Brasilia, DF","Instituto Nacional de Colonizacao e Reforma Agraria - Sede, Asa Norte, Brasilia, DF",-15.79961,-47.87095,-15.79089,-47.87956,-15.79118,-47.87946,,,,,2017,2017,,PAQ-**13,,
TAXIGOV_DF_3,1363944,Presidência da República,26,DIRETA,COENGE/DIENP/SA/CC/PR,,CONCLUÍDA,Reunião,,5.89,5.902,22.85,2024-07-15 08:22:03.537,2024-07-15 08:22:11.270,2024-07-15 08:22:23.163,2024-07-15 08:30:32.207,2024-07-15 08:42:00.497,,"SQS 104 BLOCO K,",ASA SUL,BRASILIA,DF,"SGO COENGE, - SGO","EM, ASA NORTE, BRASILIA - DF, BRASIL",-15.809,-47.89508,-15.79637,-47.85878,-15.79804,-47.85943,,,,,2023,2023,,SGW-**96,,
TAXIGOV_DF_3,1363925,Presidência da República,26,DIRETA,GADH/GP/PR,,CONCLUÍDA,Reunião,,1.51,1.805,7.76,2024-07-15 07:59:12.440,2024-07-15 07:59:19.057,2024-07-15 07:59:25.967,2024-07-15 08:01:59.140,2024-07-15 08:04:55.493,,"MINISTERIO DA CIDADANIA BL A,",PA 1,BRASILIA,DF,"PALACIO DO PLANALTO, - PA 1","PALACIO DO PLANALTO, - PA 1",-15.79894,-47.87321,-15.79869,-47.86138,-15.79922,-47.86182,,,,,2024,2024,,SSK-**66,,
TAXIGOV_DF_3,1363923,Ministério da Saúde,304,DIRETA,DGCI,,CONCLUÍDA,Reunião,,4.71,4.402,18.27,2024-07-15 07:58:03.430,2024-07-15 07:58:19.560,2024-07-15 08:03:21.693,2024-07-15 08:04:15.937,2024-07-15 08:14:26.197,,"SRTVN, 701",ASA NORTE,BRASILIA,DF,"Anexo do Ministerio da Saude, Eixo Monumental, G, Brasilia, DF","Anexo do Ministerio da Saude, Eixo Monumental, G, Brasilia, DF",-15.78407,-47.89045,-15.80181,-47.86856,-15.80163,-47.86927,,,,,2019,2020,,REF-**82,,
TAXIGOV_DF_3,1363919,Presidência da República,26,DIRETA,COENGE/DIENP/SA/CC/PR,,CONCLUÍDA,Reunião,,7.49,5.89,29.06,2024-07-15 07:53:37.827,2024-07-15 07:56:25.043,2024-07-15 08:04:56.883,2024-07-15 08:05:59.233,2024-07-15 08:20:10.250,,PRACA DOS TRES PODERES,ZONA CIVICO-ADMINISTRATIVA,BRASILIA,DF,"SQS 104 Bl. K, Asa Sul, Brasilia, DF","SQS 104 Bl. K, Asa Sul, Brasilia, DF",-15.79655,-47.85887,-15.80935,-47.89385,-15.80932,-47.89377,,,,,2023,2023,,SGW-**96,,
TAXIGOV_DF_3,1363914,Presidência da República,26,DIRETA,GADH/GP/PR,,CONCLUÍDA,Reunião,,1.83,2.109,7.76,2024-07-15 07:48:04.547,2024-07-15 07:48:14.043,2024-07-15 07:53:17.890,2024-07-15 07:53:24.680,2024-07-15 07:56:35.280,,PALACIO DO PLANALTO,BRASILIA,BRASILIA,DF,"Ministerio dos Direitos Humanos e da Cidadania, Eixo Monumental, Brasilia, DF","Ministerio dos Direitos Humanos e da Cidadania, Eixo Monumental, Brasilia, DF",-15.79941,-47.86088,-15.7985,-47.87323,-15.79873,-47.87322,,,,,2024,2024,,SSK-**66,,
TAXIGOV_DF_3,1363913,Presidência da República,26,DIRETA,COENGE/DIENP/SA/CC/PR,,CANCELADA,Reunião,,,,7.76,2024-07-15 07:47:40.447,2024-07-15 07:47:49.037,2024-07-15 07:51:28.153,2024-07-15 07:47:49.037,2024-07-15 07:53:27.473,2024-07-15 07:53:27.473,PRACA DOS TRES PODERES,ZONA CIVICO-ADMINISTRATIVA,BRASILIA,DF,"SQS 104 Bl. K, Asa Sul, Brasilia, DF",,-15.79655,-47.85887,-15.80935,-47.89385,,,,,,,2022,2023,,SGR-**00,,
TAXIGOV_DF_ENTIDADES,1363858,Fundação Oswaldo Cruz,315,INDIRETA,NEVS/FIOCRUZ-BSB,,CONCLUÍDA,Reunião,,22.04,22.682,81.55,2024-07-14 20:37:57.937,2024-07-15 06:30:16.833,2024-07-15 06:36:16.200,2024-07-15 06:43:27.000,2024-07-15 07:08:19.170,,HOSPITAL UNIVERSITARIO DE BRASILIA - EMERGENCIA,ASA NORTE,BRASILIA,DF,"Hospital Regional de Sobradinho, Q 12, Brasilia, Distrito Federal","Hospital Regional de Sobradinho, Q 12, Brasilia, Distrito Federal",-15.77171,-47.87302,-15.64827,-47.79261,-15.64891,-47.79274,,,,KICKS,2023,2023,PRETA,SGT-**78,,
TAXIGOV_DF_3,1363828,Presidência da República,26,DIRETA,COREP/SA/SE/CC/PR,,CONCLUÍDA,Reunião,,33.91,25.991,131.57,2024-07-14 13:57:19.957,2024-07-14 13:58:33.710,2024-07-14 14:09:03.360,2024-07-14 14:09:10.020,2024-07-14 14:42:11.087,,PALACIO DO PLANALTO,,BRASILIA,DF,"Ar 18 Conjunto 2 3, Brasilia, Distrito Federal","Ar 18 Conjunto 2 3, Brasilia, Distrito Federal",-15.79905,-47.86077,-15.65099,-47.82278,-15.65103,-47.82306,,,,,2018,2018,,PBJ-**32,,
TAXIGOV_DF_3,1363826,Presidência da República,26,DIRETA,COREP/SA/SE/CC/PR,,CONCLUÍDA,Reunião,,17.55,17.628,68.09,2024-07-14 13:28:46.383,2024-07-14 13:31:32.187,2024-07-14 13:44:07.053,2024-07-14 13:46:08.693,2024-07-14 14:06:59.317,,PALACIO DO PLANALTO,,BRASILIA,DF,"Residencial Del Rey, QI 23, Lt. 10, Guara, Brasilia, DF","Residencial Del Rey, QI 23, Lt. 10, Guara, Brasilia, DF",-15.79905,-47.86077,-15.829,-47.98139,-15.82924,-47.9815,,,,,,,,PBP-**75,,
TAXIGOV_DF_3,1363805,Presidência da República,26,DIRETA,CERIMONIAL/SRI/PR,,CONCLUÍDA,Reunião,,14.7,,57.03,2024-07-13 21:57:28.637,2024-07-13 22:01:31.710,2024-07-13 22:08:11.003,2024-07-13 22:08:20.750,2024-07-13 22:37:50.883,,AEROPORTO INTERNACIONAL DE BRASILIA,,BRASILIA,DF,"SQN 402 Bloco E, SQN 402 Bl. E, ASA NORTE, BRASILIA, DF","SQN 402 Bloco E, SQN 402 Bl. E, ASA NORTE, BRASILIA, DF",-15.86974,-47.91723,-15.78308,-47.87457,,,5.0,,,,2022,2023,,SGN-**24,,
TAXIGOV_DF_ENTIDADES,1363749,Fundação Oswaldo Cruz,315,INDIRETA,NEVS/FIOCRUZ-BSB,,CONCLUÍDA,Reunião,,34.51,34.838,127.69,2024-07-13 12:28:57.473,2024-07-13 12:29:05.963,2024-07-13 12:29:29.970,2024-07-13 12:33:07.767,2024-07-13 13:08:07.380,,"RUA 19,",NUCLEO RURAL LAGO OESTE SOBRADINHO,BRASILIA,DF,"Hospital Universitario de Brasilia - Emergencia, Asa Norte, Brasilia, Distrito Federal","Hospital Universitario de Brasilia - Emergencia, Asa Norte, Brasilia, Distrito Federal",-15.5695,-48.00789,-15.77171,-47.87302,-15.77176,-47.87299,,,,ETIOS,2019,2020,PRATA,REF-**82,,
TAXIGOV_DF_ENTIDADES,1363733,Fundação Oswaldo Cruz,315,INDIRETA,NEVS/FIOCRUZ-BSB,,CONCLUÍDA,Reunião,,34.82,32.4,128.83,2024-07-13 09:41:26.883,2024-07-13 09:41:36.403,2024-07-13 09:41:43.900,2024-07-13 09:41:51.030,2024-07-13 10:22:19.667,,UBS 07 SAMAMBAIA,SAMAMBAIA SUL SAMAMBAIA,BRASILIA,DF,"Hospital Universitario de Brasilia - Emergencia, Asa Norte, Brasilia, Distrito Federal","Hospital Universitario de Brasilia - Emergencia, Asa Norte, Brasilia, Distrito Federal",-15.87801,-48.08265,-15.77171,-47.87302,-15.77175,-47.87297,,,,LOGAN,2022,2023,PRATA,SGO-**30,,
TAXIGOV_DF_3,1363716,Presidência da República,26,DIRETA,SECOI/SECOM/PR,,CONCLUÍDA,Reunião,,15.03,15.32,58.32,2024-07-13 08:11:59.587,2024-07-13 08:13:03.070,2024-07-13 08:15:13.790,2024-07-13 08:15:42.967,2024-07-13 08:32:05.103,,"RODOVIA PRESIDENTE JUSCELINO KUBITSCHEK, S/N",AEROPORTO,BRASILIA,DF,"Palacio do Planalto, Brasilia, DF","Palacio do Planalto, Brasilia, DF",-15.86997,-47.92097,-15.79905,-47.86077,-15.79919,-47.86182,,,,,2023,2024,,SGW-**91,,
TAXIGOV_DF_3,1363715,Presidência da República,26,DIRETA,DECADI/SECOI/SECOM/PR,,CONCLUÍDA,Reunião,,19.1,19.71,74.11,2024-07-13 08:10:18.173,2024-07-13 08:13:53.337,2024-07-13 08:22:22.907,2024-07-13 08:23:40.027,2024-07-13 08:47:35.827,,AEROPORTO INTERNACIONAL DE BRASILIA,,BRASILIA,DF,"Park Ville, Via W 5 Norte, Asa Norte, Brasilia, Distrito Federal","SGAN 913, ASA NORTE, BRASILIA - DF, 70790-130, BRASIL",-15.87069,-47.91935,-15.75372,-47.89886,-15.75474,-47.90246,,,,,2022,2023,,REU-**92,,
TAXIGOV_DF_ENTIDADES,1363703,Fundação Oswaldo Cruz,315,INDIRETA,NEVS/FIOCRUZ-BSB,,CONCLUÍDA,Reunião,,17.74,17.919,65.64,2024-07-13 07:37:16.717,2024-07-13 08:20:11.367,2024-07-13 08:27:12.803,2024-07-13 08:42:44.863,2024-07-13 09:04:24.540,,HOSPITAL UNIVERSITARIO DE BRASILIA - EMERGENCIA,ASA NORTE,BRASILIA,DF,"UBS 1 de Estrutural, Brasilia, DF","UBS 1 de Estrutural, Brasilia, DF",-15.77171,-47.87302,-15.78364,-47.99723,-15.78377,-47.99731,,,,SPIN ACT,2022,2023,PRATA,SGR-**00,,
TAXIGOV_DF_ENTIDADES,1363695,Fundação Oswaldo Cruz,315,INDIRETA,NEVS/FIOCRUZ-BSB,,CONCLUÍDA,Reunião,,39.23,34.793,145.15,2024-07-13 00:19:22.560,2024-07-13 07:50:17.487,2024-07-13 07:59:51.603,2024-07-13 08:01:11.560,2024-07-13 08:45:16.217,,HOSPITAL UNIVERSITARIO DE BRASILIA - EMERGENCIA,ASA NORTE,BRASILIA,DF,"Rua 19, Brasilia, Distrito Federal","Rua 19, Brasilia, Distrito Federal",-15.77171,-47.87302,-15.5695,-48.00789,-15.56981,-48.00818,,,,ETIOS,2019,2020,PRATA,REF-**82,,
TAXIGOV_DF_3,1363691,Presidência da República,26,DIRETA,ASCOM/SRI/PR,,CONCLUÍDA,Reunião,,28.59,26.336,110.93,2024-07-12 23:26:42.150,2024-07-12 23:26:55.420,2024-07-12 23:32:27.617,2024-07-12 23:32:42.407,2024-07-13 00:10:33.180,,AEROPORTO INTERNACIONAL DE BRASILIA - PRESIDENTE JUSCELINO KUBITSCHEK,,BRASILIA,DF,"Condominio Mini Granja do Torto, Brasilia, Distrito Federal","RUA INTERNA, 44, BRASILIA - DF, BRASIL",-15.87069,-47.91935,-15.69544,-47.90651,-15.69634,-47.90755,,,,,2023,2023,,SGU-**95,,
TAXIGOV_DF_3,1363689,Presidência da República,26,DIRETA,ASCOM/SRI/PR,,CONCLUÍDA,Reunião,,11.47,11.685,44.5,2024-07-12 23:24:26.743,2024-07-12 23:24:37.977,2024-07-12 23:28:56.740,2024-07-12 23:30:02.573,2024-07-12 23:40:58.350,,ESTRADA PARQUE AEROPORTO,SETOR DE HABITACOES INDIVIDUAIS SUL,LAGO SUL,DF,"BL F, Asa Sul, Brasilia, DF","BL F, Asa Sul, Brasilia, DF",-15.86931,-47.92054,-15.80618,-47.89613,-15.80615,-47.89587,,,,,2017,2018,,PBB-**38,,
TAXIGOV_DF_3,1363670,Ministério da Saúde,304,DIRETA,DEDT,,CONCLUÍDA,Reunião,,6.33,5.592,24.56,2024-07-12 20:43:57.620,2024-07-12 20:45:08.550,2024-07-12 20:50:50.613,2024-07-12 20:52:44.133,2024-07-12 20:59:58.270,,"FACULDADE DE CIENCIAS DA SAUDE, UNIVERSIDADE DE BRASILIA",ASA NORTE,BRASILIA,DF,"PO700 - Ministerio da Saude, SRTVN, 701, Asa Norte, Brasilia, DF","PO700 - Ministerio da Saude, SRTVN, 701, Asa Norte, Brasilia, DF",-15.76867,-47.86622,-15.78407,-47.89045,-15.78411,-47.89047,,,,,,,,SSH-**20,,
TAXIGOV_DF_3,1363668,Presidência da República,26,DIRETA,CGPPP/IN/CC/PR,,EM ANDAMENTO,Reunião,,,,,2024-07-12 20:39:08.607,2024-07-13 01:40:17.347,,,,,ESTRADA PARQUE INDUSTRIAS GRAFICAS,ZONA INDUSTRIAL,BRASILIA,DF,"QRSW 8 Bl. A1, Brasilia, DF",,-15.79243,-47.9136,-15.78398,-47.92825,,,,,,,2018,2018,,PBG-**53,,
TAXIGOV_DF_3,1363665,Presidência da República,26,DIRETA,DITEC/SA/CC/PR,,CONCLUÍDA,Outros,,30.19,31.18,117.14,2024-07-12 20:27:26.120,2024-07-12 20:27:45.020,2024-07-12 20:33:06.570,2024-07-12 20:34:20.950,2024-07-12 21:09:42.650,,AEROPORTO INTERNACIONAL DE BRASILIA - PRESIDENTE JUSCELINO KUBITSCHEK,,BRASILIA,DF,"Conjunto D, Brasilia, DF","QNM 36 CONJUNTO D, SETOR M NORTE, TAGUATINGA - DF, 77320-000, BRASIL",-15.87069,-47.91935,-15.80518,-48.09886,-15.80574,-48.09779,,,,,2022,2023,,SGN-**06,,
TAXIGOV_DF_ENTIDADES,1363664,Fundação Oswaldo Cruz,315,INDIRETA,NEVS/FIOCRUZ-BSB,,CONCLUÍDA,Reunião,,32.44,31.676,120.03,2024-07-12 20:08:00.790,2024-07-13 08:10:12.320,2024-07-13 08:16:35.077,2024-07-13 08:17:19.217,2024-07-13 09:02:20.290,,HOSPITAL UNIVERSITARIO DE BRASILIA - EMERGENCIA,ASA NORTE,BRASILIA,DF,"UBS 07 Samambaia, Brasilia, Distrito Federal","UBS 07 Samambaia, Brasilia, Distrito Federal",-15.77171,-47.87302,-15.87801,-48.08265,-15.87793,-48.08249,,,,LOGAN,2022,2023,PRATA,SGO-**30,,
TAXIGOV_DF_3,1363656,Ministério da Educação,244,DIRETA,SE/MEC,,CONCLUÍDA,Reunião,,5.43,4.241,21.07,2024-07-12 19:37:42.303,2024-07-12 19:37:50.670,2024-07-12 19:38:03.040,2024-07-12 19:39:11.737,2024-07-12 19:53:23.740,,"607 SUL CONSELHO NACIONAL DE EDUCAÇÃO MEC,",ASA SUL,BRASILIA,DF,"ANEXO MINISTERIO EDUCACAO, garagem - PA 2","SGO, ASA NORTE, BRASILIA - DF, BRASIL",-15.82173,-47.89485,-15.78455,-47.87153,-15.79347,-47.87291,,,,,2022,2022,,REU-**98,,
TAXIGOV_DF_3,1363648,Ministério da Educação,244,DIRETA,SE/MEC,,CONCLUÍDA,Reunião,,4.55,4.62,17.65,2024-07-12 19:20:33.237,2024-07-12 19:21:43.393,2024-07-12 19:27:24.880,2024-07-12 19:28:04.003,2024-07-12 19:35:51.027,,"ESPLANADA DOS MINISTERIOS, BL. L",ASA NORTE,BRASILIA,DF,"Conselho Nacional de Educacao - Ministerio da Educacao, Asa Sul, Brasilia, DF","Conselho Nacional de Educacao - Ministerio da Educacao, Asa Sul, Brasilia, DF",-15.7949,-47.87322,-15.82171,-47.89524,-15.82199,-47.89493,,,,,2022,2022,,REU-**98,,
TAXIGOV_DF_3,1363638,Ministério da Saúde,304,DIRETA,GAB/SESAI,,CONCLUÍDA,Reunião,,3.96,4.138,15.36,2024-07-12 19:07:39.020,2024-07-12 19:07:50.580,2024-07-12 19:09:22.463,2024-07-12 19:11:23.537,2024-07-12 19:20:38.470,,MINISTERIO DA SAUDE - BLOCO G,,BRASILIA,DF,"PO700 - Ministerio da Saude, SRTVN, 701, Asa Norte, Brasilia, DF","PO700 - Ministerio da Saude, SRTVN, 701, Asa Norte, Brasilia, DF",-15.80024,-47.86838,-15.78407,-47.89045,-15.78423,-47.89044,,,,,2022,2022,,REU-**98,,
TAXIGOV_DF_3,1363629,Ministério da Saúde,304,DIRETA,DEDT,,CONCLUÍDA,Reunião,,4.53,4.654,17.58,2024-07-12 18:45:48.043,2024-07-12 18:45:58.130,2024-07-12 18:47:38.620,2024-07-12 18:48:52.437,2024-07-12 18:59:34.087,,"SRTVN, 701",ASA NORTE,BRASILIA,DF,"Faculdade de Ciencias da Saude, Universidade de Brasilia, Asa Norte, Brasilia, DF","Faculdade de Ciencias da Saude, Universidade de Brasilia, Asa Norte, Brasilia, DF",-15.78407,-47.89045,-15.76867,-47.86622,-15.76849,-47.86588,,,,,2020,2022,,SGQ-**59,,
TAXIGOV_DF_3,1363609,Ministério da Saúde,304,DIRETA,CGESCO,,CONCLUÍDA,Reunião,,4.15,4.304,16.1,2024-07-12 18:15:11.220,2024-07-12 18:15:49.550,2024-07-12 18:17:06.807,2024-07-12 18:18:24.100,2024-07-12 18:26:05.443,,SRTVN,ASA NORTE,BRASILIA,DF,"Anexo do Ministerio da Saude, Eixo Monumental, G, Brasilia, DF","EMI BLOCO G, ASA SUL, BRASILIA - DF, 70058-900, BRASIL",-15.78456,-47.88949,-15.80181,-47.86856,-15.80028,-47.86821,,,,,2024,2024,,SSI-**69,,
TAXIGOV_DF_3,1363603,Ministério da Saúde,304,DIRETA,CGESCO,,CANCELADA,Reunião,,,,,2024-07-12 18:10:42.933,2024-07-12 18:12:42.690,,2024-07-12 18:12:42.690,2024-07-12 18:15:06.853,2024-07-12 18:15:06.853,SRTVN,ASA NORTE,BRASILIA,DF,"Anexo do Ministerio da Saude, Eixo Monumental, G, Brasilia, DF",,-15.78456,-47.88949,-15.80181,-47.86856,,,,,,,2018,2018,,PBE-**25,,
TAXIGOV_DF_3,1363601,Presidência da República,26,DIRETA,CGPPP/IN/CC/PR,,EM ANDAMENTO,Reunião,,,,,2024-07-12 18:09:07.303,2024-07-13 01:40:17.013,2024-07-13 01:45:58.827,,,,ESTRADA PARQUE INDUSTRIAS GRAFICAS,ZONA INDUSTRIAL,BRASILIA,DF,"SQS 409 Bl. B, Asa Sul, Brasilia, DF",,-15.79243,-47.9136,-15.82359,-47.9027,,,,,,,2024,2024,,SSH-**60,,
TAXIGOV_DF_3,1363598,Ministério da Saúde,304,DIRETA,DAHU/SAES/MS,,CONCLUÍDA,Reunião,,9.83,9.822,38.14,2024-07-12 18:00:24.727,2024-07-12 18:01:46.123,2024-07-12 18:04:56.387,2024-07-12 18:07:12.670,2024-07-12 18:19:59.107,,ESCOLA NACIONAL DE ADMINISTRACAO PUBLICA - ENAP,ASA SUL,BRASILIA,DF,"Ministerio da Saude - Bloco G, Brasilia, DF","Ministerio da Saude - Bloco G, Brasilia, DF",-15.83033,-47.93057,-15.80024,-47.86838,-15.8003,-47.86827,,,,,2024,2024,,SSH-**27,,
TAXIGOV_DF_3,1363584,Ministério da Saúde,304,DIRETA,DAPSI,,CONCLUÍDA,Reunião,,9.49,8.035,36.82,2024-07-12 17:42:56.150,2024-07-12 17:43:28.947,2024-07-12 17:54:57.933,2024-07-12 17:55:35.787,2024-07-12 18:11:03.843,,ESCOLA NACIONAL DE ADMINISTRACAO PUBLICA - ENAP,ASA SUL,BRASILIA,DF,"PO700 - Ministerio da Saude, SRTVN, 701, Asa Norte, Brasilia, DF","PO700 - Ministerio da Saude, SRTVN, 701, Asa Norte, Brasilia, DF",-15.83033,-47.93057,-15.78407,-47.89045,-15.78436,-47.89045,,,,,2021,21,,REO-**09,,
TAXIGOV_DF_3,1363581,Ministério da Saúde,304,DIRETA,DEDT,,CONCLUÍDA,Reunião,,11.06,8.027,42.91,2024-07-12 17:40:38.757,2024-07-12 17:40:49.520,2024-07-12 17:44:21.547,2024-07-12 17:44:44.387,2024-07-12 17:59:23.310,,ESCOLA NACIONAL DE ADMINISTRACAO PUBLICA - ENAP,ASA SUL,BRASILIA,DF,"PO 700, SRTVN, Asa Norte, Brasilia, DF","PO 700, SRTVN, Asa Norte, Brasilia, DF",-15.83033,-47.93057,-15.78456,-47.88949,-15.78428,-47.89048,,,,,2023,2024,,SGW-**30,,
TAXIGOV_DF_3,1363577,Presidência da República,26,DIRETA,SNPS/SG/PR,,CANCELADA,Reunião,,,,7.76,2024-07-12 17:32:57.500,2024-07-12 17:41:09.630,,2024-07-12 17:32:57.500,2024-07-12 17:41:09.630,2024-07-12 17:41:09.630,"SCES TR. 3 POLO 8, LT. 3",ASA SUL,BRASILIA,DF,"Palacio do Planalto, Brasilia, DF",,-15.80629,-47.84259,-15.79905,-47.86077,,,,,,,,,,,,
TAXIGOV_DF_3,1363568,Ministério da Saúde,304,DIRETA,DPNI,,CONCLUÍDA,Reunião,,4.56,4.652,17.69,2024-07-12 17:17:27.527,2024-07-12 17:17:34.833,2024-07-12 17:20:21.130,2024-07-12 17:21:34.233,2024-07-12 17:31:39.840,,CAMARA DOS DEPUTADOS ANEXO III,PA 1,BRASILIA,DF,"PO 700, Via W 5 Norte, Asa Norte, Brasilia, Distrito Federal","PO 700, Via W 5 Norte, Asa Norte, Brasilia, Distrito Federal",-15.80118,-47.86618,-15.78364,-47.89034,-15.7843,-47.89048,,,,,2023,2024,,SGY-**87,,
TAXIGOV_DF_3,1363555,Advocacia-Geral da União,46,DIRETA,GAB/CGU/AGU,,CANCELADA,Outros,,,,7.76,2024-07-12 17:03:59.467,2024-07-12 17:07:26.727,,2024-07-12 17:07:26.727,2024-07-12 17:11:49.350,2024-07-12 17:11:49.350,ADVOCACIA-GERAL DA UNIÃO,ASA SUL,BRASÍLIA,DF,0 - ASA NORTE - BRASÍLIA / DF,,-15.80231,-47.88046,-15.79703,-47.86716,,,,,,,2022,2022,,REU-**98,,
TAXIGOV_DF_3,1363547,Presidência da República,26,DIRETA,ITI/CC/PR,,CONCLUÍDA,Reunião,,3.36,4.147,13.04,2024-07-12 16:59:46.760,2024-07-12 16:59:59.400,2024-07-12 17:04:04.757,2024-07-12 17:07:11.803,2024-07-12 17:15:26.720,,ANEXO III DO PALACIO DO PLANALTO,,BRASILIA,DF,"Instituto Nacional de Tecnologia da Informacao, Asa Norte, Brasilia, Distrito Federal","Instituto Nacional de Tecnologia da Informacao, Asa Norte, Brasilia, Distrito Federal",-15.799,-47.85901,-15.78794,-47.88458,-15.78819,-47.8846,,,,,2023,2024,,SGV-**61,,
TAXIGOV_DF_3,1363543,Ministério da Saúde,304,DIRETA,GM/MS,,CONCLUÍDA,Reunião,,4.37,4.445,16.96,2024-07-12 16:54:01.407,2024-07-12 16:55:13.430,2024-07-12 17:10:57.187,2024-07-12 17:11:54.783,2024-07-12 17:18:51.813,,"SCES TR. 3 POLO 8, LT. 3",ASA SUL,BRASILIA,DF,"Ministerio da Saude - Bloco G, Brasilia, DF","Ministerio da Saude - Bloco G, Brasilia, DF",-15.80629,-47.84259,-15.80024,-47.86838,-15.80031,-47.86814,,,,,,,,PBP-**75,,
TAXIGOV_DF_ENTIDADES,1363540,Agência Nacional de Transportes Aquaviários,54843,INDIRETA,ASCOM/ANTAQ,,CONCLUÍDA,Reunião,,18.95,18.93,70.11,2024-07-12 16:52:24.833,2024-07-12 16:53:06.080,2024-07-12 17:03:11.390,2024-07-12 17:05:14.547,2024-07-12 17:28:50.107,,"INSTITUTO BRASILEIRO DE INFRAESTRUTURA (IBI), SHIS QL 26 CONJUNTO 7",SETOR DE HABITACOES INDIVIDUAIS SUL,BRASILIA,DF,"Agencia Nacional de Transportes Aquaviarios, Asa Norte, Brasilia, Distrito Federal","Agencia Nacional de Transportes Aquaviarios, Asa Norte, Brasilia, Distrito Federal",-15.82478,-47.81939,-15.74526,-47.89653,-15.74485,-47.89645,,,,COROLLA,2024,2024,PRATA,SSH-**27,,
TAXIGOV_DF_3,1363529,Ministério do Desenvolvimento Agrário e Agricultura Familiar,308794,DIRETA,DEPROT / SETEQ / MDA,,CONCLUÍDA,Reunião,,2.73,3.05,10.59,2024-07-12 16:40:41.340,2024-07-12 16:41:10.277,2024-07-12 16:42:40.743,2024-07-12 16:55:35.323,2024-07-12 17:02:14.963,,ESPLANADA DOS MINISTERIOS,ZONA CIVICO-ADMINISTRATIVA,BRASILIA,DF,"Banca Palacio do Desenvolvimento, Asa Norte, Brasilia, DF","Banca Palacio do Desenvolvimento, Asa Norte, Brasilia, DF",-15.79906,-47.87167,-15.79111,-47.87962,-15.79124,-47.87952,,,,,2021,2022,,RET-**80,,
TAXIGOV_DF_3,1363527,Ministério da Saúde,304,DIRETA,GAB/SVS,,CONCLUÍDA,Reunião,,4.13,4.222,16.02,2024-07-12 16:40:00.433,2024-07-12 16:40:22.323,2024-07-12 16:45:17.663,2024-07-12 16:45:29.470,2024-07-12 16:55:47.513,,"SRTVN, 701",ASA NORTE,BRASILIA,DF,"Ministerio da Saude - Bloco G, Brasilia, DF","Ministerio da Saude - Bloco G, Brasilia, DF",-15.78407,-47.89045,-15.80024,-47.86838,-15.80028,-47.86828,,,,,2024,2025,,SSK-**04,,
TAXIGOV_DF_3,1363517,Ministério do Desenvolvimento Agrário e Agricultura Familiar,308794,DIRETA,AI / GM / MDA,,CONCLUÍDA,Reunião,,2.65,3.114,10.28,2024-07-12 16:33:15.720,2024-07-12 16:33:23.793,2024-07-12 16:35:25.320,2024-07-12 16:37:33.957,2024-07-12 16:47:36.190,,MINISTERIO DA AGRICULTURA E PECUARIA,PA 2,BRASILIA,DF,"Palacio do Desenvolvimento, Brasilia, DF","Palacio do Desenvolvimento, Brasilia, DF",-15.79953,-47.87093,-15.79075,-47.87953,-15.79127,-47.87963,,,,,2020,2020,,REC-**41,,
TAXIGOV_DF_3,1363516,Ministério da Saúde,304,DIRETA,ASCOM/GM/MS,,CONCLUÍDA,Reunião,,4.7,4.296,18.24,2024-07-12 16:33:08.907,2024-07-12 16:33:23.500,2024-07-12 16:39:15.833,2024-07-12 16:39:31.283,2024-07-12 16:48:54.040,,"PO 700, SRTVN",ASA NORTE,BRASILIA,DF,"Ministerio da Saude (MS), Esplanada dos Ministerios, Bl. G, ZONA CIVICOADMINISTRATIVA, BRASILIA, DF","Ministerio da Saude (MS), Esplanada dos Ministerios, Bl. G, ZONA CIVICOADMINISTRATIVA, BRASILIA, DF",-15.78456,-47.88949,-15.80055,-47.86855,-15.80021,-47.86819,,,,,2022,2023,,SGO-**30,,
TAXIGOV_DF_3,1363505,Ministério do Desenvolvimento Agrário e Agricultura Familiar,308794,DIRETA,CGLOG / SPOA / SE / MDA,,CONCLUÍDA,Reunião,,2.33,2.441,9.04,2024-07-12 16:28:57.613,2024-07-12 16:32:43.717,2024-07-12 16:37:00.627,2024-07-12 16:37:06.573,2024-07-12 16:43:05.303,,BANCA PALACIO DO DESENVOLVIMENTO,ASA NORTE,BRASILIA,DF,"Ministerio da Agricultura e Pecuaria, Brasilia, DF","Ministerio da Agricultura e Pecuaria, Brasilia, DF",-15.79111,-47.87962,-15.79953,-47.87093,-15.79958,-47.87072,,,,,2021,2021,,REN-**79,,
TAXIGOV_DF_3,1363503,Ministério da Saúde,304,DIRETA,CGURG/DAHU/SAES/MS,,CONCLUÍDA,Reunião,,4.08,4.021,15.83,2024-07-12 16:28:20.040,2024-07-12 16:28:31.470,2024-07-12 16:30:37.767,2024-07-12 16:38:49.563,2024-07-12 16:49:28.640,,EMI BLOCO G,ASA SUL,BRASILIA,DF,"PO 700, SRTVN, Asa Norte, Brasilia, DF","VIA W. CINCO NORTE, ASA NORTE, BRASILIA - DF, 70790-010, BRASIL",-15.80006,-47.86851,-15.78456,-47.88949,-15.78416,-47.89054,,,,,2018,2018,,QOB-**36,,
TAXIGOV_DF_3,1363492,Ministério do Desenvolvimento Agrário e Agricultura Familiar,308794,DIRETA,CGLOG / SPOA / SE / MDA,,CONCLUÍDA,Reunião,,2.4,2.449,9.31,2024-07-12 16:20:22.907,2024-07-12 16:20:30.357,2024-07-12 16:23:25.353,2024-07-12 16:24:15.907,2024-07-12 16:30:23.530,,SBN QD. 1 BL. D,BRASILIA,BRASILIA,DF,"Ministerio da Agricultura e Pecuaria, Brasilia, DF","Ministerio da Agricultura e Pecuaria, Brasilia, DF",-15.79096,-47.8794,-15.79953,-47.87093,-15.79958,-47.87074,,,,,2023,2024,,SGY-**87,,
TAXIGOV_DF_ENTIDADES,1363491,Fundo Nacional de Desenvolvimento da Educação,253,INDIRETA,DIGEF/FNDE,,CONCLUÍDA,Reunião,,2.24,2.675,8.29,2024-07-12 16:20:05.447,2024-07-12 16:20:19.513,2024-07-12 16:23:22.940,2024-07-12 16:28:25.270,2024-07-12 16:36:18.407,,0,ASA NORTE,BRASÍLIA,DF,17 - ASA SUL - BRASÍLIA / DF,17 - ASA SUL - BRASÍLIA / DF,-15.79493,-47.87293,-15.80094,-47.8836,-15.80138,-47.88354,,,,YARIS,2021,2022,PRATA,RET-**80,,
TAXIGOV_DF_3,1363486,Ministério da Saúde,304,DIRETA,GAB/SESAI,,CONCLUÍDA,Reunião,,4.08,4.228,15.83,2024-07-12 16:16:37.827,2024-07-12 16:17:20.683,2024-07-12 16:20:20.183,2024-07-12 16:22:17.523,2024-07-12 16:31:34.453,,"SRTVN, 701",ASA NORTE,BRASILIA,DF,"Ministerio da Saude - Bloco G, Brasilia, DF","Ministerio da Saude - Bloco G, Brasilia, DF",-15.78407,-47.89045,-15.80024,-47.86838,-15.80035,-47.86825,,,,,2018,2018,,PBE-**25,,
TAXIGOV_DF_3,1363485,Ministério da Saúde,304,DIRETA,CGZV/SVS/MS,,CONCLUÍDA,Reunião,,2.48,2.459,9.62,2024-07-12 16:16:04.260,2024-07-12 16:16:20.967,2024-07-12 16:24:01.997,2024-07-12 16:24:48.073,2024-07-12 16:33:24.643,,CONASS - CONSELHO NACIONAL DE SECRETARIOS DE SAUDE,ASA SUL,BRASILIA,DF,"PO700 - Ministerio da Saude, SRTVN, 701, Asa Norte, Brasilia, DF","PO700 - Ministerio da Saude, SRTVN, 701, Asa Norte, Brasilia, DF",-15.7956,-47.89385,-15.78407,-47.89045,-15.78407,-47.89045,,,,,2023,2024,,SGV-**13,,
TAXIGOV_DF_ENTIDADES,1363483,Fundação Oswaldo Cruz,315,INDIRETA,NEVS/FIOCRUZ-BSB,,CONCLUÍDA,Reunião,,28.81,27.181,106.6,2024-07-12 16:15:45.923,2024-07-12 16:16:36.813,2024-07-12 16:34:35.837,2024-07-12 16:35:25.253,2024-07-12 17:09:54.850,,"HOSPITAL REGIONAL DE TAGUATINGA, SETOR C NORTE QNC",,BRASILIA,DF,"Hospital Universitario de Brasilia - Emergencia, Asa Norte, Brasilia, Distrito Federal","Hospital Universitario de Brasilia - Emergencia, Asa Norte, Brasilia, Distrito Federal",-15.82253,-48.0691,-15.77171,-47.87302,-15.77174,-47.87295,,,,KICKS,2023,2023,PRETA,SGS-**78,,
TAXIGOV_DF_3,1363469,Ministério da Saúde,304,DIRETA,DEGES/SGTES/MS,,CONCLUÍDA,Reunião,,3.86,4.42,14.98,2024-07-12 16:05:59.860,2024-07-12 16:06:08.123,2024-07-12 16:08:35.773,2024-07-12 16:10:07.513,2024-07-12 16:20:26.203,,"MINISTERIO DA SAUDE - ANEXO A, ESPLANADA DOS MINISTERIOS, BL. G",ZONA CIVICOADMINISTRATIVA,BRASILIA,DF,"PO 700, Via W 5 Norte, Asa Norte, Brasilia, Distrito Federal","SRTVN 701 BLOCO C, BLOCO D, ASA NORTE, BRASILIA - DF, 70719-903, BRASIL",-15.80203,-47.86871,-15.78364,-47.89034,-15.78483,-47.88988,,,,,2024,2025,,SSL-**37,,
TAXIGOV_DF_ENTIDADES,1363462,Fundação Nacional do Índio,173,INDIRETA,COPS/FUNAI,,CONCLUÍDA,Reunião,,2.82,2.693,10.01,2024-07-12 16:03:37.740,2024-07-12 16:03:44.610,2024-07-12 16:04:02.690,2024-07-12 16:06:13.997,2024-07-12 16:11:45.460,,"SGAS 907, CENTRO INTEGRADO DE EDUCAÇÃO FISICA",ASA SUL,BRASILIA,DF,"SCS ED PARQUE CIDADE CORPORATE, - ASA SUL","SCS ED PARQUE CIDADE CORPORATE, - ASA SUL",-15.80721,-47.90802,-15.79431,-47.89336,-15.79486,-47.89385,,,,SPIN,2019,2020,BRANCA,PBR-**94,,
TAXIGOV_DF_3,1363456,Presidência da República,26,DIRETA,SNJ/SG/PR,,CONCLUÍDA,Reunião,,4.31,4.138,16.72,2024-07-12 15:58:45.720,2024-07-12 15:58:53.523,2024-07-12 16:03:42.533,2024-07-12 16:07:46.850,2024-07-12 16:13:37.750,,"PRESIDENCIA DA REPUBLICA - ANEXO I, BRASILIA",ZONA CIVICOADMINISTRATIVA,BRASILIA,DF,"Instituto Serzedello Correa, SCES Trecho 3 Polo 8, 4, Brasilia, Distrito Federal","Instituto Serzedello Correa, SCES Trecho 3 Polo 8, 4, Brasilia, Distrito Federal",-15.79944,-47.85939,-15.80607,-47.84357,-15.80615,-47.84303,,,,,2023,2024,,SGS-**04,,
TAXIGOV_DF_3,1363453,Presidência da República,26,DIRETA,SEAUD/SECOM/PR,,CONCLUÍDA,Reunião,,6.55,4.242,25.41,2024-07-12 15:57:26.637,2024-07-12 15:57:34.717,2024-07-12 16:01:19.780,2024-07-12 16:07:37.040,2024-07-12 16:13:55.743,,PALACIO DO PLANALTO,,BRASILIA,DF,"Tribunal de Contas da Uniao, SAFS 4, 01, Asa Sul, Brasilia, Distrito Federal","N UM LESTE, ASA SUL, BRASILIA - DF, BRASIL",-15.79905,-47.86077,-15.80385,-47.8632,-15.80621,-47.84302,,,,,2018,2019,,QOI-**68,,
TAXIGOV_DF_ENTIDADES,1363451,Agência Nacional de Transportes Terrestres,54793,INDIRETA,GEAUT/ANTT,,CONCLUÍDA,Reunião,,6.15,5.369,22.63,2024-07-12 15:55:16.880,2024-07-12 16:20:12.367,2024-07-12 16:28:32.660,2024-07-12 16:28:56.333,2024-07-12 16:37:29.493,,0,ASA NORTE,BRASÍLIA,DF,9 - ASA SUL - BRASÍLIA / DF,9 - ASA SUL - BRASÍLIA / DF,-15.79703,-47.86716,-15.81048,-47.84526,-15.8096,-47.84506,5.0,,,VIRTUS,2023,2023,PRATA,SGU-**95,,
TAXIGOV_DF_3,1363443,Ministério da Justiça e Segurança Pública,235881,DIRETA,DIREX/PRF,704,CONCLUÍDA,Reunião,,13.76,14.803,53.39,2024-07-12 15:51:14.140,2024-07-12 15:51:35.767,2024-07-12 15:54:20.720,2024-07-12 15:55:14.593,2024-07-12 16:16:09.053,,AUDITORIO NEREU RAMOS,,BRASILIA,DF,"Policia Rodoviaria Federal - Sede, Brasilia, Distrito Federal","Policia Rodoviaria Federal - Sede, Brasilia, Distrito Federal",-15.80151,-47.86482,-15.81446,-47.94706,-15.81506,-47.94658,,,,,2021,2022,,REQ-**45,,
TAXIGOV_DF_ENTIDADES,1363442,Empresa de Tecnologia e Informações da Previdência,303,INDIRETA,APOIO/DATAPREV,,CONCLUÍDA,Reunião,,1.86,1.928,7.4,2024-07-12 15:50:49.513,2024-07-12 15:51:31.920,2024-07-12 15:55:44.933,2024-07-12 15:55:52.990,2024-07-12 15:59:24.957,,AGF SETOR COMERCIAL SUL - CORREIOS,ASA SUL,BRASILIA,DF,"DATAPREV - Empresa de Tecnologia e Informacoes da Previdencia Social, Via L2 Sul, Asa Sul, Brasilia, Distrito Federal","DATAPREV - Empresa de Tecnologia e Informacoes da Previdencia Social, Via L2 Sul, Asa Sul, Brasilia, Distrito Federal",-15.79614,-47.89056,-15.80034,-47.87811,-15.80023,-47.87814,,,,KICKS,2023,2024,BRANCA,SGY-**29,,
TAXIGOV_DF_3,1363441,Ministério das Relações Exteriores,263,DIRETA,SGAD/SG/MRE,,CONCLUÍDA,Reunião,,5.95,6.163,23.09,2024-07-12 15:50:39.577,2024-07-12 15:50:51.117,2024-07-12 15:51:01.283,2024-07-12 16:20:56.000,2024-07-12 16:34:22.623,,"SQN 307 BLOCO H,",ASA NORTE,BRASILIA,DF,"PALACIO DO ITAMARATY, - PA 1","PALACIO DO ITAMARATY, - PA 1",-15.76672,-47.88803,-15.80054,-47.8672,-15.80093,-47.86809,,,,,,,,REL-**24,,
TAXIGOV_DF_ENTIDADES,1363435,Fundação Universidade de Brasília,470,INDIRETA,SECON,16205,CONCLUÍDA,Reunião,,5.16,5.585,19.81,2024-07-12 15:47:18.983,2024-07-12 15:47:49.033,2024-07-12 15:51:49.420,2024-07-12 15:54:15.613,2024-07-12 16:03:16.430,,EDIFICIO PARQUE CIDADE CORPORATE,ASA SUL,BRASILIA,DF,"HUB Hospital Universitario de Brasilia - Pediatria, Asa Norte, Brasilia, DF","EQN 405/404, ASA NORTE, BRASILIA - DF, BRASIL",-15.7951,-47.89345,-15.77182,-47.87393,-15.77331,-47.87544,,,,KICKS SENSE,2021,2022,PRATA,RER-**63,,
TAXIGOV_DF_3,1363432,Ministério da Saúde,304,DIRETA,ASCER/GM/MS,,CONCLUÍDA,Reunião,,2.1,1.538,8.15,2024-07-12 15:46:13.143,2024-07-12 15:48:07.457,2024-07-12 15:51:39.557,2024-07-12 15:52:32.233,2024-07-12 15:58:26.210,,PALACIO DO PLANALTO,,BRASILIA,DF,"Ministerio da Saude - Bloco G, Brasilia, Distrito Federal","VIA S. DOIS LESTE AREA G., ASA SUL, BRASILIA - DF, 70100-000, BRASIL",-15.79905,-47.86077,-15.80024,-47.86838,-15.80123,-47.86679,,,,,2024,2025,,SSL-**49,,
TAXIGOV_DF_3,1363431,Ministério das Comunicações,264359,DIRETA,ASPAD/MCOM,,CONCLUÍDA,Reunião,,8.16,8.196,31.66,2024-07-12 15:45:53.650,2024-07-12 15:46:06.260,2024-07-12 15:52:59.400,2024-07-12 15:53:49.433,2024-07-12 16:08:11.560,,EDIFICIO PARQUE CIDADE CORPORATE,ASA SUL,BRASILIA,DF,"Instituto Serzedello Correa, SCES Trecho 3 Polo 8, 4, Brasilia, DF","Instituto Serzedello Correa, SCES Trecho 3 Polo 8, 4, Brasilia, DF",-15.7951,-47.89345,-15.80607,-47.84357,-15.8062,-47.84309,,,,,2022,2023,,SGQ-**24,,
TAXIGOV_DF_3,1363430,Ministério da Saúde,304,DIRETA,GAB/SVS,,CONCLUÍDA,Reunião,,4.21,4.609,16.33,2024-07-12 15:45:46.590,2024-07-12 15:46:50.247,2024-07-12 15:49:33.650,2024-07-12 15:52:04.307,2024-07-12 15:59:14.260,,PALACIO DO PLANALTO,,BRASILIA,DF,"PO 700, SRTVN, Asa Norte, Brasilia, Distrito Federal","PO 700, SRTVN, Asa Norte, Brasilia, Distrito Federal",-15.79905,-47.86077,-15.78456,-47.88949,-15.78414,-47.89046,,,,,2021,2021,,REN-**79,,
TAXIGOV_DF_ENTIDADES,1363424,Empresa de Tecnologia e Informações da Previdência,303,INDIRETA,APOIO/DATAPREV,,CONCLUÍDA,Transporte de documentos / materiais,,4.15,4.309,15.36,2024-07-12 15:44:04.840,2024-07-12 15:44:13.467,2024-07-12 15:48:37.250,2024-07-12 15:48:56.933,2024-07-12 15:59:12.763,,CARTORIO ASA NORTE - 4  OFICIO DE NOTAS DO DISTRITO FEDERAL,ASA NORTE,BRASILIA,DF,"Dataprev, SAS Q. 1 Bl. E/F, Brasilia, Brasilia, DF","Dataprev, SAS Q. 1 Bl. E/F, Brasilia, Brasilia, DF",-15.77624,-47.8878,-15.80019,-47.87794,-15.80035,-47.87821,,,,V-DRIVE,2020,2021,BRANCA,RGC-**08,,
TAXIGOV_DF_3,1363420,Ministério da Saúde,304,DIRETA,ASCOM/GM/MS,,CONCLUÍDA,Reunião,,4.1,4.079,15.91,2024-07-12 15:42:38.430,2024-07-12 15:42:47.243,2024-07-12 15:46:06.200,2024-07-12 15:46:16.663,2024-07-12 15:53:41.020,,"MINISTERIO DA SAUDE (MS), ESPLANADA DOS MINISTERIOS, BL. G",ZONA CIVICOADMINISTRATIVA,BRASILIA,DF,"PO 700, SRTVN, Asa Norte, Brasilia, Distrito Federal","PO 700, SRTVN, Asa Norte, Brasilia, Distrito Federal",-15.80055,-47.86855,-15.78456,-47.88949,-15.78421,-47.89048,,,,,2022,2023,,SGO-**30,,
TAXIGOV_DF_3,1363418,Ministério da Saúde,304,DIRETA,CAEQ,,CONCLUÍDA,Reunião,,2.22,1.908,8.61,2024-07-12 15:41:15.157,2024-07-12 15:41:24.813,2024-07-12 15:43:46.810,2024-07-12 15:46:22.050,2024-07-12 15:52:00.840,,PALACIO DO PLANALTO,,BRASILIA,DF,"Anexo do Ministerio da Saude, Eixo Monumental, G, Brasilia, Distrito Federal","Anexo do Ministerio da Saude, Eixo Monumental, G, Brasilia, Distrito Federal",-15.79905,-47.86077,-15.80181,-47.86856,-15.80163,-47.86919,,,,,2023,2023,,SGT-**38,,
TAXIGOV_DF_ENTIDADES,1363417,Fundação Nacional do Índio,173,INDIRETA,COPS/FUNAI,,CONCLUÍDA,Reunião,,4.9,2.751,17.39,2024-07-12 15:40:51.703,2024-07-12 15:41:57.633,2024-07-12 15:45:40.467,2024-07-12 15:46:59.307,2024-07-12 16:01:18.130,,FUNDACAO NACIONAL DOS POVOS INDIGENAS - FUNAI,ASA SUL,BRASILIA,DF,"Centro Integrado de Educacao Fisica, Asa Sul, Brasilia, DF","SGAS 907, ASA SUL, BRASILIA - DF, 70390-070, BRASIL",-15.79521,-47.89352,-15.80639,-47.90972,-15.80455,-47.90888,,,,SPIN,2019,2020,BRANCA,PBR-**94,,
TAXIGOV_DF_3,1363414,Ministério da Saúde,304,DIRETA,CGZV/SVS/MS,,CONCLUÍDA,Reunião,,2.6,2.397,10.09,2024-07-12 15:39:46.813,2024-07-12 15:40:05.363,2024-07-12 15:48:44.193,2024-07-12 15:50:45.047,2024-07-12 15:59:06.613,,SCTS,ASA SUL,BRASILIA,DF,"CONASS - Conselho Nacional de Secretarios de Saude, Asa Sul, Brasilia, DF","CONASS - Conselho Nacional de Secretarios de Saude, Asa Sul, Brasilia, DF",-15.79706,-47.87985,-15.7956,-47.89385,-15.79514,-47.89382,,,,,2022,2023,,REV-**05,,
TAXIGOV_DF_3,1363410,Presidência da República,26,DIRETA,SIMP/SECOM/PR,,CONCLUÍDA,Reunião,,2.47,2.782,9.58,2024-07-12 15:37:15.160,2024-07-12 15:37:25.037,2024-07-12 15:41:06.470,2024-07-12 15:41:06.247,2024-07-12 15:45:54.970,,"PRACA DOS TRES PODERES,",BRASILIA,BRASILIA,DF,"Condominio ION, Asa Norte, Brasilia, Distrito Federal","Condominio ION, Asa Norte, Brasilia, Distrito Federal",-15.79998,-47.86124,-15.78867,-47.87229,-15.78871,-47.87205,,,,,2019,2020,,QWT-**02,,
TAXIGOV_DF_3,1363409,Ministério da Educação,244,DIRETA,AGTA/MEC,,CONCLUÍDA,Reunião,,1.39,1.688,7.76,2024-07-12 15:37:07.103,2024-07-12 15:37:17.547,2024-07-12 15:41:20.217,2024-07-12 15:41:38.347,2024-07-12 15:44:09.397,,PALACIO DO PLANALTO,,BRASILIA,DF,"Ministerio da Educacao, Brasilia, Distrito Federal","Ministerio da Educacao, Brasilia, Distrito Federal",-15.79905,-47.86077,-15.79501,-47.87305,-15.79506,-47.87292,,,,,2021,2021,,RDJ-**50,,
TAXIGOV_DF_3,1363408,Ministério do Meio Ambiente,1927,DIRETA,CGTI/SPOA/MMA,,CONCLUÍDA,Reunião,,12.68,11.349,49.2,2024-07-12 15:36:59.740,2024-07-12 15:37:10.050,2024-07-12 15:44:30.740,2024-07-12 15:46:26.007,2024-07-12 16:04:53.497,,FEIRA DOS IMPORTADOS,ZONA INDUSTRIAL GUARA,BRASILIA,DF,"Ministerio do Meio Ambiente, Eixo Monumental, Brasilia, DF","Ministerio do Meio Ambiente, Eixo Monumental, Brasilia, DF",-15.79672,-47.95084,-15.79859,-47.87243,-15.79904,-47.87235,,,,,2023,2024,,SSF-**75,,
TAXIGOV_DF_3,1363403,Ministério do Desenvolvimento Agrário e Agricultura Familiar,308794,DIRETA,SEORG / SE / MDA,,CONCLUÍDA,Reunião,,7.77,6.906,30.15,2024-07-12 15:34:16.860,2024-07-12 15:40:12.760,2024-07-12 15:44:49.910,2024-07-12 15:46:40.700,2024-07-12 15:58:24.683,,INSTITUTO NACIONAL DE COLONIZACAO E REFORMA AGRARIA - SEDE,ASA NORTE,BRASILIA,DF,"Instituto Serzedello Correa, SCES Trecho 3 Polo 8, 4, Brasilia, DF","Instituto Serzedello Correa, SCES Trecho 3 Polo 8, 4, Brasilia, DF",-15.79089,-47.87956,-15.80607,-47.84357,-15.80612,-47.84312,,,,,2024,2024,,SSH-**27,,
TAXIGOV_DF_3,1363400,Ministério das Relações Exteriores,263,DIRETA,SGAD/SG/MRE,,CONCLUÍDA,Reunião,,6.3,6.238,24.44,2024-07-12 15:31:28.907,2024-07-12 15:31:39.013,2024-07-12 15:34:01.000,2024-07-12 15:35:23.733,2024-07-12 15:50:10.777,,BANCO DO BRASIL - ITAMARATY - AGENCIA 1503,,BRASILIA,DF,"BL H, Asa Norte, Brasilia, Distrito Federal","BL H, Asa Norte, Brasilia, Distrito Federal",-15.80101,-47.86792,-15.76676,-47.88798,-15.76656,-47.88771,,,,,,,,REL-**24,,
TAXIGOV_DF_3,1363396,Ministério da Educação,244,DIRETA,SESU/MEC,,CONCLUÍDA,Reunião,,3.65,3.45,14.16,2024-07-12 15:28:48.643,2024-07-12 15:28:59.503,2024-07-12 15:34:27.817,2024-07-12 15:36:37.797,2024-07-12 15:43:06.253,,SGAS,ASA SUL,BRASILIA,DF,"Ministerio da Educacao - MEC, Eixo Monumental, Brasilia, DF","Ministerio da Educacao - MEC, Eixo Monumental, Brasilia, DF",-15.81501,-47.88775,-15.79539,-47.87311,-15.7951,-47.87281,,,,,2018,2019,,PBG-**86,,
TAXIGOV_DF_3,1363387,Presidência da República,26,DIRETA,DECADI/SECOI/SECOM/PR,,CONCLUÍDA,Reunião,,4.3,4.244,16.68,2024-07-12 15:24:11.793,2024-07-12 15:24:26.327,2024-07-12 15:27:52.797,2024-07-12 15:31:20.347,2024-07-12 15:36:54.853,,PALACIO DO PLANALTO,,BRASILIA,DF,"Centro Cultural TCU, SCES Trecho 3, Brasilia, Distrito Federal","Centro Cultural TCU, SCES Trecho 3, Brasilia, Distrito Federal",-15.79905,-47.86077,-15.80574,-47.84278,-15.80612,-47.84301,,,,,2024,2024,,SSI-**75,,
TAXIGOV_DF_ENTIDADES,1363377,Empresa de Tecnologia e Informações da Previdência,303,INDIRETA,APOIO/DATAPREV,,CONCLUÍDA,Transporte de documentos / materiais,,2.32,2.354,8.58,2024-07-12 15:17:40.157,2024-07-12 15:18:41.483,2024-07-12 15:22:31.330,2024-07-12 15:31:34.690,2024-07-12 15:37:52.817,,7,ASA SUL,BRASÍLIA,DF,"SCS QUADRA 06, 317 - ASA SUL - BRASÍLIA / DF","SCS QUADRA 06, 317 - ASA SUL - BRASÍLIA / DF",-15.80041,-47.87811,-15.79605,-47.89053,-15.795960000000001,-47.89059,,,,COBALT,2018,2018,PRATA,PBF-**55,,
TAXIGOV_DF_ENTIDADES,1363373,Fundação Universidade de Brasília,470,INDIRETA,SECON,16205,CONCLUÍDA,Reunião,,5.62,5.247,21.58,2024-07-12 15:12:10.827,2024-07-12 15:12:22.210,2024-07-12 15:18:09.080,2024-07-12 15:18:30.817,2024-07-12 15:35:58.577,,"HUB HOSPITAL UNIVERSITARIO DE BRASILIA - PEDIATRIA, S/N",ASA NORTE,BRASILIA,DF,"Edificio Parque Cidade Corporate, Asa Sul, Brasilia, DF","Edificio Parque Cidade Corporate, Asa Sul, Brasilia, DF",-15.77182,-47.87393,-15.7951,-47.89345,-15.79513,-47.89377,,,,ONIX,2022,2023,BRANCA,SGO-**28,,
TAXIGOV_DF_ENTIDADES,1363371,Empresa de Tecnologia e Informações da Previdência,303,INDIRETA,APOIO/DATAPREV,,CONCLUÍDA,Transporte de documentos / materiais,,4.16,4.566,15.39,2024-07-12 15:09:48.703,2024-07-12 15:12:18.247,2024-07-12 15:21:12.507,2024-07-12 15:21:40.333,2024-07-12 15:31:01.230,,7,ASA SUL,BRASÍLIA,DF,2451 - ASA NORTE - BRASÍLIA / DF,2451 - ASA NORTE - BRASÍLIA / DF,-15.80041,-47.87811,-15.77618,-47.88799,-15.77627,-47.88784,,,,KA,2018,2018,BRANCA,QOB-**36,,
TAXIGOV_DF_3,1363369,Ministério da Justiça e Segurança Pública,235881,DIRETA,SE/MJSP,,CONCLUÍDA,Reunião,,0.45,1.377,7.76,2024-07-12 15:09:17.467,2024-07-12 15:09:24.313,2024-07-12 15:11:20.630,2024-07-12 15:32:10.700,2024-07-12 15:36:00.410,,"STF,",PA 1,BRASILIA,DF,"ANEXO MINISTERIO DA JUSTICA, - PA 1","ANEXO MINISTERIO DA JUSTICA, - PA 1",-15.80192,-47.86182,-15.79642,-47.86603,-15.79685,-47.86585,,,,,2022,23,,SGQ-**57,,
TAXIGOV_DF_3,1363367,Ministério da Saúde,304,DIRETA,DPNI,,CONCLUÍDA,Reunião,,4.81,4.797,18.66,2024-07-12 15:08:29.217,2024-07-12 15:08:43.240,2024-07-12 15:12:22.750,2024-07-12 15:13:14.103,2024-07-12 15:23:41.880,,"PO 700, VIA W 5 NORTE",ASA NORTE,BRASILIA,DF,"Estacionamento do Anexo II Camara dos Deputados, Via S2, Brasilia, Distrito Federal","Estacionamento do Anexo II Camara dos Deputados, Via S2, Brasilia, Distrito Federal",-15.78364,-47.89034,-15.80242,-47.8655,-15.8016,-47.86485,,,,,2024,2024,,SSH-**13,,
TAXIGOV_DF_3,1363365,Advocacia-Geral da União,46,DIRETA,EAGU/AGU,,CONCLUÍDA,Reunião,,3.19,3.235,12.38,2024-07-12 15:07:49.127,2024-07-12 15:07:57.570,2024-07-12 15:08:06.993,2024-07-12 15:16:38.140,2024-07-12 15:22:14.973,,"ICMBIO,",SUDOESTE,BRASILIA,DF,"SIG AGU, - PA 31","SIG AGU, - PA 31",-15.80302,-47.92627,-15.79123,-47.91234,-15.7922,-47.91243,,,,,2021,2022,,REQ-**58,,
TAXIGOV_DF_ENTIDADES,1363352,Fundação Oswaldo Cruz,315,INDIRETA,NEVS/FIOCRUZ-BSB,,CONCLUÍDA,Reunião,,36.14,29.674,133.72,2024-07-12 14:59:56.747,2024-07-12 15:00:06.797,2024-07-12 15:03:30.040,2024-07-12 15:04:52.783,2024-07-12 15:46:17.290,,HOSPITAL REGIONAL DE CEILANDIA,CEILANDIA SUL CEILANDIA,BRASILIA,DF,"Hospital Universitario de Brasilia - Emergencia, Asa Norte, Brasilia, Distrito Federal","VIA L. DOIS NORTE, QD N605 BL H, ASA NORTE, BRASILIA - DF, BRASIL",-15.81533,-48.09638,-15.77171,-47.87302,-15.76929,-47.87517,,,,COBALT,2018,2019,BRANCO,PBS-**80,,
TAXIGOV_DF_3,1363349,Ministério da Saúde,304,DIRETA,DECIT,,CONCLUÍDA,Reunião,,4.22,4.127,16.37,2024-07-12 14:58:36.917,2024-07-12 14:59:15.230,2024-07-12 15:00:49.997,2024-07-12 15:01:23.297,2024-07-12 15:11:51.713,,MINISTERIO DA SAUDE - BLOCO G,,BRASILIA,DF,"Edificio PO 700, Asa Norte, Brasilia, DF","Edificio PO 700, Asa Norte, Brasilia, DF",-15.80024,-47.86838,-15.78364,-47.89034,-15.78413,-47.89048,,,,,2018,2018,,PBJ-**77,,
TAXIGOV_DF_ENTIDADES,1363348,Fundo Nacional de Desenvolvimento da Educação,253,INDIRETA,GABIN/FNDE,,CONCLUÍDA,Reunião,,8.84,8.442,32.71,2024-07-12 14:57:58.587,2024-07-12 14:59:33.480,2024-07-12 15:09:54.567,2024-07-12 15:13:04.377,2024-07-12 15:26:21.960,,ROYAL TULIP BRASILIA ALVORADA,ASA NORTE,BRASILIA,DF,"Fundo Nacional de Desenvolvimento da Educacao, Sbs, 12, Asa Sul, Brasilia, Distrito Federal","Fundo Nacional de Desenvolvimento da Educacao, Sbs, 12, Asa Sul, Brasilia, Distrito Federal",-15.78685,-47.829,-15.80089,-47.88341,-15.80137,-47.88356,,,,COROLLA,2024,2024,PRATA,SSH-**27,,
TAXIGOV_DF_3,1363342,Ministério da Justiça e Segurança Pública,235881,DIRETA,SE/MJSP,,CONCLUÍDA,Reunião,,2.42,1.655,9.39,2024-07-12 14:55:16.123,2024-07-12 14:55:23.973,2024-07-12 14:59:54.127,2024-07-12 15:00:24.027,2024-07-12 15:08:30.090,,ANEXO II - MINISTERIO DA JUSTICA,,BRASILIA,DF,"Supremo Tribunal Federal, Praca dos Tres Poderes, Brasilia, DF","VIA S. DOIS OESTE, ASA SUL, BRASILIA - DF, BRASIL",-15.796570000000001,-47.866,-15.80217,-47.86185,-15.80338,-47.86199,,,,,2022,23,,SGQ-**57,,
TAXIGOV_DF_3,1363340,Ministério das Relações Exteriores,263,DIRETA,ABC/SPECE/MRE,,CONCLUÍDA,Reunião,,2.97,3.014,11.52,2024-07-12 14:53:57.320,2024-07-12 14:55:02.487,2024-07-12 14:58:15.540,2024-07-12 14:58:45.287,2024-07-12 15:04:52.183,,SAFS QD. 2 LT. 2 BL. B,BRASILIA,BRASILIA,DF,"Confederacao Nacional da Industria - CNI, Asa Norte, Brasilia, DF","Confederacao Nacional da Industria - CNI, Asa Norte, Brasilia, DF",-15.80408,-47.86801,-15.7907,-47.88014,-15.79055,-47.88027,,,,,2023,2023,,SGR-**14,,
TAXIGOV_DF_3,1363337,Ministério da Saúde,304,DIRETA,CGSPD/DAET/SAES/MS,,CONCLUÍDA,Reunião,,4.29,4.117,16.65,2024-07-12 14:53:27.550,2024-07-12 14:53:39.070,2024-07-12 14:54:41.757,2024-07-12 14:56:20.137,2024-07-12 15:03:51.430,,MINISTERIO DA SAUDE - BLOCO G,,BRASILIA,DF,"PO700 - Ministerio da Saude, Asa Norte, Brasilia, Distrito Federal","PO700 - Ministerio da Saude, Asa Norte, Brasilia, Distrito Federal",-15.80024,-47.86838,-15.78406,-47.89043,-15.78404,-47.89047,,,,,2023,2024,,SSG-**11,,
TAXIGOV_DF_ENTIDADES,1363334,Fundação Oswaldo Cruz,315,INDIRETA,NEVS/FIOCRUZ-BSB,,CONCLUÍDA,Reunião,,22.82,21.934,84.43,2024-07-12 14:52:32.020,2024-07-12 14:52:44.800,2024-07-12 14:52:51.310,2024-07-12 14:55:12.447,2024-07-12 15:21:01.800,,"UBS 1 DO PARANOA, Q 21 CONJUNTO M, 15",ASA SUL,BRASILIA,DF,"Hospital Universitario de Brasilia - Emergencia, Asa Norte, Brasilia, Distrito Federal","Hospital Universitario de Brasilia - Emergencia, Asa Norte, Brasilia, Distrito Federal",-15.76921,-47.77993,-15.77171,-47.87302,-15.77176,-47.87302,,,,VIRTUS ,2023,2023,PRATA,SGU-**46,,
TAXIGOV_DF_3,1363327,Advocacia-Geral da União,46,DIRETA,EAGU/AGU,,CONCLUÍDA,Reunião,,10.55,10.405,40.93,2024-07-12 14:48:04.740,2024-07-12 14:48:11.010,2024-07-12 14:48:20.367,2024-07-12 14:48:31.457,2024-07-12 15:04:58.280,,"STJ GOLF 3,",SAFS,BRASILIA,DF,"ICMBIO, - SUDOESTE","ICMBIO, - SUDOESTE",-15.80673,-47.86683,-15.80302,-47.92627,-15.80326,-47.92638,,,,,2021,2022,,REQ-**58,,
TAXIGOV_DF_3,1363325,Ministério da Saúde,304,DIRETA,DGAP,,CONCLUÍDA,Reunião,,4.05,4.227,15.71,2024-07-12 14:46:56.210,2024-07-12 14:47:47.560,2024-07-12 14:52:47.630,2024-07-12 14:53:39.107,2024-07-12 15:02:20.867,,"PO700 - MINISTERIO DA SAUDE, SRTVN, 701",ASA NORTE,BRASILIA,DF,"Ministerio da Saude - Bloco G, Brasilia, Distrito Federal","Ministerio da Saude - Bloco G, Brasilia, Distrito Federal",-15.78407,-47.89045,-15.80024,-47.86838,-15.80035,-47.86821,,,,,2022,2023,,SGN-**94,,
TAXIGOV_DF_ENTIDADES,1363323,Banco Central do Brasil,89,INDIRETA,DEMAP/INFRA,,CONCLUÍDA,Outros,,17.04,13.151,63.73,2024-07-12 14:45:45.513,2024-07-12 14:45:53.203,2024-07-12 14:46:10.963,2024-07-12 15:03:56.063,2024-07-12 16:05:22.150,,"SIA, DAMASCO MATERIAL ELÉTRICO",SIA,BRASILIA,DF,"BANCO CENTRAL, - PA 3","CLS 201, QD 3 BL A, ASA SUL, BRASILIA - DF, 70232-550, BRASIL",-15.7897,-47.96733,-15.80147,-47.88527,-15.80345,-47.88511,,,,CRONOS,2022,2022,PRATA,REU-**98,,
TAXIGOV_DF_ENTIDADES,1363312,Fundo Nacional de Desenvolvimento da Educação,253,INDIRETA,DIPOI/FNDE,,CONCLUÍDA,Reunião,,8.89,10.157,32.89,2024-07-12 14:42:10.607,2024-07-12 14:42:18.253,2024-07-12 14:48:34.353,2024-07-12 14:51:39.357,2024-07-12 15:08:26.250,,"SAAN QUADRA 1,",ASA SUL,BRASILIA,DF,"Fundo Nacional de Desenvolvimento da Educacao, Sbs, 12, Asa Sul, Brasilia, Distrito Federal","Fundo Nacional de Desenvolvimento da Educacao, Sbs, 12, Asa Sul, Brasilia, Distrito Federal",-15.76257,-47.93756,-15.80089,-47.88341,-15.80135,-47.88347,,,,VIRTUS,2024,2025,PRETA,SSK-**22,,
TAXIGOV_DF_3,1363308,Ministério da Justiça e Segurança Pública,235881,DIRETA,DRCI/SNJ/MJSP,,CONCLUÍDA,Reunião,,2.04,1.317,7.92,2024-07-12 14:40:17.940,2024-07-12 14:40:36.260,2024-07-12 14:42:27.620,2024-07-12 14:43:15.853,2024-07-12 14:48:42.250,,MINISTERIO DA JUSTICA E CIDADANIA - ANEXO II,,BRASILIA,DF,"Supremo Tribunal Federal, Praca dos Tres Poderes, Brasilia, DF","Supremo Tribunal Federal, Praca dos Tres Poderes, Brasilia, DF",-15.796570000000001,-47.866,-15.80217,-47.86185,-15.80179,-47.86263,,,,,,,,PBU-**52,,
TAXIGOV_DF_3,1363307,Presidência da República,26,DIRETA,ITI/CC/PR,,CONCLUÍDA,Reunião,,3.47,3.326,13.46,2024-07-12 14:40:16.360,2024-07-12 14:40:28.810,2024-07-12 14:44:51.700,2024-07-12 14:46:13.267,2024-07-12 14:55:10.797,,INSTITUTO NACIONAL DE TECNOLOGIA DA INFORMACAO,ASA NORTE,BRASILIA,DF,"Anexo III do Palacio do Planalto, Brasilia, Distrito Federal","Anexo III do Palacio do Planalto, Brasilia, Distrito Federal",-15.78794,-47.88458,-15.799,-47.85901,-15.79891,-47.85824,,,,,2022,2023,,SGP-**78,,
TAXIGOV_DF_3,1363305,Ministério da Saúde,304,DIRETA,GAB/SVS,,CONCLUÍDA,Reunião,,4.13,3.382,16.02,2024-07-12 14:39:07.487,2024-07-12 14:39:27.827,2024-07-12 14:48:28.550,2024-07-12 14:49:17.190,2024-07-12 14:58:48.233,,SRTVN 701 BLOCO C,BRASILIA,BRASILIA,DF,"Museu Nacional da Republica, Brasilia, DF","Museu Nacional da Republica, Brasilia, DF",-15.7842,-47.89006,-15.79731,-47.87814,-15.79741,-47.87908,,,,,2021,2022,,RER-**63,,
TAXIGOV_DF_ENTIDADES,1363304,Fundo Nacional de Desenvolvimento da Educação,253,INDIRETA,DIGEF/FNDE,,CONCLUÍDA,Reunião,,2.89,2.91,10.69,2024-07-12 14:38:26.353,2024-07-12 14:38:34.703,2024-07-12 14:42:30.170,2024-07-12 14:50:25.573,2024-07-12 14:58:39.977,,17,ASA SUL,BRASÍLIA,DF,0 - ASA NORTE - BRASÍLIA / DF,0 - ASA NORTE - BRASÍLIA / DF,-15.80094,-47.8836,-15.79493,-47.87293,-15.79538,-47.87292,,,,SIENA,2019,2020,PRATA,PBQ-**36,,
TAXIGOV_DF_3,1363303,Ministério do Desenvolvimento Agrário e Agricultura Familiar,308794,DIRETA,CGLOG / SPOA / SE / MDA,,CONCLUÍDA,Reunião,,2.62,2.702,10.17,2024-07-12 14:38:17.007,2024-07-12 14:39:42.373,2024-07-12 14:40:01.593,2024-07-12 14:40:20.057,2024-07-12 14:47:55.373,,MINISTERIO DA AGRICULTURA E PECUARIA,,BRASILIA,DF,"Instituto Nacional de Colonizacao e Reforma Agraria - Sede, Asa Norte, Brasilia, DF","Instituto Nacional de Colonizacao e Reforma Agraria - Sede, Asa Norte, Brasilia, DF",-15.79953,-47.87093,-15.79089,-47.87956,-15.79125,-47.87941,,,,,2017,2017,,PAQ-**53,,
TAXIGOV_DF_3,1363299,Ministério do Desenvolvimento Agrário e Agricultura Familiar,308794,DIRETA,CGLOG / SPOA / SE / MDA,,CONCLUÍDA,Reunião,,2.45,2.498,9.51,2024-07-12 14:35:16.253,2024-07-12 14:35:26.320,2024-07-12 14:38:42.333,2024-07-12 14:38:58.297,2024-07-12 14:46:03.477,,INSTITUTO NACIONAL DE COLONIZACAO E REFORMA AGRARIA - SEDE,ASA NORTE,BRASILIA,DF,"Ministerio do Desenvolvimento Agrario e Agricultura Familiar (MDA), Brasilia, DF","EMI BLOCO C, ASA SUL, BRASILIA - DF, BRASIL",-15.79089,-47.87956,-15.79937,-47.87084,-15.79977,-47.87195,,,,,2022,2023,,SGQ-**24,,
TAXIGOV_DF_ENTIDADES,1363291,Fundação Universidade de Brasília,470,INDIRETA,SAA/UNB,,CONCLUÍDA,Reunião,,3.15,2.094,11.59,2024-07-12 14:32:25.057,2024-07-12 14:32:28.960,2024-07-12 14:37:39.670,2024-07-12 14:38:40.767,2024-07-12 14:44:47.250,,"HOSPITAL UNIVERSITARIO DE BRASILIA, 604/605",ASA NORTE,BRASILIA,DF,"UnB, Asa Norte, Brasilia, DF","CAMPUS DARCY RIBEIRO UNB, ASA NORTE, BRASILIA - DF, 70910-900, BRASIL",-15.77091,-47.87361,-15.7567,-47.86973,-15.76517,-47.86912,,,,VOYAGE,2021,2022,BRANCA,RTG-**03,,
TAXIGOV_DF_3,1363287,Ministério da Saúde,304,DIRETA,CGURG/DAHU/SAES/MS,,CONCLUÍDA,Reunião,,4.01,4.219,15.56,2024-07-12 14:31:45.823,2024-07-12 14:31:57.177,2024-07-12 14:35:07.140,2024-07-12 14:36:04.747,2024-07-12 14:42:32.537,,"SRTVN, 701",ASA NORTE,BRASILIA,DF,"Ministerio da Saude - Bloco G, Brasilia, DF","Ministerio da Saude - Bloco G, Brasilia, DF",-15.78407,-47.89045,-15.80024,-47.86838,-15.80026,-47.86826,,,,,,,,SGR-**11,,
TAXIGOV_DF_3,1363282,Ministério do Desenvolvimento Agrário e Agricultura Familiar,308794,DIRETA,CGLOG / SPOA / SE / MDA,,CONCLUÍDA,Reunião,,2.78,2.688,10.79,2024-07-12 14:29:46.653,2024-07-12 14:29:55.120,2024-07-12 14:31:53.810,2024-07-12 14:33:26.267,2024-07-12 14:43:10.053,,MINISTERIO DA AGRICULTURA E PECUARIA,PA 2,BRASILIA,DF,"Instituto Nacional de Colonizacao e Reforma Agraria (INCRA), SBN Qd. 1 Bl. D, Brasilia, Brasilia, DF","Instituto Nacional de Colonizacao e Reforma Agraria (INCRA), SBN Qd. 1 Bl. D, Brasilia, Brasilia, DF",-15.79953,-47.87093,-15.79096,-47.8794,-15.79112,-47.87938,,,,,,,,REL-**24,,
TAXIGOV_DF_3,1363274,Ministério da Justiça e Segurança Pública,235881,DIRETA,SAA/SE/MJSP,,CONCLUÍDA,Serviço externo / técnico,,12.39,11.924,48.07,2024-07-12 14:25:39.257,2024-07-12 14:27:48.867,2024-07-12 14:37:20.850,2024-07-12 14:37:52.487,2024-07-12 14:56:44.110,,CICCN - CENTRO INTEGRADO DE COMANDO E CONTROLE NACIONAL,SETOR POLICIAL SUL,BRASILIA,DF,"Palacio da Justica - Ministerio da Justica e Seguranca Publica, Brasilia, Distrito Federal","Palacio da Justica - Ministerio da Justica e Seguranca Publica, Brasilia, Distrito Federal",-15.81449,-47.94658,-15.79669,-47.86591,-15.79679,-47.86587,,,,,2024,2024,,SSH-**27,,
TAXIGOV_DF_ENTIDADES,1363267,Banco Central do Brasil,89,INDIRETA,DEMAP/INFRA,,CONCLUÍDA,Outros,,15.04,13.79,56.25,2024-07-12 14:22:44.163,2024-07-12 14:22:51.903,2024-07-12 14:24:01.937,2024-07-12 14:25:47.317,2024-07-12 14:43:41.993,,BANCO CENTRAL DO BRASIL - BCB,ASA SUL,BRASÍLIA,DF,DAMASCO MATERIAL ELÉTRICO HIDRÁULICO E METAIS - SIA SUL - BRASÍLIA / DF,"SETOR SIA TRECHO 17 RUA 17, 1380, SIA, GUARA - DF, 71200-249, BRASIL",-15.80332,-47.8851,-15.79659,-47.96601,-15.79879,-47.9704,,,,CRONOS,2022,2022,PRATA,REU-**98,,
TAXIGOV_DF_3,1363261,Ministério da Saúde,304,DIRETA,DECIT,,CONCLUÍDA,Reunião,,4.17,4.214,16.18,2024-07-12 14:15:52.837,2024-07-12 14:16:38.003,2024-07-12 14:33:40.437,2024-07-12 14:34:41.810,2024-07-12 14:42:24.803,,"SRTVN, 701",ASA NORTE,BRASILIA,DF,"Ministerio da Saude - Bloco G, Brasilia, DF","Ministerio da Saude - Bloco G, Brasilia, DF",-15.78407,-47.89045,-15.80024,-47.86838,-15.80024,-47.86818,,,,,2023,2024,,SSG-**11,,
TAXIGOV_DF_3,1363255,Ministério do Desenvolvimento Agrário e Agricultura Familiar,308794,DIRETA,DEPROT / SETEQ / MDA,,CONCLUÍDA,Reunião,,2.24,2.398,8.69,2024-07-12 14:13:04.123,2024-07-12 14:13:14.833,2024-07-12 14:17:12.060,2024-07-12 14:20:29.180,2024-07-12 14:27:05.400,,INSTITUTO NACIONAL DE COLONIZACAO E REFORMA AGRARIA - SEDE,ASA NORTE,BRASILIA,DF,"Ministerio da Economia - Bloco C, Esplanada dos Ministerios, Zona Civico-Administrativa, Brasilia, DF","Ministerio da Economia - Bloco C, Esplanada dos Ministerios, Zona Civico-Administrativa, Brasilia, DF",-15.79089,-47.87956,-15.79906,-47.87167,-15.79927,-47.87147,,,,,2021,2022,,RES-**04,,
TAXIGOV_DF_3,1363254,Ministério do Desenvolvimento Agrário e Agricultura Familiar,308794,DIRETA,SETEQ / MDA,,CONCLUÍDA,Reunião,,3.13,3.1,12.14,2024-07-12 14:11:46.937,2024-07-12 14:11:54.407,2024-07-12 14:12:02.670,2024-07-12 14:12:16.247,2024-07-12 14:18:38.610,,"MINISTERIO DA AGRICULTURA/ABASTECIMENTO BL D,",PA 1,BRASILIA,DF,"SBN INCRA, - ASA NORTE","SBN INCRA, - ASA NORTE",-15.79948,-47.87096,-15.79085,-47.87956,-15.79116,-47.87968,,,,,2019,2019,,PBP-**59,,
TAXIGOV_DF_3,1363250,Advocacia-Geral da União,46,DIRETA,EAGU/AGU,,CONCLUÍDA,Reunião,,7.72,7.428,29.95,2024-07-12 14:10:22.800,2024-07-12 14:12:14.570,2024-07-12 14:20:43.240,2024-07-12 14:21:02.547,2024-07-12 14:34:32.430,,ADVOCACIA-GERAL DA UNIAO - SEDE III,ZONA INDUSTRIAL,BRASILIA,DF,"STJ - Portaria Adm (golf 3), Brasilia, DF","STJ - Portaria Adm (golf 3), Brasilia, DF",-15.79215,-47.9124,-15.80699,-47.8668,-15.80692,-47.86677,,,,,2021,2022,,REQ-**58,,
TAXIGOV_DF_3,1363248,Ministério da Justiça e Segurança Pública,235881,DIRETA,GM/MJSP,,CANCELADA,Reunião,,,,7.76,2024-07-12 14:09:56.323,2024-07-12 14:11:46.017,2024-07-12 14:21:43.720,2024-07-12 14:21:46.017,2024-07-12 14:33:03.347,2024-07-12 14:33:03.350,"MINISTERIO DA JUSTICA E SEGURANCA PUBLICA (MJ), ESPLANADA DOS MINISTERIOS, BL. T",ZONA CIVICOADMINISTRATIVA,BRASILIA,DF,"Ministerio da Igualdade Racial, Brasilia, Distrito Federal",,-15.79711,-47.86591,-15.79941,-47.87172,,,,,,,2017,2017,,PAQ-**53,,
TAXIGOV_DF_3,1363242,Ministério do Meio Ambiente,1927,DIRETA,CGTI/SPOA/MMA,,CONCLUÍDA,Reunião,,11.0,11.244,42.68,2024-07-12 14:06:46.497,2024-07-12 14:08:00.157,2024-07-12 14:10:06.190,2024-07-12 14:11:05.233,2024-07-12 14:25:59.127,,"ESPLANADA DOS MINISTERIOS, BL. B",ASA SUL,BRASILIA,DF,"Feira dos Importados, Brasilia, DF","SIA, QDAE, SIA, GUARA - DF, BRASIL",-15.7989,-47.87262,-15.79672,-47.95084,-15.7967,-47.94928,,,,,2021,2021,,REK-**22,,
TAXIGOV_DF_3,1363241,Ministério da Saúde,304,DIRETA,GAB/SECTICS,,CONCLUÍDA,Reunião,,4.23,,16.41,2024-07-12 14:06:20.103,2024-07-12 14:06:31.037,2024-07-12 14:07:57.670,2024-07-12 14:09:21.633,2024-07-12 14:18:18.143,,"ESPLANADA DOS MINISTERIOS, BL. G",BRASILIA,BRASILIA,DF,"Fundacao Oswaldo Cruz - Distrito Federal, Brasilia, DF","Fundacao Oswaldo Cruz - Distrito Federal, Brasilia, DF",-15.80055,-47.86855,-15.77097,-47.87113,,,5.0,,,,2022,2023,,SGO-**28,,
TAXIGOV_DF_3,1363236,Ministério de Minas e Energia,2852,DIRETA,SPE/MME,,CONCLUÍDA,Reunião,,10.32,10.075,40.04,2024-07-12 14:04:13.593,2024-07-12 14:04:25.790,2024-07-12 14:07:48.900,2024-07-12 14:09:32.917,2024-07-12 14:22:41.817,,ESCOLA NACIONAL DE ADMINISTRACAO PUBLICA - ENAP,ASA SUL,BRASILIA,DF,"Ministerio de Minas e Energia - Bloco U, Brasilia, DF","Ministerio de Minas e Energia - Bloco U, Brasilia, DF",-15.83033,-47.93057,-15.79648,-47.86802,-15.79668,-47.86791,,,,,,,,REU-**33,,
TAXIGOV_DF_3,1363229,Ministério da Educação,244,DIRETA,SESU/MEC,,CONCLUÍDA,Reunião,,3.75,3.909,14.55,2024-07-12 13:59:12.707,2024-07-12 13:59:26.603,2024-07-12 14:05:47.117,2024-07-12 14:06:20.437,2024-07-12 14:12:48.160,,"ESPLANADA DOS MINISTERIOS, BL. L",ASA NORTE,BRASILIA,DF,"MEC Cetremec, Sgas, Asa Sul, Brasilia, DF","MEC Cetremec, Sgas, Asa Sul, Brasilia, DF",-15.79331,-47.87215,-15.81501,-47.88775,-15.8154,-47.88738,,,,,2023,2024,,SGY-**29,,
TAXIGOV_DF_3,1363228,Presidência da República,26,DIRETA,DGES/GSI/PR,,CONCLUÍDA,Transporte de documentos / materiais,,2.26,2.44,8.77,2024-07-12 13:58:50.290,2024-07-12 14:02:12.330,2024-07-12 14:07:57.417,2024-07-12 14:10:15.803,2024-07-12 14:14:09.807,,ESTACIONAMENTO DOS ANEXOS DO PALACIO DO PLANALTO,VILA PLANALTO,BRASILIA,DF,"POUPEX - Escritorio Regional na Esplanada (ESCES), Zona Civico-Administrativa, Brasilia, Distrito Federal","EMI BLOCO F, ASA SUL, BRASILIA - DF, BRASIL",-15.79983,-47.85875,-15.79797,-47.8699,-15.79918,-47.86964,,,,,2021,2022,,RES-**93,,
TAXIGOV_DF_3,1363226,Ministério do Desenvolvimento Agrário e Agricultura Familiar,308794,DIRETA,SETEQ / MDA,,CONCLUÍDA,Reunião,,1.94,2.492,7.76,2024-07-12 13:57:43.620,2024-07-12 13:57:54.327,2024-07-12 14:01:37.947,2024-07-12 14:04:02.377,2024-07-12 14:09:26.323,,INSTITUTO NACIONAL DE COLONIZACAO E REFORMA AGRARIA - SEDE,ASA NORTE,BRASILIA,DF,"Ministerio da Agricultura e Pecuaria, Brasilia, DF","Ministerio da Agricultura e Pecuaria, Brasilia, DF",-15.79089,-47.87956,-15.79953,-47.87093,-15.79954,-47.8707,,,,,2019,2019,,PBP-**59,,
TAXIGOV_DF_3,1363223,Ministério do Desenvolvimento Agrário e Agricultura Familiar,308794,DIRETA,CGLOG / SPOA / SE / MDA,,CONCLUÍDA,Reunião,,2.85,1.926,11.06,2024-07-12 13:56:14.530,2024-07-12 13:56:22.883,2024-07-12 13:57:40.890,2024-07-12 13:58:34.107,2024-07-12 14:07:36.863,,"ESPLANADA DOS MINISTERIOS, BL. D",ASA SUL,BRASILIA,DF,"Instituto Nacional de Colonizacao e Reforma Agraria - Sede, Asa Norte, Brasilia, DF","VIA N DOIS OESTE, ASA NORTE, BRASILIA - DF, 70070-200, BRASIL",-15.79961,-47.87095,-15.79089,-47.87956,-15.79216,-47.87786,,,,,2022,2023,,SGQ-**24,,
TAXIGOV_DF_3,1363216,Ministério da Saúde,304,DIRETA,DAHU/SAES/MS,,CONCLUÍDA,Reunião,,9.93,9.819,38.53,2024-07-12 13:52:36.940,2024-07-12 13:52:49.330,2024-07-12 14:00:16.697,2024-07-12 14:00:46.597,2024-07-12 14:13:22.020,,ESCOLA NACIONAL DE ADMINISTRACAO PUBLICA - ENAP,ASA SUL,BRASILIA,DF,"Ministerio da Saude (MS), Esplanada dos Ministerios, Bl. G, ZONA CIVICOADMINISTRATIVA, BRASILIA, DF","Ministerio da Saude (MS), Esplanada dos Ministerios, Bl. G, ZONA CIVICOADMINISTRATIVA, BRASILIA, DF",-15.83033,-47.93057,-15.80055,-47.86855,-15.8003,-47.8682,,,,,2023,2023,,SGS-**24,,
TAXIGOV_DF_3,1363213,Ministério do Desenvolvimento Agrário e Agricultura Familiar,308794,DIRETA,GAB / SFTS / MDA,,CONCLUÍDA,Reunião,,2.03,3.032,7.88,2024-07-12 13:51:11.117,2024-07-12 13:51:22.187,2024-07-12 13:57:18.853,2024-07-12 13:57:28.143,2024-07-12 14:05:01.303,,ESPLANADA DOS MINISTERIOS,ZONA CIVICO-ADMINISTRATIVA,BRASILIA,DF,"Instituto Nacional de Colonizacao e Reforma Agraria - Sede, Asa Norte, Brasilia, DF","Instituto Nacional de Colonizacao e Reforma Agraria - Sede, Asa Norte, Brasilia, DF",-15.79906,-47.87167,-15.79089,-47.87956,-15.79118,-47.87968,,,,,2023,2023,,SGR-**14,,
TAXIGOV_DF_ENTIDADES,1363212,Fundação Oswaldo Cruz,315,INDIRETA,SEAD/FIOCRUZ-BSB,,CONCLUÍDA,Reunião,,3.33,2.646,12.32,2024-07-12 13:51:03.647,2024-07-12 13:51:12.557,2024-07-12 13:51:24.787,2024-07-12 13:51:55.433,2024-07-12 13:59:13.413,,"204/404 NORTE CORREIOS,",PA 12,BRASILIA,DF,"UNB DARCY RIBEIRO, - ASA NORTE","CAMPUS DARCY RIBEIRO UNB, ASA NORTE, BRASILIA - DF, 70910-900, BRASIL",-15.77526,-47.87812,-15.76562,-47.87206,-15.77152,-47.87089,,,,VOYAGE,2021,2022,BRANCA,RTG-**03,,
TAXIGOV_DF_3,1363209,Ministério da Saúde,304,DIRETA,SEIDIGI,,CONCLUÍDA,Reunião,,4.14,4.259,16.06,2024-07-12 13:50:34.393,2024-07-12 13:50:46.597,2024-07-12 13:52:57.103,2024-07-12 13:56:36.180,2024-07-12 14:03:09.770,,MINISTERIO DA SAUDE - BLOCO G,,BRASILIA,DF,"Fundacao Oswaldo Cruz - Distrito Federal, Brasilia, DF","Fundacao Oswaldo Cruz - Distrito Federal, Brasilia, DF",-15.80024,-47.86838,-15.77097,-47.87113,-15.77155,-47.8709,,,,,2022,2023,,REV-**05,,
TAXIGOV_DF_ENTIDADES,1363204,Fundo Nacional de Desenvolvimento da Educação,253,INDIRETA,GABIN/FNDE,,CONCLUÍDA,Reunião,,8.39,8.361,31.04,2024-07-12 13:47:10.467,2024-07-12 13:49:06.467,2024-07-12 13:53:20.467,2024-07-12 13:55:02.657,2024-07-12 14:11:07.020,,"FUNDO NACIONAL DE DESENVOLVIMENTO DA EDUCACAO, SBS, 12",ASA SUL,BRASILIA,DF,"Royal Tulip Brasilia Alvorada, Asa Norte, Brasilia, Distrito Federal","Royal Tulip Brasilia Alvorada, Asa Norte, Brasilia, Distrito Federal",-15.80089,-47.88341,-15.78685,-47.829,-15.78774,-47.82922,,,,SIENA,2018,2019,BRANCA,PBK-**34,,
TAXIGOV_DF_3,1363181,Presidência da República,26,DIRETA,SNPS/SG/PR,,CONCLUÍDA,Reunião,,4.05,4.149,15.71,2024-07-12 13:37:47.963,2024-07-12 13:38:01.830,2024-07-12 13:43:52.890,2024-07-12 13:44:11.420,2024-07-12 13:51:47.870,,VIA N1,ASA SUL,BRASILIA,DF,"Instituto Serzedello Correa, SCES Trecho 3 Polo 8, 4, Brasilia, DF","Instituto Serzedello Correa, SCES Trecho 3 Polo 8, 4, Brasilia, DF",-15.79967,-47.85931,-15.80607,-47.84357,-15.8062,-47.8431,,,,,2018,2018,,QOB-**36,,
TAXIGOV_DF_3,1363179,Ministério da Saúde,304,DIRETA,GAB/SESAI,,CONCLUÍDA,Reunião,,10.07,8.033,39.07,2024-07-12 13:37:01.023,2024-07-12 13:37:15.247,2024-07-12 13:42:25.060,2024-07-12 13:45:00.210,2024-07-12 14:01:57.407,,ESCOLA NACIONAL DE ADMINISTRACAO PUBLICA - ENAP,ASA SUL,BRASILIA,DF,"PO 700, SRTVN Quadra 03, ASA NORTE, BRASILIA, DF","PO 700, SRTVN Quadra 03, ASA NORTE, BRASILIA, DF",-15.83033,-47.93057,-15.78354,-47.8903,-15.78409,-47.89077,,,,,,,,PBN-**16,,
TAXIGOV_DF_3,1363178,Ministério da Saúde,304,DIRETA,GM/MS,,CONCLUÍDA,Reunião,,4.94,5.123,19.17,2024-07-12 13:36:37.120,2024-07-12 13:36:46.677,2024-07-12 13:37:21.013,2024-07-12 13:40:16.323,2024-07-12 13:47:49.103,,MINISTERIO DA SAUDE - BLOCO G,,BRASILIA,DF,"Instituto Serzedello Correa, SCES Trecho 3 Polo 8, 4, Brasilia, DF","Instituto Serzedello Correa, SCES Trecho 3 Polo 8, 4, Brasilia, DF",-15.80024,-47.86838,-15.80607,-47.84357,-15.80623,-47.8431,,,,,2021,2022,,RET-**80,,
TAXIGOV_DF_3,1363177,Ministério da Saúde,304,DIRETA,GM/MS,,CONCLUÍDA,Reunião,,1.0,1.228,7.76,2024-07-12 13:36:33.110,2024-07-12 13:36:42.813,2024-07-12 13:42:07.507,2024-07-12 13:42:26.333,2024-07-12 13:45:53.487,,MINISTERIO DA SAUDE - BLOCO G,,BRASILIA,DF,"Palacio do Planalto, Brasilia, DF","Palacio do Planalto, Brasilia, DF",-15.80024,-47.86838,-15.79905,-47.86077,-15.79925,-47.86181,,,,,2017,2017,,PAQ-**53,,
TAXIGOV_DF_ENTIDADES,1363173,Fundação Oswaldo Cruz,315,INDIRETA,SEAD/FIOCRUZ-BSB,,CONCLUÍDA,Reunião,,4.14,3.151,15.32,2024-07-12 13:33:23.467,2024-07-12 13:33:32.020,2024-07-12 13:37:32.827,2024-07-12 13:40:38.507,2024-07-12 13:49:13.060,,UNB CAMPUS DARCY RIBEIRO,BRASILIA,BRASILIA,DF,"Correios, Asa Norte, Brasilia, DF","Correios, Asa Norte, Brasilia, DF",-15.77112,-47.87152,-15.77492,-47.87768,-15.77488,-47.87757,,,,VOYAGE,2021,2022,BRANCA,RTG-**03,,
TAXIGOV_DF_3,1363170,Ministério da Justiça e Segurança Pública,235881,DIRETA,SENAD/MJSP,,CONCLUÍDA,Reunião,,4.09,4.162,15.87,2024-07-12 13:27:36.757,2024-07-12 13:27:53.320,2024-07-12 13:30:22.733,2024-07-12 13:30:30.913,2024-07-12 13:42:04.513,,"MINISTERIO DA JUSTICA E SEGURANCA PUBLICA (MJ), ESPLANADA DOS MINISTERIOS, BL. T",ZONA CIVICOADMINISTRATIVA,BRASILIA,DF,"Fundacao Oswaldo Cruz - Distrito Federal, Brasilia, Distrito Federal","Fundacao Oswaldo Cruz - Distrito Federal, Brasilia, Distrito Federal",-15.79711,-47.86591,-15.77097,-47.87113,-15.77156,-47.87092,,,,,2018,2019,,PBK-**34,,
TAXIGOV_DF_3,1363160,Ministério da Saúde,304,DIRETA,CAEQ,,CONCLUÍDA,Reunião,,1.16,1.546,7.76,2024-07-12 13:21:42.550,2024-07-12 13:21:53.793,2024-07-12 13:25:13.690,2024-07-12 13:26:43.167,2024-07-12 13:29:18.673,,"ANEXO DO MINISTERIO DA SAUDE, EIXO MONUMENTAL",G,BRASILIA,DF,"Palacio do Planalto, Brasilia, Distrito Federal","Palacio do Planalto, Brasilia, Distrito Federal",-15.80181,-47.86856,-15.79905,-47.86077,-15.79924,-47.86178,,,,,2018,2018,,SGX-**20,,
TAXIGOV_DF_3,1363159,Ministério da Educação,244,DIRETA,AGTA/MEC,,CONCLUÍDA,Reunião,,1.36,1.291,7.76,2024-07-12 13:21:06.913,2024-07-12 13:21:14.797,2024-07-12 13:23:15.130,2024-07-12 13:24:22.307,2024-07-12 13:26:19.963,,"MINISTERIO DA ECONOMIA - BLOCO C, ESPLANADA DOS MINISTERIOS",ZONA CIVICO-ADMINISTRATIVA,BRASILIA,DF,"Palacio do Planalto, Brasilia, Distrito Federal","Palacio do Planalto, Brasilia, Distrito Federal",-15.79906,-47.87167,-15.79905,-47.86077,-15.79952,-47.86161,,,,,2021,2021,,RDJ-**50,,
TAXIGOV_DF_3,1363158,Ministério da Educação,244,DIRETA,CETREMEC,,CONCLUÍDA,Reunião,,3.29,3.143,12.77,2024-07-12 13:19:49.123,2024-07-12 13:20:21.620,2024-07-12 13:24:06.757,2024-07-12 13:25:53.720,2024-07-12 13:31:35.877,,"MEC CETREMEC, SGAS",ASA SUL,BRASILIA,DF,"Ministerio da Educacao - Anexo I, Brasilia, Distrito Federal","Ministerio da Educacao - Anexo I, Brasilia, Distrito Federal",-15.81501,-47.88775,-15.79362,-47.87239,-15.79345,-47.87289,,,,,2023,2024,,SGW-**91,,
TAXIGOV_DF_3,1363157,Presidência da República,26,DIRETA,SE/SG/PR,,CONCLUÍDA,Reunião,,11.18,11.322,43.38,2024-07-12 13:17:47.227,2024-07-12 13:18:46.170,2024-07-12 13:31:20.227,2024-07-12 13:31:26.677,2024-07-12 13:50:18.503,,ESCOLA NACIONAL DE ADMINISTRACAO PUBLICA - ENAP,ASA SUL,BRASILIA,DF,"Palacio do Planalto - Anexo I, Praca dos Tres Poderes, ZONA CIVICOADMINISTRATIVA, BRASILIA, DF","Palacio do Planalto - Anexo I, Praca dos Tres Poderes, ZONA CIVICOADMINISTRATIVA, BRASILIA, DF",-15.83033,-47.93057,-15.79955,-47.85965,-15.79981,-47.85934,,,,,2023,2023,,SGR-**14,,
TAXIGOV_DF_3,1363156,Ministério da Saúde,304,DIRETA,CAEQ,,CANCELADA,Reunião,,,,,2024-07-12 13:16:56.657,2024-07-12 13:17:07.113,,2024-07-12 13:17:07.113,2024-07-12 13:17:42.387,2024-07-12 13:17:42.387,"ANEXO DO MINISTERIO DA SAUDE, EIXO MONUMENTAL",G,BRASILIA,DF,"Palacio do Planalto, Brasilia, Distrito Federal",,-15.80181,-47.86856,-15.79905,-47.86077,,,,,,,2021,2021,,RDJ-**50,,
TAXIGOV_DF_3,1363155,Ministério da Saúde,304,DIRETA,ASCER/GM/MS,,CONCLUÍDA,Reunião,,0.96,1.23,7.76,2024-07-12 13:16:44.650,2024-07-12 13:17:06.820,2024-07-12 13:23:15.380,2024-07-12 13:23:38.550,2024-07-12 13:25:57.697,,MINISTERIO DA SAUDE - BLOCO G,,BRASILIA,DF,"Palacio do Planalto, Brasilia, Distrito Federal","Palacio do Planalto, Brasilia, Distrito Federal",-15.80024,-47.86838,-15.79905,-47.86077,-15.79927,-47.86181,,,,,2023,2023,,SGS-**70,,
TAXIGOV_DF_3,1363147,Presidência da República,26,DIRETA,SIMP/SECOM/PR,,CANCELADA,Reunião,,,,7.76,2024-07-12 13:10:26.850,2024-07-12 13:10:34.707,,2024-07-12 13:10:34.707,2024-07-12 13:15:44.640,2024-07-12 13:15:44.640,SERVICO FEDERAL DE PROCESSAMENTO DE DADOS - BRASILIA,ASA NORTE,BRASILIA,DF,"Anexo I (Palacio do Planalto   Presidencia da Republica), Praca dos Tres Poderes, Brasilia, Distrito Federal",,-15.78747,-47.87253,-15.79955,-47.85925,,,,,,,2023,2023,,SGV-**21,,
TAXIGOV_DF_3,1363143,Ministério da Saúde,304,DIRETA,GAB/SVS,,CONCLUÍDA,Reunião,,5.51,5.112,21.38,2024-07-12 13:07:18.173,2024-07-12 13:07:54.247,2024-07-12 13:12:55.330,2024-07-12 13:13:43.527,2024-07-12 13:23:23.610,,"PO 700, SRTVN",ASA NORTE,BRASILIA,DF,"Palacio do Planalto, Brasilia, Distrito Federal","Palacio do Planalto, Brasilia, Distrito Federal",-15.78456,-47.88949,-15.79905,-47.86077,-15.79926,-47.86178,,,,,2021,2022,,RES-**48,,
TAXIGOV_DF_3,1363125,Ministério da Saúde,304,DIRETA,CGPCLIN,,CONCLUÍDA,Reunião,,4.07,4.118,15.79,2024-07-12 12:54:10.150,2024-07-12 12:54:27.943,2024-07-12 13:01:07.407,2024-07-12 13:01:38.867,2024-07-12 13:10:14.160,,MINISTERIO DA SAUDE - BLOCO G,,BRASILIA,DF,"PO700 - Ministerio da Saude, SRTVN, 701, Asa Norte, Brasilia, DF","PO700 - Ministerio da Saude, SRTVN, 701, Asa Norte, Brasilia, DF",-15.80024,-47.86838,-15.78407,-47.89045,-15.78405,-47.89046,,,,,2017,2017,,PAQ-**53,,
TAXIGOV_DF_3,1363124,Ministério da Justiça e Segurança Pública,235881,DIRETA,SRPRF-DF/PRF,704,CONCLUÍDA,Outros,,2.36,2.502,9.16,2024-07-12 12:53:37.830,2024-07-12 12:53:45.340,2024-07-12 12:58:34.220,2024-07-12 12:59:56.743,2024-07-12 13:06:51.870,,SUPERINTENDENCIA REGIONAL DA POLICIA RODOVIARIA FEDERAL NO DISTRITO FEDERAL,GUARA II,BRASILIA,DF,"Car7 Auto Service, Brasilia, Distrito Federal","Car7 Auto Service, Brasilia, Distrito Federal",-15.8026,-47.96958,-15.79055,-47.97575,-15.79051,-47.97563,5.0,,,,2023,2024,,SGW-**05,,
TAXIGOV_DF_ENTIDADES,1363118,Fundação Oswaldo Cruz,315,INDIRETA,NEVS/FIOCRUZ-BSB,,CONCLUÍDA,Reunião,,23.42,23.18,86.65,2024-07-12 12:45:58.353,2024-07-12 12:46:08.250,2024-07-12 12:50:50.060,2024-07-12 12:52:27.707,2024-07-12 13:19:55.300,,HOSPITAL UNIVERSITARIO DE BRASILIA - EMERGENCIA,ASA NORTE,BRASILIA,DF,"UBS 1 do Paranoa, Q 21 Conjunto M, 15, Brasilia, Distrito Federal","UBS 1 do Paranoa, Q 21 Conjunto M, 15, Brasilia, Distrito Federal",-15.77171,-47.87302,-15.76921,-47.77993,-15.76969,-47.77985,,,,VIRTUS ,2023,2023,PRATA,SGU-**46,,
TAXIGOV_DF_3,1363116,Ministério da Saúde,304,DIRETA,GAB/SVS,,CONCLUÍDA,Reunião,,4.58,4.195,17.77,2024-07-12 12:45:18.223,2024-07-12 12:45:28.830,2024-07-12 12:48:18.007,2024-07-12 12:48:46.633,2024-07-12 12:57:37.420,,"SRTVN, 701",ASA NORTE,BRASILIA,DF,"Ministerio da Saude - Bloco G, Brasilia, DF","Ministerio da Saude - Bloco G, Brasilia, DF",-15.78407,-47.89045,-15.80024,-47.86838,-15.80007,-47.86814,,,,,2019,2020,,REF-**82,,
TAXIGOV_DF_3,1363115,Ministério da Saúde,304,DIRETA,DAF/SCTIE/MS,,CONCLUÍDA,Reunião,,2.38,2.751,9.23,2024-07-12 12:45:01.030,2024-07-12 12:45:09.520,2024-07-12 12:50:52.627,2024-07-12 12:52:26.413,2024-07-12 12:58:17.560,,QUADRA 4,ASA SUL,BRASILIA,DF,"Ministerio da Saude (MS), Esplanada dos Ministerios, Bl. G, Brasilia, Brasilia, DF","Ministerio da Saude (MS), Esplanada dos Ministerios, Bl. G, Brasilia, Brasilia, DF",-15.80319,-47.88373,-15.80055,-47.86855,-15.80029,-47.86821,,,,,2023,2024,,SGV-**61,,
TAXIGOV_DF_3,1363110,Ministério da Saúde,304,DIRETA,GM/MS,,CANCELADA,Reunião,,,,7.76,2024-07-12 12:36:28.560,2024-07-12 12:46:05.847,,2024-07-12 12:36:28.560,2024-07-12 12:46:05.847,2024-07-12 12:46:05.847,"SCES TR. 3 POLO 8, LT. 3",ASA SUL,BRASILIA,DF,"Ministerio da Saude - Bloco G, Brasilia, DF",,-15.80629,-47.84259,-15.80024,-47.86838,,,,,,,,,,,,
TAXIGOV_DF_3,1363109,Ministério da Saúde,304,DIRETA,DAF/SCTIE/MS,,CANCELADA,Reunião,,,,7.76,2024-07-12 12:35:40.310,2024-07-12 12:44:16.450,,2024-07-12 12:44:16.450,2024-07-12 12:44:45.593,2024-07-12 12:44:45.593,QUADRA 4,ASA SUL,BRASILIA,DF,"Ministerio da Saude (MS), Esplanada dos Ministerios, Bl. G, Brasilia, Brasilia, DF",,-15.80319,-47.88373,-15.80055,-47.86855,,,,,,,2018,2019,,PBR-**65,,
TAXIGOV_DF_3,1363105,Ministério do Desenvolvimento Agrário e Agricultura Familiar,308794,DIRETA,GM / MDA,,CONCLUÍDA,Reunião,,1.31,1.7,7.76,2024-07-12 12:33:45.203,2024-07-12 12:33:52.680,2024-07-12 12:37:50.290,2024-07-12 12:38:24.073,2024-07-12 12:43:42.483,,PALACIO DO PLANALTO,,BRASILIA,DF,ESPLANADA DOS MINISTERIOS - ZONA CIVICO-ADMINISTRATIVA - BRASILIA,ESPLANADA DOS MINISTERIOS - ZONA CIVICO-ADMINISTRATIVA - BRASILIA,-15.79905,-47.86077,-15.79906,-47.87167,-15.79923,-47.87152,,,,,2017,2017,,PAQ-**53,,
TAXIGOV_DF_3,1363104,Ministério da Educação,244,DIRETA,GPIS/DAF/SETEC,,CONCLUÍDA,Reunião,,1.78,2.433,7.76,2024-07-12 12:33:42.303,2024-07-12 12:37:15.220,2024-07-12 12:40:59.370,2024-07-12 12:41:51.160,2024-07-12 12:46:53.627,,EDIFICIO SIDERBRAS - MINISTERIO DA PESCA E AQUICULTURA; E REITORIA DO IFB,ASA SUL,BRASILIA,DF,"Ministerio da Educacao (MEC), Esplanada dos Ministerios, Bl. L, ZONA CIVICOADMINISTRATIVA, BRASILIA, DF","Ministerio da Educacao (MEC), Esplanada dos Ministerios, Bl. L, ZONA CIVICOADMINISTRATIVA, BRASILIA, DF",-15.80098,-47.8792,-15.7949,-47.87322,-15.79509,-47.87288,,,,,2022,2022,,REU-**98,,
TAXIGOV_DF_3,1363100,Ministério da Justiça e Segurança Pública,235881,DIRETA,ANPD/MJSP,,CONCLUÍDA,Reunião,,3.75,3.85,14.55,2024-07-12 12:31:50.530,2024-07-12 12:32:38.140,2024-07-12 12:36:55.360,2024-07-12 12:37:22.930,2024-07-12 12:46:57.447,,"ANEXO II DO ITAMARATY (BOLO DE NOIVA), VIA S2",ASA SUL,BRASILIA,DF,"Autoridade Nacional de Protecao de Dados - ANPD, Eixo Monumental, Asa Norte, Brasilia, Distrito Federal","Autoridade Nacional de Protecao de Dados - ANPD, Eixo Monumental, Asa Norte, Brasilia, Distrito Federal",-15.80205,-47.868,-15.78703,-47.89102,-15.78677,-47.8912,,,,,2018,2018,,QOB-**36,,
TAXIGOV_DF_ENTIDADES,1363080,Fundação Universidade de Brasília,470,INDIRETA,FT/UNB,,CONCLUÍDA,Reunião,,15.75,14.758,57.96,2024-07-12 12:22:17.983,2024-07-12 12:22:25.230,2024-07-12 12:23:35.973,2024-07-12 12:58:27.090,2024-07-12 13:20:28.110,,"SIA QUADRA 4C, SIA PARAFUSOS E FERRAMENTAS",ZONA INDUSTRIAL GUARA,BRASILIA,DF,"UNB DARCY RIBEIRO, - ASA NORTE","UNB DARCY RIBEIRO, - ASA NORTE",-15.80447,-47.95002,-15.76562,-47.87206,-15.76636,-47.87138,,,,SIENA,2018,2018,BRANCA,PBJ-**25,,
TAXIGOV_DF_3,1363077,Ministério da Educação,244,DIRETA,AGTA/MEC,,CONCLUÍDA,Reunião,,9.09,9.829,35.27,2024-07-12 12:20:25.610,2024-07-12 12:20:42.100,2024-07-12 12:26:07.230,2024-07-12 12:26:50.037,2024-07-12 12:41:03.757,,ESCOLA NACIONAL DE ADMINISTRACAO PUBLICA - ENAP,ASA SUL,BRASILIA,DF,"Ministerio da Educacao, Brasilia, Distrito Federal","Ministerio da Educacao, Brasilia, Distrito Federal",-15.83033,-47.93057,-15.79501,-47.87305,-15.79509,-47.87291,,,,,2024,2024,,SSI-**99,,
TAXIGOV_DF_3,1363073,Ministério da Saúde,304,DIRETA,DEPPROS,,CONCLUÍDA,Reunião,,2.02,2.22,7.84,2024-07-12 12:18:42.673,2024-07-12 12:22:10.587,2024-07-12 12:25:21.193,2024-07-12 12:26:22.780,2024-07-12 12:33:14.107,,ANEXO MINISTERIO DA EDUCACAO,PA 2,BRASILIA,DF,"Ministerio da Saude - Anexo B, Esplanada dos Ministerios, ZONA CIVICOADMINISTRATIVA, BRASILIA, DF","Ministerio da Saude - Anexo B, Esplanada dos Ministerios, ZONA CIVICOADMINISTRATIVA, BRASILIA, DF",-15.79355,-47.87271,-15.802,-47.86917,-15.80159,-47.86923,,,,,2017,2017,,PAQ-**53,,
TAXIGOV_DF_3,1363071,Ministério das Comunicações,264359,DIRETA,ASCOM/MCOM,,CANCELADA,Reunião,,,,7.76,2024-07-12 12:17:26.117,2024-07-12 12:22:47.330,,2024-07-12 12:17:26.117,2024-07-12 12:22:47.330,2024-07-12 12:22:47.330,BRISAS DO LAGO,SCES,BRASILIA,DF,"Aeroporto Internacional de Brasilia, Rodovia Presidente Juscelino Kubitschek, s/n, Brasilia, Distrito Federal",,-15.80656,-47.83058,-15.86997,-47.92097,,,,,,,,,,,,
TAXIGOV_DF_3,1363069,Ministério das Relações Exteriores,263,DIRETA,SGAD/SG/MRE,,CONCLUÍDA,Reunião,,10.11,10.055,39.23,2024-07-12 12:16:34.190,2024-07-12 12:16:44.937,2024-07-12 12:22:47.290,2024-07-12 12:22:47.950,2024-07-12 12:40:09.087,,"SAAN QUADRA 1, 135",ZONA INDUSTRIAL,BRASILIA,DF,"Ministerio das Relacoes Exteriores   Anexo I, Eixo Monumental, Brasilia, DF","Ministerio das Relacoes Exteriores   Anexo I, Eixo Monumental, Brasilia, DF",-15.76826,-47.93901,-15.80123,-47.86757,-15.80132,-47.86788,,,,,2022,2023,,SGQ-**06,,
TAXIGOV_DF_3,1363068,Ministério do Desenvolvimento Agrário e Agricultura Familiar,308794,DIRETA,DDTS / SFTS /MDA,,CANCELADA,Reunião,,,,7.76,2024-07-12 12:15:33.860,2024-07-12 12:23:31.483,,2024-07-12 12:15:33.860,2024-07-12 12:23:31.483,2024-07-12 12:23:31.483,PALACIO DO DESENVOLVIMENTO,ASA NORTE,BRASILIA,DF,"Ministerio da Economia - Bloco C, Esplanada dos Ministerios, Zona Civico-Administrativa, Brasilia, DF",,-15.79075,-47.87953,-15.79906,-47.87167,,,,,,,,,,,,
TAXIGOV_DF_3,1363065,Ministério de Minas e Energia,2852,DIRETA,SPE/MME,,CONCLUÍDA,Reunião,,10.19,10.203,39.54,2024-07-12 12:12:50.833,2024-07-12 12:14:08.447,2024-07-12 12:22:40.063,2024-07-12 12:23:35.923,2024-07-12 12:39:35.917,,EM BLOCO U,ASA NORTE,BRASILIA,DF,"Escola Nacional de Administracao Publica - Enap, Asa Sul, Brasilia, DF","Escola Nacional de Administracao Publica - Enap, Asa Sul, Brasilia, DF",-15.79693,-47.86814,-15.83033,-47.93057,-15.83026,-47.93135,,,,,2021,2022,,RES-**04,,
TAXIGOV_DF_3,1363062,Ministério da Saúde,304,DIRETA,CGFNS,,CONCLUÍDA,Reunião,,16.45,8.925,63.83,2024-07-12 12:11:01.243,2024-07-12 12:11:15.940,2024-07-12 12:16:30.963,2024-07-12 12:17:13.263,2024-07-12 12:45:50.683,,EDITORA MINISTERIO DA SAUDE,ZONA INDUSTRIAL GUARA,BRASILIA,DF,"PO 700, Via W 5 Norte, Asa Norte, Brasilia, DF","PRACA DO BURITI, EIXO MONUMENTAL, BRASILIA - DF, 70610-600, BRASIL",-15.80181,-47.95617,-15.78364,-47.89034,-15.78512,-47.91228,,,,,2018,2018,,SGT-**90,,
TAXIGOV_DF_ENTIDADES,1363061,Instituto Chico Mendes de Conservação da Biodiversidade,91842,INDIRETA,DIPLAN/ICMBIO,,CONCLUÍDA,Reunião,,8.74,8.835,31.03,2024-07-12 12:10:22.067,2024-07-12 12:11:04.357,2024-07-12 12:12:40.890,2024-07-12 12:15:28.793,2024-07-12 12:36:20.267,,"ESPLANADA DOS MINISTERIOS, BL. B",ASA SUL,BRASILIA,DF,"Instituto Chico Mendes de Conservacao da Biodiversidade, Brasilia, DF","EPIG, SUDOESTE/OCTOGONAL, CRUZEIRO - DF, 70670-400, BRASIL",-15.7989,-47.87262,-15.80329,-47.92629,-15.80429,-47.92527,,,,COROLLA,2023,2023, PRETA,SGW-**96,,
TAXIGOV_DF_3,1363059,Ministério da Saúde,304,DIRETA,GAB/SESAI,,CONCLUÍDA,Reunião,,4.19,4.123,16.26,2024-07-12 12:08:43.167,2024-07-12 12:08:56.847,2024-07-12 12:09:05.157,2024-07-12 12:10:45.263,2024-07-12 12:22:02.437,,MINISTERIO DA SAUDE - BLOCO G,,BRASILIA,DF,"PO700 - Ministerio da Saude, SRTVN, 701, Asa Norte, Brasilia, DF","PO700 - Ministerio da Saude, SRTVN, 701, Asa Norte, Brasilia, DF",-15.80024,-47.86838,-15.78407,-47.89045,-15.78409,-47.89048,,,,,2021,2022,,RET-**80,,
TAXIGOV_DF_3,1363054,Ministério do Desenvolvimento Agrário e Agricultura Familiar,308794,DIRETA,CGLOG / SPOA / SE / MDA,,CONCLUÍDA,Reunião,,1.96,2.397,7.76,2024-07-12 12:06:10.230,2024-07-12 12:07:19.803,2024-07-12 12:13:10.943,2024-07-12 12:15:11.060,2024-07-12 12:22:33.947,,PALACIO DO DESENVOLVIMENTO,ASA NORTE,BRASILIA,DF,"Ministerio da Agricultura e Pecuaria, Brasilia, Distrito Federal","Ministerio da Agricultura e Pecuaria, Brasilia, Distrito Federal",-15.79075,-47.87953,-15.79954,-47.87093,-15.79911,-47.87145,,,,,2019,2019,,PBP-**59,,
TAXIGOV_DF_ENTIDADES,1363053,Banco Central do Brasil,89,INDIRETA,DEMAP/INFRA,,CONCLUÍDA,Outros,,19.96,13.131,74.65,2024-07-12 12:05:48.143,2024-07-12 12:05:58.230,2024-07-12 12:06:08.450,2024-07-12 13:10:26.363,2024-07-12 13:54:19.743,,"SIA, ELETROSIA MATERIAL ELÉTRICO",SIA,BRASILIA,DF,"BANCO CENTRAL, - PA 3","CLS 201, QD 3 BL A, ASA SUL, BRASILIA - DF, 70232-550, BRASIL",-15.7897,-47.96733,-15.80147,-47.88527,-15.80336,-47.88491,,,,COROLLA,2024,2024,PRETA,SSH-**13,,
TAXIGOV_DF_3,1363050,Ministério da Justiça e Segurança Pública,235881,DIRETA,DIROP/PRF,704,CONCLUÍDA,Reunião,,2.3,3.165,8.92,2024-07-12 12:02:20.530,2024-07-12 12:02:28.813,2024-07-12 12:17:15.360,2024-07-12 12:18:43.720,2024-07-12 12:24:09.430,,POLICIA RODOVIARIA FEDERAL - SEDE,SETOR POLICIAL SUL,BRASILIA,DF,"Lava Jato Loto Car, Sof Sul Q 9 Q 10 Conjunto B, 08, Brasilia, DF","Lava Jato Loto Car, Sof Sul Q 9 Q 10 Conjunto B, 08, Brasilia, DF",-15.81446,-47.94706,-15.82309,-47.9581,-15.82324,-47.958,,,,,2023,2023,,SGU-**95,,
TAXIGOV_DF_3,1363041,Ministério do Meio Ambiente,1927,DIRETA,CGGA/SPOA/MMA,,CONCLUÍDA,Reunião,,6.97,6.999,27.04,2024-07-12 11:58:35.560,2024-07-12 11:58:58.433,2024-07-12 12:05:19.263,2024-07-12 12:06:51.837,2024-07-12 12:16:45.667,,Q 8 BL 1 7,SETOR SUDOESTE,BRASILIA,DF,"Ministerio do Meio Ambiente, Eixo Monumental, Brasilia, DF","Ministerio do Meio Ambiente, Eixo Monumental, Brasilia, DF",-15.78666,-47.92444,-15.79859,-47.87243,-15.79872,-47.87221,,,,,2023,2024,,SSF-**09,,
TAXIGOV_DF_ENTIDADES,1363032,Fundação Universidade de Brasília,470,INDIRETA,FT/UNB,,CONCLUÍDA,Reunião,,15.92,14.864,58.59,2024-07-12 11:51:02.987,2024-07-12 11:51:55.393,2024-07-12 11:58:27.533,2024-07-12 11:58:43.373,2024-07-12 12:19:47.573,,"EDIFICIO SG9, UNB, BRASILIA, DF",,BRASILIA,DF,"SIA PARAFUSOS E FERRAMENTAS, SIA Quadra 4C, Zona Industrial, Brasilia, DF","SIA PARAFUSOS E FERRAMENTAS, SIA Quadra 4C, Zona Industrial, Brasilia, DF",-15.76644,-47.87149,-15.80427,-47.94989,-15.80424,-47.95005,,,,SIENA,2018,2018,BRANCA,PBJ-**25,,
TAXIGOV_DF_3,1363028,Ministério da Saúde,304,DIRETA,DAPSI,,CONCLUÍDA,Reunião,,9.46,7.998,36.7,2024-07-12 11:48:03.630,2024-07-12 11:48:43.240,2024-07-12 11:54:38.280,2024-07-12 11:56:15.750,2024-07-12 12:11:29.833,,ESCOLA NACIONAL DE ADMINISTRACAO PUBLICA - ENAP,ASA SUL,BRASILIA,DF,"PO700 - Ministerio da Saude, SRTVN, 701, Asa Norte, Brasilia, DF","PO700 - Ministerio da Saude, SRTVN, 701, Asa Norte, Brasilia, DF",-15.83033,-47.93057,-15.78407,-47.89045,-15.78402,-47.89044,,,,,2019,2020,,PBV-**23,,
TAXIGOV_DF_ENTIDADES,1363026,Fundação Universidade de Brasília,470,INDIRETA,FT/UNB,,CANCELADA,Reunião,,,,,2024-07-12 11:46:47.787,2024-07-12 11:50:47.153,,2024-07-12 11:50:47.153,2024-07-12 11:50:54.723,2024-07-12 11:50:54.723,"EDIFICIO SG9, UNB, BRASILIA, DF",,BRASILIA,DF,"SIA PARAFUSOS E FERRAMENTAS, SIA Quadra 4C, Zona Industrial, Brasilia, DF",,-15.76644,-47.87149,-15.80427,-47.94989,,,,,,COROLLA,2022,23,PRETA,SGQ-**57,,
TAXIGOV_DF_3,1363024,Ministério da Justiça e Segurança Pública,235881,DIRETA,ANPD/MJSP,,CONCLUÍDA,Reunião,,3.68,3.632,14.28,2024-07-12 11:45:37.573,2024-07-12 11:45:45.060,2024-07-12 11:47:46.063,2024-07-12 11:48:20.317,2024-07-12 11:54:45.353,,MINISTERIO DA SAUDE - BLOCO G,,BRASILIA,DF,"Camarada Camarao: Camaroes, Peixes, Happy Hour, Restaurante, Brasilia DF, Asa Norte, Brasilia, Distrito Federal","Camarada Camarao: Camaroes, Peixes, Happy Hour, Restaurante, Brasilia DF, Asa Norte, Brasilia, Distrito Federal",-15.80024,-47.86838,-15.78688,-47.89112,-15.78682,-47.89121,,,,,2018,2019,,PBO-**89,,
TAXIGOV_DF_3,1363017,Ministério do Desenvolvimento Agrário e Agricultura Familiar,308794,DIRETA,SAF / MDA,,CANCELADA,Reunião,,,,7.76,2024-07-12 11:42:44.600,2024-07-12 11:43:14.267,,2024-07-12 11:43:14.267,2024-07-12 11:48:17.637,2024-07-12 11:48:17.637,INSTITUTO NACIONAL DE COLONIZACAO E REFORMA AGRARIA - SEDE,ASA NORTE,BRASILIA,DF,"Palacio do Planalto, Brasilia, Distrito Federal",,-15.79089,-47.87956,-15.79905,-47.86077,,,,,,,2022,23,,SGQ-**57,,
TAXIGOV_DF_ENTIDADES,1363015,Empresa Brasileira de Serviços Hospitalares,117267,INDIRETA,SPC/EBSERH,,CONCLUÍDA,Reunião,,5.65,5.249,19.72,2024-07-12 11:41:31.843,2024-07-12 11:41:39.690,2024-07-12 11:41:53.950,2024-07-12 11:45:31.287,2024-07-12 11:53:04.750,,"HUB HOSPITAL UNIVERSITARIO DE BRASILIA - PEDIATRIA, S/N",ASA NORTE,BRASILIA,DF,"Edificio Parque Cidade Corporate, Asa Sul, Brasilia, DF","Edificio Parque Cidade Corporate, Asa Sul, Brasilia, DF",-15.77182,-47.87393,-15.7951,-47.89345,-15.79509,-47.89378,,,,ONIX,2022,2023,PRATA,SGN-**40,,
TAXIGOV_DF_3,1363007,Ministério da Saúde,304,DIRETA,CGESCO,,CONCLUÍDA,Reunião,,2.94,2.959,11.41,2024-07-12 11:35:30.177,2024-07-12 11:37:58.613,2024-07-12 11:43:52.557,2024-07-12 11:44:18.473,2024-07-12 11:50:59.883,,EDIFICIO PARQUE CIDADE CORPORATE,ASA SUL,BRASILIA,DF,"Ministerio da Saude - Anexo A, Esplanada dos Ministerios, Bl. G, ZONA CIVICOADMINISTRATIVA, BRASILIA, DF","Ministerio da Saude - Anexo A, Esplanada dos Ministerios, Bl. G, ZONA CIVICOADMINISTRATIVA, BRASILIA, DF",-15.7951,-47.89345,-15.80203,-47.86871,-15.80135,-47.86867,,,,,2018,2019,,QOI-**68,,
TAXIGOV_DF_3,1362995,Ministério do Desenvolvimento Agrário e Agricultura Familiar,308794,DIRETA,SAF / MDA,,CANCELADA,Reunião,,,,7.76,2024-07-12 11:26:02.183,2024-07-12 11:26:10.540,2024-07-12 11:28:10.443,2024-07-12 11:36:10.540,2024-07-12 11:42:19.107,2024-07-12 11:42:19.107,INSTITUTO NACIONAL DE COLONIZACAO E REFORMA AGRARIA - SEDE,ASA NORTE,BRASILIA,DF,"Palacio do Planalto, Brasilia, Distrito Federal",,-15.79089,-47.87956,-15.79905,-47.86077,,,,,,,2019,2019,,PBP-**59,,
TAXIGOV_DF_3,1362992,Ministério do Desenvolvimento Agrário e Agricultura Familiar,308794,DIRETA,AI / GM / MDA,,CONCLUÍDA,Reunião,,2.77,2.316,10.75,2024-07-12 11:25:32.983,2024-07-12 11:29:30.983,2024-07-12 11:32:26.443,2024-07-12 11:32:40.063,2024-07-12 11:37:47.500,,EDIFICIO VIA OFFICE,PA 1,BRASILIA,DF,"Ministerio da Agricultura e Pecuaria, Brasilia, DF","Ministerio da Agricultura e Pecuaria, Brasilia, DF",-15.80408,-47.86862,-15.79953,-47.87093,-15.79957,-47.87067,,,,,2022,2023,,SGR-**88,,
TAXIGOV_DF_ENTIDADES,1362991,Banco Central do Brasil,89,INDIRETA,DEMAP/INFRA,,CONCLUÍDA,Outros,,12.34,11.075,46.15,2024-07-12 11:24:41.157,2024-07-12 11:25:34.660,2024-07-12 11:27:59.010,2024-07-12 11:28:31.253,2024-07-12 12:04:39.540,,BANCO CENTRAL DO BRASIL - BCB,ASA SUL,BRASÍLIA,DF,ELETROSIA MATERIAL ELÉTRICO - BRASÍLIA / DF,"SIA, QD5C LT9, SIA, GUARA - DF, 71200-055, BRASIL",-15.80332,-47.8851,-15.80566,-47.94891,-15.80469,-47.94949,,,,COROLLA,2024,2024,PRETA,SSH-**13,,
TAXIGOV_DF_3,1362985,Ministério da Saúde,304,DIRETA,SECNS/CNS/MS,,CONCLUÍDA,Reunião,,5.04,4.339,19.56,2024-07-12 11:21:46.087,2024-07-12 11:22:12.950,2024-07-12 11:24:42.750,2024-07-12 11:25:54.293,2024-07-12 11:33:54.703,,"PO 700, VIA W 5 NORTE",ASA NORTE,BRASILIA,DF,"Anexo do Ministerio da Saude, Eixo Monumental, G, Brasilia, Distrito Federal","Anexo do Ministerio da Saude, Eixo Monumental, G, Brasilia, Distrito Federal",-15.78364,-47.89034,-15.80181,-47.86856,-15.8015,-47.86928,,,,,2022,2023,,SGP-**78,,
TAXIGOV_DF_3,1362983,Ministério da Justiça e Segurança Pública,235881,DIRETA,Gab/DEPEN/MJSP,,CONCLUÍDA,Reunião,,2.87,2.353,11.14,2024-07-12 11:21:33.750,2024-07-12 11:21:43.593,2024-07-12 11:27:01.247,2024-07-12 11:27:39.567,2024-07-12 11:33:50.900,,BLOCO E,ASA NORTE,BRASILIA,DF,"Policia Federal - Sede, Asa Norte, Brasilia, DF","Policia Federal - Sede, Asa Norte, Brasilia, DF",-15.79559,-47.87131,-15.78769,-47.88659,-15.78767,-47.88728,,,,,2022,2023,,SGO-**30,,
TAXIGOV_DF_3,1362981,Ministério da Justiça e Segurança Pública,235881,DIRETA,ANPD/MJSP,,CONCLUÍDA,Reunião,,4.18,4.156,16.22,2024-07-12 11:20:52.123,2024-07-12 11:21:03.787,2024-07-12 11:23:48.530,2024-07-12 11:23:56.210,2024-07-12 11:31:01.410,,"CAMARADA CAMARAO: CAMAROES, PEIXES, HAPPY HOUR, RESTAURANTE, BRASILIA DF",ASA NORTE,BRASILIA,DF,"Ministerio da Saude - Bloco G, Brasilia, Distrito Federal","Ministerio da Saude - Bloco G, Brasilia, Distrito Federal",-15.78688,-47.89112,-15.80024,-47.86838,-15.80095,-47.8681,,,,,2024,2025,,SSK-**24,,
TAXIGOV_DF_3,1362975,Ministério da Defesa,41066,DIRETA,SEORI/MD,,CONCLUÍDA,Reunião,,23.86,23.39,92.58,2024-07-12 11:19:37.060,2024-07-12 11:19:58.640,2024-07-12 11:30:19.117,2024-07-12 11:33:16.440,2024-07-12 11:59:25.770,,"FORTE MARECHAL RONDON, RODOVIA DF 001, KM 5",LAGO NORTE,BRASILIA,DF,"Ministerio da Defesa, Esplanada dos Ministerios, Bl. Q, ZONA CIVICOADMINISTRATIVA, BRASILIA, DF","Ministerio da Defesa, Esplanada dos Ministerios, Bl. Q, ZONA CIVICOADMINISTRATIVA, BRASILIA, DF",-15.70895,-47.81431,-15.79641,-47.86894,-15.79638,-47.86871,,,,,2024,2025,,SSL-**34,,
TAXIGOV_DF_3,1362973,Ministério da Saúde,304,DIRETA,CGENG/SAA/SE/MS,,CONCLUÍDA,Reunião,,13.61,12.171,52.81,2024-07-12 11:17:29.347,2024-07-12 11:17:35.283,2024-07-12 11:17:46.783,2024-07-12 11:31:11.507,2024-07-12 11:51:24.813,,"SIA EDITORA MINISTÉRIO DA SAÚDE,",SETOR INDUSTRIAL,BRASILIA,DF,"ANEXO MINISTERIO DA SAÚDE, - PA 1","ANEXO MINISTERIO DA SAÚDE, - PA 1",-15.80222,-47.95607,-15.80167,-47.86859,-15.80158,-47.86925,,,,,,,,REL-**24,,
TAXIGOV_DF_3,1362971,Ministério do Desenvolvimento Agrário e Agricultura Familiar,308794,DIRETA,GM / MDA,,CONCLUÍDA,Reunião,,1.29,1.619,7.76,2024-07-12 11:17:18.817,2024-07-12 11:17:28.293,2024-07-12 11:18:48.450,2024-07-12 11:20:37.177,2024-07-12 11:23:52.483,,EMI BLOCO C,BRASILIA,BRASILIA,DF,"Anexo I (Palacio do Planalto   Presidencia da Republica), Praca dos Tres Poderes, Brasilia, DF","VIA N. UM LESTE, EIXO MONUMENTAL, BRASILIA - DF, BRASIL",-15.79937,-47.87171,-15.79955,-47.85925,-15.79926,-47.86182,,,,,2018,2019,,QOI-**68,,
TAXIGOV_DF_3,1362969,Ministério do Desenvolvimento Agrário e Agricultura Familiar,308794,DIRETA,AESP / GM / MDA,,CONCLUÍDA,Reunião,,1.26,1.294,7.76,2024-07-12 11:16:13.837,2024-07-12 11:16:24.207,2024-07-12 11:21:03.760,2024-07-12 11:21:44.280,2024-07-12 11:24:32.440,,"MINISTERIO DA ECONOMIA - BLOCO C, ESPLANADA DOS MINISTERIOS",ZONA CIVICO-ADMINISTRATIVA,BRASILIA,DF,"Palacio do Planalto, Brasilia, Distrito Federal","Palacio do Planalto, Brasilia, Distrito Federal",-15.79906,-47.87167,-15.79905,-47.86077,-15.79949,-47.86161,,,,,2023,2023,,SGV-**21,,
TAXIGOV_DF_ENTIDADES,1362965,Agência Nacional de Telecomunicações,25064,INDIRETA,SCO/ANATEL,,CONCLUÍDA,Reunião,,3.14,3.18,11.56,2024-07-12 11:15:13.803,2024-07-12 11:15:28.703,2024-07-12 11:17:16.740,2024-07-12 11:17:35.170,2024-07-12 11:25:10.937,,MINISTERIO DA SAUDE - BLOCO G,,BRASILIA,DF,"Espaco Cultural Anatel, SAUS Q. 6 Bl. C, ASA SUL, BRASILIA, DF","SAS 05, 6, ASA SUL, BRASILIA - DF, BRASIL",-15.80024,-47.86838,-15.80528,-47.88287,-15.80488,-47.88175,,,,SPIN ,2022,2023, PRATA,SGQ-**75,,
TAXIGOV_DF_ENTIDADES,1362963,Departamento Nacional de Infraestrutura de Transportes,54844,INDIRETA,DNIT/MINFRA,,CONCLUÍDA,Transporte de documentos / materiais,,7.71,6.722,28.68,2024-07-12 11:14:04.167,2024-07-12 11:14:11.030,2024-07-12 11:14:17.800,2024-07-12 11:14:46.877,2024-07-12 11:26:07.560,,"SCES ANTT,",SCES,BRASILIA,DF,"DNIT, - ASA NORTE","DNIT, - ASA NORTE",-15.80943,-47.84519,-15.7898,-47.87496,-15.78932,-47.8751,,,,SIENA,2021,2021,BRANCA,RDJ-**50,,
TAXIGOV_DF_3,1362951,Ministério do Desenvolvimento Agrário e Agricultura Familiar,308794,DIRETA,CGLOG / SPOA / SE / MDA,,CONCLUÍDA,Reunião,,2.33,2.494,9.04,2024-07-12 11:05:27.980,2024-07-12 11:05:54.940,2024-07-12 11:06:50.410,2024-07-12 11:07:26.980,2024-07-12 11:13:17.480,,PALACIO DO DESENVOLVIMENTO,ASA NORTE,BRASILIA,DF,"Ministerio do Desenvolvimento Agrario e Agricultura Familiar (MDA), Brasilia, DF","Ministerio do Desenvolvimento Agrario e Agricultura Familiar (MDA), Brasilia, DF",-15.79075,-47.87953,-15.79937,-47.87084,-15.79942,-47.87067,,,,,2019,2020,,EZA-**21,,
TAXIGOV_DF_3,1362949,Ministério do Desenvolvimento Agrário e Agricultura Familiar,308794,DIRETA,AI / GM / MDA,,CONCLUÍDA,Reunião,,1.54,1.409,7.76,2024-07-12 11:03:45.007,2024-07-12 11:03:59.650,2024-07-12 11:08:44.757,2024-07-12 11:10:01.803,2024-07-12 11:14:13.303,,MINISTERIO DA AGRICULTURA E PECUARIA,PA 2,BRASILIA,DF,"Edificio Via Office, Brasilia, DF","Edificio Via Office, Brasilia, DF",-15.79953,-47.87093,-15.80408,-47.86862,-15.80419,-47.86805,,,,,2023,2023,,SGW-**96,,
TAXIGOV_DF_3,1362948,Ministério da Educação,244,DIRETA,SAA/SEXEC/MEC,,CONCLUÍDA,Reunião,,3.29,3.106,12.77,2024-07-12 11:03:42.717,2024-07-12 11:03:50.753,2024-07-12 11:04:03.583,2024-07-12 11:04:32.187,2024-07-12 11:09:55.593,,"604 SUL  CETREMEC,",ASA SUL,BRASILIA,DF,"ANEXO MINISTERIO MEC, - PA 2","SGO, ASA NORTE, BRASILIA - DF, BRASIL",-15.81473,-47.8877,-15.78455,-47.87153,-15.79354,-47.87289,,,,,2022,2023,,SGO-**30,,
TAXIGOV_DF_3,1362946,Ministério da Justiça e Segurança Pública,235881,DIRETA,CNPCP/MJSP,,CONCLUÍDA,Reunião,,4.08,4.122,15.83,2024-07-12 11:02:00.710,2024-07-12 11:02:08.003,2024-07-12 11:04:09.400,2024-07-12 11:23:51.703,2024-07-12 11:34:14.267,,"SCN POLICIA FEDERAL,",ASA NORTE,BRASILIA,DF,"PALACIO DA JUSTIÇA, - PA 1","PALACIO DA JUSTIÇA, - PA 1",-15.78747,-47.88658,-15.79735,-47.86613,-15.79679,-47.86588,,,,,2024,2025,,SSL-**49,,
TAXIGOV_DF_ENTIDADES,1362944,Banco Central do Brasil,89,INDIRETA,DEMAP/DIDOC,,CONCLUÍDA,Reunião,,5.25,5.321,19.64,2024-07-12 10:59:55.797,2024-07-12 11:00:25.143,2024-07-12 11:07:04.863,2024-07-12 11:10:23.723,2024-07-12 11:19:44.470,,"QUADRA SIG QUADRA 8, 2025",ZONA INDUSTRIAL,BRASÍLIA,DF,0 - SET MEDICO HOSP - BRASÍLIA / DF,0 - SET MEDICO HOSP - BRASÍLIA / DF,-15.79623,-47.91352,-15.80322,-47.88516,-15.80343,-47.88497,,,,VIRTUS,2023,2024,PRETA,SSG-**49,,
TAXIGOV_DF_ENTIDADES,1362943,Fundação Cultural Palmares,1782,INDIRETA,DAP/CGI/FCP,,CONCLUÍDA,Reunião,,5.49,3.828,17.4,2024-07-12 10:59:36.930,2024-07-12 10:59:49.260,2024-07-12 11:03:54.040,2024-07-12 11:04:12.060,2024-07-12 11:17:11.653,,SHCGN 702/703 BLOCO C,ASA NORTE,BRASILIA,DF,"Junta Comercial, Industrial e de Servicos do Distrito Federal, Asa Sul, Brasilia, DF","Junta Comercial, Industrial e de Servicos do Distrito Federal, Asa Sul, Brasilia, DF",-15.7812,-47.88843,-15.80168,-47.87925,-15.80183,-47.87942,,,,SIENA,2021,2021,BRANCA,REN-**75,,
TAXIGOV_DF_ENTIDADES,1362930,Conselho Administrativo de Defesa Econômica,322,INDIRETA,CGP/CADE,,CONCLUÍDA,Reunião,,5.72,5.243,21.16,2024-07-12 10:55:00.357,2024-07-12 10:55:07.933,2024-07-12 10:55:22.580,2024-07-12 11:02:16.993,2024-07-12 11:13:55.857,,"BRASILIA SHOPPING,",PA 14,BRASILIA,DF,"515 NORTE CADE, - ASA NORTE","515 NORTE CADE, - ASA NORTE",-15.78649,-47.88884,-15.74194,-47.89732,-15.74256,-47.8972,,,,YARES,2022,2023,BRANCA,SGP-**69,,
TAXIGOV_DF_ENTIDADES,1362929,Departamento Nacional de Infraestrutura de Transportes,54844,INDIRETA,DNIT/MINFRA,,CONCLUÍDA,Reunião,,11.41,11.405,42.45,2024-07-12 10:54:31.053,2024-07-12 10:54:39.163,2024-07-12 10:54:48.407,2024-07-12 10:55:25.033,2024-07-12 11:12:37.727,,"DETRAN SEDE,",PA 32,BRASILIA,DF,"SCES ANTT, - SCES","SCES ANTT, - SCES",-15.78014,-47.90891,-15.80943,-47.84519,-15.80968,-47.84524,,,,SIENA,2021,2021,BRANCA,RDJ-**50,,
TAXIGOV_DF_3,1362923,Ministério da Educação,244,DIRETA,CETREMEC,,CANCELADA,Reunião,,,,,2024-07-12 10:51:56.840,2024-07-12 10:53:23.900,,2024-07-12 10:53:23.900,2024-07-12 10:53:34.980,2024-07-12 10:53:34.980,"MEC CETREMEC, SGAS",ASA SUL,BRASILIA,DF,"Neoenergia Brasilia - Lago Sul, Brasilia, Distrito Federal",,-15.81501,-47.88775,-15.84561,-47.85402,,,,,,,2020,2020,,REF-**69,,
TAXIGOV_DF_3,1362922,Ministério da Educação,244,DIRETA,SEXEC/MEC,,CONCLUÍDA,Reunião,,1.35,1.691,7.76,2024-07-12 10:51:55.103,2024-07-12 10:52:03.767,2024-07-12 10:55:50.450,2024-07-12 10:56:08.187,2024-07-12 10:58:03.340,,PALACIO DO PLANALTO,,BRASILIA,DF,"Ministerio da Educacao, Brasilia, DF","Ministerio da Educacao, Brasilia, DF",-15.79905,-47.86077,-15.79501,-47.87305,-15.79504,-47.87288,,,,,2022,2023,,SGR-**00,,
TAXIGOV_DF_3,1362919,Ministério da Educação,244,DIRETA,CETREMEC,,CONCLUÍDA,Reunião,,10.51,10.54,40.78,2024-07-12 10:51:09.113,2024-07-12 10:52:43.367,2024-07-12 10:55:55.453,2024-07-12 10:58:45.397,2024-07-12 11:11:27.803,,SGAS,ASA SUL,BRASILIA,DF,"Neoenergia Brasilia - Lago Sul, Brasilia, DF","Neoenergia Brasilia - Lago Sul, Brasilia, DF",-15.81501,-47.88775,-15.84561,-47.85402,-15.84549,-47.85422,,,,,2017,2017,,PAQ-**53,,
TAXIGOV_DF_3,1362918,Ministério do Desenvolvimento Agrário e Agricultura Familiar,308794,DIRETA,DEACAF / SEAB / MDA,,CONCLUÍDA,Transporte de documentos / materiais,,2.32,3.008,9.0,2024-07-12 10:50:10.103,2024-07-12 10:50:22.347,2024-07-12 10:50:29.930,2024-07-12 10:50:58.647,2024-07-12 10:58:20.183,,"MINISTERIO DA ECONOMIA BL C,",PA 1,BRASILIA,DF,"SBN INCRA, - ASA NORTE","SBN INCRA, - ASA NORTE",-15.79888,-47.87152,-15.79085,-47.87956,-15.79111,-47.87966,,,,,2020,2021,,REI-**48,,
TAXIGOV_DF_3,1362917,Ministério do Desenvolvimento Agrário e Agricultura Familiar,308794,DIRETA,CGLOG / SPOA / SE / MDA,,CONCLUÍDA,Reunião,,1.91,2.149,7.76,2024-07-12 10:49:40.033,2024-07-12 10:49:50.960,2024-07-12 10:53:28.523,2024-07-12 10:54:15.343,2024-07-12 10:58:23.750,,EDIFICIO SIDERBRAS - MINISTERIO DA PESCA E AQUICULTURA; E REITORIA DO IFB,ASA SUL,BRASILIA,DF,"Ministerio da Agricultura e Pecuaria, Brasilia, DF","Ministerio da Agricultura e Pecuaria, Brasilia, DF",-15.80098,-47.8792,-15.79953,-47.87093,-15.79953,-47.87084,,,,,2022,2023,,SGQ-**24,,
TAXIGOV_DF_3,1362913,Ministério do Desenvolvimento Agrário e Agricultura Familiar,308794,DIRETA,CGLOG / SPOA / SE / MDA,,CONCLUÍDA,Reunião,,0.99,2.142,7.76,2024-07-12 10:48:06.370,2024-07-12 10:48:36.133,2024-07-12 10:52:23.847,2024-07-12 10:53:06.200,2024-07-12 10:57:04.940,,EDIFICIO SIDERBRAS - MINISTERIO DA PESCA E AQUICULTURA; E REITORIA DO IFB,ASA SUL,BRASILIA,DF,"Ministerio da Agricultura e Pecuaria, Brasilia, DF","Ministerio da Agricultura e Pecuaria, Brasilia, DF",-15.80098,-47.8792,-15.79953,-47.87093,-15.79948,-47.87079,,,,,2024,2024,,SSJ-**17,,
TAXIGOV_DF_3,1362911,Ministério da Saúde,304,DIRETA,COMAP,,CONCLUÍDA,Reunião,,3.25,2.755,12.61,2024-07-12 10:47:36.847,2024-07-12 10:47:41.433,2024-07-12 10:49:03.970,2024-07-12 10:50:42.207,2024-07-12 10:56:19.190,,SBN Q. 1,ASA NORTE,BRASILIA,DF,"Anexo do Ministerio da Saude, Eixo Monumental, G, Brasilia, DF","Anexo do Ministerio da Saude, Eixo Monumental, G, Brasilia, DF",-15.78919,-47.8803,-15.80181,-47.86856,-15.80159,-47.86926,,,,,2018,2019,,PBO-**89,,
TAXIGOV_DF_3,1362909,Ministério da Saúde,304,DIRETA,CGESCO,,CONCLUÍDA,Reunião,,4.16,3.388,16.14,2024-07-12 10:46:32.157,2024-07-12 10:46:43.450,2024-07-12 10:48:52.593,2024-07-12 10:50:29.267,2024-07-12 10:59:46.983,,"MINISTERIO DA SAUDE - ANEXO A, ESPLANADA DOS MINISTERIOS, BL. G",ZONA CIVICOADMINISTRATIVA,BRASILIA,DF,"Edificio Parque Cidade Corporate, Asa Sul, Brasilia, Distrito Federal","Edificio Parque Cidade Corporate, Asa Sul, Brasilia, Distrito Federal",-15.80203,-47.86871,-15.7951,-47.89345,-15.79508,-47.89377,,,,,2022,2023,,SGO-**70,,
TAXIGOV_DF_3,1362908,Ministério da Saúde,304,DIRETA,GAB/SAES,,CONCLUÍDA,Reunião,,3.99,4.313,15.48,2024-07-12 10:46:27.367,2024-07-12 10:46:36.100,2024-07-12 10:50:15.727,2024-07-12 10:50:32.460,2024-07-12 10:57:38.723,,"HUB HOSPITAL UNIVERSITARIO DE BRASILIA - PEDIATRIA, S/N",ASA NORTE,BRASILIA,DF,"Ministerio da Saude - Bloco G, Brasilia, Distrito Federal","Ministerio da Saude - Bloco G, Brasilia, Distrito Federal",-15.77182,-47.87393,-15.80024,-47.86838,-15.80026,-47.86819,,,,,2022,2023,,SGN-**40,,
TAXIGOV_DF_ENTIDADES,1362907,Fundação Alexandre de Gusmão,299,INDIRETA,GAB,,CONCLUÍDA,Transporte de documentos / materiais,,3.75,4.244,14.03,2024-07-12 10:46:22.140,2024-07-12 10:46:29.600,2024-07-12 10:46:40.490,2024-07-12 10:50:16.170,2024-07-12 10:56:17.913,,"SETOR DE EMBAIXADAS SUL, EMBAIXADA DA INDIA",PA 5,BRASILIA,DF,"ANEXO II DO ITAMARATY(BOLO DE NOIVA), - ASA SUL","ANEXO II DO ITAMARATY(BOLO DE NOIVA), - ASA SUL",-15.82122,-47.88866,-15.80173,-47.86795,-15.80191,-47.86775,,,,KICKS,2023,2024,PRATA,SGV-**61,,
TAXIGOV_DF_3,1362906,Ministério da Saúde,304,DIRETA,GAB/SVS,,CANCELADA,Reunião,,,,7.76,2024-07-12 10:46:01.870,2024-07-12 10:50:44.107,2024-07-12 11:00:08.777,2024-07-12 11:00:44.107,2024-07-12 11:12:20.833,2024-07-12 11:12:20.837,"SRTVN, 701",ASA NORTE,BRASILIA,DF,"Anexo do Ministerio da Saude, Eixo Monumental, G, Brasilia, DF",,-15.78407,-47.89045,-15.80181,-47.86856,,,,,,,2024,2025,,SSK-**24,,
TAXIGOV_DF_3,1362904,Ministério da Educação,244,DIRETA,CETREMEC,,CANCELADA,Reunião,,,,7.76,2024-07-12 10:45:30.853,2024-07-12 10:51:44.667,,2024-07-12 10:45:30.853,2024-07-12 10:51:44.667,2024-07-12 10:51:44.667,"MEC CETREMEC, SGAS",ASA SUL,BRASILIA,DF,"Neoenergia Brasilia - Lago Sul, Brasilia, Distrito Federal",,-15.81501,-47.88775,-15.84561,-47.85402,,,,,,,,,,,,
TAXIGOV_DF_ENTIDADES,1362895,Banco Central do Brasil,89,INDIRETA,DEINF/BACEN,,CONCLUÍDA,Reunião,,3.34,3.904,12.49,2024-07-12 10:40:55.213,2024-07-12 10:41:05.290,2024-07-12 10:42:01.940,2024-07-12 10:43:04.210,2024-07-12 10:50:07.343,,MINISTERIO DA SAUDE - BLOCO G,,BRASILIA,DF,"Banco Central do Brasil - BCB, Asa Sul, Brasilia, Distrito Federal","Banco Central do Brasil - BCB, Asa Sul, Brasilia, Distrito Federal",-15.80024,-47.86838,-15.80332,-47.8851,-15.80341,-47.88499,,,,COROLLA,2023,2023, PRETA,SGW-**96,,
TAXIGOV_DF_3,1362894,Ministério da Saúde,304,DIRETA,CGENG/SAA/SE/MS,,CONCLUÍDA,Reunião,,13.48,12.89,52.3,2024-07-12 10:40:45.823,2024-07-12 10:40:54.310,2024-07-12 10:44:16.400,2024-07-12 10:44:57.480,2024-07-12 11:17:01.923,,EIXO MONUMENTAL,G,BRASILIA,DF,"Editora - Ministerio da Saude, Brasilia, DF","Editora - Ministerio da Saude, Brasilia, DF",-15.80181,-47.86856,-15.80182,-47.95618,-15.80174,-47.95661,5.0,,,,,,,REL-**24,,
TAXIGOV_DF_3,1362893,Ministério da Justiça e Segurança Pública,235881,DIRETA,ANPD/MJSP,,CONCLUÍDA,Reunião,,4.86,4.398,18.86,2024-07-12 10:40:08.290,2024-07-12 10:40:35.977,2024-07-12 10:45:52.250,2024-07-12 10:46:30.183,2024-07-12 10:54:52.857,,"AUTORIDADE NACIONAL DE PROTECAO DE DADOS - ANPD, EIXO MONUMENTAL",ASA NORTE,BRASILIA,DF,"Anexo II do Itamaraty (Bolo de Noiva), Via S2, Brasilia, Distrito Federal","Anexo II do Itamaraty (Bolo de Noiva), Via S2, Brasilia, Distrito Federal",-15.78703,-47.89102,-15.80205,-47.868,-15.80199,-47.86771,,,,,2021,2022,,RER-**63,,
TAXIGOV_DF_3,1362888,Ministério da Justiça e Segurança Pública,235881,DIRETA,CNPCP/MJSP,,CONCLUÍDA,Reunião,,3.11,2.975,12.07,2024-07-12 10:38:50.663,2024-07-12 10:40:43.297,2024-07-12 10:46:19.410,2024-07-12 10:51:23.820,2024-07-12 11:00:47.520,,PALACIO DA JUSTICA - MINISTERIO DA JUSTICA E SEGURANCA PUBLICA,ASA SUL,BRASILIA,DF,"Policia Federal - Sede, Asa Norte, Brasilia, Distrito Federal","Policia Federal - Sede, Asa Norte, Brasilia, Distrito Federal",-15.79765,-47.86583,-15.78769,-47.88659,-15.78766,-47.8873,,,,,2024,2025,,SSL-**49,,
TAXIGOV_DF_ENTIDADES,1362882,Superintendência do Desenvolvimento do Centro-Oeste,100113,INDIRETA,COORGAB,,CONCLUÍDA,Reunião,,12.31,12.691,45.55,2024-07-12 10:37:21.053,2024-07-12 10:37:32.940,2024-07-12 10:44:30.370,2024-07-12 10:45:00.390,2024-07-12 11:04:17.740,,"SEBRAE, SIA TRECHO 3, 1580",ZONA INDUSTRIAL GUARA,BRASILIA,DF,"Superintendencia do Desenvolvimento do Centro-Oeste, Asa Norte, Brasilia, Distrito Federal","Superintendencia do Desenvolvimento do Centro-Oeste, Asa Norte, Brasilia, Distrito Federal",-15.80241,-47.96582,-15.79119,-47.87828,-15.79125,-47.87852,,,,VIRTUS,2019,2020,PRETA,EZA-**21,,
TAXIGOV_DF_3,1362879,Ministério da Saúde,304,DIRETA,DEGERTS,,CONCLUÍDA,Reunião,,4.02,4.066,15.6,2024-07-12 10:36:15.163,2024-07-12 10:36:23.510,2024-07-12 10:38:35.473,2024-07-12 10:41:46.330,2024-07-12 10:49:52.003,,MINISTERIO DA SAUDE - BLOCO G,,BRASILIA,DF,"PO700 - Ministerio da Saude, SRTVN, 701, Asa Norte, Brasilia, DF","PO700 - Ministerio da Saude, SRTVN, 701, Asa Norte, Brasilia, DF",-15.80024,-47.86838,-15.78407,-47.89045,-15.78359,-47.89038,,,,,2023,2023,,SGT-**97,,
TAXIGOV_DF_3,1362874,Presidência da República,26,DIRETA,DGES/GSI/PR,,CONCLUÍDA,Transporte de documentos / materiais,,10.04,10.204,38.96,2024-07-12 10:35:23.700,2024-07-12 10:35:30.820,2024-07-12 10:35:39.000,2024-07-12 10:41:49.127,2024-07-12 11:03:03.293,,"SMU HMAB,",SMU,BRASILIA,DF,"ANEXO PALACIO PLANALTO, - PA 1","ANEXO PALACIO PLANALTO, - PA 1",-15.77242,-47.93008,-15.79924,-47.85909,-15.80004,-47.85893,,,,,2022,2022,,SGN-**25,,
TAXIGOV_DF_3,1362870,Ministério do Desenvolvimento Agrário e Agricultura Familiar,308794,DIRETA,CGLOG / SPOA / SE / MDA,,CONCLUÍDA,Reunião,,2.77,2.695,10.75,2024-07-12 10:34:41.093,2024-07-12 10:34:53.077,2024-07-12 10:37:18.957,2024-07-12 10:40:23.577,2024-07-12 10:46:06.750,,MINISTERIO DA AGRICULTURA E PECUARIA,,BRASILIA,DF,"Palacio do Desenvolvimento, Brasilia, Distrito Federal","Palacio do Desenvolvimento, Brasilia, Distrito Federal",-15.79954,-47.87093,-15.79075,-47.87953,-15.79115,-47.87946,,,,,2018,2019,,PBO-**89,,
TAXIGOV_DF_3,1362860,Ministério da Educação,244,DIRETA,SAA/SEXEC/MEC,,CONCLUÍDA,Reunião,,3.68,3.916,14.28,2024-07-12 10:31:21.700,2024-07-12 10:37:29.080,2024-07-12 10:48:47.730,2024-07-12 10:52:43.490,2024-07-12 11:01:41.660,,"ESPLANADA DOS MINISTERIOS, BL. L",BRASILIA,BRASILIA,DF,"MEC Cetremec, Sgas, Asa Sul, Brasilia, DF","MEC Cetremec, Sgas, Asa Sul, Brasilia, DF",-15.79331,-47.87215,-15.81501,-47.88775,-15.81558,-47.88746,,,,,2022,2023,,SGO-**30,,
TAXIGOV_DF_ENTIDADES,1362858,Conselho Administrativo de Defesa Econômica,322,INDIRETA,CGP/CADE,,CONCLUÍDA,Reunião,,3.51,3.27,12.99,2024-07-12 10:30:47.853,2024-07-12 10:30:56.533,2024-07-12 10:31:07.987,2024-07-12 10:42:41.363,2024-07-12 10:52:05.143,,"MINISTERIO DA JUSTIÇA BL T,",PA 1,BRASILIA,DF,"BRASILIA SHOPPING, - PA 14","BRASILIA SHOPPING, - PA 14",-15.79649,-47.86658,-15.78649,-47.88884,-15.78747,-47.88868,,,,YARES,2022,2023,BRANCA,SGP-**69,,
TAXIGOV_DF_3,1362857,Ministério do Desenvolvimento Agrário e Agricultura Familiar,308794,DIRETA,DEACAF / SEAB / MDA,,CONCLUÍDA,Transporte de documentos / materiais,,2.22,2.355,8.61,2024-07-12 10:30:35.930,2024-07-12 10:37:46.137,2024-07-12 10:42:20.210,2024-07-12 10:42:47.480,2024-07-12 10:49:29.763,,SBN QD. 1 BL. D,BRASILIA,BRASILIA,DF,"Ministerio da Economia - Bloco C, Esplanada dos Ministerios, Zona Civico-Administrativa, Brasilia, DF","Ministerio da Economia - Bloco C, Esplanada dos Ministerios, Zona Civico-Administrativa, Brasilia, DF",-15.79096,-47.8794,-15.79906,-47.87167,-15.79929,-47.87158,,,,,2020,2021,,REI-**48,,
TAXIGOV_DF_3,1362856,Ministério da Saúde,304,DIRETA,CGFNS,,CONCLUÍDA,Reunião,,10.32,10.508,40.04,2024-07-12 10:30:22.453,2024-07-12 10:31:00.947,2024-07-12 10:32:51.383,2024-07-12 10:34:43.283,2024-07-12 10:48:42.783,,VIA W 5 NORTE,ASA NORTE,BRASILIA,DF,"Editora Ministerio da Saude, Brasilia, DF","Editora Ministerio da Saude, Brasilia, DF",-15.78364,-47.89034,-15.80181,-47.95617,-15.80143,-47.95658,,,,,,,,SGT-**78,,
TAXIGOV_DF_3,1362854,Ministério da Saúde,304,DIRETA,CGPCLIN,,CONCLUÍDA,Reunião,,4.52,4.172,17.54,2024-07-12 10:29:16.967,2024-07-12 10:29:26.437,2024-07-12 10:30:46.893,2024-07-12 10:34:59.140,2024-07-12 10:41:46.590,,EDIFICIO PO 700,ASA NORTE,BRASILIA,DF,"Ministerio da Saude - Bloco G, Brasilia, DF","Ministerio da Saude - Bloco G, Brasilia, DF",-15.78364,-47.89034,-15.80024,-47.86838,-15.8003,-47.86821,,,,,2022,2023,,SGO-**70,,
TAXIGOV_DF_3,1362848,Ministério da Saúde,304,DIRETA,COMAP,,CONCLUÍDA,Reunião,,2.47,2.535,9.58,2024-07-12 10:27:11.920,2024-07-12 10:30:10.607,2024-07-12 10:32:53.930,2024-07-12 10:33:18.303,2024-07-12 10:38:33.170,,ESPLANADA DOS MINISTERIOS,BRASILIA,BRASILIA,DF,"SBN Q. 1, Asa Norte, Brasilia, DF","SBN Q. 1, Asa Norte, Brasilia, DF",-15.802,-47.86917,-15.78919,-47.8803,-15.78939,-47.88011,,,,,2019,2020,,LVE-**42,,
TAXIGOV_DF_ENTIDADES,1362846,Departamento Nacional de Infraestrutura de Transportes,54844,INDIRETA,DNIT/MINFRA,,CONCLUÍDA,Reunião,,5.61,5.084,20.87,2024-07-12 10:26:23.143,2024-07-12 10:38:08.563,2024-07-12 10:39:43.193,2024-07-12 10:42:43.010,2024-07-12 10:52:15.643,,DNIT - DEPARTAMENTO NACIONAL DE INFRAESTRUTURA DE TRANSPORTES,ASA NORTE,BRASILIA,DF,"Departamento de Transito do Distrito Federal, Asa Norte, Brasilia, DF","Departamento de Transito do Distrito Federal, Asa Norte, Brasilia, DF",-15.78999,-47.87497,-15.78021,-47.90893,-15.78059,-47.9087,,,,SIENA,2021,2021,BRANCA,RDJ-**50,,
TAXIGOV_DF_ENTIDADES,1362845,Instituto Chico Mendes de Conservação da Biodiversidade,91842,INDIRETA,PFE/ICMBIO,,CONCLUÍDA,Reunião,,5.03,0.168,17.86,2024-07-12 10:26:22.557,2024-07-12 10:26:39.027,2024-07-12 10:28:57.863,2024-07-12 10:30:02.757,2024-07-12 10:41:03.433,,EQSW 103/104,CRUZEIRO,BRASILIA,DF,"Ministerio do Meio Ambiente, Eixo Monumental, Brasilia, DF","EQSW 103 104, QD 103, SUDOESTE/OCTOGONAL, CRUZEIRO - DF, 70670-400, BRASIL",-15.80427,-47.92573,-15.79859,-47.87243,-15.80318,-47.92629,,,,SPIN,2023,2024,BRANCA,SGX-**80,,
TAXIGOV_DF_3,1362843,Advocacia-Geral da União,46,DIRETA,ACS/GAB/AGU,,CONCLUÍDA,Reunião,,8.01,7.967,31.08,2024-07-12 10:25:19.497,2024-07-12 10:25:29.770,2024-07-12 10:27:31.367,2024-07-12 10:30:51.277,2024-07-12 10:39:21.310,,ESCOLA NACIONAL DE ADMINISTRACAO PUBLICA - ENAP,ASA SUL,BRASILIA,DF,"Advocacia-Geral da Uniao, 6, Asa Sul, Brasilia, DF","Advocacia-Geral da Uniao, 6, Asa Sul, Brasilia, DF",-15.83033,-47.93057,-15.80231,-47.88046,-15.80275,-47.88052,,,,,,,,REK-**58,,
TAXIGOV_DF_ENTIDADES,1362841,Instituto Chico Mendes de Conservação da Biodiversidade,91842,INDIRETA,DIBIO/ICMBIO,,CONCLUÍDA,Reunião,,11.0,11.285,39.05,2024-07-12 10:23:59.550,2024-07-12 10:24:10.703,2024-07-12 10:27:15.270,2024-07-12 10:28:02.600,2024-07-12 10:40:54.657,,INSTITUTO CHICO MENDES DE CONSERVACAO DA BIODIVERSIDADE,SETOR SUDOESTE,BRASILIA,DF,"Centro Nacional de Pesquisa e Conservacao de Cavernas - ICMBIO/CECAV, Brasilia, DF","PARQUE NACIONAL DE BRASILIA, BRASILIA - DF, 70635-800, BRASIL",-15.80329,-47.92629,-15.73303,-47.91753,-15.73969,-47.91831,,,,ONIX,2021,2022,BRANCA,RES-**48,,
TAXIGOV_DF_ENTIDADES,1362839,Fundo Nacional de Desenvolvimento da Educação,253,INDIRETA,DIPOI/FNDE,,CONCLUÍDA,Reunião,,8.43,8.72,31.19,2024-07-12 10:23:48.170,2024-07-12 10:23:55.017,2024-07-12 10:24:14.090,2024-07-12 10:25:55.550,2024-07-12 10:50:20.733,,"SAAN QD 1 MEC FNDE DEPOSITO ARQUIVO,",SAAN,BRASILIA,DF,"SBS FNDE, - ASA SUL","SBS FNDE, - ASA SUL",-15.76717,-47.9393,-15.80091,-47.88345,-15.80132,-47.884,,,,PRISMA,2017,2017,BRANCA,PAQ-**53,,
TAXIGOV_DF_3,1362837,Ministério do Desenvolvimento Agrário e Agricultura Familiar,308794,DIRETA,CGLOG / SPOA / SE / MDA,,CONCLUÍDA,Reunião,,1.77,1.839,7.76,2024-07-12 10:23:11.057,2024-07-12 10:25:47.713,2024-07-12 10:29:26.530,2024-07-12 10:30:04.590,2024-07-12 10:35:12.883,,PALACIO DO DESENVOLVIMENTO,ASA NORTE,BRASILIA,DF,"Edificio Siderbras - Ministerio da Pesca e Aquicultura; e Reitoria do IFB, Asa Sul, Brasilia, DF","Edificio Siderbras - Ministerio da Pesca e Aquicultura; e Reitoria do IFB, Asa Sul, Brasilia, DF",-15.79075,-47.87953,-15.80098,-47.8792,-15.80083,-47.87933,,,,,2021,2021,,RDJ-**50,,
TAXIGOV_DF_ENTIDADES,1362835,Banco Central do Brasil,89,INDIRETA,DEINF/BACEN,,CONCLUÍDA,Reunião,,2.79,2.965,10.43,2024-07-12 10:22:26.220,2024-07-12 10:22:34.730,2024-07-12 10:22:38.840,2024-07-12 10:23:19.493,2024-07-12 10:28:37.070,,BANCO CENTRAL DO BRASIL - BCB,ASA SUL,BRASILIA,DF,"Ministerio das Relacoes Exteriores   Anexo I, Eixo Monumental, Brasilia, Distrito Federal","Ministerio das Relacoes Exteriores   Anexo I, Eixo Monumental, Brasilia, Distrito Federal",-15.80332,-47.8851,-15.80123,-47.86757,-15.80082,-47.86808,,,,SPIN,2023,2023,BRANCA,SGS-**72,,
TAXIGOV_DF_ENTIDADES,1362831,Agência Nacional de Telecomunicações,25064,INDIRETA,SCO/ANATEL,,CONCLUÍDA,Reunião,,2.69,2.949,9.9,2024-07-12 10:19:43.877,2024-07-12 10:19:53.360,2024-07-12 10:28:48.070,2024-07-12 10:28:56.693,2024-07-12 10:36:16.040,,"ESPACO CULTURAL ANATEL, SAUS Q. 6 BL. C",ASA SUL,BRASILIA,DF,"Anexo I do Ministerio das Relacoes Exteriores, Esplanada dos Ministerios, Bloco H, ZONA CIVICOADMINISTRATIVA, BRASILIA, DF","Anexo I do Ministerio das Relacoes Exteriores, Esplanada dos Ministerios, Bloco H, ZONA CIVICOADMINISTRATIVA, BRASILIA, DF",-15.80528,-47.88287,-15.80129,-47.8677,-15.80089,-47.86809,,,,SPIN ACT,2022,2023,PRATA,SGR-**00,,
TAXIGOV_DF_ENTIDADES,1362829,Fundação Alexandre de Gusmão,299,INDIRETA,GAB,,CONCLUÍDA,Transporte de documentos / materiais,,4.19,4.228,15.67,2024-07-12 10:18:42.107,2024-07-12 10:31:45.857,2024-07-12 10:34:50.543,2024-07-12 10:35:29.377,2024-07-12 10:43:36.710,,EIXO MONUMENTAL,,BRASILIA,DF,"Embaixada da India, Asa Sul, Brasilia, DF","Embaixada da India, Asa Sul, Brasilia, DF",-15.80213,-47.86786,-15.81941,-47.88742,-15.81992,-47.88724,,,,KICKS,2023,2024,PRATA,SGV-**61,,
TAXIGOV_DF_3,1362825,Ministério das Relações Exteriores,263,DIRETA,IRBr/MRE,,CONCLUÍDA,Reunião,,1.46,1.582,7.76,2024-07-12 10:17:30.890,2024-07-12 10:24:14.573,2024-07-12 10:26:16.297,2024-07-12 10:26:46.397,2024-07-12 10:31:01.093,,MINISTERIO DA IGUALDADE RACIAL,PA 2,BRASILIA,DF,"Instituto Rio Branco, Asa Sul, Brasilia, Distrito Federal","Instituto Rio Branco, Asa Sul, Brasilia, Distrito Federal",-15.79941,-47.87172,-15.80554,-47.86892,-15.80584,-47.86879,,,,,2023,2024,,SGV-**61,,
TAXIGOV_DF_3,1362824,Ministério da Educação,244,DIRETA,GPIS/DAF/SETEC,,CONCLUÍDA,Reunião,,1.47,1.496,7.76,2024-07-12 10:16:50.453,2024-07-12 10:20:51.097,2024-07-12 10:24:02.740,2024-07-12 10:24:03.477,2024-07-12 10:28:08.603,,"MINISTERIO DA EDUCACAO (MEC), ESPLANADA DOS MINISTERIOS, BL. L",ZONA CIVICOADMINISTRATIVA,BRASILIA,DF,"Edificio Siderbras - Ministerio da Pesca e Aquicultura; e Reitoria do IFB, Asa Sul, Brasilia, Distrito Federal","Edificio Siderbras - Ministerio da Pesca e Aquicultura; e Reitoria do IFB, Asa Sul, Brasilia, Distrito Federal",-15.7949,-47.87322,-15.80098,-47.8792,-15.80086,-47.87932,,,,,2022,2023,,SGR-**88,,
TAXIGOV_DF_ENTIDADES,1362821,Banco Central do Brasil,89,INDIRETA,DEINF/BACEN,,CANCELADA,Reunião,,,,7.48,2024-07-12 10:14:10.160,2024-07-12 10:15:13.960,2024-07-12 10:18:20.253,2024-07-12 10:15:13.960,2024-07-12 10:20:03.427,2024-07-12 10:20:03.427,BANCO CENTRAL DO BRASIL - BCB,ASA SUL,BRASILIA,DF,"Ministerio das Relacoes Exteriores   Anexo I, Eixo Monumental, Brasilia, Distrito Federal",,-15.80332,-47.8851,-15.80123,-47.86757,,,,,,SPIN,2023,2023,BRANCA,SGS-**72,,
TAXIGOV_DF_3,1362819,Ministério do Meio Ambiente,1927,DIRETA,CGGA/SPOA/MMA,,CONCLUÍDA,Reunião,,8.03,7.857,31.16,2024-07-12 10:13:39.573,2024-07-12 10:14:40.023,2024-07-12 10:15:56.263,2024-07-12 10:18:49.163,2024-07-12 10:33:15.587,,EIXO MONUMENTAL,PA 2,BRASILIA,DF,"Organizacao das Nacoes Unidas para Agricultura e Alimentacao, Q 8 Bl 1 7, Brasilia, DF","Organizacao das Nacoes Unidas para Agricultura e Alimentacao, Q 8 Bl 1 7, Brasilia, DF",-15.79859,-47.87243,-15.78661,-47.92465,-15.78684,-47.92441,,,,,2023,2024,,SSF-**75,,
TAXIGOV_DF_3,1362810,Ministério da Justiça e Segurança Pública,235881,DIRETA,ANPD/MJSP,,CONCLUÍDA,Reunião,,4.08,3.382,15.83,2024-07-12 10:11:55.080,2024-07-12 10:12:06.360,2024-07-12 10:14:43.900,2024-07-12 10:15:45.197,2024-07-12 10:23:52.417,,MINISTERIO DA SAUDE - BLOCO G,,BRASILIA,DF,"Camarada Camarao: Camaroes, Peixes, Happy Hour, Restaurante, Brasilia DF, Asa Norte, Brasilia, Distrito Federal","VIA N DOIS OESTE, ASA NORTE, BRASILIA - DF, BRASIL",-15.80024,-47.86838,-15.78688,-47.89112,-15.78785,-47.88874,,,,,2021,2021,,RDJ-**50,,
TAXIGOV_DF_3,1362804,Presidência da República,26,DIRETA,DGES/GSI/PR,,CONCLUÍDA,Transporte de documentos / materiais,,2.28,1.832,8.85,2024-07-12 10:09:27.217,2024-07-12 10:09:36.830,2024-07-12 10:09:47.743,2024-07-12 10:20:35.777,2024-07-12 10:33:20.833,,"SMU COMANDO MILITAR DO PLANALTO/COMANDO DA 11 RM,",SMU,BRASILIA,DF,"SMU HMAB, - SMU","SMU HMAB, - SMU",-15.77776,-47.91966,-15.77242,-47.93008,-15.77301,-47.93,,,,,2022,2022,,SGN-**25,,
TAXIGOV_DF_3,1362803,Ministério do Turismo,72084,DIRETA,CGEP/SE/MTur,,CONCLUÍDA,Reunião,,0.68,0.747,7.76,2024-07-12 10:08:45.330,2024-07-12 10:08:55.560,2024-07-12 10:14:49.017,2024-07-12 10:16:43.810,2024-07-12 10:20:29.017,,EMI BLOCO G,ASA SUL,BRASILIA,DF,"Ministerio do Turismo, n bl U, Brasilia, DF","Ministerio do Turismo, n bl U, Brasilia, DF",-15.80105,-47.86812,-15.79689,-47.86823,-15.79664,-47.86786,,,,,2022,2023,,SGR-**88,,
TAXIGOV_DF_3,1362797,Ministério da Saúde,304,DIRETA,SECNS/CNS/MS,,CONCLUÍDA,Reunião,,4.08,4.084,15.83,2024-07-12 10:05:01.137,2024-07-12 10:05:15.057,2024-07-12 10:08:35.983,2024-07-12 10:08:58.430,2024-07-12 10:18:01.137,,"VIA S. DOIS OESTE,",BRASILIA,BRASILIA,DF,"PO 700, SRTVN, Asa Norte, Brasilia, Distrito Federal","PO 700, SRTVN, Asa Norte, Brasilia, Distrito Federal",-15.80154,-47.86913,-15.78456,-47.88949,-15.78441,-47.89052,,,,,2023,2024,,SGV-**61,,
TAXIGOV_DF_ENTIDADES,1362794,Conselho Administrativo de Defesa Econômica,322,INDIRETA,CGP/CADE,,CONCLUÍDA,Reunião,,10.37,10.578,38.37,2024-07-12 10:04:08.700,2024-07-12 10:05:18.953,2024-07-12 10:06:27.807,2024-07-12 10:13:13.123,2024-07-12 10:28:26.297,,"CONSELHO ADMINISTRATIVO DE DEFESA ECONOMICA (CADE), SEPN 515 CONJ. D LOTE 4",ASA NORTE,BRASILIA,DF,"Palacio da Justica - Ministerio da Justica e Seguranca Publica, Brasilia, Distrito Federal","Palacio da Justica - Ministerio da Justica e Seguranca Publica, Brasilia, Distrito Federal",-15.7423,-47.8975,-15.79765,-47.86583,-15.79675,-47.86612,,,,YARES,2022,2023,BRANCA,SGP-**69,,
TAXIGOV_DF_ENTIDADES,1362788,Fundação Nacional do Índio,173,INDIRETA,DPDS/FUNAI,,CONCLUÍDA,Reunião,,3.85,4.074,13.67,2024-07-12 10:02:35.067,2024-07-12 10:02:47.250,2024-07-12 10:07:05.087,2024-07-12 10:08:03.687,2024-07-12 10:16:13.427,,EDIFICIO PARQUE CIDADE CORPORATE,ASA SUL,BRASILIA,DF,"Palacio do Planalto, Brasilia, Distrito Federal","VIA N. UM LESTE, EIXO MONUMENTAL, BRASILIA - DF, BRASIL",-15.7951,-47.89345,-15.79905,-47.86077,-15.79921,-47.86219,,,,SIENA,2021,2021,BRANCA,REK-**22,,
TAXIGOV_DF_ENTIDADES,1362780,Banco Central do Brasil,89,INDIRETA,DEMAP/DIDOC,,CONCLUÍDA,Outros,,7.11,7.07,26.59,2024-07-12 09:58:49.597,2024-07-12 09:59:38.710,2024-07-12 10:01:56.900,2024-07-12 10:09:06.873,2024-07-12 10:23:04.857,,BANCO CENTRAL DO BRASIL - BCB,ASA SUL,BRASÍLIA,DF,ARQUIVO DO BANCO CENTRAL - BRASÍLIA / DF,ARQUIVO DO BANCO CENTRAL - BRASÍLIA / DF,-15.80332,-47.8851,-15.79623,-47.91353,-15.79599,-47.91374,,,,COROLLA,2023,24,BRANCA,SSF-**66,,
TAXIGOV_DF_ENTIDADES,1362770,Fundo Nacional de Desenvolvimento da Educação,253,INDIRETA,DIPOI/FNDE,,CONCLUÍDA,Reunião,,10.1,9.829,37.37,2024-07-12 09:54:44.600,2024-07-12 09:55:37.807,2024-07-12 10:03:33.367,2024-07-12 10:05:50.353,2024-07-12 10:21:41.997,,"FUNDO NACIONAL DE DESENVOLVIMENTO DA EDUCACAO, SBS, 12",ASA SUL,BRASILIA,DF,"SAAN Quadra 1, Brasilia, Distrito Federal","SAAN QUADRA 1 BLOCO B, 220, BRASILIA - DF, 70632-100, BRASIL",-15.80089,-47.88341,-15.76257,-47.93756,-15.7674,-47.9392,,,,PRISMA,2017,2017,BRANCA,PAQ-**53,,
TAXIGOV_DF_3,1362768,Ministério das Relações Exteriores,263,DIRETA,IRBr/MRE,,CONCLUÍDA,Reunião,,2.59,3.081,10.05,2024-07-12 09:54:19.727,2024-07-12 09:59:08.970,2024-07-12 10:05:55.820,2024-07-12 10:07:08.833,2024-07-12 10:12:54.470,,INSTITUTO RIO BRANCO,PA 1,BRASILIA,DF,"Ministerio da Igualdade Racial, Brasilia, Distrito Federal","Ministerio da Igualdade Racial, Brasilia, Distrito Federal",-15.80554,-47.86892,-15.79941,-47.87172,-15.79922,-47.87151,,,,,2023,2024,,SSF-**75,,
TAXIGOV_DF_3,1362763,Presidência da República,26,DIRETA,CGPPP/IN/CC/PR,,EM ANDAMENTO,Reunião,,,,,2024-07-12 09:52:49.613,2024-07-13 01:40:16.643,,,,,"IMPRENSA NACIONAL, ESTRADA PARQUE INDUSTRIAS GRAFICAS",ZONA INDUSTRIAL,BRASILIA,DF,"Setor Leste Quadra 9, Gama, Brasilia, DF",,-15.79243,-47.9136,-16.01173,-48.05185,,,,,,,2024,25,,SSK-**89,,
TAXIGOV_DF_3,1362762,Ministério da Saúde,304,DIRETA,DEMAS,,CONCLUÍDA,Reunião,,4.09,4.175,15.87,2024-07-12 09:52:37.133,2024-07-12 09:52:56.920,2024-07-12 09:55:22.370,2024-07-12 09:57:33.257,2024-07-12 10:05:23.397,,"PO 700, VIA W 5 NORTE",ASA NORTE,BRASILIA,DF,"Ministerio da Saude (MS), Esplanada dos Ministerios, Bl. G, Brasilia, Brasilia, DF","Ministerio da Saude (MS), Esplanada dos Ministerios, Bl. G, Brasilia, Brasilia, DF",-15.78364,-47.89034,-15.80055,-47.86855,-15.80031,-47.86825,,,,,2024,2024,,SSI-**69,,
TAXIGOV_DF_3,1362760,Ministério da Saúde,304,DIRETA,GAB/SESAI,,CONCLUÍDA,Reunião,,7.85,7.841,30.46,2024-07-12 09:52:23.537,2024-07-12 09:53:08.637,2024-07-12 09:58:15.413,2024-07-12 09:59:18.047,2024-07-12 10:13:34.283,,"PO 700, SRTVN QUADRA 03",ASA NORTE,BRASILIA,DF,"Escola Nacional de Administracao Publica - Enap, Asa Sul, Brasilia, Distrito Federal","Escola Nacional de Administracao Publica - Enap, Asa Sul, Brasilia, Distrito Federal",-15.78354,-47.8903,-15.83033,-47.93057,-15.83026,-47.93131,,,,,2021,2021,,REO-**32,,
TAXIGOV_DF_ENTIDADES,1362757,Fundação Nacional do Índio,173,INDIRETA,COGEN/FUNAI,,CANCELADA,Reunião,,,,7.1,2024-07-12 09:50:47.853,2024-07-12 09:51:28.270,,2024-07-12 09:51:28.270,2024-07-12 09:56:15.627,2024-07-12 09:56:15.627,EDIFICIO PARQUE CIDADE CORPORATE,ASA SUL,BRASILIA,DF,"Casa Civil, Brasilia, DF",,-15.7951,-47.89345,-15.79911,-47.86021,,,,,,SPIN ,2022,2023, PRATA,SGQ-**75,,
TAXIGOV_DF_3,1362753,Ministério da Justiça e Segurança Pública,235881,DIRETA,SAA/SE/MJSP,,CONCLUÍDA,Serviço externo / técnico,,12.43,13.674,48.23,2024-07-12 09:49:54.520,2024-07-12 09:52:57.397,2024-07-12 09:57:46.063,2024-07-12 10:02:29.333,2024-07-12 10:22:33.540,,PALACIO DA JUSTICA - MINISTERIO DA JUSTICA E SEGURANCA PUBLICA,PA 2,BRASILIA,DF,"CICCN - Centro Integrado de Comando e Controle Nacional, Brasilia, Distrito Federal","CICCN - Centro Integrado de Comando e Controle Nacional, Brasilia, Distrito Federal",-15.79669,-47.86591,-15.81449,-47.94658,-15.81503,-47.94655,,,,,2023,2023,,SGW-**96,,
TAXIGOV_DF_3,1362749,Presidência da República,26,DIRETA,DGES/GSI/PR,,CONCLUÍDA,Transporte de documentos / materiais,,8.16,8.336,31.66,2024-07-12 09:48:25.403,2024-07-12 09:48:31.730,2024-07-12 09:56:34.787,2024-07-12 09:57:18.653,2024-07-12 10:07:29.590,,ESTACIONAMENTO DOS ANEXOS DO PALACIO DO PLANALTO,VILA PLANALTO,BRASILIA,DF,"Comando Militar do Planalto / Comando da 11 RM, Brasilia, Distrito Federal","Comando Militar do Planalto / Comando da 11 RM, Brasilia, Distrito Federal",-15.79983,-47.85875,-15.7779,-47.91956,-15.77893,-47.91963,,,,,2022,2022,,SGN-**25,,
TAXIGOV_DF_3,1362748,Ministério do Desenvolvimento Agrário e Agricultura Familiar,308794,DIRETA,CGLOG / SPOA / SE / MDA,,CONCLUÍDA,Reunião,,2.56,2.607,9.93,2024-07-12 09:48:21.700,2024-07-12 09:48:31.333,2024-07-12 09:50:54.233,2024-07-12 09:51:47.643,2024-07-12 09:58:52.760,,"BRASILIA - DF, 70070-600, BRASIL",BRASILIA,BRASILIA,DF,"Palacio do Desenvolvimento, Brasilia, DF","Palacio do Desenvolvimento, Brasilia, DF",-15.79955,-47.87102,-15.79075,-47.87953,-15.79111,-47.87965,,,,,2022,2023,,SGR-**00,,
TAXIGOV_DF_3,1362746,Ministério do Desenvolvimento Agrário e Agricultura Familiar,308794,DIRETA,SEAB / MDA,,CONCLUÍDA,Reunião,,2.19,2.406,8.5,2024-07-12 09:47:38.057,2024-07-12 09:47:47.903,2024-07-12 09:47:49.843,2024-07-12 09:54:29.833,2024-07-12 09:58:51.250,,INSTITUTO NACIONAL DE COLONIZACAO E REFORMA AGRARIA - SEDE,ASA NORTE,BRASILIA,DF,"Ministerio da Economia - Bloco C, Esplanada dos Ministerios, Zona Civico-Administrativa, Brasilia, DF","Ministerio da Economia - Bloco C, Esplanada dos Ministerios, Zona Civico-Administrativa, Brasilia, DF",-15.79089,-47.87956,-15.79906,-47.87167,-15.79931,-47.87159,,,,,2023,2023,,SGT-**97,,
TAXIGOV_DF_3,1362744,Ministério da Justiça e Segurança Pública,235881,DIRETA,DIROP/PRF,704,CONCLUÍDA,Reunião,,3.04,2.736,11.8,2024-07-12 09:46:52.180,2024-07-12 09:47:08.507,2024-07-12 09:54:52.007,2024-07-12 09:55:45.323,2024-07-12 10:01:43.090,,SOFS QD. 9,GUARA,GUARA,DF,"Policia Rodoviaria Federal - Sede, Brasilia, DF","SPO. 15, ASA SUL, BRASILIA - DF, 70610-200, BRASIL",-15.82312,-47.95795,-15.81446,-47.94706,-15.81607,-47.94602,,,,,2022,2022,,SGN-**17,,
TAXIGOV_DF_3,1362743,Presidência da República,26,DIRETA,SECOI/SECOM/PR,,CONCLUÍDA,Reunião,,6.43,2.851,24.95,2024-07-12 09:46:40.957,2024-07-12 09:46:46.790,2024-07-12 09:53:36.357,2024-07-12 09:54:05.357,2024-07-12 10:05:24.917,,EM,ASA NORTE,BRASILIA,DF,"Edificio Multibrasil Corporate, Asa Norte, Brasilia, DF","SCN QUADRA 2, QD N2, ASA NORTE, BRASILIA - DF, 70712-000, BRASIL",-15.7985,-47.86095,-15.78775,-47.88669,-15.78863,-47.88448,,,,,2020,2021,,REI-**48,,
TAXIGOV_DF_3,1362737,Ministério da Saúde,304,DIRETA,GAB/SESAI,,CONCLUÍDA,Reunião,,4.1,4.169,15.91,2024-07-12 09:43:55.290,2024-07-12 09:44:39.830,2024-07-12 09:47:40.360,2024-07-12 09:48:39.853,2024-07-12 09:55:51.837,,EDIFICIO PO 700,ASA NORTE,BRASILIA,DF,"Ministerio da Saude - Bloco G, Brasilia, DF","Ministerio da Saude - Bloco G, Brasilia, DF",-15.78364,-47.89034,-15.80024,-47.86838,-15.80027,-47.86819,,,,,2022,2023,,SGN-**94,,
TAXIGOV_DF_3,1362732,Ministério do Desenvolvimento Agrário e Agricultura Familiar,308794,DIRETA,SE / MDA,,CONCLUÍDA,Reunião,,1.16,0.951,7.76,2024-07-12 09:40:21.850,2024-07-12 09:40:31.210,2024-07-12 09:46:38.290,2024-07-12 09:50:12.240,2024-07-12 09:52:49.453,,"MINISTERIO DA ECONOMIA, ESPLANADA DOS MINISTERIOS - BLOCO C",ZONA CIVICOADMINISTRATIVA,BRASILIA,DF,"BL P, Eixo Monumental, Brasilia, Distrito Federal","BL P, Eixo Monumental, Brasilia, Distrito Federal",-15.79905,-47.87173,-15.79599,-47.86971,-15.79619,-47.86959,,,,,2023,2023,,SGW-**96,,
TAXIGOV_DF_3,1362731,Ministério das Relações Exteriores,263,DIRETA,SGAD/SG/MRE,,CONCLUÍDA,Reunião,,7.94,7.321,30.81,2024-07-12 09:39:44.503,2024-07-12 09:41:03.237,2024-07-12 09:48:02.183,2024-07-12 09:48:02.880,2024-07-12 10:05:10.377,,"SQS 212 BL. J,",ASA SUL,BRASILIA,DF,"Anexo II do Itamaraty (Bolo de Noiva), Via S2, Brasilia, Distrito Federal","Anexo II do Itamaraty (Bolo de Noiva), Via S2, Brasilia, Distrito Federal",-15.82722,-47.91239,-15.80206,-47.86797,-15.80185,-47.8679,,,,,2022,2023,,SGQ-**66,,
TAXIGOV_DF_3,1362729,Ministério da Saúde,304,DIRETA,GAB/SE/MS,,CONCLUÍDA,Reunião,,4.06,4.069,15.75,2024-07-12 09:39:08.150,2024-07-12 09:39:16.067,2024-07-12 09:45:19.910,2024-07-12 09:46:14.287,2024-07-12 09:53:39.303,,"MINISTERIO DA SAUDE (MS), ESPLANADA DOS MINISTERIOS, BL. G",ZONA CIVICOADMINISTRATIVA,BRASILIA,DF,"PO 700, Via W 5 Norte, Asa Norte, Brasilia, Distrito Federal","PO 700, Via W 5 Norte, Asa Norte, Brasilia, Distrito Federal",-15.80055,-47.86855,-15.78364,-47.89034,-15.78412,-47.89046,,,,,2017,2017,,PAQ-**53,,
TAXIGOV_DF_ENTIDADES,1362727,Fundação Oswaldo Cruz,315,INDIRETA,SEAD/FIOCRUZ-BSB,,CONCLUÍDA,Reunião,,4.39,3.777,16.24,2024-07-12 09:38:59.687,2024-07-12 09:39:06.100,2024-07-12 09:39:15.013,2024-07-12 09:39:28.433,2024-07-12 09:46:19.810,,"204/404 NORTE CORREIOS,",PA 12,BRASILIA,DF,"UNB DARCY RIBEIRO, - ASA NORTE","CAMPUS DARCY RIBEIRO UNB, ASA NORTE, BRASILIA - DF, 70910-900, BRASIL",-15.77526,-47.87812,-15.76562,-47.87206,-15.77111,-47.87202,,,,SPIN,2022,2023,BRANCA,SGO-**70,,
TAXIGOV_DF_3,1362726,Ministério das Relações Exteriores,263,DIRETA,SGAD/SG/MRE,,CANCELADA,Reunião,,,,,2024-07-12 09:38:30.690,2024-07-12 09:39:38.480,,2024-07-12 09:39:38.480,2024-07-12 09:39:39.877,2024-07-12 09:39:39.877,"SQS 212 BL. J,",ASA SUL,BRASILIA,DF,"Anexo II do Itamaraty (Bolo de Noiva), Via S2, Brasilia, Distrito Federal",,-15.82722,-47.91239,-15.80205,-47.868,,,,,,,2022,2023,,SGO-**16,,
TAXIGOV_DF_ENTIDADES,1362721,Instituto Brasileiro de Museus,100584,INDIRETA,DPGI/IBRAM,,CANCELADA,Reunião,,,,7.4,2024-07-12 09:34:14.027,2024-07-12 09:35:08.940,2024-07-12 09:38:56.250,2024-07-12 09:35:08.940,2024-07-12 09:49:03.077,2024-07-12 09:49:03.077,EDIFICIO CNC III,ASA NORTE,BRASILIA,DF,"Ministerio da Cultura, Eixo Monumental, S/N, Zona Civico-Administrativa, Brasilia, DF",,-15.78875,-47.87842,-15.79876,-47.87259,,,,,,COROLLA,2019,2020,PRETA,PBV-**72,,
TAXIGOV_DF_ENTIDADES,1362706,Instituto de Pesquisa Econômica Aplicada,7,INDIRETA,DINTE/IPEA,,CONCLUÍDA,Reunião,,4.44,3.841,16.34,2024-07-12 09:27:28.457,2024-07-12 10:25:11.930,2024-07-12 10:34:24.687,2024-07-12 10:42:19.740,2024-07-12 10:52:24.313,,"VIA W4 SUL, 702",ASA SUL,BRASÍLIA,DF,14 - BRASÍLIA / DF,"EMI BLOCO G, ASA SUL, BRASILIA - DF, 70058-900, BRASIL",-15.79976,-47.89655,-15.80132,-47.8675,-15.80038,-47.86824,,,,CRONOS,2022,2023,PRATA,SGQ-**74,,
TAXIGOV_DF_3,1362704,Ministério do Desenvolvimento Agrário e Agricultura Familiar,308794,DIRETA,CGLOG / SPOA / SE / MDA,,CONCLUÍDA,Reunião,,5.35,5.736,20.76,2024-07-12 09:27:00.517,2024-07-12 09:27:17.327,2024-07-12 09:31:05.477,2024-07-12 09:31:44.937,2024-07-12 09:45:57.873,,CONTROLADORIA-GERAL DA UNIAO,ZONA INDUSTRIAL,BRASILIA,DF,"Instituto Nacional de Colonizacao e Reforma Agraria - Sede, Asa Norte, Brasilia, DF","Instituto Nacional de Colonizacao e Reforma Agraria - Sede, Asa Norte, Brasilia, DF",-15.78993,-47.91179,-15.79089,-47.87956,-15.79114,-47.87965,,,,,2023,2023,,SGT-**97,,
TAXIGOV_DF_3,1362700,Ministério da Justiça e Segurança Pública,235881,DIRETA,ANPD/MJSP,,CONCLUÍDA,Reunião,,5.04,4.155,19.56,2024-07-12 09:25:16.180,2024-07-12 09:25:28.217,2024-07-12 09:37:01.020,2024-07-12 09:37:07.960,2024-07-12 09:50:53.850,,"CAMARADA CAMARAO: CAMAROES, PEIXES, HAPPY HOUR, RESTAURANTE, BRASILIA DF",ASA NORTE,BRASILIA,DF,"Ministerio da Saude - Bloco G, Brasilia, Distrito Federal","Ministerio da Saude - Bloco G, Brasilia, Distrito Federal",-15.78688,-47.89112,-15.80024,-47.86838,-15.80092,-47.8681,,,,,,,,PBP-**75,,
TAXIGOV_DF_ENTIDADES,1362698,Fundação Oswaldo Cruz,315,INDIRETA,SEAD/FIOCRUZ-BSB,,CONCLUÍDA,Reunião,,4.1,3.151,15.17,2024-07-12 09:25:08.500,2024-07-12 09:25:32.053,2024-07-12 09:27:42.423,2024-07-12 09:31:25.453,2024-07-12 09:36:01.167,,UNB CAMPUS DARCY RIBEIRO,BRASILIA,BRASILIA,DF,"Correios, Asa Norte, Brasilia, DF","Correios, Asa Norte, Brasilia, DF",-15.77112,-47.87152,-15.77492,-47.87768,-15.77508,-47.87762,,,,SPIN,2022,2023,BRANCA,SGO-**70,,
TAXIGOV_DF_3,1362697,Ministério da Saúde,304,DIRETA,DAHU/SAES/MS,,CONCLUÍDA,Reunião,,11.02,10.715,42.76,2024-07-12 09:23:43.860,2024-07-12 09:23:54.367,2024-07-12 09:25:34.673,2024-07-12 09:25:47.690,2024-07-12 09:42:32.887,,MINISTERIO DA SAUDE - BLOCO G,,BRASILIA,DF,"Escola Nacional de Administracao Publica - Enap, Asa Sul, Brasilia, DF","Escola Nacional de Administracao Publica - Enap, Asa Sul, Brasilia, DF",-15.80024,-47.86838,-15.83033,-47.93057,-15.83029,-47.93138,,,,,,,,REL-**24,,
TAXIGOV_DF_ENTIDADES,1362680,Instituto Brasileiro de Museus,100584,INDIRETA,DPGI/IBRAM,,CANCELADA,Reunião,,,,,2024-07-12 09:12:33.493,2024-07-12 09:12:41.133,,2024-07-12 09:12:41.133,2024-07-12 09:13:02.553,2024-07-12 09:13:02.553,EDIFICIO CNC III,ASA NORTE,BRASILIA,DF,"Ministerio da Cultura, Eixo Monumental, S/N, Zona Civico-Administrativa, Brasilia, DF",,-15.78875,-47.87842,-15.79876,-47.87259,,,,,,VIRTUS,2019,2019,PRETA,PBP-**59,,
TAXIGOV_DF_3,1362675,Ministério da Saúde,304,DIRETA,DEGERTS,,CONCLUÍDA,Reunião,,4.86,4.181,18.86,2024-07-12 09:09:52.110,2024-07-12 09:10:03.417,2024-07-12 09:13:38.190,2024-07-12 09:15:25.860,2024-07-12 09:24:37.687,,SRTVN QUADRA 03,ASA NORTE,BRASILIA,DF,"Ministerio da Saude - Bloco G, Brasilia, DF","Ministerio da Saude - Bloco G, Brasilia, DF",-15.78354,-47.8903,-15.80024,-47.86838,-15.80048,-47.86825,,,,,2022,2023,,SGQ-**66,,
TAXIGOV_DF_3,1362668,Ministério da Saúde,304,DIRETA,CGSPD/DAET/SAES/MS,,CONCLUÍDA,Reunião,,2.4,,9.31,2024-07-12 09:07:41.963,2024-07-12 09:07:50.177,2024-07-12 09:12:52.150,2024-07-12 09:13:20.443,2024-07-12 09:21:56.273,,PO700 - MINISTERIO DA SAUDE,ASA NORTE,BRASILIA,DF,"Ministerio da Saude - Bloco G, Brasilia, Distrito Federal","Ministerio da Saude - Bloco G, Brasilia, Distrito Federal",-15.78406,-47.89043,-15.80024,-47.86838,,,5.0,,,,2021,2021,,REO-**32,,
TAXIGOV_DF_ENTIDADES,1362664,Empresa Brasileira de Serviços Hospitalares,117267,INDIRETA,CCS/EBSERH,,CONCLUÍDA,Reunião,,5.46,5.297,19.06,2024-07-12 09:02:58.660,2024-07-12 09:03:09.733,2024-07-12 09:03:55.593,2024-07-12 09:06:44.083,2024-07-12 09:16:27.590,,EDIFICIO PARQUE CIDADE CORPORATE,ASA SUL,BRASILIA,DF,"HUB Hospital Universitario de Brasilia - Pediatria, Asa Norte, Brasilia, Distrito Federal","HUB Hospital Universitario de Brasilia - Pediatria, Asa Norte, Brasilia, Distrito Federal",-15.7951,-47.89345,-15.77182,-47.87393,-15.77157,-47.87462,,,,CRONOS,2022,2023,PRATA,SGQ-**74,,
TAXIGOV_DF_3,1362658,Ministério do Desenvolvimento Agrário e Agricultura Familiar,308794,DIRETA,CGLOG / SPOA / SE / MDA,,CONCLUÍDA,Reunião,,2.75,2.684,10.67,2024-07-12 09:01:05.787,2024-07-12 09:02:02.743,2024-07-12 09:05:46.700,2024-07-12 09:06:18.097,2024-07-12 09:14:03.100,,BLOCO D - ESPLANADA DOS MINISTERIOS,PA 2,BRASILIA,DF,"Palacio do Desenvolvimento, Brasilia, DF","Palacio do Desenvolvimento, Brasilia, DF",-15.79944,-47.87087,-15.79075,-47.87953,-15.79119,-47.87939,,,,,2018,2019,,PBO-**89,,
TAXIGOV_DF_3,1362656,Ministério da Saúde,304,DIRETA,DAPSI,,CONCLUÍDA,Reunião,,8.28,7.843,32.13,2024-07-12 08:59:31.833,2024-07-12 08:59:41.117,2024-07-12 09:08:05.993,2024-07-12 09:08:44.717,2024-07-12 09:23:15.230,,SRTVN QUADRA 03,ASA NORTE,BRASILIA,DF,"Escola Nacional de Administracao Publica - Enap, Asa Sul, Brasilia, DF","Escola Nacional de Administracao Publica - Enap, Asa Sul, Brasilia, DF",-15.78354,-47.8903,-15.83033,-47.93057,-15.83023,-47.93131,,,,,2019,2020,,PBR-**59,,
TAXIGOV_DF_3,1362655,Ministério da Saúde,304,DIRETA,DEPPROS,,CONCLUÍDA,Reunião,,1.76,2.322,7.76,2024-07-12 08:57:30.173,2024-07-12 08:58:58.583,2024-07-12 09:05:55.730,2024-07-12 09:20:40.193,2024-07-12 09:29:33.710,,"ESPLANADA DOS MINISTERIOS, BL. B",ASA SUL,BRASILIA,DF,"Ministerio da Educacao, Brasilia, DF","SHN, ASA NORTE, BRASILIA - DF, BRASIL",-15.7989,-47.87262,-15.79501,-47.87305,-15.79111,-47.88496,,,,,2022,2023,,SGQ-**87,,
TAXIGOV_DF_ENTIDADES,1362652,Fundação Universidade de Brasília,470,INDIRETA,IH,,CONCLUÍDA,Reunião,,20.87,19.287,76.8,2024-07-12 08:54:21.720,2024-07-12 08:54:30.060,2024-07-12 09:09:25.830,2024-07-12 09:38:49.250,2024-07-12 10:01:30.237,,"SOBRADINHO II, UPA",PA 45,BRASILIA,DF,"SQN 214 BLOCO E, - ASA NORTE","SQN 214 BLOCO E, - ASA NORTE",-15.64944,-47.82823,-15.74328,-47.88803,-15.74351,-47.88787,,,,YARES,2022,2023,BRANCA,SGP-**69,,
TAXIGOV_DF_3,1362651,Ministério das Relações Exteriores,263,DIRETA,SGAD/SG/MRE,,CONCLUÍDA,Reunião,,11.06,10.44,42.91,2024-07-12 08:54:05.343,2024-07-12 08:58:47.670,2024-07-12 09:01:59.743,2024-07-12 09:02:32.900,2024-07-12 09:21:32.817,,EIXO MONUMENTAL,,BRASILIA,DF,"Unitrans International, SAAN Quadra 1, SAAN, Brasilia, DF","Unitrans International, SAAN Quadra 1, SAAN, Brasilia, DF",-15.80123,-47.86757,-15.76826,-47.93901,-15.76805,-47.93904,,,,,2022,2023,,SGQ-**06,,
TAXIGOV_DF_3,1362645,Ministério da Saúde,304,DIRETA,DEPPROS,,CONCLUÍDA,Reunião,,1.71,1.788,7.76,2024-07-12 08:52:26.110,2024-07-12 08:53:53.357,2024-07-12 08:56:25.637,2024-07-12 08:56:57.023,2024-07-12 09:00:53.867,,ESPLANADA DOS MINISTERIOS,BRASILIA,BRASILIA,DF,"Ministerio da Educacao, Brasilia, DF","VIA N. DOIS LESTE, ASA NORTE, BRASILIA - DF, BRASIL",-15.802,-47.86917,-15.79501,-47.87305,-15.79386,-47.8732,,,,,2018,2019,,PBO-**89,,
TAXIGOV_DF_3,1362637,Ministério da Saúde,304,DIRETA,GAB/SAES,,CONCLUÍDA,Reunião,,4.01,4.088,15.56,2024-07-12 08:49:20.527,2024-07-12 09:09:11.870,2024-07-12 09:14:46.700,2024-07-12 09:22:16.780,2024-07-12 09:28:48.103,,MINISTERIO DA SAUDE - BLOCO G,,BRASILIA,DF,"HUB Hospital Universitario de Brasilia - Pediatria, Asa Norte, Brasilia, Distrito Federal","HUB Hospital Universitario de Brasilia - Pediatria, Asa Norte, Brasilia, Distrito Federal",-15.80024,-47.86838,-15.77182,-47.87393,-15.77141,-47.87459,,,,,2023,2023,,SGU-**46,,
TAXIGOV_DF_ENTIDADES,1362634,Fundação Universidade de Brasília,470,INDIRETA,DGP/DSQVT,,CONCLUÍDA,Serviço externo / técnico,,11.38,11.119,41.88,2024-07-12 08:48:12.010,2024-07-12 08:49:48.443,2024-07-12 08:48:33.690,2024-07-12 10:09:20.433,2024-07-12 10:19:25.293,,"GRANJA DO TORTO, HVETAO",GRANJA DO TORTO,BRASILIA,DF,"UNB, - PA 15","CAMPUS DARCY RIBEIRO UNB, ASA NORTE, BRASILIA - DF, 70910-900, BRASIL",-15.70603,-47.90553,-15.76654,-47.87337,-15.76497,-47.86888,,,,ONIX,2022,2023,PRATA,SGN-**40,,
TAXIGOV_DF_3,1362610,Ministério da Saúde,304,DIRETA,DEDT,,CONCLUÍDA,Reunião,,7.69,7.979,29.84,2024-07-12 08:38:51.993,2024-07-12 08:39:04.820,2024-07-12 08:41:40.370,2024-07-12 08:43:42.873,2024-07-12 08:58:03.013,,SRTVN,ASA NORTE,BRASILIA,DF,"Escola Nacional de Administracao Publica - Enap, Asa Sul, Brasilia, DF","Escola Nacional de Administracao Publica - Enap, Asa Sul, Brasilia, DF",-15.78456,-47.88949,-15.83033,-47.93057,-15.83025,-47.9314,,,,,2023,2023,,SGV-**39,,
TAXIGOV_DF_3,1362609,Ministério do Desenvolvimento Agrário e Agricultura Familiar,308794,DIRETA,CGLOG / SPOA / SE / MDA,,CONCLUÍDA,Reunião,,6.89,6.754,26.73,2024-07-12 08:38:47.583,2024-07-12 08:48:11.840,2024-07-12 08:49:20.037,2024-07-12 08:50:24.967,2024-07-12 09:03:13.703,,BLOCO D - ESPLANADA DOS MINISTERIOS,PA 2,BRASILIA,DF,"Controladoria-Geral da Uniao, Brasilia, DF","Controladoria-Geral da Uniao, Brasilia, DF",-15.79944,-47.87087,-15.78993,-47.91179,-15.78935,-47.91267,,,,,2024,2024,,SSI-**69,,
TAXIGOV_DF_3,1362607,Ministério da Saúde,304,DIRETA,DAF/SCTIE/MS,,CONCLUÍDA,Reunião,,3.72,4.059,14.43,2024-07-12 08:38:40.440,2024-07-12 08:43:15.700,2024-07-12 08:49:29.597,2024-07-12 08:50:11.580,2024-07-12 09:00:10.777,,"ESPLANADA DOS MINISTERIOS, BL. G",BRASILIA,BRASILIA,DF,"Quadra 4, Asa Sul, Brasilia, DF","Quadra 4, Asa Sul, Brasilia, DF",-15.80055,-47.86855,-15.80319,-47.88373,-15.80285,-47.88426,,,,,2022,2022,,SGN-**25,,
TAXIGOV_DF_ENTIDADES,1362600,Instituto do Patrimônio Histórico e Artístico Nacional,2045,INDIRETA,DPA/IPHAN,,CONCLUÍDA,Reunião,,9.45,7.31,34.96,2024-07-12 08:36:37.180,2024-07-12 08:36:49.163,2024-07-12 08:40:31.387,2024-07-12 08:45:04.373,2024-07-12 08:56:50.643,,"FORO TRABALHISTA DE BRASILIA, SEPN, 513",ASA NORTE,BRASILIA,DF,"SHIGS 702 Bloco C, Brasilia, Brasilia, DF","SHIGS 702 Bloco C, Brasilia, Brasilia, DF",-15.7495,-47.89527,-15.79883,-47.89682,-15.79928,-47.89711,5.0,,,VIRTUS,2024,2024,BRANCA,SSH-**20,,
TAXIGOV_DF_3,1362595,Advocacia-Geral da União,46,DIRETA,ACS/GAB/AGU,,CONCLUÍDA,Reunião,,7.8,8.357,30.26,2024-07-12 08:33:32.963,2024-07-12 08:33:40.753,2024-07-12 08:40:38.720,2024-07-12 08:40:45.143,2024-07-12 08:50:17.597,,"VIA DE LIGACAO SE NE, 6",BRASILIA,BRASILIA,DF,"Escola Nacional de Administracao Publica - Enap, Asa Sul, Brasilia, DF","Escola Nacional de Administracao Publica - Enap, Asa Sul, Brasilia, DF",-15.80252,-47.88053,-15.83033,-47.93057,-15.83023,-47.93136,,,,,2019,2020,,PBQ-**36,,
TAXIGOV_DF_3,1362593,Advocacia-Geral da União,46,DIRETA,ACS/GAB/AGU,,CANCELADA,Reunião,,,,,2024-07-12 08:32:10.777,2024-07-12 08:32:37.120,,2024-07-12 08:32:37.120,2024-07-12 08:33:06.713,2024-07-12 08:33:06.713,"VIA DE LIGACAO SE NE, 6",BRASILIA,BRASILIA,DF,"Escola Nacional de Administracao Publica - Enap, Asa Sul, Brasilia, DF",,-15.80252,-47.88053,-15.83033,-47.93057,,,,,,,2019,2020,,PBQ-**36,,
TAXIGOV_DF_3,1362592,Ministério da Justiça e Segurança Pública,235881,DIRETA,SENASP/MJSP,,CANCELADA,Reunião,,,,7.76,2024-07-12 08:31:29.540,2024-07-12 08:40:48.453,,2024-07-12 08:31:29.540,2024-07-12 08:40:48.453,2024-07-12 08:40:48.453,MINISTERIO DA JUSTICA - ANEXO I,PA 2,BRASILIA,DF,"Instituto Serzedello Correa, SCES Trecho 3 Polo 8, 4, Brasilia, DF",,-15.79663,-47.86655,-15.80607,-47.84357,,,,,,,,,,,,
TAXIGOV_DF_ENTIDADES,1362590,Fundação Universidade de Brasília,470,INDIRETA,DGP/DSQVT,,CONCLUÍDA,Serviço externo / técnico,,10.34,10.341,38.05,2024-07-12 08:28:41.020,2024-07-12 08:29:01.560,2024-07-12 08:32:42.580,2024-07-12 08:33:08.310,2024-07-12 08:45:12.507,,"BRASILIA - DF, 70833-520, BRASIL",BRASILIA,BRASILIA,DF,"Hospital Veterinario de Grandes Animais (Hvetao) - UnB, Brasilia, DF","GRANJA DO TORTO, BRASILIA - DF, 70636-000, BRASIL",-15.76495,-47.86888,-15.7039,-47.91166,-15.703,-47.91092,,,,ONIX,2022,2023,PRATA,SGN-**40,,
TAXIGOV_DF_ENTIDADES,1362583,Fundação Universidade de Brasília,470,INDIRETA,IH,,CONCLUÍDA,Reunião,,20.43,19.075,75.18,2024-07-12 08:23:33.817,2024-07-12 08:23:48.897,2024-07-12 08:29:58.653,2024-07-12 08:30:16.290,2024-07-12 08:52:07.297,,SQN 214 BL. E,BRASILIA,BRASILIA,DF,"UPA de Sobradinho, Sobradinho II, Brasilia, DF","UPA de Sobradinho, Sobradinho II, Brasilia, DF",-15.74315,-47.88827,-15.63952,-47.81963,-15.63982,-47.81972,,,,YARES,2022,2023,BRANCA,SGP-**69,,
TAXIGOV_DF_3,1362582,Ministério da Educação,244,DIRETA,SASE/MEC,,CONCLUÍDA,Reunião,,6.09,6.302,23.63,2024-07-12 08:22:26.120,2024-07-12 08:23:48.583,2024-07-12 08:28:41.950,2024-07-12 08:29:21.430,2024-07-12 08:38:38.960,,MINISTERIO DA EDUCACAO,PA 2,BRASILIA,DF,"Instituto Serzedello Correa, SCES Trecho 3 Polo 8, 4, Brasilia, Distrito Federal","Instituto Serzedello Correa, SCES Trecho 3 Polo 8, 4, Brasilia, Distrito Federal",-15.79501,-47.87305,-15.80607,-47.84357,-15.80608,-47.84302,,,,,2020,2020,,REC-**43,,
TAXIGOV_DF_3,1362569,Ministério da Educação,244,DIRETA,AGTA/MEC,,CONCLUÍDA,Reunião,,9.46,9.569,36.7,2024-07-12 08:13:11.837,2024-07-12 08:16:30.187,2024-07-12 08:21:21.333,2024-07-12 08:21:27.670,2024-07-12 08:36:14.680,,MINISTERIO DA EDUCACAO,ASA SUL,BRASILIA,DF,"Escola Nacional de Administracao Publica - Enap, Asa Sul, Brasilia, Distrito Federal","Escola Nacional de Administracao Publica - Enap, Asa Sul, Brasilia, Distrito Federal",-15.79501,-47.87305,-15.83033,-47.93057,-15.83066,-47.93076,,,,,2018,2019,,QOI-**68,,
TAXIGOV_DF_3,1362564,Presidência da República,26,DIRETA,SNPS/SG/PR,,CONCLUÍDA,Reunião,,5.02,4.135,19.48,2024-07-12 08:11:29.047,2024-07-12 08:12:30.150,2024-07-12 08:18:49.460,2024-07-12 08:19:18.907,2024-07-12 08:25:20.330,,"BRASILIA - DF, 70833-520, BRASIL",BRASILIA,BRASILIA,DF,"Instituto Serzedello Correa, SCES Trecho 3 Polo 8, 4, Brasilia, DF","Instituto Serzedello Correa, SCES Trecho 3 Polo 8, 4, Brasilia, DF",-15.79965,-47.85926,-15.80607,-47.84357,-15.8063,-47.84323,,,,,2021,2022,,REQ-**45,,
TAXIGOV_DF_3,1362554,Ministério da Defesa,41066,DIRETA,SEORI/MD,,CONCLUÍDA,Reunião,,21.68,21.93,84.12,2024-07-12 08:05:03.953,2024-07-12 08:06:22.780,2024-07-12 08:12:48.190,2024-07-12 08:13:09.487,2024-07-12 08:35:50.097,,"MINISTERIO DA DEFESA, ESPLANADA DOS MINISTERIOS, BL. Q",ZONA CIVICOADMINISTRATIVA,BRASILIA,DF,"Forte Marechal Rondon, Rodovia DF 001, KM 5, Lago Norte, Brasilia, Distrito Federal","CIGE, LAGO NORTE - DF, BRASIL",-15.79641,-47.86894,-15.70895,-47.81431,-15.71108,-47.81224,,,,,2022,2023,,SGO-**30,,
TAXIGOV_DF_3,1362548,Presidência da República,26,DIRETA,SNPS/SG/PR,,CONCLUÍDA,Reunião,,4.09,4.103,15.87,2024-07-12 08:01:47.623,2024-07-12 08:01:57.080,2024-07-12 08:05:08.903,2024-07-12 08:06:49.130,2024-07-12 08:13:49.050,,PRACA DOS TRES PODERES,ASA NORTE,BRASILIA,DF,"Instituto Serzedello Correa, SCES Trecho 3 Polo 8, 4, Brasilia, DF","Instituto Serzedello Correa, SCES Trecho 3 Polo 8, 4, Brasilia, DF",-15.79955,-47.85965,-15.80607,-47.84357,-15.80623,-47.84316,,,,,2018,2019,,PBO-**89,,
TAXIGOV_DF_ENTIDADES,1362538,Instituto do Patrimônio Histórico e Artístico Nacional,2045,INDIRETA,DPA/IPHAN,,CONCLUÍDA,Reunião,,6.51,7.013,24.09,2024-07-12 07:54:07.277,2024-07-12 07:55:55.413,2024-07-12 08:01:35.660,2024-07-12 08:01:49.723,2024-07-12 08:16:26.940,,"SHIGS 702 BLOCO C,",BRASILIA,BRASILIA,DF,"Foro Trabalhista de Brasilia, SEPN, 513, Asa Norte, Brasilia, Distrito Federal","Foro Trabalhista de Brasilia, SEPN, 513, Asa Norte, Brasilia, Distrito Federal",-15.79883,-47.89682,-15.7495,-47.89527,-15.74948,-47.89487,5.0,,,COROLLA,2023,2023, PRETA,SGW-**96,,
TAXIGOV_DF_ENTIDADES,1362529,"Instituto Nacional de Metrologia, Qualidade e Tecnologia",240,INDIRETA,GABIN/INMETRO,,CONCLUÍDA,Reunião,,12.3,,45.51,2024-07-12 07:34:09.643,2024-07-12 07:34:48.310,2024-07-12 07:41:53.093,2024-07-12 07:44:23.723,2024-07-12 08:04:55.380,,HOTEL EM BRASILIA - MULTIPARQUE HPLUS LONG STAY,SETOR SUDOESTE,BRASILIA,DF,"Aeroporto Internacional de Brasilia / Presidente Juscelino Kubitschek (BSB), Aer. Internacional de Brasilia, s/n, Lago Sul, Brasilia, DF","Aeroporto Internacional de Brasilia / Presidente Juscelino Kubitschek (BSB), Aer. Internacional de Brasilia, s/n, Lago Sul, Brasilia, DF",-15.79447,-47.91809,-15.8698,-47.9206,,,5.0,,,CCROSS,2023,2023,PRATA,SGR-**14,,
TAXIGOV_DF_3,1362519,Ministério da Saúde,304,DIRETA,DEMAS,,CONCLUÍDA,Reunião,,4.03,4.082,15.64,2024-07-12 07:14:04.417,2024-07-12 07:35:54.047,2024-07-12 07:40:57.297,2024-07-12 07:45:48.917,2024-07-12 07:54:12.847,,"MINISTERIO DA SAUDE (MS), ESPLANADA DOS MINISTERIOS, BL. G",BRASILIA,BRASILIA,DF,"PO 700, Via W 5 Norte, Asa Norte, Brasilia, Distrito Federal","PO 700, Via W 5 Norte, Asa Norte, Brasilia, Distrito Federal",-15.80055,-47.86855,-15.78364,-47.89034,-15.78424,-47.89044,,,,,2018,2019,,PBO-**89,,
TAXIGOV_DF_3,1362486,Presidência da República,26,DIRETA,GAB/SRI/PR,,CONCLUÍDA,Outros,,44.82,41.57,173.9,2024-07-11 22:32:15.807,2024-07-11 22:32:58.253,2024-07-11 22:42:04.350,2024-07-11 22:42:04.093,2024-07-11 23:24:19.300,,PCA. DOS TRES PODERES,ASA NORTE,BRASILIA,DF,"Novo Gama, Novo Gama, GO","RUA VINTE E CINCO, 14, NOVO GAMA - GO, 72862-402, BRASIL",-15.79941,-47.86088,-16.05579,-48.03525,-16.05625,-48.03196,,,,,,,,REU-**12,,
TAXIGOV_DF_3,1362485,Presidência da República,26,DIRETA,GAB/SRI/PR,,CONCLUÍDA,Outros,,27.92,25.437,108.33,2024-07-11 22:23:33.917,2024-07-11 22:24:25.720,2024-07-11 22:30:52.850,2024-07-11 22:31:20.110,2024-07-11 23:05:26.763,,PALACIO DO PLANALTO,,BRASILIA,DF,"Ar 11 Conjunto 8, Brasilia, DF","Ar 11 Conjunto 8, Brasilia, DF",-15.79905,-47.86077,-15.64174,-47.82276,-15.64156,-47.82264,,,,,2019,20,,PBY-**66,,
TAXIGOV_DF_ENTIDADES,1362468,Empresa Brasileira de Serviços Hospitalares,117267,INDIRETA,AE/EBSERH,,CONCLUÍDA,Reunião,,3.83,3.818,13.37,2024-07-11 19:42:38.667,2024-07-11 19:42:46.623,2024-07-11 19:45:37.117,2024-07-11 19:47:09.557,2024-07-11 19:54:29.507,,"ESTACIONAMENTO DO ANEXO II CAMARA DOS DEPUTADOS, VIA S2",ASA SUL,BRASILIA,DF,"Edificio Parque Cidade Corporate, Asa Sul, Brasilia, Distrito Federal","Edificio Parque Cidade Corporate, Asa Sul, Brasilia, Distrito Federal",-15.80242,-47.8655,-15.7951,-47.89345,-15.79509,-47.89378,,,,YARIS,2021,2022,PRATA,RET-**80,,
TAXIGOV_DF_3,1362467,Ministério da Saúde,304,DIRETA,CGSPD/DAET/SAES/MS,,CONCLUÍDA,Reunião,,4.15,4.115,16.1,2024-07-11 19:21:04.703,2024-07-11 19:21:33.180,2024-07-11 19:24:03.080,2024-07-11 19:24:29.970,2024-07-11 19:32:50.800,,MINISTERIO DA SAUDE - BLOCO G,,BRASILIA,DF,"PO700 - Ministerio da Saude, Asa Norte, Brasilia, Distrito Federal","PO700 - Ministerio da Saude, Asa Norte, Brasilia, Distrito Federal",-15.80024,-47.86838,-15.78406,-47.89043,-15.78402,-47.89047,,,,,2018,2019,,PBK-**34,,
TAXIGOV_DF_3,1362453,Ministério da Saúde,304,DIRETA,GAB/SE/MS,,CONCLUÍDA,Reunião,,2.56,2.914,9.93,2024-07-11 18:42:11.237,2024-07-11 18:44:14.807,2024-07-11 18:46:44.563,2024-07-11 18:48:03.927,2024-07-11 18:57:15.663,,"SBS, 12",ASA SUL,BRASILIA,DF,"Ministerio da Saude - Bloco G, Brasilia, DF","Ministerio da Saude - Bloco G, Brasilia, DF",-15.80089,-47.88341,-15.80024,-47.86838,-15.8003,-47.86823,,,,,2023,2024,,SGV-**61,,
TAXIGOV_DF_3,1362447,Presidência da República,26,DIRETA,SNPS/SG/PR,,CONCLUÍDA,Reunião,,4.27,4.287,16.57,2024-07-11 18:27:19.367,2024-07-11 18:33:26.803,2024-07-11 18:41:22.800,2024-07-11 18:41:56.937,2024-07-11 18:49:28.597,,N UM LESTE,ASA SUL,BRASILIA,DF,"Anexo I (Palacio do Planalto   Presidencia da Republica), Praca dos Tres Poderes, Brasilia, DF","Anexo I (Palacio do Planalto   Presidencia da Republica), Praca dos Tres Poderes, Brasilia, DF",-15.806,-47.84257,-15.79955,-47.85925,-15.79995,-47.8592,,,,,2023,2023,,SGR-**14,,
TAXIGOV_DF_3,1362442,Presidência da República,26,DIRETA,CGPPP/IN/CC/PR,,EM ANDAMENTO,Reunião,,,,,2024-07-11 18:20:05.063,2024-07-12 01:40:17.683,,,,,ESTRADA PARQUE INDUSTRIAS GRAFICAS,ZONA INDUSTRIAL,BRASILIA,DF,"SQS 409 Bl. B, Asa Sul, Brasilia, DF",,-15.79243,-47.9136,-15.82359,-47.9027,,,,,,,2024,25,,SSK-**89,,
TAXIGOV_DF_3,1362440,Ministério da Educação,244,DIRETA,ASSCER/GM,,CONCLUÍDA,Reunião,,1.34,1.685,7.76,2024-07-11 18:15:36.103,2024-07-11 18:18:02.777,2024-07-11 18:25:27.223,2024-07-11 18:25:47.623,2024-07-11 18:29:50.827,,PALACIO DO PLANALTO,,BRASILIA,DF,"Ministerio da Educacao, Brasilia, DF","Ministerio da Educacao, Brasilia, DF",-15.79905,-47.86077,-15.79501,-47.87305,-15.79511,-47.87284,,,,,2018,2019,,PBR-**65,,
TAXIGOV_DF_3,1362438,Ministério da Educação,244,DIRETA,ASSCER/GM,,CANCELADA,Reunião,,,,7.76,2024-07-11 18:12:55.377,2024-07-11 18:20:34.903,,2024-07-11 18:12:55.377,2024-07-11 18:20:34.903,2024-07-11 18:20:34.903,PALACIO DO PLANALTO,,BRASILIA,DF,"Ministerio da Educacao, Brasilia, Distrito Federal",,-15.79905,-47.86077,-15.79501,-47.87305,,,,,,,,,,,,
TAXIGOV_DF_3,1362437,Ministério da Educação,244,DIRETA,SEXEC/MEC,,CONCLUÍDA,Reunião,,1.3,1.688,7.76,2024-07-11 18:12:21.357,2024-07-11 18:13:30.877,2024-07-11 18:15:11.607,2024-07-11 18:15:49.467,2024-07-11 18:19:58.633,,PALACIO DO PLANALTO,,BRASILIA,DF,"Ministerio da Educacao, Brasilia, DF","Ministerio da Educacao, Brasilia, DF",-15.79905,-47.86077,-15.79501,-47.87305,-15.79508,-47.87284,,,,,2023,2023,,SGV-**21,,
TAXIGOV_DF_3,1362433,Ministério das Relações Exteriores,263,DIRETA,ABC/SPECE/MRE,,CONCLUÍDA,Reunião,,9.87,10.129,38.3,2024-07-11 18:04:15.130,2024-07-11 18:06:32.810,2024-07-11 18:14:18.057,2024-07-11 18:15:57.120,2024-07-11 18:32:15.133,,SPO. 15,ASA SUL,BRASILIA,DF,"Agencia Brasileira de Cooperacao, Brasilia, DF","Agencia Brasileira de Cooperacao, Brasilia, DF",-15.83041,-47.93099,-15.80407,-47.86809,-15.80426,-47.86794,,,,,2023,2023,,SGR-**14,,
TAXIGOV_DF_3,1362431,Ministério da Saúde,304,DIRETA,GM/MS,,CANCELADA,Reunião,,,,7.76,2024-07-11 18:03:00.017,2024-07-11 18:16:43.147,,2024-07-11 18:03:00.017,2024-07-11 18:16:43.147,2024-07-11 18:16:43.147,"TRIBUNAL DE CONTAS DA UNIAO - INSTITUTO SERZEDELLO CORREA, 4",,BRASILIA,DF,"Ministerio da Saude - Bloco G, Brasilia, DF",,-15.8066,-47.84297,-15.80024,-47.86838,,,,,,,,,,,,
TAXIGOV_DF_ENTIDADES,1362424,Instituto Chico Mendes de Conservação da Biodiversidade,91842,INDIRETA,ICMBIO/ICMBIO,,CONCLUÍDA,Reunião,,8.8,8.512,31.24,2024-07-11 17:58:27.510,2024-07-11 17:58:34.337,2024-07-11 18:03:15.120,2024-07-11 18:04:18.977,2024-07-11 18:28:05.243,,"ADVOCACIA-GERAL DA UNIAO, 6",ASA SUL,BRASILIA,DF,"Instituto Chico Mendes de Conservacao da Biodiversidade, Brasilia, Distrito Federal","Instituto Chico Mendes de Conservacao da Biodiversidade, Brasilia, Distrito Federal",-15.80231,-47.88046,-15.80329,-47.92629,-15.80323,-47.92629,,,,SPIN ACT,2022,2023,PRATA,SGR-**00,,
TAXIGOV_DF_3,1362414,Presidência da República,26,DIRETA,SNJ/SG/PR,,CONCLUÍDA,Reunião,,2.37,1.736,9.2,2024-07-11 17:50:14.463,2024-07-11 17:51:57.617,2024-07-11 18:06:02.447,2024-07-11 18:07:02.567,2024-07-11 18:13:23.290,,"BL P, EIXO MONUMENTAL",,BRASILIA,DF,"Arco do Anexo do Palacio do Planalto, Via N1, Brasilia, Distrito Federal","Arco do Anexo do Palacio do Planalto, Via N1, Brasilia, Distrito Federal",-15.79599,-47.86971,-15.79967,-47.85931,-15.79985,-47.85968,,,,,2023,2023,,SGV-**21,,
TAXIGOV_DF_3,1362413,Ministério da Saúde,304,DIRETA,CGSPD/DAET/SAES/MS,,CONCLUÍDA,Reunião,,4.36,4.1,16.92,2024-07-11 17:49:14.640,2024-07-11 17:49:53.073,2024-07-11 17:51:09.577,2024-07-11 17:52:08.210,2024-07-11 18:05:08.783,,"MINISTERIO DA CIENCIA, TECNOLOGIA E INOVACAO - MCTI",PA 2,BRASILIA,DF,"Edificio PO 700, Asa Norte, Brasilia, DF","Edificio PO 700, Asa Norte, Brasilia, DF",-15.79986,-47.87005,-15.78364,-47.89034,-15.78418,-47.89045,,,,,2022,2022,,SGQ-**92,,
TAXIGOV_DF_3,1362412,Ministério da Saúde,304,DIRETA,GAB/SVS,,CONCLUÍDA,Reunião,,4.05,4.228,15.71,2024-07-11 17:49:03.573,2024-07-11 17:49:12.063,2024-07-11 17:52:49.987,2024-07-11 17:53:48.553,2024-07-11 18:03:07.013,,"SRTVN, 701",ASA NORTE,BRASILIA,DF,"Ministerio da Saude - Bloco G, Brasilia, DF","Ministerio da Saude - Bloco G, Brasilia, DF",-15.78407,-47.89045,-15.80024,-47.86838,-15.80035,-47.86824,,,,,2023,24,,SSF-**23,,
TAXIGOV_DF_ENTIDADES,1362411,Instituto do Patrimônio Histórico e Artístico Nacional,2045,INDIRETA,CNA/IPHAN,,CONCLUÍDA,Reunião,,3.73,4.004,13.8,2024-07-11 17:48:21.313,2024-07-11 17:53:36.097,2024-07-11 18:00:23.253,2024-07-11 18:00:36.967,2024-07-11 18:14:24.080,,EDIFICIO CNC III,ASA NORTE,BRASILIA,DF,"SEPS 702/902, Brasilia, Brasilia, DF","SEPS 702/902, Brasilia, Brasilia, DF",-15.78875,-47.87842,-15.79921,-47.89705,-15.79938,-47.897,,,,COROLLA CROSS,2023,2024,PRATA,SGS-**04,,
TAXIGOV_DF_3,1362410,Ministério da Saúde,304,DIRETA,CGVAM/DSASTE/SVS/MS,,CONCLUÍDA,Reunião,,4.12,4.136,15.99,2024-07-11 17:48:08.823,2024-07-11 17:48:22.230,2024-07-11 17:50:23.080,2024-07-11 17:52:12.573,2024-07-11 18:01:02.517,,MINISTERIO DA SAUDE - BLOCO G,,BRASILIA,DF,"PO700 - Ministerio da Saude, SRTVN, 701, Asa Norte, Brasilia, Distrito Federal","PO700 - Ministerio da Saude, SRTVN, 701, Asa Norte, Brasilia, Distrito Federal",-15.80024,-47.86838,-15.78407,-47.89045,-15.78421,-47.89046,,,,,2024,2024,,SSI-**69,,
TAXIGOV_DF_3,1362409,Ministério da Saúde,304,DIRETA,DEGERTS,,CANCELADA,Reunião,,,,7.76,2024-07-11 17:47:06.357,2024-07-11 17:55:15.983,,2024-07-11 17:47:06.357,2024-07-11 17:55:15.983,2024-07-11 17:55:15.983,ESCOLA NACIONAL DE ADMINISTRACAO PUBLICA - ENAP,ASA SUL,BRASILIA,DF,"PO700 - Ministerio da Saude, SRTVN, 701, Asa Norte, Brasilia, Distrito Federal",,-15.83033,-47.93057,-15.78407,-47.89045,,,,,,,,,,,,
TAXIGOV_DF_3,1362407,Ministério da Saúde,304,DIRETA,CGSPD/DAET/SAES/MS,,CANCELADA,Reunião,,,,,2024-07-11 17:46:22.107,2024-07-11 17:46:30.787,,2024-07-11 17:46:30.787,2024-07-11 17:47:30.540,2024-07-11 17:47:30.540,VIA EIXO MONUMENTAL,EIXO MONUMENTAL,BRASILIA,DF,"PO 700, SRTVN, Asa Norte, Brasilia, DF",,-15.78054,-47.92569,-15.78456,-47.88949,,,,,,,2023,2023,,SGU-**95,,
TAXIGOV_DF_3,1362397,Ministério da Saúde,304,DIRETA,DENASUS/SE/MS,,CONCLUÍDA,Reunião,,4.1,4.145,15.91,2024-07-11 17:40:19.457,2024-07-11 17:40:43.267,2024-07-11 17:43:51.760,2024-07-11 17:43:58.380,2024-07-11 17:52:57.397,,MINISTERIO DA SAUDE - BLOCO G,,BRASILIA,DF,"Edificio PO 700, Via W 5 Norte, Asa Norte, Brasilia, Distrito Federal","Edificio PO 700, Via W 5 Norte, Asa Norte, Brasilia, Distrito Federal",-15.80024,-47.86838,-15.78364,-47.89034,-15.78429,-47.89046,,,,,2017,2017,,PAX-**23,,
TAXIGOV_DF_ENTIDADES,1362393,"Instituto Nacional de Metrologia, Qualidade e Tecnologia",240,INDIRETA,GABIN/INMETRO,,CONCLUÍDA,Reunião,,1.03,2.099,7.4,2024-07-11 17:36:37.083,2024-07-11 17:38:49.210,2024-07-11 17:47:13.217,2024-07-11 17:53:06.273,2024-07-11 17:56:53.960,,"INSTITUTO NACIONAL DE METROLOGIA, QUALIDADE E TECNOLOGIA",ZONA INDUSTRIAL,BRASILIA,DF,"Hotel em Brasilia - Multiparque Hplus Long Stay, Brasilia, DF","Hotel em Brasilia - Multiparque Hplus Long Stay, Brasilia, DF",-15.79429,-47.9117,-15.79447,-47.91809,-15.79376,-47.91817,,,,VIRTUS,2021,2022,BRANCA,REO-**84,,
TAXIGOV_DF_3,1362381,Ministério da Saúde,304,DIRETA,CGSPD/DAET/SAES/MS,,CANCELADA,Reunião,,,,7.76,2024-07-11 17:26:50.770,2024-07-11 17:27:01.377,,2024-07-11 17:27:01.377,2024-07-11 17:45:58.977,2024-07-11 17:45:58.977,VIA EIXO MONUMENTAL,EIXO MONUMENTAL,BRASILIA,DF,"PO 700, SRTVN, Asa Norte, Brasilia, DF",,-15.78054,-47.92569,-15.78456,-47.88949,,,,,,,2023,2023,,SGU-**95,,
TAXIGOV_DF_3,1362378,Presidência da República,26,DIRETA,SNPS/SG/PR,,CONCLUÍDA,Reunião,,5.07,5.026,19.67,2024-07-11 17:25:19.137,2024-07-11 17:25:28.867,2024-07-11 17:25:32.970,2024-07-11 17:26:20.323,2024-07-11 17:33:06.153,,"SCES TR. 3 POLO 8, LT. 3",ASA SUL,BRASILIA,DF,"Anexo I (Palacio do Planalto   Presidencia da Republica), Praca dos Tres Poderes, Brasilia, DF","VIA N. UM LESTE, EIXO MONUMENTAL, BRASILIA - DF, BRASIL",-15.80629,-47.84259,-15.79955,-47.85925,-15.79928,-47.86179,,,,,,,,SSK-**03,,
TAXIGOV_DF_3,1362377,Ministério do Desenvolvimento Agrário e Agricultura Familiar,308794,DIRETA,CGACT / SE / MDA,,CONCLUÍDA,Reunião,,2.24,2.501,8.69,2024-07-11 17:24:58.673,2024-07-11 17:31:08.473,2024-07-11 17:42:58.140,2024-07-11 17:42:59.777,2024-07-11 17:48:57.080,,PALACIO DO DESENVOLVIMENTO,ASA NORTE,BRASILIA,DF,"Ministerio da Agricultura e Pecuaria, Brasilia, DF","Ministerio da Agricultura e Pecuaria, Brasilia, DF",-15.79075,-47.87953,-15.79953,-47.87093,-15.79947,-47.8707,,,,,2022,2022,,SGQ-**92,,
TAXIGOV_DF_ENTIDADES,1362371,Instituto Nacional de Estudos e Pesquisas Educacionais Anísio Teixeira,249,INDIRETA,GAB/DGP/INEP,,CONCLUÍDA,Reunião,,5.51,5.708,20.33,2024-07-11 17:14:26.220,2024-07-11 17:14:40.520,2024-07-11 17:17:05.643,2024-07-11 17:19:02.383,2024-07-11 17:31:36.753,,MINISTERIO DA EDUCACAO,PA 2,BRASILIA,DF,"Instituto Nacional de Estudos e Pesquisas Educacionais, Brasilia, DF","Instituto Nacional de Estudos e Pesquisas Educacionais, Brasilia, DF",-15.79501,-47.87305,-15.788,-47.91424,-15.78831,-47.91382,,,,VOYAGE,2021,2022,BRANCA,RMO-**95,,
TAXIGOV_DF_3,1362367,Ministério do Desenvolvimento Agrário e Agricultura Familiar,308794,DIRETA,SAF / MDA,,CANCELADA,Reunião,,,,7.76,2024-07-11 17:10:38.060,2024-07-11 17:10:49.710,,2024-07-11 17:10:49.710,2024-07-11 17:17:38.393,2024-07-11 17:17:38.393,INSTITUTO NACIONAL DE COLONIZACAO E REFORMA AGRARIA - SEDE,ASA NORTE,BRASILIA,DF,"Ministerio da Economia - Bloco C, Esplanada dos Ministerios, Zona Civico-Administrativa, Brasilia, Distrito Federal",,-15.79089,-47.87956,-15.79906,-47.87167,,,,,,,2023,2024,,SGV-**13,,
TAXIGOV_DF_3,1362363,Ministério da Saúde,304,DIRETA,DGAP,,CONCLUÍDA,Transporte de documentos / materiais,,2.59,2.315,10.05,2024-07-11 17:07:40.847,2024-07-11 17:07:50.410,2024-07-11 17:13:03.687,2024-07-11 17:13:44.103,2024-07-11 17:22:03.643,,"SRTVN, 701",ASA NORTE,BRASILIA,DF,"Rodoviaria Plano Piloto, Brasilia, DF","Rodoviaria Plano Piloto, Brasilia, DF",-15.78407,-47.89045,-15.79366,-47.88296,-15.79301,-47.88311,,,,,2019,2020,,QUB-**43,,
TAXIGOV_DF_ENTIDADES,1362360,Instituto do Patrimônio Histórico e Artístico Nacional,2045,INDIRETA,GABINETE/IPHAN,,CONCLUÍDA,Reunião,,4.0,4.111,14.8,2024-07-11 17:04:22.877,2024-07-11 17:05:04.493,2024-07-11 17:11:06.387,2024-07-11 17:11:20.027,2024-07-11 17:23:26.787,,CAMARA DOS DEPUTADOS,ASA SUL,BRASILIA,DF,VIA W4 SUL - ASA SUL - BRASILIA,VIA W4 SUL - ASA SUL - BRASILIA,-15.80253,-47.86535,-15.79982,-47.89714,-15.79883,-47.89749,,,,KICKS,2023,2024,PRATA,SGV-**61,,
TAXIGOV_DF_3,1362358,Ministério da Educação,244,DIRETA,ACS/GM/MEC,,CONCLUÍDA,Reunião,,18.41,,71.43,2024-07-11 17:02:11.817,2024-07-11 17:04:14.713,2024-07-11 17:10:00.063,2024-07-11 17:13:29.473,2024-07-11 17:44:24.160,,"AEROPORTO INTERNACIONAL DE BRASILIA, RODOVIA PRESIDENTE JUSCELINO KUBITSCHEK, S/N",,BRASILIA,DF,"SHCGN 709 Bloco P, Asa Norte, Brasilia, Distrito Federal","SHCGN 709 Bloco P, Asa Norte, Brasilia, Distrito Federal",-15.86997,-47.92097,-15.76153,-47.89445,,,5.0,,,,2023,2024,,SGY-**09,,
TAXIGOV_DF_3,1362357,Ministério do Turismo,72084,DIRETA,CGCE/GM,,CONCLUÍDA,Outros,,3.42,2.884,13.27,2024-07-11 17:00:42.763,2024-07-11 17:00:49.243,2024-07-11 17:00:57.660,2024-07-11 17:01:05.707,2024-07-11 17:14:09.740,,"SBS CEF MATRIZ I,",PA 7,BRASILIA,DF,"MINISTERIO MINAS ENERGIA BL U, - PA 1","EM BLOCO U, BLOCO U, ASA NORTE, BRASILIA - DF, BRASIL",-15.80255,-47.88395,-15.79623,-47.86879,-15.79672,-47.86778,,,,,2018,2019,,PBK-**34,,
TAXIGOV_DF_3,1362356,Ministério das Relações Exteriores,263,DIRETA,IRBr/MRE,,CONCLUÍDA,Reunião,,1.34,1.52,7.76,2024-07-11 16:59:04.470,2024-07-11 16:59:15.800,2024-07-11 16:59:27.473,2024-07-11 17:03:07.607,2024-07-11 17:06:37.170,,"MINISTERIO DA ECONOMIA BL C,",PA 1,BRASILIA,DF,"SAFS INSTITUTO RIO BRANCO, - SAFS","SAFS INSTITUTO RIO BRANCO, - SAFS",-15.79888,-47.87152,-15.80534,-47.86896,-15.80586,-47.86878,,,,,2024,2024,,SSI-**69,,
TAXIGOV_DF_3,1362351,Ministério da Saúde,304,DIRETA,DAPSI,,CONCLUÍDA,Reunião,,9.69,8.006,37.6,2024-07-11 16:56:20.073,2024-07-11 16:56:27.770,2024-07-11 17:01:39.980,2024-07-11 17:04:39.477,2024-07-11 17:25:42.403,,ESCOLA NACIONAL DE ADMINISTRACAO PUBLICA - ENAP,ASA SUL,BRASILIA,DF,"PO 700, SRTVN, Asa Norte, Brasilia, DF","PO 700, SRTVN, Asa Norte, Brasilia, DF",-15.83033,-47.93057,-15.78456,-47.88949,-15.7841,-47.89044,,,,,2023,2024,,SSG-**83,,
TAXIGOV_DF_3,1362344,Ministério da Saúde,304,DIRETA,DAHU/SAES/MS,,CONCLUÍDA,Reunião,,10.11,9.763,39.23,2024-07-11 16:53:16.947,2024-07-11 16:53:26.367,2024-07-11 16:59:24.863,2024-07-11 17:00:06.997,2024-07-11 17:15:21.597,,ESCOLA NACIONAL DE ADMINISTRACAO PUBLICA - ENAP,ASA SUL,BRASILIA,DF,"Anexo do Ministerio da Saude, Eixo Monumental, G, Brasilia, Distrito Federal","EMI BLOCO G, ASA SUL, BRASILIA - DF, 70058-900, BRASIL",-15.83033,-47.93057,-15.80181,-47.86856,-15.79981,-47.86805,,,,,2024,2024,,SSI-**99,,
TAXIGOV_DF_ENTIDADES,1362342,Fundação Nacional do Índio,173,INDIRETA,SEDOC/FUNAI,,CONCLUÍDA,Reunião,,8.61,8.149,30.57,2024-07-11 16:51:30.680,2024-07-11 16:51:40.473,2024-07-11 16:58:38.213,2024-07-11 17:00:15.490,2024-07-11 17:12:37.533,,"SIA TRECHO 8, S/N",ZONA INDUSTRIAL GUARA,BRASILIA,DF,"Edificio Parque Cidade Corporate, Asa Sul, Brasilia, DF","Edificio Parque Cidade Corporate, Asa Sul, Brasilia, DF",-15.79787,-47.94765,-15.7951,-47.89345,-15.79441,-47.89285,,,,COROLLA,2024,2024,PRATA,SSH-**27,,
TAXIGOV_DF_3,1362334,Ministério da Saúde,304,DIRETA,DECIT,,CONCLUÍDA,Reunião,,3.72,4.129,14.43,2024-07-11 16:47:11.360,2024-07-11 16:50:59.073,2024-07-11 16:51:55.927,2024-07-11 16:52:38.907,2024-07-11 17:04:16.990,,MINISTERIO DA SAUDE - BLOCO G,,BRASILIA,DF,"PO700 - Ministerio da Saude, Asa Norte, Brasilia, Distrito Federal","PO700 - Ministerio da Saude, Asa Norte, Brasilia, Distrito Federal",-15.80024,-47.86838,-15.78406,-47.89043,-15.78415,-47.89047,,,,,2024,2024,,SSL-**29,,
TAXIGOV_DF_3,1362331,Presidência da República,26,DIRETA,SAM/CC/PR,,CONCLUÍDA,Reunião,,3.25,3.192,12.61,2024-07-11 16:46:01.263,2024-07-11 16:46:59.050,2024-07-11 16:48:50.947,2024-07-11 16:48:57.327,2024-07-11 16:57:43.610,,"SAUS QD. 3, LT. 5/6",BRASILIA,BRASILIA,DF,"Palacio do Planalto, Brasilia, DF","Palacio do Planalto, Brasilia, DF",-15.80235,-47.88043,-15.79905,-47.86077,-15.79927,-47.86177,,,,,2018,2018,,QOB-**36,,
TAXIGOV_DF_3,1362326,Presidência da República,26,DIRETA,SPDIGI/SECOM/PR,,CONCLUÍDA,Reunião,,2.59,2.286,10.05,2024-07-11 16:43:40.560,2024-07-11 16:48:33.177,2024-07-11 16:52:22.010,2024-07-11 16:56:00.047,2024-07-11 17:05:01.593,,"MINISTERIO DO DESENVOLVIMENTO, INDUSTRIA, COMERCIO E SERVICOS - MDIC",PA 2,BRASILIA,DF,"Palacio do Planalto, Brasilia, Distrito Federal","VIA N. UM LESTE, ASA SUL, BRASILIA - DF, BRASIL",-15.79449,-47.87461,-15.79905,-47.86077,-15.79978,-47.85925,,,,,2022,2023,,RVU-**98,,
TAXIGOV_DF_ENTIDADES,1362325,Instituto Nacional do Seguro Social,1934,INDIRETA,DGPA/INSS/AC,,CONCLUÍDA,Reunião,,2.06,1.489,7.62,2024-07-11 16:43:03.883,2024-07-11 16:46:44.323,2024-07-11 16:51:58.520,2024-07-11 16:54:01.220,2024-07-11 16:58:11.267,,DNIT - DEPARTAMENTO NACIONAL DE INFRAESTRUTURA DE TRANSPORTES,ASA NORTE,BRASILIA,DF,"Instituto Nacional do Seguro Social - Sede, Asa Sul, Brasilia, DF","Instituto Nacional do Seguro Social - Sede, Asa Sul, Brasilia, DF",-15.78999,-47.87497,-15.80116,-47.87889,-15.80198,-47.87911,,,,VOYAGE,2020,2020,PRATA,REC-**41,,
TAXIGOV_DF_3,1362319,Ministério das Relações Exteriores,263,DIRETA,IRBr/MRE,,CONCLUÍDA,Reunião,,2.79,3.062,10.83,2024-07-11 16:41:01.723,2024-07-11 16:47:51.793,2024-07-11 16:49:38.337,2024-07-11 16:51:26.897,2024-07-11 16:57:30.623,,INSTITUTO RIO BRANCO,ASA SUL,BRASILIA,DF,"Ministerio da Igualdade Racial, Brasilia, Distrito Federal","Ministerio da Igualdade Racial, Brasilia, Distrito Federal",-15.80554,-47.86892,-15.79941,-47.87172,-15.79905,-47.87148,,,,,2024,2024,,SSI-**69,,
TAXIGOV_DF_3,1362318,Ministério da Educação,244,DIRETA,SASE/MEC,,CANCELADA,Reunião,,,,7.76,2024-07-11 16:40:55.983,2024-07-11 16:48:43.043,,2024-07-11 16:40:55.983,2024-07-11 16:48:43.043,2024-07-11 16:48:43.043,"INSTITUTO SERZEDELLO CORREA, SCES TRECHO 3 POLO 8, 4",,BRASILIA,DF,"Ministerio da Educacao, Brasilia, Distrito Federal",,-15.80607,-47.84357,-15.79501,-47.87305,,,,,,,,,,,,
TAXIGOV_DF_ENTIDADES,1362317,Instituto Brasileiro do Meio Ambiente e dos Recursos Naturais Renováveis,1812,INDIRETA,CENIMA/IBAMA,,CONCLUÍDA,Reunião,,4.91,5.028,18.17,2024-07-11 16:39:19.357,2024-07-11 16:42:44.917,2024-07-11 16:50:04.020,2024-07-11 16:50:19.607,2024-07-11 16:58:35.850,,ADMINISTRACAO REGIONAL DE PLANO PILOTO,ASA NORTE,BRASILIA,DF,"CENIMA - Centro Nacional de Monitoramento e Informacoes Ambientais, Brasilia, DF","CENIMA - Centro Nacional de Monitoramento e Informacoes Ambientais, Brasilia, DF",-15.78777,-47.87855,-15.76459,-47.86127,-15.7643,-47.8616,,,,COROLLA,2019,2019,PRETA,PBU-**76,,
TAXIGOV_DF_3,1362315,Presidência da República,26,DIRETA,GAB/SECOM/PR,,CONCLUÍDA,Reunião,,1.5,1.12,7.76,2024-07-11 16:38:23.137,2024-07-11 16:42:19.787,2024-07-11 16:46:52.947,2024-07-11 16:58:41.760,2024-07-11 17:01:32.840,,"ANEXO IV (PALACIO DO PLANALTO   PRESIDENCIA DA REPUBLICA), VIA N2",ASA SUL,BRASILIA,DF,"Ministerio dos Transportes - Anexo A e B, Eixo Monumental, Brasilia, Distrito Federal","Ministerio dos Transportes - Anexo A e B, Eixo Monumental, Brasilia, Distrito Federal",-15.79866,-47.8589,-15.79543,-47.86689,-15.79533,-47.86703,,,,,2017,2017,,PAQ-**53,,
TAXIGOV_DF_ENTIDADES,1362305,Instituto Chico Mendes de Conservação da Biodiversidade,91842,INDIRETA,ICMBIO/ICMBIO,,CONCLUÍDA,Reunião,,7.04,7.159,24.99,2024-07-11 16:34:40.537,2024-07-11 16:35:17.080,2024-07-11 16:40:13.943,2024-07-11 16:42:51.777,2024-07-11 16:57:51.240,,INSTITUTO CHICO MENDES DE CONSERVACAO DA BIODIVERSIDADE,SETOR SUDOESTE,BRASILIA,DF,"Advocacia-Geral da Uniao, 6, Asa Sul, Brasilia, Distrito Federal","Advocacia-Geral da Uniao, 6, Asa Sul, Brasilia, Distrito Federal",-15.80329,-47.92629,-15.80231,-47.88046,-15.80167,-47.88072,,,,COROLLA,2021,2022,PRETA,RES-**04,,
TAXIGOV_DF_3,1362296,Ministério da Saúde,304,DIRETA,ASCER/GM/MS,,CONCLUÍDA,Outros,,3.89,4.427,15.09,2024-07-11 16:31:12.067,2024-07-11 16:31:25.317,2024-07-11 16:44:36.413,2024-07-11 16:44:49.267,2024-07-11 16:54:22.540,,HOSPITAL UNIVERSITÁRIO DE BRASÍLIA,ASA NORTE,BRASÍLIA,DF,MINISTÉRIO DA SAÚDE - BLOCO G - BRASÍLIA / DF,MINISTÉRIO DA SAÚDE - BLOCO G - BRASÍLIA / DF,-15.77091,-47.87361,-15.80024,-47.86838,-15.80032,-47.86826,,,,,,,,REK-**58,,
TAXIGOV_DF_3,1362291,Ministério da Saúde,304,DIRETA,DGCI,,CONCLUÍDA,Reunião,,4.22,4.145,16.37,2024-07-11 16:30:12.430,2024-07-11 16:30:37.427,2024-07-11 16:32:07.313,2024-07-11 16:32:20.783,2024-07-11 16:39:05.653,,MINISTERIO DA SAUDE - BLOCO G,,BRASILIA,DF,"PO 700, SRTVN, Asa Norte, Brasilia, DF","PO 700, SRTVN, Asa Norte, Brasilia, DF",-15.80024,-47.86838,-15.78456,-47.88949,-15.78429,-47.89046,,,,,2019,2020,,PBR-**50,,
TAXIGOV_DF_ENTIDADES,1362286,Agência Espacial Brasileira,4243,INDIRETA,DPEI/AEB,,CONCLUÍDA,Reunião,,14.03,14.042,52.05,2024-07-11 16:28:09.690,2024-07-11 16:28:19.563,2024-07-11 16:35:32.080,2024-07-11 16:36:37.390,2024-07-11 16:54:16.983,,EIXO MONUMENTAL,,BRASILIA,DF,"AEB Agencia Espacial Brasileira, Brasilia, DF","AEB Agencia Espacial Brasileira, Brasilia, DF",-15.7995,-47.85869,-15.81587,-47.94311,-15.81558,-47.94307,,,,YARIS,2022,2023,PRATA,SGR-**08,,
TAXIGOV_DF_3,1362280,Ministério da Educação,244,DIRETA,SAA/SEXEC/MEC,,CANCELADA,Reunião,,,,7.76,2024-07-11 16:26:27.383,2024-07-11 16:36:32.400,,2024-07-11 16:26:27.383,2024-07-11 16:36:32.400,2024-07-11 16:36:32.400,"ESPLANADA DOS MINISTERIOS, BL. L",BRASILIA,BRASILIA,DF,"MEC Cetremec, Sgas, Asa Sul, Brasilia, DF",,-15.79331,-47.87215,-15.81501,-47.88775,,,,,,,,,,,,
TAXIGOV_DF_3,1362272,Ministério do Turismo,72084,DIRETA,CGCE/GM,,CONCLUÍDA,Outros,,2.92,3.71,11.33,2024-07-11 16:24:38.470,2024-07-11 16:37:07.943,2024-07-11 16:40:30.027,2024-07-11 16:44:23.687,2024-07-11 16:55:33.207,,EM BLOCO U,BRASILIA,BRASILIA,DF,"Caixa Cultural Brasilia, Asa Sul, Brasilia, DF","Caixa Cultural Brasilia, Asa Sul, Brasilia, DF",-15.79661,-47.86808,-15.80383,-47.88411,-15.80321,-47.88379,,,,,2018,2019,,PBK-**34,,
TAXIGOV_DF_3,1362271,Ministério da Justiça e Segurança Pública,235881,DIRETA,DPJUS/SNJ/MJSP,,CONCLUÍDA,Reunião,,14.33,12.264,55.6,2024-07-11 16:24:22.777,2024-07-11 16:25:01.423,2024-07-11 16:27:39.043,2024-07-11 16:27:59.527,2024-07-11 16:43:30.337,,IGUATEMI BRASILIA,SETOR DE HABITACOES INDIVIDUAIS NORTE,BRASILIA,DF,"Ministerio da Justica e Cidadania - Anexo II, Brasilia, Distrito Federal","Ministerio da Justica e Cidadania - Anexo II, Brasilia, Distrito Federal",-15.72094,-47.88592,-15.796570000000001,-47.86601,-15.79677,-47.86592,,,,,2024,2024,,SSL-**29,,
TAXIGOV_DF_3,1362270,Ministério do Desenvolvimento Agrário e Agricultura Familiar,308794,DIRETA,CGLOG / SPOA / SE / MDA,,CONCLUÍDA,Reunião,,5.57,5.863,21.61,2024-07-11 16:23:45.797,2024-07-11 16:23:54.160,2024-07-11 16:28:41.780,2024-07-11 16:28:42.110,2024-07-11 16:38:23.473,,CONTROLADORIA-GERAL DA UNIAO,ZONA INDUSTRIAL,BRASILIA,DF,"Ministerio da Agricultura e Pecuaria, Brasilia, DF","Ministerio da Agricultura e Pecuaria, Brasilia, DF",-15.78993,-47.91179,-15.79953,-47.87093,-15.79956,-47.87071,,,,,2020,2020,,RED-**83,,
TAXIGOV_DF_3,1362255,Ministério da Saúde,304,DIRETA,GAB/SE/MS,,CONCLUÍDA,Reunião,,3.31,3.703,12.84,2024-07-11 16:19:56.700,2024-07-11 16:21:38.127,2024-07-11 16:25:21.743,2024-07-11 16:26:09.683,2024-07-11 16:36:50.267,,MINISTERIO DA SAUDE - BLOCO G,,BRASILIA,DF,"Fundo Nacional de Desenvolvimento da Educacao, Sbs, 12, Asa Sul, Brasilia, DF","Fundo Nacional de Desenvolvimento da Educacao, Sbs, 12, Asa Sul, Brasilia, DF",-15.80024,-47.86838,-15.80089,-47.88341,-15.80137,-47.88349,,,,,2022,2023,,SGQ-**49,,
TAXIGOV_DF_3,1362252,Ministério da Educação,244,DIRETA,AP/GM/MEC,,CONCLUÍDA,Reunião,,1.55,1.247,7.76,2024-07-11 16:18:52.573,2024-07-11 16:22:26.930,2024-07-11 16:26:24.493,2024-07-11 16:27:01.743,2024-07-11 16:31:43.390,,CAMARA DOS DEPUTADOS,,BRASILIA,DF,"Ministerio da Educacao (MEC), Esplanada dos Ministerios, Bl. L, ZONA CIVICOADMINISTRATIVA, BRASILIA, DF","Ministerio da Educacao (MEC), Esplanada dos Ministerios, Bl. L, ZONA CIVICOADMINISTRATIVA, BRASILIA, DF",-15.80006,-47.86436,-15.7949,-47.87322,-15.79514,-47.8729,,,,,2022,2023,,RVU-**98,,
TAXIGOV_DF_3,1362247,Ministério da Saúde,304,DIRETA,DATHI,,CONCLUÍDA,Reunião,,10.75,9.98,41.71,2024-07-11 16:17:51.557,2024-07-11 16:17:59.313,2024-07-11 16:20:49.707,2024-07-11 16:22:21.193,2024-07-11 16:40:25.090,,"ANEXO DO MINISTERIO DA SAUDE, EIXO MONUMENTAL",G,BRASILIA,DF,"Escola Nacional de Administracao Publica - Enap, Asa Sul, Brasilia, Distrito Federal","Escola Nacional de Administracao Publica - Enap, Asa Sul, Brasilia, Distrito Federal",-15.80181,-47.86856,-15.83033,-47.93057,-15.8302,-47.93144,,,,,,,,REL-**24,,
TAXIGOV_DF_3,1362227,Ministério da Defesa,41066,DIRETA,SEORI/MD,,CONCLUÍDA,Reunião,,26.96,23.387,104.6,2024-07-11 16:12:58.173,2024-07-11 16:15:37.600,2024-07-11 16:41:56.907,2024-07-11 16:44:28.837,2024-07-11 17:14:13.320,,"FORTE MARECHAL RONDON, RODOVIA DF 001, KM 5",LAGO NORTE,BRASILIA,DF,"Ministerio da Defesa, Esplanada dos Ministerios, Bl. Q, ZONA CIVICOADMINISTRATIVA, BRASILIA, DF","Ministerio da Defesa, Esplanada dos Ministerios, Bl. Q, ZONA CIVICOADMINISTRATIVA, BRASILIA, DF",-15.70895,-47.81431,-15.79641,-47.86894,-15.7964,-47.86875,,,,,2019,2020,,PBY-**80,,
TAXIGOV_DF_3,1362217,Ministério das Relações Exteriores,263,DIRETA,IRBr/MRE,,CONCLUÍDA,Reunião,,1.43,1.518,7.76,2024-07-11 16:08:58.850,2024-07-11 16:09:05.437,2024-07-11 16:09:52.170,2024-07-11 16:13:30.577,2024-07-11 16:18:43.883,,"MINISTERIO DA ECONOMIA BL C,",PA 1,BRASILIA,DF,"SAFS INSTITUTO RIO BRANCO, - SAFS","SAFS INSTITUTO RIO BRANCO, - SAFS",-15.79888,-47.87152,-15.80534,-47.86896,-15.80584,-47.86877,,,,,2024,2024,,SSI-**69,,
TAXIGOV_DF_ENTIDADES,1362216,Fundação Universidade de Brasília,470,INDIRETA,SPI,,CONCLUÍDA,Reunião,,3.82,3.998,14.06,2024-07-11 16:08:01.387,2024-07-11 16:08:09.513,2024-07-11 16:16:34.263,2024-07-11 16:16:45.553,2024-07-11 16:24:25.703,,ED. CORA CORALINA,ASA NORTE,BRASILIA,DF,"APOSFUB - Associacao dos Aposentados da FUB, Unb, Brasilia, DF","APOSFUB - Associacao dos Aposentados da FUB, Unb, Brasilia, DF",-15.75016,-47.88587,-15.76649,-47.87246,-15.76665,-47.87233,,,,SPIN,2024,2025,PRATA,SSK-**04,,
TAXIGOV_DF_3,1362213,Ministério da Saúde,304,DIRETA,CGVAM/DSASTE/SVS/MS,,CONCLUÍDA,Reunião,,1.67,1.306,7.76,2024-07-11 16:07:17.640,2024-07-11 16:07:26.017,2024-07-11 16:11:48.740,2024-07-11 16:11:59.223,2024-07-11 16:17:47.490,,PALACIO DO PLANALTO,,BRASILIA,DF,"Ministerio da Saude - Bloco G, Brasilia, Distrito Federal","Ministerio da Saude - Bloco G, Brasilia, Distrito Federal",-15.79905,-47.86077,-15.80024,-47.86838,-15.80032,-47.86824,,,,,,,,REL-**24,,
TAXIGOV_DF_3,1362212,Ministério da Saúde,304,DIRETA,SECNS/CNS/MS,,CONCLUÍDA,Reunião,,4.57,3.564,17.73,2024-07-11 16:07:10.757,2024-07-11 16:09:49.200,2024-07-11 16:13:54.690,2024-07-11 16:20:21.837,2024-07-11 16:27:40.307,,SEN,ASA NORTE,BRASILIA,DF,"Ministerio da Saude - Anexo B, Esplanada dos Ministerios, Brasilia, Brasilia, DF","Ministerio da Saude - Anexo B, Esplanada dos Ministerios, Brasilia, Brasilia, DF",-15.78274,-47.86835,-15.802,-47.86917,-15.80158,-47.86922,,,,,2023,2023,,SGU-**95,,
TAXIGOV_DF_3,1362211,Ministério da Saúde,304,DIRETA,CGVAM/DSASTE/SVS/MS,,CANCELADA,Reunião,,,,,2024-07-11 16:06:44.530,2024-07-11 16:06:53.983,,2024-07-11 16:06:53.983,2024-07-11 16:07:09.830,2024-07-11 16:07:09.830,PALACIO DO PLANALTO,,BRASILIA,DF,"Ministerio da Saude - Bloco G, Brasilia, Distrito Federal",,-15.79905,-47.86077,-15.80024,-47.86838,,,,,,,,,,REL-**24,,
TAXIGOV_DF_ENTIDADES,1362206,Instituto Chico Mendes de Conservação da Biodiversidade,91842,INDIRETA,GABIN/ICMBIO,,CONCLUÍDA,Reunião,,8.92,9.538,31.67,2024-07-11 16:04:01.593,2024-07-11 16:04:16.460,2024-07-11 16:09:59.070,2024-07-11 16:10:07.077,2024-07-11 16:28:14.063,,PALACIO DO PLANALTO,,BRASILIA,DF,"Instituto Chico Mendes de Conservacao da Biodiversidade, Brasilia, DF","Instituto Chico Mendes de Conservacao da Biodiversidade, Brasilia, DF",-15.79905,-47.86077,-15.80329,-47.92629,-15.80323,-47.9263,,,,COROLLA PRETA,2024,2024,,SSK-**66,,
TAXIGOV_DF_3,1362205,Presidência da República,26,DIRETA,SNDSAPP/SG/PR,,CONCLUÍDA,Reunião,,2.81,2.839,10.9,2024-07-11 16:03:57.713,2024-07-11 16:04:08.817,2024-07-11 16:08:39.843,2024-07-11 16:08:49.890,2024-07-11 16:14:41.507,,"MINISTERIO DA EDUCACAO (MEC), ESPLANADA DOS MINISTERIOS, BL. L",ZONA CIVICOADMINISTRATIVA,BRASILIA,DF,"Arco do Anexo do Palacio do Planalto, Via N1, Brasilia, Distrito Federal","Arco do Anexo do Palacio do Planalto, Via N1, Brasilia, Distrito Federal",-15.7949,-47.87322,-15.79967,-47.85931,-15.79978,-47.8593,,,,,2019,2020,,PBY-**80,,
TAXIGOV_DF_3,1362203,Ministério do Desenvolvimento Agrário e Agricultura Familiar,308794,DIRETA,DEPROT / SETEQ / MDA,,CONCLUÍDA,Reunião,,2.61,3.04,10.13,2024-07-11 16:03:27.030,2024-07-11 16:03:32.080,2024-07-11 16:06:04.337,2024-07-11 16:14:44.470,2024-07-11 16:20:24.467,,ESPLANADA DOS MINISTERIOS,ZONA CIVICO-ADMINISTRATIVA,BRASILIA,DF,"Banca Palacio do Desenvolvimento, Asa Norte, Brasilia, DF","Banca Palacio do Desenvolvimento, Asa Norte, Brasilia, DF",-15.79906,-47.87167,-15.79111,-47.87962,-15.79118,-47.8796,,,,,2019,2020,,QWT-**02,,
TAXIGOV_DF_3,1362201,Ministério da Educação,244,DIRETA,SEXEC/MEC,,CONCLUÍDA,Reunião,,2.52,2.136,9.78,2024-07-11 16:01:45.840,2024-07-11 16:32:02.730,2024-07-11 16:33:54.563,2024-07-11 16:40:18.057,2024-07-11 16:47:25.000,,MINISTERIO DA EDUCACAO,PA 2,BRASILIA,DF,"Palacio do Planalto, Brasilia, DF","Palacio do Planalto, Brasilia, DF",-15.79501,-47.87305,-15.79905,-47.86077,-15.7993,-47.86179,,,,,2022,2023,,RVU-**98,,
TAXIGOV_DF_3,1362200,Ministério do Meio Ambiente,1927,DIRETA,CGGA/SPOA/MMA,,CONCLUÍDA,Reunião,,1.95,1.96,7.76,2024-07-11 16:01:35.517,2024-07-11 16:01:48.950,2024-07-11 16:04:05.603,2024-07-11 16:05:21.057,2024-07-11 16:08:55.547,,PALACIO DO PLANALTO,,BRASILIA,DF,"Ministerio do Meio Ambiente, Eixo Monumental, Brasilia, DF","Ministerio do Meio Ambiente, Eixo Monumental, Brasilia, DF",-15.79905,-47.86077,-15.79859,-47.87243,-15.79879,-47.87228,,,,,2022,2022,,REU-**98,,
TAXIGOV_DF_3,1362195,Presidência da República,26,DIRETA,SNJ/SG/PR,,CONCLUÍDA,Reunião,,2.77,2.285,10.75,2024-07-11 15:59:03.747,2024-07-11 15:59:12.260,2024-07-11 16:03:33.183,2024-07-11 16:04:21.787,2024-07-11 16:09:36.850,,MINISTERIO DO PLANEJAMENTO E ORCAMENTO,PA 2,BRASILIA,DF,"Anexo I (Palacio do Planalto   Presidencia da Republica), Praca dos Tres Poderes, Brasilia, Distrito Federal","Anexo I (Palacio do Planalto   Presidencia da Republica), Praca dos Tres Poderes, Brasilia, Distrito Federal",-15.794740000000001,-47.87387,-15.79955,-47.85925,-15.79982,-47.85931,,,,,2024,2025,,SSL-**37,,
TAXIGOV_DF_3,1362194,Presidência da República,26,DIRETA,DG/IN/CC/PR,,CONCLUÍDA,Reunião,,10.91,10.11,42.33,2024-07-11 15:58:51.110,2024-07-11 15:59:04.243,2024-07-11 16:01:55.233,2024-07-11 16:03:09.070,2024-07-11 16:15:49.463,,"SETOR SCIA QUADRA 13,",ZONA INDUSTRIAL GUARA,BRASILIA,DF,"SIG IMPRENSA NACIONAL, - PA 31","SIG QUADRA 6, SUDOESTE/OCTOGONAL, CRUZEIRO - DF, 70610-460, BRASIL",-15.78814,-47.98092,-15.79845,-47.92963,-15.79303,-47.91419,,,,,2023,2023,,SGT-**86,,
TAXIGOV_DF_3,1362193,Ministério das Relações Exteriores,263,DIRETA,IRBr/MRE,,CONCLUÍDA,Reunião,,2.79,3.048,10.83,2024-07-11 15:58:03.203,2024-07-11 15:58:19.277,2024-07-11 16:00:12.433,2024-07-11 16:01:24.880,2024-07-11 16:07:00.243,,INSTITUTO RIO BRANCO,ASA SUL,BRASILIA,DF,"Ministerio da Igualdade Racial, Brasilia, Distrito Federal","Ministerio da Igualdade Racial, Brasilia, Distrito Federal",-15.80554,-47.86892,-15.79941,-47.87172,-15.79892,-47.87145,,,,,2024,2024,,SSI-**69,,
TAXIGOV_DF_3,1362189,Ministério do Turismo,72084,DIRETA,CAMP/SPOA/SE,,CONCLUÍDA,Reunião,,4.38,3.843,16.99,2024-07-11 15:57:02.203,2024-07-11 15:57:09.787,2024-07-11 16:01:47.087,2024-07-11 16:02:05.487,2024-07-11 16:10:55.957,,CONDOMINIO EDIFICIO PALACIO DO RADIO II,ASA SUL,BRASILIA,DF,"Ministerio do Turismo, n bl U, Brasilia, DF","Ministerio do Turismo, n bl U, Brasilia, DF",-15.79824,-47.8931,-15.79689,-47.86823,-15.79665,-47.86788,,,,,2023,2023,,SGU-**46,,
TAXIGOV_DF_ENTIDADES,1362188,Fundação Universidade de Brasília,470,INDIRETA,SPI,,CANCELADA,Reunião,,,,7.36,2024-07-11 15:56:26.123,2024-07-11 15:56:34.000,2024-07-11 16:07:12.103,2024-07-11 15:56:34.000,2024-07-11 16:07:36.197,2024-07-11 16:07:36.197,BLOCO G,ASA NORTE,BRASILIA,DF,"APOSFUB - Associacao dos Aposentados da FUB, Unb, Brasilia, DF",,-15.74254,-47.88796,-15.76649,-47.87246,,,,,,SPIN,2024,2025,PRATA,SSK-**04,,
TAXIGOV_DF_3,1362186,Ministério da Saúde,304,DIRETA,COASS/COGEP/SAA/SE/MS,,CONCLUÍDA,Reunião,,4.66,4.337,18.08,2024-07-11 15:56:01.780,2024-07-11 15:56:11.760,2024-07-11 16:00:19.647,2024-07-11 16:01:46.073,2024-07-11 16:11:38.153,,SRTVN QUADRA 03,BRASILIA,BRASILIA,DF,"Ministerio da Saude - Anexo B, Esplanada dos Ministerios, Brasilia, Brasilia, DF","Ministerio da Saude - Anexo B, Esplanada dos Ministerios, Brasilia, Brasilia, DF",-15.78354,-47.8903,-15.802,-47.86917,-15.80161,-47.86923,,,,,2023,24,,SSF-**23,,
TAXIGOV_DF_3,1362184,Ministério da Saúde,304,DIRETA,CGDI/SAA/SE/MS,,CONCLUÍDA,Reunião,,13.61,12.645,52.81,2024-07-11 15:55:32.323,2024-07-11 15:56:37.817,2024-07-11 16:00:50.877,2024-07-11 16:01:07.763,2024-07-11 16:17:02.997,,EDITORA - MINISTERIO DA SAUDE,ZONA INDUSTRIAL GUARA,BRASILIA,DF,"Ministerio da Saude - Anexo B, Esplanada dos Ministerios, Asa Sul, Brasilia, DF","Ministerio da Saude - Anexo B, Esplanada dos Ministerios, Asa Sul, Brasilia, DF",-15.80182,-47.95618,-15.802,-47.86917,-15.80158,-47.86919,,,,,2019,2020,,PBR-**59,,
TAXIGOV_DF_3,1362176,Ministério da Justiça e Segurança Pública,235881,DIRETA,SE/MJSP,,CONCLUÍDA,Reunião,,4.05,4.112,15.71,2024-07-11 15:50:46.517,2024-07-11 15:50:53.150,2024-07-11 15:51:06.283,2024-07-11 15:52:59.550,2024-07-11 16:02:08.350,,"SCN POLICIA FEDERAL,",ASA NORTE,BRASILIA,DF,"ANEXO MINISTERIO DA JUSTICA, - PA 1","ANEXO MINISTERIO DA JUSTICA, - PA 1",-15.78747,-47.88658,-15.79642,-47.86603,-15.7968,-47.86598,,,,,2018,2019,,PBK-**34,,
TAXIGOV_DF_ENTIDADES,1362163,Agência Nacional de Aviação Civil,86144,INDIRETA,SFI/ANAC,,CONCLUÍDA,Reunião,,3.87,3.948,14.32,2024-07-11 15:46:09.183,2024-07-11 15:47:09.490,2024-07-11 15:53:33.610,2024-07-11 15:54:21.923,2024-07-11 16:03:25.430,,"MIN. DA DEFESA, ANX. I, BL. O",ASA NORTE,BRASILIA,DF,"Agencia Nacional de Aviacao Civil, Asa Sul, Brasilia, DF","Agencia Nacional de Aviacao Civil, Asa Sul, Brasilia, DF",-15.79428,-47.87035,-15.79456,-47.89348,-15.79512,-47.89379,,,,CCROSS,2023,2023,PRATA,SGR-**14,,
TAXIGOV_DF_3,1362158,Ministério das Relações Exteriores,263,DIRETA,IRBr/MRE,,CONCLUÍDA,Reunião,,2.44,2.512,9.47,2024-07-11 15:45:06.347,2024-07-11 15:45:14.410,2024-07-11 15:45:29.990,2024-07-11 15:45:39.413,2024-07-11 15:50:56.670,,"SAUS CEF MATRIZ II,",PA 3,BRASILIA,DF,"STJ, - PA 1","STJ, 3, ASA SUL, BRASILIA - DF, 70070-600, BRASIL",-15.80242,-47.87993,-15.80825,-47.86731,-15.80583,-47.86879,,,,,2024,2024,,SSI-**69,,
TAXIGOV_DF_3,1362157,Presidência da República,26,DIRETA,SIMP/SECOM/PR,,CONCLUÍDA,Reunião,,10.27,4.898,39.85,2024-07-11 15:45:04.387,2024-07-11 15:46:25.527,2024-07-11 15:51:05.130,2024-07-11 15:51:16.170,2024-07-11 16:06:49.533,,SGAN 604,ASA NORTE,BRASILIA,DF,"Palacio do Planalto, Brasilia, DF","VIA N. UM LESTE, ASA SUL, BRASILIA - DF, BRASIL",-15.77122,-47.8738,-15.79905,-47.86077,-15.79928,-47.85784,,,,,,,,PBP-**75,,
TAXIGOV_DF_ENTIDADES,1362151,Banco Central do Brasil,89,INDIRETA,DEMAP/DIDOC,,CONCLUÍDA,Outros,,10.91,6.973,40.8,2024-07-11 15:41:16.130,2024-07-11 15:41:26.317,2024-07-11 15:48:44.707,2024-07-11 16:01:40.897,2024-07-11 16:18:47.737,,0,SET MEDICO HOSP,BRASÍLIA,DF,"QUADRA SIG QUADRA 8, 2025 - ZONA INDUSTRIAL - BRASÍLIA / DF","ESTRADA PARQUE INDUSTRIAS GRAFICAS, SUDOESTE/OCTOGONAL, CRUZEIRO - DF, 70610-480, BRASIL",-15.80322,-47.88516,-15.79623,-47.91352,-15.7975,-47.91354,,,,COROLLA,2022,2023,PRETA,RET-**66,,
TAXIGOV_DF_3,1362150,Presidência da República,26,DIRETA,SNDSAPP/SG/PR,,CONCLUÍDA,Reunião,,2.08,2.245,8.07,2024-07-11 15:40:50.673,2024-07-11 15:41:00.477,2024-07-11 15:46:01.370,2024-07-11 15:47:06.230,2024-07-11 15:52:04.500,,"ARCO DO ANEXO DO PALACIO DO PLANALTO, VIA N1",ASA SUL,BRASILIA,DF,"Ministerio da Educacao (MEC), Esplanada dos Ministerios, Bl. L, ZONA CIVICOADMINISTRATIVA, BRASILIA, DF","Ministerio da Educacao (MEC), Esplanada dos Ministerios, Bl. L, ZONA CIVICOADMINISTRATIVA, BRASILIA, DF",-15.79967,-47.85931,-15.7949,-47.87322,-15.79512,-47.87285,,,,,2019,2019,,PBN-**15,,
TAXIGOV_DF_ENTIDADES,1362148,Instituto Chico Mendes de Conservação da Biodiversidade,91842,INDIRETA,CGSAM/ICMBIO,,CONCLUÍDA,Reunião,,4.63,4.761,16.44,2024-07-11 15:40:34.650,2024-07-11 15:41:40.437,2024-07-11 16:03:30.260,2024-07-11 16:04:07.683,2024-07-11 16:10:30.467,,SRES QUADRA 1,CRUZEIRO,CRUZEIRO,DF,"Instituto Chico Mendes de Conservacao da Biodiversidade, Brasilia, DF","Instituto Chico Mendes de Conservacao da Biodiversidade, Brasilia, DF",-15.78622,-47.94087,-15.80329,-47.92629,-15.80321,-47.92626,,,,CIVIC,2021,2021,BRANCA,REJ-**83,,
TAXIGOV_DF_3,1362147,Presidência da República,26,DIRETA,SECOI/SECOM/PR,,CONCLUÍDA,Reunião,,1.29,1.746,7.76,2024-07-11 15:40:18.980,2024-07-11 15:40:30.543,2024-07-11 15:43:14.033,2024-07-11 15:46:16.553,2024-07-11 15:48:21.127,,EM,BRASILIA,BRASILIA,DF,"Ministerio da Economia - Bloco C, Esplanada dos Ministerios, Zona Civico-Administrativa, Brasilia, DF","Ministerio da Economia - Bloco C, Esplanada dos Ministerios, Zona Civico-Administrativa, Brasilia, DF",-15.79854,-47.86095,-15.79906,-47.87167,-15.79909,-47.87143,,,,,2022,2022,,REU-**98,,
TAXIGOV_DF_3,1362142,Ministério da Saúde,304,DIRETA,GAB/SVS,,CONCLUÍDA,Reunião,,4.18,4.222,16.22,2024-07-11 15:39:26.783,2024-07-11 15:39:48.053,2024-07-11 15:45:47.513,2024-07-11 15:46:19.917,2024-07-11 15:51:39.360,,"PO700 - MINISTERIO DA SAUDE, SRTVN, 701",ASA NORTE,BRASILIA,DF,"Ministerio da Saude - Bloco G, Brasilia, Distrito Federal","Ministerio da Saude - Bloco G, Brasilia, Distrito Federal",-15.78407,-47.89045,-15.80024,-47.86838,-15.8003,-47.86821,,,,,2023,2023,,SGS-**24,,
TAXIGOV_DF_ENTIDADES,1362133,Fundação Universidade de Brasília,470,INDIRETA,SAA/UNB,,CONCLUÍDA,Reunião,,2.1,2.063,7.73,2024-07-11 15:38:07.670,2024-07-11 15:38:30.633,2024-07-11 15:42:50.757,2024-07-11 15:44:59.287,2024-07-11 15:48:31.827,,SGAN 605,ASA NORTE,BRASILIA,DF,"Secretaria de Administracao Academica, Brasilia, DF","Secretaria de Administracao Academica, Brasilia, DF",-15.77198,-47.87417,-15.76498,-47.86943,-15.76499,-47.86878,,,,SIENA,2021,21,BRANCA,REO-**09,,
TAXIGOV_DF_3,1362132,Ministério da Educação,244,DIRETA,SEB/MEC,,CONCLUÍDA,Reunião,,2.26,2.193,8.77,2024-07-11 15:37:47.773,2024-07-11 16:00:12.287,2024-07-11 16:07:58.373,2024-07-11 16:08:22.373,2024-07-11 16:16:45.340,,"SBS, 12",ASA SUL,BRASILIA,DF,"Ministerio da Educacao - Anexo I, Brasilia, DF","Ministerio da Educacao - Anexo I, Brasilia, DF",-15.80089,-47.88341,-15.79362,-47.87239,-15.79355,-47.87288,,,,,2022,2023,,SGN-**06,,
TAXIGOV_DF_3,1362130,Ministério da Justiça e Segurança Pública,235881,DIRETA,SE/MJSP,,CONCLUÍDA,Reunião,,3.12,3.133,12.11,2024-07-11 15:37:06.647,2024-07-11 15:37:43.613,2024-07-11 15:42:29.460,2024-07-11 15:42:36.383,2024-07-11 15:48:19.103,,ANEXO II - MINISTERIO DA JUSTICA,,BRASILIA,DF,"Policia Federal - Sede, Asa Norte, Brasilia, DF","Policia Federal - Sede, Asa Norte, Brasilia, DF",-15.796570000000001,-47.866,-15.78769,-47.88659,-15.78776,-47.88734,,,,,2018,2019,,PBK-**34,,
TAXIGOV_DF_3,1362128,Ministério da Saúde,304,DIRETA,SECNS/CNS/MS,,CONCLUÍDA,Reunião,,5.1,2.983,19.79,2024-07-11 15:35:11.720,2024-07-11 15:35:20.660,2024-07-11 15:48:48.873,2024-07-11 15:49:27.667,2024-07-11 16:02:16.547,,SEN,ASA NORTE,BRASILIA,DF,"Ministerio da Saude - Bloco G, Brasilia, DF","Ministerio da Saude - Bloco G, Brasilia, DF",-15.78274,-47.86835,-15.80024,-47.86838,-15.80036,-47.86828,,,,,,,,PBU-**52,,
TAXIGOV_DF_3,1362127,Ministério da Saúde,304,DIRETA,GAB/SVS,,CONCLUÍDA,Reunião,,4.17,4.116,16.18,2024-07-11 15:34:24.430,2024-07-11 15:35:39.683,2024-07-11 15:39:43.463,2024-07-11 15:40:06.157,2024-07-11 15:50:01.463,,MINISTERIO DA SAUDE - BLOCO G,,BRASILIA,DF,"PO700 - Ministerio da Saude, SRTVN, 701, Asa Norte, Brasilia, DF","PO700 - Ministerio da Saude, SRTVN, 701, Asa Norte, Brasilia, DF",-15.80024,-47.86838,-15.78407,-47.89045,-15.78403,-47.89044,,,,,2023,2023,,SGU-**95,,
TAXIGOV_DF_3,1362120,Ministério da Saúde,304,DIRETA,SECNS/CNS/MS,,CONCLUÍDA,Reunião,,2.22,2.272,8.61,2024-07-11 15:32:19.990,2024-07-11 15:32:24.240,2024-07-11 15:36:32.313,2024-07-11 15:37:24.960,2024-07-11 15:41:06.960,,SEN,ASA NORTE,BRASILIA,DF,"Fundacao Oswaldo Cruz - Distrito Federal, Brasilia, DF","Fundacao Oswaldo Cruz - Distrito Federal, Brasilia, DF",-15.78274,-47.86835,-15.77097,-47.87113,-15.7716,-47.87092,,,,,2019,2020,,PBV-**30,,
TAXIGOV_DF_ENTIDADES,1362118,Fundação Oswaldo Cruz,315,INDIRETA,NEVS/FIOCRUZ-BSB,,CONCLUÍDA,Reunião,,41.39,41.573,153.14,2024-07-11 15:31:09.653,2024-07-11 15:31:51.987,2024-07-11 15:31:45.723,2024-07-11 15:33:01.907,2024-07-11 16:13:11.610,,"UNIDADE BASICA DE SAUDE 02 PLANALTINA, QD 1 S/N C 2",SETOR RESIDENCIAL LESTE PLANALTINA,BRASILIA,DF,"Hospital Universitario de Brasilia - Emergencia, Asa Norte, Brasilia, Distrito Federal","SGAN 604, ASA NORTE, BRASILIA - DF, 70830-150, BRASIL",-15.61237,-47.6433,-15.77171,-47.87302,-15.77265,-47.87393,,,,ONIX,2022,2023,PRATA,SGN-**40,,
TAXIGOV_DF_ENTIDADES,1362115,Fundação Universidade de Brasília,470,INDIRETA,IH,,CONCLUÍDA,Serviço externo / técnico,,24.35,24.147,89.61,2024-07-11 15:31:02.410,2024-07-11 15:31:15.447,2024-07-11 15:37:35.973,2024-07-11 15:37:43.573,2024-07-11 16:02:33.273,,CENTRO DE REFERENCIA DE ASSISTENCIA SOCIAL (CRAS) - TAGUATINGA,,BRASILIA,DF,"Master Place, SGAN, 912, Asa Norte, Brasilia, DF","Master Place, SGAN, 912, Asa Norte, Brasilia, DF",-15.80139,-48.06651,-15.75417,-47.89883,-15.75419,-47.89878,,,,SIENA,2017,2017,BRANCA,PAX-**23,,
TAXIGOV_DF_3,1362113,Presidência da República,26,DIRETA,SAM/CC/PR,,CONCLUÍDA,Reunião,,2.74,2.868,10.63,2024-07-11 15:29:39.270,2024-07-11 15:30:23.333,2024-07-11 15:35:00.307,2024-07-11 15:35:33.307,2024-07-11 15:40:03.487,,VIA EIXO MONUMENTAL,BRASILIA,BRASILIA,DF,"Advocacia-Geral da Uniao, 6, Asa Sul, Brasilia, DF","Advocacia-Geral da Uniao, 6, Asa Sul, Brasilia, DF",-15.79965,-47.86352,-15.80231,-47.88046,-15.80283,-47.88038,,,,,2023,2023,,SGU-**46,,
TAXIGOV_DF_3,1362110,Ministério da Saúde,304,DIRETA,GAB/SECTICS,,CONCLUÍDA,Transporte de documentos / materiais,,4.12,4.026,15.99,2024-07-11 15:29:29.550,2024-07-11 15:29:38.637,2024-07-11 15:32:31.157,2024-07-11 15:34:37.783,2024-07-11 15:41:50.600,,"BRASILIA - DF, 70070-600, BRASIL",BRASILIA,BRASILIA,DF,"PO700 - Ministerio da Saude, SRTVN, 701, Asa Norte, Brasilia, DF","PO700 - Ministerio da Saude, SRTVN, 701, Asa Norte, Brasilia, DF",-15.79996,-47.86839,-15.78407,-47.89045,-15.7843,-47.89043,,,,,2024,2025,,SSL-**49,,
TAXIGOV_DF_ENTIDADES,1362109,Instituto do Patrimônio Histórico e Artístico Nacional,2045,INDIRETA,GABINETE/IPHAN,,CONCLUÍDA,Reunião,,4.71,4.513,17.43,2024-07-11 15:29:06.323,2024-07-11 15:29:23.627,2024-07-11 15:35:56.153,2024-07-11 15:37:27.827,2024-07-11 15:48:40.157,,SEPS 702/902,ASA SUL,BRASILIA,DF,"Estacionamento do Anexo II Camara dos Deputados, Via S2, Brasilia, DF","Estacionamento do Anexo II Camara dos Deputados, Via S2, Brasilia, DF",-15.79909,-47.89695,-15.80242,-47.8655,-15.80157,-47.86495,,,,LOGAN,2019,2020,BRANCA,QWT-**02,,
TAXIGOV_DF_3,1362107,Presidência da República,26,DIRETA,DG/IN/CC/PR,,CONCLUÍDA,Reunião,,10.37,10.511,40.24,2024-07-11 15:27:58.427,2024-07-11 15:28:11.683,2024-07-11 15:33:00.377,2024-07-11 15:33:05.047,2024-07-11 15:58:06.290,,ESTRADA PARQUE INDUSTRIAS GRAFICAS,ZONA INDUSTRIAL,BRASILIA,DF,SCIA QUADRA 13 CONJUNTO 3 - CIDADE DO AUTOMOVEL - BRASILIA,SCIA QUADRA 13 CONJUNTO 3 - CIDADE DO AUTOMOVEL - BRASILIA,-15.79243,-47.9136,-15.78884,-47.9776,-15.78896,-47.97771,,,,,2023,2023,,SGT-**86,,
TAXIGOV_DF_3,1362103,Ministério da Saúde,304,DIRETA,DAHU/SAES/MS,,CONCLUÍDA,Reunião,,4.03,4.217,15.64,2024-07-11 15:26:11.800,2024-07-11 15:26:57.257,2024-07-11 15:30:48.910,2024-07-11 15:31:04.043,2024-07-11 15:38:28.530,,"PO700 - MINISTERIO DA SAUDE, SRTVN, 701",ASA NORTE,BRASILIA,DF,"Ministerio da Saude (MS), Esplanada dos Ministerios, Bl. G, ZONA CIVICOADMINISTRATIVA, BRASILIA, DF","Ministerio da Saude (MS), Esplanada dos Ministerios, Bl. G, ZONA CIVICOADMINISTRATIVA, BRASILIA, DF",-15.78407,-47.89045,-15.80055,-47.86855,-15.80027,-47.86818,,,,,2022,2023,,REU-**09,,
TAXIGOV_DF_3,1362096,Ministério das Relações Exteriores,263,DIRETA,IRBr/MRE,,CONCLUÍDA,Reunião,,3.5,2.589,13.58,2024-07-11 15:24:34.090,2024-07-11 15:28:47.797,2024-07-11 15:32:13.610,2024-07-11 15:33:39.040,2024-07-11 15:43:23.730,,INSTITUTO RIO BRANCO,ASA SUL,BRASILIA,DF,"Caixa Economica Federal - Matriz II, SAUS Qd. 3, Lt. 3/4, ASA SUL, BRASILIA, DF","Caixa Economica Federal - Matriz II, SAUS Qd. 3, Lt. 3/4, ASA SUL, BRASILIA, DF",-15.80554,-47.86892,-15.80237,-47.87991,-15.80175,-47.87973,,,,,2024,2024,,SSI-**69,,
TAXIGOV_DF_3,1362094,Ministério da Defesa,41066,DIRETA,SEORI/MD,,CONCLUÍDA,Reunião,,3.9,3.692,15.13,2024-07-11 15:23:55.453,2024-07-11 15:24:06.320,2024-07-11 15:27:59.343,2024-07-11 15:30:00.203,2024-07-11 15:36:46.417,,MINISTERIO DOS DIREITOS HUMANOS E DA CIDADANIA,ASA SUL,BRASILIA,DF,"Ministerio da Defesa, Eixo Monumental, Brasilia, DF","Ministerio da Defesa, Eixo Monumental, Brasilia, DF",-15.79466,-47.8932,-15.79605,-47.86885,-15.79638,-47.86872,,,,,2021,2022,,REQ-**58,,
TAXIGOV_DF_ENTIDADES,1362086,Agência Nacional de Telecomunicações,25064,INDIRETA,SCO/ANATEL,,CONCLUÍDA,Reunião,,9.57,10.208,35.22,2024-07-11 15:21:35.860,2024-07-11 15:21:46.703,2024-07-11 15:30:51.637,2024-07-11 15:32:01.750,2024-07-11 15:42:47.567,,CENAD,SETOR POLICIAL SUL,BRASILIA,DF,"Agencia Nacional de Telecomunicacoes (Anatel), SAUS Qd. 6, Bl. C, E, F e H, ASA SUL, BRASILIA, DF","Agencia Nacional de Telecomunicacoes (Anatel), SAUS Qd. 6, Bl. C, E, F e H, ASA SUL, BRASILIA, DF",-15.81458,-47.94116,-15.80553,-47.88278,-15.80531,-47.8828,,,,COROLLA ,2023,24, PRETO,SGU-**60,,
TAXIGOV_DF_3,1362080,Presidência da República,26,DIRETA,DGES/GSI/PR,,CONCLUÍDA,Transporte de documentos / materiais,,8.85,9.066,34.34,2024-07-11 15:20:35.457,2024-07-11 15:20:43.390,2024-07-11 15:20:57.317,2024-07-11 15:25:39.990,2024-07-11 15:38:48.103,,"SMU COMANDO MILITAR DO PLANALTO/COMANDO DA 11 RM,",SMU,BRASILIA,DF,"ANEXO PALACIO PLANALTO, - PA 1","ANEXO PALACIO PLANALTO, - PA 1",-15.77776,-47.91966,-15.79924,-47.85909,-15.79985,-47.85926,,,,,2022,2022,,REU-**98,,
TAXIGOV_DF_3,1362078,Ministério da Saúde,304,DIRETA,CGSNT/DAET/SAS,,CONCLUÍDA,Reunião,,9.29,10.001,36.05,2024-07-11 15:18:59.500,2024-07-11 15:19:11.623,2024-07-11 15:25:20.703,2024-07-11 15:26:03.060,2024-07-11 15:37:57.057,,"SPO. 15,",BRASILIA,BRASILIA,DF,"Ministerio da Saude - Bloco G, Brasilia, Distrito Federal","Ministerio da Saude - Bloco G, Brasilia, Distrito Federal",-15.83037,-47.93137,-15.80024,-47.86838,-15.80028,-47.86823,,,,,2023,2024,,SGY-**58,,
TAXIGOV_DF_3,1362076,Ministério da Saúde,304,DIRETA,CGZV/SVS/MS,,CONCLUÍDA,Reunião,,4.2,4.158,16.3,2024-07-11 15:18:36.913,2024-07-11 15:19:04.280,2024-07-11 15:20:28.990,2024-07-11 15:22:15.557,2024-07-11 15:28:23.080,,SRTVN QUADRA 03,ASA NORTE,BRASILIA,DF,"Ministerio da Saude - Bloco G, Brasilia, DF","Ministerio da Saude - Bloco G, Brasilia, DF",-15.78354,-47.8903,-15.80024,-47.86838,-15.80028,-47.8682,,,,,2023,2023,,SGS-**35,,
TAXIGOV_DF_3,1362074,Ministério da Saúde,304,DIRETA,DEGES/SGTES/MS,,CONCLUÍDA,Reunião,,10.57,8.018,41.01,2024-07-11 15:17:45.030,2024-07-11 15:19:51.713,2024-07-11 15:25:13.323,2024-07-11 15:25:42.387,2024-07-11 15:41:49.140,,ESCOLA NACIONAL DE ADMINISTRACAO PUBLICA - ENAP,ASA SUL,BRASILIA,DF,"PO 700, SRTVN, Asa Norte, Brasilia, Distrito Federal","PO 700, SRTVN, Asa Norte, Brasilia, Distrito Federal",-15.83033,-47.93057,-15.78456,-47.88949,-15.7842,-47.89047,,,,,2023,2023,,SGR-**14,,
TAXIGOV_DF_ENTIDADES,1362073,Agência Nacional de Aviação Civil,86144,INDIRETA,SAF/ANAC,,CONCLUÍDA,Reunião,,12.25,12.378,45.33,2024-07-11 15:17:44.467,2024-07-11 15:17:52.933,2024-07-11 15:18:02.660,2024-07-11 15:18:11.400,2024-07-11 15:34:32.247,,"AEROPORTO ANAC,",AEROPORTO,BRASILIA,DF,"SCS ANAC, - SCS","SCS ANAC, - SCS",-15.8696,-47.93225,-15.79448,-47.89349,-15.79513,-47.89371,,,,SPIN ,2022,2023, PRATA,SGQ-**75,,
TAXIGOV_DF_ENTIDADES,1362071,Fundação Coordenação de Aperfeiçoamento de Pessoal de Nível Superior,250,INDIRETA,CCAP/CGPIB/DRI/CAPES,,CONCLUÍDA,Transporte de documentos / materiais,,2.13,2.262,7.86,2024-07-11 15:17:15.987,2024-07-11 15:17:23.863,2024-07-11 15:19:43.917,2024-07-11 15:20:09.510,2024-07-11 15:26:30.857,,EDIFICIO CAPES,ASA NORTE,BRASILIA,DF,"Edificio Brasilia Radio Center, Asa Norte, Brasilia, DF","Edificio Brasilia Radio Center, Asa Norte, Brasilia, DF",-15.78799,-47.87818,-15.78403,-47.88812,-15.78406,-47.8889,,,,YARIS,2022,2023,PRATA,SGR-**08,,
TAXIGOV_DF_3,1362069,Ministério da Educação,244,DIRETA,CETREMEC,,CONCLUÍDA,Reunião,,3.61,4.844,14.01,2024-07-11 15:17:03.677,2024-07-11 15:17:09.690,2024-07-11 15:18:18.930,2024-07-11 15:22:18.540,2024-07-11 15:28:34.050,,"ANEXO MINISTERIO EDUCACAO,",PA 2,BRASILIA,DF,"604 SUL  CETREMEC, - ASA SUL","604 SUL  CETREMEC, - ASA SUL",-15.78455,-47.87153,-15.81473,-47.8877,-15.81539,-47.88742,,,,,2023,2024,,SGW-**55,,
TAXIGOV_DF_3,1362066,Ministério da Saúde,304,DIRETA,DAEVS/SVS/MS,,CONCLUÍDA,Reunião,,4.75,4.187,18.43,2024-07-11 15:15:05.580,2024-07-11 15:15:18.990,2024-07-11 15:19:49.320,2024-07-11 15:20:29.833,2024-07-11 15:29:00.730,,"EDIFICIO PO 700, VIA W 5 NORTE",ASA NORTE,BRASILIA,DF,"Ministerio da Saude - Bloco G, Brasilia, Distrito Federal","Ministerio da Saude - Bloco G, Brasilia, Distrito Federal",-15.78364,-47.89034,-15.80024,-47.86838,-15.80043,-47.86824,,,,,2021,22,,REN-**88,,
TAXIGOV_DF_3,1362063,Ministério da Defesa,41066,DIRETA,SEORI/MD,,CONCLUÍDA,Reunião,,6.96,7.187,27.0,2024-07-11 15:14:12.237,2024-07-11 15:14:28.310,2024-07-11 15:16:25.840,2024-07-11 15:19:24.083,2024-07-11 15:29:24.873,,MINISTERIO DA DEFESA - ANEXO,ASA NORTE,BRASILIA,DF,"Quartel general, Brasilia, DF","SMU, ASA NORTE, BRASILIA - DF, BRASIL",-15.79442,-47.87028,-15.76687,-47.92677,-15.77362,-47.9186,,,,,2023,2023,,SGV-**39,,
TAXIGOV_DF_3,1362061,Ministério da Saúde,304,DIRETA,CGSPD/DAET/SAES/MS,,CONCLUÍDA,Reunião,,4.07,4.194,15.79,2024-07-11 15:13:36.557,2024-07-11 15:13:46.990,2024-07-11 15:16:06.250,2024-07-11 15:16:51.493,2024-07-11 15:23:52.693,,PO700 - MINISTERIO DA SAUDE,ASA NORTE,BRASILIA,DF,"Ministerio da Saude - Bloco G, Brasilia, Distrito Federal","Ministerio da Saude - Bloco G, Brasilia, Distrito Federal",-15.78406,-47.89043,-15.80024,-47.86838,-15.80007,-47.86817,,,,,2021,2022,,RES-**93,,
TAXIGOV_DF_3,1362060,Presidência da República,26,DIRETA,SNDSAPP/SG/PR,,CONCLUÍDA,Reunião,,0.72,2.268,7.76,2024-07-11 15:13:05.373,2024-07-11 15:13:18.293,2024-07-11 15:16:14.037,2024-07-11 15:26:57.817,2024-07-11 15:29:11.427,,"PRACA DOS TRES PODERES, S/N",,BRASILIA,DF,"Arco do Anexo do Palacio do Planalto, Via N1, Brasilia, DF","Arco do Anexo do Palacio do Planalto, Via N1, Brasilia, DF",-15.79929,-47.86407,-15.79967,-47.85931,-15.79989,-47.85947,,,,,2023,2024,,SGV-**61,,
TAXIGOV_DF_ENTIDADES,1362059,Banco Central do Brasil,89,INDIRETA,DEMAP/INFRA,,CONCLUÍDA,Reunião,,12.02,13.15,44.95,2024-07-11 15:12:59.137,2024-07-11 15:13:05.260,2024-07-11 15:13:15.773,2024-07-11 15:16:22.687,2024-07-11 15:53:01.523,,"SIA, W SOARES MATERIAL ELETRONICO",SIA,BRASILIA,DF,"BANCO CENTRAL, - PA 3","CLS 201, QD 3 BL A, ASA SUL, BRASILIA - DF, 70232-550, BRASIL",-15.7897,-47.96733,-15.80147,-47.88527,-15.80352,-47.88498,,,,SIENA,2019,2020,PRATA,PBQ-**36,,
TAXIGOV_DF_3,1362056,Ministério da Saúde,304,DIRETA,GAB/SESAI,,CONCLUÍDA,Reunião,,4.03,4.049,15.64,2024-07-11 15:11:51.550,2024-07-11 15:12:20.090,2024-07-11 15:14:02.447,2024-07-11 15:14:59.027,2024-07-11 15:23:56.453,,EMI BLOCO G,ASA SUL,BRASILIA,DF,"PO 700, SRTVN, Asa Norte, Brasilia, DF","PO 700, SRTVN, Asa Norte, Brasilia, DF",-15.80035,-47.86849,-15.78456,-47.88949,-15.78415,-47.89044,,,,,2024,2024,,SSI-**69,,
TAXIGOV_DF_3,1362053,Ministério do Turismo,72084,DIRETA,CAMP/SPOA/SE,,CONCLUÍDA,Reunião,,4.12,4.124,15.99,2024-07-11 15:11:06.073,2024-07-11 15:11:25.890,2024-07-11 15:22:44.620,2024-07-11 15:22:50.687,2024-07-11 15:36:59.413,,EM BLOCO U,ASA NORTE,BRASILIA,DF,"Condominio Edificio Palacio do Radio II, Asa Sul, Brasilia, DF","Condominio Edificio Palacio do Radio II, Asa Sul, Brasilia, DF",-15.79666,-47.86781,-15.79824,-47.8931,-15.79788,-47.8934,,,,,2018,2019,,PBK-**99,,
TAXIGOV_DF_ENTIDADES,1362051,Fundação Coordenação de Aperfeiçoamento de Pessoal de Nível Superior,250,INDIRETA,CGOF/DGES/CAPES,,CONCLUÍDA,Reunião,,1.46,1.724,7.38,2024-07-11 15:10:30.493,2024-07-11 15:11:11.210,2024-07-11 15:13:48.293,2024-07-11 15:15:32.667,2024-07-11 15:21:36.080,,CONDOMINIO CORPORATE FINANCIAL CENTER,ASA NORTE,BRASILIA,DF,"Coordenacao de Aperfeicoamento de Pessoal de Nivel Superior - CAPES, Asa Norte, Brasilia, Distrito Federal","Coordenacao de Aperfeicoamento de Pessoal de Nivel Superior - CAPES, Asa Norte, Brasilia, Distrito Federal",-15.78883,-47.88417,-15.78802,-47.87821,-15.78803,-47.87843,,,,VERSA,2019,2019,BRANCA,PBU-**52,,
TAXIGOV_DF_3,1362050,Ministério da Saúde,304,DIRETA,GAB/SVS,,CONCLUÍDA,Reunião,,4.11,4.136,15.95,2024-07-11 15:10:07.667,2024-07-11 15:11:22.080,2024-07-11 15:16:32.093,2024-07-11 15:19:28.513,2024-07-11 15:26:20.967,,SRTVN QUADRA 03,ASA NORTE,BRASILIA,DF,"Ministerio da Saude - Bloco G, Brasilia, DF","Ministerio da Saude - Bloco G, Brasilia, DF",-15.78354,-47.8903,-15.80024,-47.86838,-15.80006,-47.86823,,,,,2019,2020,,LVE-**42,,
TAXIGOV_DF_3,1362037,Ministério das Relações Exteriores,263,DIRETA,IRBr/MRE,,CANCELADA,Reunião,,,,7.76,2024-07-11 15:07:28.653,2024-07-11 15:21:09.993,,2024-07-11 15:07:28.653,2024-07-11 15:21:09.993,2024-07-11 15:21:09.993,INSTITUTO RIO BRANCO,ASA SUL,BRASILIA,DF,"SAUS QD. 3, LT. 3/4 - ASA SUL - BRASILIA",,-15.80554,-47.86892,-15.80237,-47.87991,,,,,,,,,,,,
TAXIGOV_DF_3,1362029,Ministério da Saúde,304,DIRETA,GAB/SE/MS,,CONCLUÍDA,Reunião,,4.61,4.308,17.89,2024-07-11 15:04:03.653,2024-07-11 15:04:13.310,2024-07-11 15:12:57.670,2024-07-11 15:14:07.260,2024-07-11 15:22:42.083,,SRTVN,ASA NORTE,BRASILIA,DF,"Ministerio da Saude - Bloco G, Brasilia, DF","Ministerio da Saude - Bloco G, Brasilia, DF",-15.78456,-47.88949,-15.80024,-47.86838,-15.80032,-47.86822,,,,,2022,2023,,SGO-**70,,
TAXIGOV_DF_3,1362028,Presidência da República,26,DIRETA,SE/SG/PR,,CANCELADA,Reunião,,,,,2024-07-11 15:04:02.027,2024-07-11 15:04:20.980,,2024-07-11 15:04:20.980,2024-07-11 15:06:09.707,2024-07-11 15:06:09.707,"PAVILHAO DAS METAS, VIA N1",,BRASILIA,DF,"Palacio do Planalto - Anexo I, Praca dos Tres Poderes, ZONA CIVICOADMINISTRATIVA, BRASILIA, DF",,-15.80202,-47.85426,-15.79955,-47.85965,,,,,,,2021,2022,,REQ-**45,,
TAXIGOV_DF_3,1362027,Presidência da República,26,DIRETA,SIMP/SECOM/PR,,CONCLUÍDA,Reunião,,2.23,2.305,8.65,2024-07-11 15:03:35.723,2024-07-11 15:03:44.507,2024-07-11 15:08:23.077,2024-07-11 15:08:30.170,2024-07-11 15:13:10.063,,CASA DA MULHER BRASILEIRA,ASA NORTE,BRASILIA,DF,"Anexo I (Palacio do Planalto   Presidencia da Republica), Praca dos Tres Poderes, Brasilia, Distrito Federal","VIA N. DOIS LESTE, ASA NORTE, BRASILIA - DF, BRASIL",-15.78733,-47.87122,-15.79955,-47.85925,-15.79825,-47.86158,,,,,2023,2023,,SGU-**46,,
TAXIGOV_DF_3,1362026,Presidência da República,26,DIRETA,DITEC/SA/CC/PR,,CONCLUÍDA,Outros,,14.04,14.792,54.48,2024-07-11 15:03:17.647,2024-07-11 15:03:29.430,2024-07-11 15:11:33.490,2024-07-11 15:12:07.127,2024-07-11 15:27:48.660,,RESIDENCIA OFICIAL DA GRANJA DO TORTO,ZONA INDUSTRIAL,BRASILIA,DF,"Restaurante, Presidencia da Republica, ZONA CIVICOADMINISTRATIVA, BRASILIA, DF","Restaurante, Presidencia da Republica, ZONA CIVICOADMINISTRATIVA, BRASILIA, DF",-15.70542,-47.90573,-15.79885,-47.85897,-15.79807,-47.85941,,,,,,,,REK-**58,,
TAXIGOV_DF_3,1362018,Ministério das Relações Exteriores,263,DIRETA,IRBr/MRE,,CANCELADA,Reunião,,,,7.76,2024-07-11 15:00:20.630,2024-07-11 15:07:03.963,,2024-07-11 15:00:20.630,2024-07-11 15:07:03.963,2024-07-11 15:07:03.963,INSTITUTO RIO BRANCO,ASA SUL,BRASILIA,DF,"SAUS Q. 3, Asa Sul, Brasilia, Distrito Federal",,-15.80554,-47.86892,-15.80176,-47.87968,,,,,,,,,,,,
TAXIGOV_DF_3,1362015,Ministério do Desenvolvimento Agrário e Agricultura Familiar,308794,DIRETA,CGLOG / SPOA / SE / MDA,,CONCLUÍDA,Reunião,,2.33,2.449,9.04,2024-07-11 14:59:50.407,2024-07-11 14:59:59.673,2024-07-11 15:00:36.150,2024-07-11 15:01:17.973,2024-07-11 15:07:37.293,,"BRASILIA - DF, 70040-010, BRASIL",BRASILIA,BRASILIA,DF,"Ministerio do Desenvolvimento Agrario e Agricultura Familiar (MDA), Brasilia, DF","Ministerio do Desenvolvimento Agrario e Agricultura Familiar (MDA), Brasilia, DF",-15.79107,-47.87974,-15.79937,-47.87084,-15.79951,-47.87076,,,,,2018,2018,,QOB-**36,,
TAXIGOV_DF_3,1362006,Ministério da Saúde,304,DIRETA,CGSH/SAES/MS,,CONCLUÍDA,Reunião,,4.08,4.125,15.83,2024-07-11 14:58:21.063,2024-07-11 14:59:23.563,2024-07-11 15:02:31.237,2024-07-11 15:03:37.867,2024-07-11 15:13:27.693,,MINISTERIO DA SAUDE - BLOCO G,,BRASILIA,DF,"PO700 - Ministerio da Saude, SRTVN, 701, Asa Norte, Brasilia, Distrito Federal","PO700 - Ministerio da Saude, SRTVN, 701, Asa Norte, Brasilia, Distrito Federal",-15.80024,-47.86838,-15.78407,-47.89045,-15.78411,-47.8905,,,,,2019,2019,,PBU-**76,,
TAXIGOV_DF_3,1362005,Ministério das Relações Exteriores,263,DIRETA,SGAD/SG/MRE,,CONCLUÍDA,Reunião,,7.77,7.842,30.15,2024-07-11 14:57:53.847,2024-07-11 14:58:01.777,2024-07-11 14:58:15.433,2024-07-11 14:59:09.967,2024-07-11 15:11:33.923,,"SQS 213 BLOCO E,",ASA SUL,BRASILIA,DF,"ANEXO II DO ITAMARATY(BOLO DE NOIVA), - ASA SUL","EMI BLOCO G, ASA SUL, BRASILIA - DF, 70058-900, BRASIL",-15.82941,-47.91436,-15.80173,-47.86795,-15.80041,-47.86828,,,,,2018,2019,,PBK-**34,,
TAXIGOV_DF_3,1362003,Presidência da República,26,DIRETA,DGES/GSI/PR,,CONCLUÍDA,Transporte de documentos / materiais,,8.14,8.331,31.58,2024-07-11 14:57:42.147,2024-07-11 14:58:40.297,2024-07-11 15:05:04.913,2024-07-11 15:06:45.543,2024-07-11 15:18:35.393,,ESTACIONAMENTO DOS ANEXOS DO PALACIO DO PLANALTO,VILA PLANALTO,BRASILIA,DF,"Comando Militar do Planalto / Comando da 11 RM, Brasilia, Distrito Federal","Comando Militar do Planalto / Comando da 11 RM, Brasilia, Distrito Federal",-15.79983,-47.85875,-15.7779,-47.91956,-15.77892,-47.9198,,,,,2022,2022,,REU-**98,,
TAXIGOV_DF_3,1361999,Ministério da Educação,244,DIRETA,CETREMEC,,CONCLUÍDA,Reunião,,3.9,3.107,15.13,2024-07-11 14:55:44.150,2024-07-11 14:56:51.150,2024-07-11 15:04:29.953,2024-07-11 15:06:45.340,2024-07-11 15:14:27.033,,"MEC CETREMEC, SGAS",ASA SUL,BRASILIA,DF,"Ministerio da Justica - Anexo I, Brasilia, Distrito Federal","SGO, ASA NORTE, BRASILIA - DF, BRASIL",-15.81501,-47.88775,-15.79663,-47.86655,-15.79373,-47.87302,,,,,2023,2024,,SGW-**55,,
TAXIGOV_DF_3,1361998,Presidência da República,26,DIRETA,SAM/CC/PR,,CANCELADA,Reunião,,,,7.76,2024-07-11 14:55:41.607,2024-07-11 15:03:44.220,2024-07-11 15:09:39.960,2024-07-11 15:13:44.220,2024-07-11 15:21:04.040,2024-07-11 15:21:04.043,VIA N2,ASA SUL,BRASILIA,DF,"Ministerio do Desenvolvimento, Industria, Comercio e Servicos - MDIC, Brasilia, DF",,-15.79866,-47.8589,-15.79449,-47.87461,,,,,,,2024,2024,,SSK-**66,,
TAXIGOV_DF_ENTIDADES,1361994,Fundação Universidade de Brasília,470,INDIRETA,SAA/UNB,,CONCLUÍDA,Reunião,,1.59,1.681,7.36,2024-07-11 14:54:48.070,2024-07-11 14:54:59.403,2024-07-11 15:00:31.543,2024-07-11 15:01:03.067,2024-07-11 15:04:08.630,,CENTRO DE APOIO AO DESENVOLVIMENTO TECNOLOGICO - CDT/UNB,ASA NORTE,BRASILIA,DF,"HUB Hospital Universitario de Brasilia - Pediatria, Asa Norte, Brasilia, DF","VIA L. DOIS NORTE, ASA NORTE, BRASILIA - DF, BRASIL",-15.77439,-47.86669,-15.77182,-47.87393,-15.77313,-47.87432,,,,KICKS,2023,2024,PRATA,SGV-**61,,
TAXIGOV_DF_3,1361993,Ministério da Saúde,304,DIRETA,DECIT,,CONCLUÍDA,Reunião,,4.13,4.227,16.02,2024-07-11 14:54:32.193,2024-07-11 14:54:41.467,2024-07-11 14:58:37.287,2024-07-11 14:59:26.040,2024-07-11 15:06:52.773,,PO700 - MINISTERIO DA SAUDE,ASA NORTE,BRASILIA,DF,"Ministerio da Saude - Bloco G, Brasilia, Distrito Federal","Ministerio da Saude - Bloco G, Brasilia, Distrito Federal",-15.78406,-47.89043,-15.80024,-47.86838,-15.80036,-47.86823,,,,,2022,2023,,SGN-**06,,
TAXIGOV_DF_3,1361990,Presidência da República,26,DIRETA,SNJ/SG/PR,,CONCLUÍDA,Reunião,,3.64,2.326,14.12,2024-07-11 14:53:32.917,2024-07-11 14:53:57.500,2024-07-11 14:57:49.343,2024-07-11 14:59:05.857,2024-07-11 15:06:00.697,,"PALACIO DO PLANALTO - ANEXO I, PRACA DOS TRES PODERES",ZONA CIVICOADMINISTRATIVA,BRASILIA,DF,"Ministerio do Planejamento e Orcamento, Brasilia, Distrito Federal","Ministerio do Planejamento e Orcamento, Brasilia, Distrito Federal",-15.79951,-47.85951,-15.794740000000001,-47.87387,-15.794740000000001,-47.87364,,,,,2019,2020,,PBR-**50,,
TAXIGOV_DF_ENTIDADES,1361989,Instituto Nacional de Estudos e Pesquisas Educacionais Anísio Teixeira,249,INDIRETA,GAB/INEP,,CONCLUÍDA,Reunião,,6.16,5.623,22.73,2024-07-11 14:53:30.207,2024-07-11 14:54:26.980,2024-07-11 14:56:27.637,2024-07-11 15:00:25.853,2024-07-11 15:15:03.193,,INEP,,BRASILIA,DF,"Fundo Nacional de Desenvolvimento da Educacao, Sbs, 12, Asa Sul, Brasilia, Distrito Federal","Fundo Nacional de Desenvolvimento da Educacao, Sbs, 12, Asa Sul, Brasilia, Distrito Federal",-15.788,-47.91424,-15.80089,-47.88341,-15.80135,-47.88358,,,,COROLLA PRETA,2022,2023,,SGQ-**66,,
TAXIGOV_DF_3,1361987,Ministério da Saúde,304,DIRETA,DAF/SCTIE/MS,,CONCLUÍDA,Reunião,,9.63,9.997,37.36,2024-07-11 14:52:55.377,2024-07-11 14:53:27.583,2024-07-11 14:53:44.840,2024-07-11 15:02:25.403,2024-07-11 15:11:07.787,,SPO. 15,ASA SUL,BRASILIA,DF,"Ministerio da Saude - Bloco G, Brasilia, DF","Ministerio da Saude - Bloco G, Brasilia, DF",-15.83034,-47.93126,-15.80024,-47.86838,-15.80035,-47.86823,,,,,2023,2023,,SGV-**39,,
TAXIGOV_DF_3,1361985,Ministério da Saúde,304,DIRETA,CGPCLIN,,CONCLUÍDA,Reunião,,4.18,4.126,16.22,2024-07-11 14:52:13.140,2024-07-11 14:52:41.953,2024-07-11 14:54:37.363,2024-07-11 14:54:44.297,2024-07-11 15:04:13.857,,MINISTERIO DA SAUDE - BLOCO G,,BRASILIA,DF,"PO700 - Ministerio da Saude, SRTVN, 701, Asa Norte, Brasilia, DF","PO700 - Ministerio da Saude, SRTVN, 701, Asa Norte, Brasilia, DF",-15.80024,-47.86838,-15.78407,-47.89045,-15.78412,-47.89047,,,,,2023,2023,,SGS-**70,,
TAXIGOV_DF_ENTIDADES,1361984,Fundação Oswaldo Cruz,315,INDIRETA,NEVS/FIOCRUZ-BSB,,CONCLUÍDA,Reunião,,10.78,10.859,39.89,2024-07-11 14:52:04.750,2024-07-11 14:52:16.530,2024-07-11 14:53:01.240,2024-07-11 14:53:04.423,2024-07-11 15:08:30.620,,"515 SUL, LABORATORIO MICRA",PA 9,BRASILIA,DF,"HOSPITAL HUB, - PA 15","HOSPITAL HUB, - PA 15",-15.82836,-47.9284,-15.77154,-47.87384,-15.77201,-47.87302,,,,SIENA,2021,21,BRANCA,REO-**09,,
TAXIGOV_DF_3,1361983,Ministério da Educação,244,DIRETA,ASSCER/GM,,CONCLUÍDA,Reunião,,2.16,2.14,8.38,2024-07-11 14:51:52.917,2024-07-11 15:51:13.823,2024-07-11 15:58:10.500,2024-07-11 16:02:47.413,2024-07-11 16:06:15.660,,MINISTERIO DA EDUCACAO,PA 2,BRASILIA,DF,"Palacio do Planalto, Brasilia, Distrito Federal","Palacio do Planalto, Brasilia, Distrito Federal",-15.79501,-47.87305,-15.79905,-47.86077,-15.79926,-47.86176,,,,,2022,2023,,REU-**09,,
TAXIGOV_DF_ENTIDADES,1361980,Banco Central do Brasil,89,INDIRETA,DEMAP/INFRA,,CONCLUÍDA,Reunião,,12.23,11.388,45.74,2024-07-11 14:51:02.543,2024-07-11 14:51:38.480,2024-07-11 14:55:28.667,2024-07-11 14:56:09.010,2024-07-11 15:11:09.233,,BANCO CENTRAL DO BRASIL - SEDE,ASA SUL,BRASILIA,DF,"W Soares Material Eletrico, Montagens e Comando, Brasilia, Distrito Federal","W Soares Material Eletrico, Montagens e Comando, Brasilia, Distrito Federal",-15.80227,-47.88516,-15.80469,-47.94935,-15.80469,-47.94948,,,,SIENA,2019,2020,PRATA,PBQ-**36,,
TAXIGOV_DF_3,1361977,Presidência da República,26,DIRETA,SPDIGI/SECOM/PR,,CANCELADA,Reunião,,,,7.76,2024-07-11 14:49:50.603,2024-07-11 14:53:39.077,2024-07-11 14:55:43.040,2024-07-11 14:53:39.077,2024-07-11 14:57:11.897,2024-07-11 14:57:11.897,PALACIO DO PLANALTO,,BRASILIA,DF,"Ministerio do Desenvolvimento, Industria, Comercio e Servicos - MDIC, Brasilia, Distrito Federal",,-15.79905,-47.86077,-15.79449,-47.87461,,,,,,,2024,2025,,SSL-**49,,
TAXIGOV_DF_3,1361975,Ministério da Educação,244,DIRETA,SEXEC/MEC,,CANCELADA,Reunião,,,,7.76,2024-07-11 14:49:22.760,2024-07-11 17:03:24.967,2024-07-11 17:08:12.923,2024-07-11 17:13:24.967,2024-07-11 17:22:34.070,2024-07-11 17:22:34.070,MINISTERIO DA EDUCACAO,PA 2,BRASILIA,DF,"Palacio do Planalto, Brasilia, DF",,-15.79501,-47.87305,-15.79905,-47.86077,,,,,,,2023,2024,,SGY-**29,,
TAXIGOV_DF_ENTIDADES,1361971,Fundação Universidade de Brasília,470,INDIRETA,SPI,,CONCLUÍDA,Reunião,,3.9,4.057,14.35,2024-07-11 14:48:16.063,2024-07-11 14:48:24.147,2024-07-11 14:53:22.580,2024-07-11 14:54:08.287,2024-07-11 15:00:57.017,,UNB,ASA NORTE,BRASILIA,DF,"Ed. Cora Coralina, Asa Norte, Brasilia, DF","Ed. Cora Coralina, Asa Norte, Brasilia, DF",-15.76649,-47.87246,-15.75016,-47.88587,-15.75006,-47.88577,,,,VIRTUS,2018,2018,PRETA,PBG-**53,,
TAXIGOV_DF_3,1361970,Ministério da Educação,244,DIRETA,AP/GM/MEC,,CONCLUÍDA,Reunião,,2.0,2.528,7.76,2024-07-11 14:48:14.607,2024-07-11 14:49:26.637,2024-07-11 14:51:40.550,2024-07-11 14:52:13.447,2024-07-11 14:56:15.847,,"BRASILIA - DF, 70070-600, BRASIL",BRASILIA,BRASILIA,DF,"Ministerio da Educacao, Brasilia, DF","Ministerio da Educacao, Brasilia, DF",-15.80261,-47.86508,-15.79501,-47.87305,-15.79514,-47.87282,,,,,2022,2023,,SGR-**08,,
TAXIGOV_DF_3,1361969,Ministério da Saúde,304,DIRETA,GAB/SVS,,CONCLUÍDA,Reunião,,2.85,2.833,11.06,2024-07-11 14:48:13.617,2024-07-11 14:48:39.470,2024-07-11 14:50:01.307,2024-07-11 14:50:10.550,2024-07-11 14:57:26.500,,MINISTERIO DA SAUDE - BLOCO G,,BRASILIA,DF,"PO700 - Ministerio da Saude, SRTVN, 701, Asa Norte, Brasilia, DF","SBN, QD N1, ASA NORTE, BRASILIA - DF, 70040-010, BRASIL",-15.80024,-47.86838,-15.78407,-47.89045,-15.79084,-47.88031,,,,,2018,2018,,QOB-**36,,
TAXIGOV_DF_3,1361965,Ministério do Desenvolvimento Agrário e Agricultura Familiar,308794,DIRETA,SE / MDA,,CONCLUÍDA,Reunião,,3.26,3.468,12.65,2024-07-11 14:46:13.880,2024-07-11 14:46:24.967,2024-07-11 14:49:15.497,2024-07-11 14:50:18.010,2024-07-11 14:56:25.700,,PROCURADORIA-GERAL DA REPUBLICA - PGR,,BRASILIA,DF,"CGU - Controladoria-Geral da Uniao - SAUS - MultiBrasil, Asa Sul, Brasilia, Distrito Federal","CGU - Controladoria-Geral da Uniao - SAUS - MultiBrasil, Asa Sul, Brasilia, Distrito Federal",-15.80751,-47.85916,-15.80379,-47.88252,-15.80422,-47.88276,,,,,2017,2017,,PAQ-**53,,
TAXIGOV_DF_ENTIDADES,1361964,Fundação Nacional do Índio,173,INDIRETA,NUPAR/FUNAI,,CONCLUÍDA,Reunião,,14.26,9.066,50.62,2024-07-11 14:46:12.107,2024-07-11 14:46:24.673,2024-07-11 14:53:25.117,2024-07-11 14:55:07.490,2024-07-11 15:12:50.963,,EDIFICIO PARQUE CIDADE CORPORATE,ASA SUL,BRASILIA,DF,"SOS Docs Guarda e Digitalizacao de Documentos, SIA Trecho 8, s/n, Brasilia, Distrito Federal","SOS Docs Guarda e Digitalizacao de Documentos, SIA Trecho 8, s/n, Brasilia, Distrito Federal",-15.7951,-47.89345,-15.79787,-47.94765,-15.798,-47.94773,,,,CIVIC,2021,2021,BRANCA,REJ-**83,,
TAXIGOV_DF_3,1361963,Ministério da Saúde,304,DIRETA,DPNI,,CONCLUÍDA,Reunião,,4.18,4.134,16.22,2024-07-11 14:45:50.020,2024-07-11 14:46:02.940,2024-07-11 14:49:25.013,2024-07-11 14:51:51.477,2024-07-11 15:01:34.857,,MINISTERIO DA SAUDE - BLOCO G,,BRASILIA,DF,"PO700 - Ministerio da Saude, SRTVN, 701, Asa Norte, Brasilia, DF","PO700 - Ministerio da Saude, SRTVN, 701, Asa Norte, Brasilia, DF",-15.80024,-47.86838,-15.78407,-47.89045,-15.7842,-47.89039,,,,,,,,REL-**24,,
TAXIGOV_DF_3,1361962,Ministério da Saúde,304,DIRETA,COASS/COGEP/SAA/SE/MS,,CONCLUÍDA,Reunião,,4.61,4.095,17.89,2024-07-11 14:45:42.563,2024-07-11 14:45:51.520,2024-07-11 14:48:33.793,2024-07-11 14:49:05.967,2024-07-11 14:59:48.517,,ESPLANADA DOS MINISTERIOS,BRASILIA,BRASILIA,DF,"PO 700, SRTVN Quadra 03, Brasilia, Brasilia, DF","PO 700, SRTVN Quadra 03, Brasilia, Brasilia, DF",-15.802,-47.86917,-15.78354,-47.8903,-15.78407,-47.89042,,,,,2022,23,,SGQ-**57,,
TAXIGOV_DF_3,1361961,Ministério da Saúde,304,DIRETA,DPNI,,CANCELADA,Reunião,,,,,2024-07-11 14:45:08.980,2024-07-11 14:45:18.170,,2024-07-11 14:45:18.170,2024-07-11 14:45:23.910,2024-07-11 14:45:23.910,MINISTERIO DA SAUDE - BLOCO G,,BRASILIA,DF,"PO700 - Ministerio da Saude, SRTVN, 701, Asa Norte, Brasilia, DF",,-15.80024,-47.86838,-15.78407,-47.89045,,,,,,,2022,23,,SGQ-**57,,
TAXIGOV_DF_ENTIDADES,1361952,Fundação Coordenação de Aperfeiçoamento de Pessoal de Nível Superior,250,INDIRETA,CGOF/DGES/CAPES,,CONCLUÍDA,Reunião,,1.9,1.734,7.38,2024-07-11 14:42:46.787,2024-07-11 14:48:16.463,2024-07-11 14:51:52.393,2024-07-11 14:52:08.087,2024-07-11 14:57:05.663,,COORDENACAO DE APERFEICOAMENTO DE PESSOAL DE NIVEL SUPERIOR - CAPES,ASA NORTE,BRASILIA,DF,"Condominio Corporate Financial Center, Asa Norte, Brasilia, Distrito Federal","Condominio Corporate Financial Center, Asa Norte, Brasilia, Distrito Federal",-15.78802,-47.87821,-15.78883,-47.88417,-15.78913,-47.8847,,,,VIRTUS ,2023,2023,PRATA,SGU-**46,,
TAXIGOV_DF_ENTIDADES,1361942,Instituto Nacional do Seguro Social,1934,INDIRETA,DGPA/INSS/AC,,CONCLUÍDA,Reunião,,2.78,2.852,10.29,2024-07-11 14:39:00.343,2024-07-11 14:39:30.473,2024-07-11 14:41:57.183,2024-07-11 14:42:51.220,2024-07-11 14:47:48.220,,INSTITUTO NACIONAL DO SEGURO SOCIAL - SEDE,ASA SUL,BRASILIA,DF,"DNIT - Departamento Nacional de Infraestrutura de Transportes, Asa Norte, Brasilia, DF","DNIT - Departamento Nacional de Infraestrutura de Transportes, Asa Norte, Brasilia, DF",-15.80116,-47.87889,-15.78999,-47.87497,-15.78932,-47.87516,,,,SPIN,2019,2020,PRATA,LVE-**42,,
TAXIGOV_DF_ENTIDADES,1361935,Instituto Chico Mendes de Conservação da Biodiversidade,91842,INDIRETA,CGSAM/ICMBIO,,CONCLUÍDA,Reunião,,3.99,4.317,14.16,2024-07-11 14:36:59.197,2024-07-11 14:37:41.243,2024-07-11 14:47:07.283,2024-07-11 14:55:16.397,2024-07-11 15:03:23.907,,CLSW 104 BLOCO C,SUDOESTE/OCTOGONAL,CRUZEIRO,DF,"3  Delegacia de Policia Civil, Cruzeiro Velho, Brasilia, DF","3  Delegacia de Policia Civil, Cruzeiro Velho, Brasilia, DF",-15.80246,-47.92785,-15.78904,-47.94137,-15.78939,-47.94148,,,,YARIS SA,2023,2024,BRANCA,SSG-**83,,
TAXIGOV_DF_3,1361932,Ministério da Saúde,304,DIRETA,CGSAT/DSASTE/SVS/MS,,CONCLUÍDA,Reunião,,4.82,4.158,18.7,2024-07-11 14:36:27.980,2024-07-11 14:42:45.170,2024-07-11 14:46:11.130,2024-07-11 14:47:19.653,2024-07-11 14:57:58.007,,SEN,ASA NORTE,BRASILIA,DF,"PO 700, SRTVN, Asa Norte, Brasilia, DF","PO 700, SRTVN, Asa Norte, Brasilia, DF",-15.78274,-47.86835,-15.78456,-47.88949,-15.78414,-47.89049,,,,,2022,2023,,SGO-**86,,
TAXIGOV_DF_3,1361930,Advocacia-Geral da União,46,DIRETA,GAB/PGF/AGU,,CONCLUÍDA,Reunião,,5.56,5.562,21.57,2024-07-11 14:35:55.107,2024-07-11 14:36:20.957,2024-07-11 14:39:58.213,2024-07-11 14:40:22.847,2024-07-11 14:52:04.343,,SIG QUADRA 6,CRUZEIRO,BRASILIA,DF,"Advocacia-Geral da Uniao, 6, Asa Sul, Brasilia, DF","Advocacia-Geral da Uniao, 6, Asa Sul, Brasilia, DF",-15.79215,-47.9124,-15.80231,-47.88046,-15.80177,-47.88034,5.0,,,,2019,2020,,PBY-**80,,
TAXIGOV_DF_3,1361925,Ministério das Relações Exteriores,263,DIRETA,SGAD/SG/MRE,,CONCLUÍDA,Reunião,,2.59,2.613,10.05,2024-07-11 14:34:41.220,2024-07-11 14:34:48.027,2024-07-11 14:35:04.580,2024-07-11 14:49:49.387,2024-07-11 14:55:59.180,,"SQS 411 BLOCO H,",ASA SUL,BRASILIA,DF,"SQS 213 BLOCO E, - ASA SUL","SQS 213 BLOCO E, - ASA SUL",-15.82732,-47.90672,-15.82941,-47.91436,-15.8294,-47.91462,,,,,2018,2019,,PBK-**34,,
TAXIGOV_DF_3,1361924,Ministério do Desenvolvimento Agrário e Agricultura Familiar,308794,DIRETA,DEPROT / SETEQ / MDA,,CONCLUÍDA,Reunião,,2.02,2.328,7.84,2024-07-11 14:34:37.967,2024-07-11 14:45:59.057,2024-07-11 14:46:01.690,2024-07-11 14:47:16.600,2024-07-11 14:56:57.263,,BANCA PALACIO DO DESENVOLVIMENTO,ASA NORTE,BRASILIA,DF,"Ministerio da Economia - Bloco C, Esplanada dos Ministerios, Zona Civico-Administrativa, Brasilia, DF","Ministerio da Economia - Bloco C, Esplanada dos Ministerios, Zona Civico-Administrativa, Brasilia, DF",-15.79111,-47.87962,-15.79906,-47.87167,-15.79914,-47.87145,,,,,,,,REU-**33,,
TAXIGOV_DF_ENTIDADES,1361922,Instituto Nacional de Colonização e Reforma Agrária,1799,INDIRETA,DAA-2.1/INCRA,,CONCLUÍDA,Reunião,,5.41,5.991,20.02,2024-07-11 14:32:26.840,2024-07-11 14:32:35.117,2024-07-11 14:32:59.407,2024-07-11 14:34:49.973,2024-07-11 14:45:47.220,,"SGON GARAGEM DO INCRA,",SGON,BRASILIA,DF,"SBN INCRA, - ASA NORTE","SBN INCRA, - ASA NORTE",-15.78009,-47.91323,-15.79085,-47.87956,-15.79125,-47.87949,,,,KICKS,2022,2022,BRANCA,REU-**33,,
TAXIGOV_DF_ENTIDADES,1361918,Fundação Universidade de Brasília,470,INDIRETA,SAA/UNB,,CONCLUÍDA,Reunião,,1.15,1.201,7.36,2024-07-11 14:31:29.903,2024-07-11 14:32:32.933,2024-07-11 14:39:55.660,2024-07-11 14:40:37.270,2024-07-11 14:42:39.060,,SECRETARIA DE ADMINISTRACAO ACADEMICA,ASA SUL,BRASILIA,DF,"Centro de Apoio ao Desenvolvimento Tecnologico - CDT/UnB, Asa Norte, Brasilia, DF","Centro de Apoio ao Desenvolvimento Tecnologico - CDT/UnB, Asa Norte, Brasilia, DF",-15.76498,-47.86943,-15.77439,-47.86669,-15.77451,-47.86644,,,,ONIX,2022,2023,BRANCA,SGO-**86,,
TAXIGOV_DF_3,1361916,Ministério do Desenvolvimento Agrário e Agricultura Familiar,308794,DIRETA,SE / MDA,,CONCLUÍDA,Reunião,,1.93,2.025,7.76,2024-07-11 14:30:49.257,2024-07-11 14:33:24.540,2024-07-11 14:34:41.117,2024-07-11 14:37:46.120,2024-07-11 14:43:12.430,,"MINISTERIO DA ECONOMIA, ESPLANADA DOS MINISTERIOS - BLOCO C",ZONA CIVICOADMINISTRATIVA,BRASILIA,DF,"CGU - Controladoria-Geral da Uniao - SAUS - MultiBrasil, Asa Sul, Brasilia, Distrito Federal","VIA S. DOIS OESTE, ASA SUL, BRASILIA - DF, BRASIL",-15.79905,-47.87173,-15.80379,-47.88252,-15.80731,-47.85911,,,,,2023,2023,,SGS-**70,,
TAXIGOV_DF_ENTIDADES,1361913,Instituto Brasileiro do Meio Ambiente e dos Recursos Naturais Renováveis,1812,INDIRETA,CENIMA/IBAMA,,CONCLUÍDA,Reunião,,4.27,4.622,15.8,2024-07-11 14:29:54.667,2024-07-11 14:31:11.440,2024-07-11 14:48:17.307,2024-07-11 14:48:22.020,2024-07-11 14:54:35.907,,CENIMA - CENTRO NACIONAL DE MONITORAMENTO E INFORMACOES AMBIENTAIS,ASA NORTE,BRASILIA,DF,"Administracao Regional de Plano Piloto, Asa Norte, Brasilia, DF","Administracao Regional de Plano Piloto, Asa Norte, Brasilia, DF",-15.76459,-47.86127,-15.78777,-47.87855,-15.78768,-47.87832,,,,VOYAGE,2021,2022,BRANCA,RES-**93,,
TAXIGOV_DF_ENTIDADES,1361906,Fundação Oswaldo Cruz,315,INDIRETA,NEVS/FIOCRUZ-BSB,,CONCLUÍDA,Reunião,,11.54,10.506,42.7,2024-07-11 14:28:07.240,2024-07-11 14:28:16.490,2024-07-11 14:32:56.747,2024-07-11 14:32:57.250,2024-07-11 14:50:09.290,,HOSPITAL UNIVERSITARIO DE BRASILIA - EMERGENCIA,ASA NORTE,BRASILIA,DF,"Laboratorio Micra, Asa Sul, Brasilia, Distrito Federal","Laboratorio Micra, Asa Sul, Brasilia, Distrito Federal",-15.77171,-47.87302,-15.8267,-47.92571,-15.8266,-47.92567,,,,SIENA,2021,21,BRANCA,REO-**09,,
TAXIGOV_DF_3,1361905,Ministério da Justiça e Segurança Pública,235881,DIRETA,SENAD/MJSP,,CONCLUÍDA,Reunião,,4.71,3.936,18.27,2024-07-11 14:28:02.597,2024-07-11 14:28:12.543,2024-07-11 14:32:02.407,2024-07-11 14:32:30.683,2024-07-11 14:40:39.610,,"MINISTERIO DA JUSTICA - ANEXO I, EIXO MONUMENTAL",ASA SUL,BRASILIA,DF,"Fundacao Oswaldo Cruz - Distrito Federal, Brasilia, Distrito Federal","Fundacao Oswaldo Cruz - Distrito Federal, Brasilia, Distrito Federal",-15.79663,-47.86655,-15.77097,-47.87113,-15.77159,-47.87093,,,,,2019,2020,,PBR-**50,,
TAXIGOV_DF_3,1361900,Presidência da República,26,DIRETA,SE/SG/PR,,CONCLUÍDA,Reunião,,0.83,0.788,7.76,2024-07-11 14:26:21.473,2024-07-11 14:29:57.497,2024-07-11 14:36:05.500,2024-07-11 14:36:23.843,2024-07-11 14:39:25.013,,"PALACIO DO PLANALTO - ANEXO I, PRACA DOS TRES PODERES",ZONA CIVICOADMINISTRATIVA,BRASILIA,DF,"Pavilhao das Metas, Via N1, Brasilia, Distrito Federal","Pavilhao das Metas, Via N1, Brasilia, Distrito Federal",-15.79955,-47.85965,-15.80202,-47.85426,-15.80205,-47.85384,,,,,2024,2025,,SSL-**49,,
TAXIGOV_DF_3,1361890,Advocacia-Geral da União,46,DIRETA,PGU/AGU,,CONCLUÍDA,Reunião,,6.04,5.601,23.44,2024-07-11 14:23:09.827,2024-07-11 14:23:16.177,2024-07-11 14:24:49.313,2024-07-11 14:29:11.930,2024-07-11 14:40:26.500,,"SIG AGU,",PA 31,BRASILIA,DF,"SAUS QUADRA 3 AGU, - ASA SUL","SAUS QUADRA 3 AGU, - ASA SUL",-15.79123,-47.91234,-15.80212,-47.88036,-15.80278,-47.88045,,,,,2024,2024,,SSK-**27,,
TAXIGOV_DF_3,1361888,Ministério da Saúde,304,DIRETA,DSAST/SVS,,CONCLUÍDA,Reunião,,9.35,7.236,36.28,2024-07-11 14:22:30.240,2024-07-11 14:22:47.910,2024-07-11 14:31:31.863,2024-07-11 14:32:33.890,2024-07-11 14:47:28.230,,ALPHA BRASILIA IMOVEIS,ASA SUL,BRASILIA,DF,"PO700 - Ministerio da Saude, SRTVN, 701, Asa Norte, Brasilia, Distrito Federal","PO700 - Ministerio da Saude, SRTVN, 701, Asa Norte, Brasilia, Distrito Federal",-15.82713,-47.92596,-15.78407,-47.89045,-15.78415,-47.89046,,,,,2023,2023,,SGS-**24,,
TAXIGOV_DF_ENTIDADES,1361879,Fundação Universidade de Brasília,470,INDIRETA,DPI,,CANCELADA,Reunião,,,,7.36,2024-07-11 14:18:54.963,2024-07-11 14:19:09.240,,2024-07-11 14:19:09.240,2024-07-11 14:25:05.523,2024-07-11 14:25:05.523,UNB CAMPUS DARCY RIBEIRO,BRASILIA,BRASILIA,DF,"Reitoria, Asa Norte, Brasilia, DF",,-15.77451,-47.86675,-15.76295,-47.86695,,,,,,LOGAN,2022,2023,PRATA,RVU-**98,,
TAXIGOV_DF_ENTIDADES,1361877,Instituto do Patrimônio Histórico e Artístico Nacional,2045,INDIRETA,GABINETE/IPHAN,,CONCLUÍDA,Reunião,,4.64,4.395,17.17,2024-07-11 14:18:33.203,2024-07-11 14:18:49.133,2024-07-11 14:24:58.677,2024-07-11 14:25:08.360,2024-07-11 14:37:14.983,,SEPS 702/902,BRASILIA,BRASILIA,DF,"Camara dos Deputados Anexo IV, Anexo IV, Brasilia, DF","Camara dos Deputados Anexo IV, Anexo IV, Brasilia, DF",-15.79925,-47.89703,-15.80264,-47.86511,-15.80194,-47.8657,,,,SPIN,2019,2020,BRANCA,PBR-**94,,
TAXIGOV_DF_ENTIDADES,1361873,Agência Nacional de Aviação Civil,86144,INDIRETA,SAF/ANAC,,CONCLUÍDA,Reunião,,13.24,12.594,48.99,2024-07-11 14:17:17.167,2024-07-11 14:18:53.080,2024-07-11 14:25:12.203,2024-07-11 14:25:24.147,2024-07-11 14:38:13.017,,"EDIFICIO PARQUE CIDADE CORPORATE, SCS QD. 9, LT. C",ASA SUL,BRASILIA,DF,"Centro de Treinamento da Agencia Nacional de Aviacao Civil, Estrada Parque Aeroporto, 1471, Brasilia, Distrito Federal","Centro de Treinamento da Agencia Nacional de Aviacao Civil, Estrada Parque Aeroporto, 1471, Brasilia, Distrito Federal",-15.79533,-47.89348,-15.86968,-47.9325,-15.86972,-47.93242,,,,SPIN ,2022,2023, PRATA,SGQ-**75,,
TAXIGOV_DF_ENTIDADES,1361871,Superintendência do Desenvolvimento do Centro-Oeste,100113,INDIRETA,COAPPE/DPA/SUDECO,,CONCLUÍDA,Reunião,,0.77,0.875,7.4,2024-07-11 14:16:26.600,2024-07-11 14:16:36.580,2024-07-11 14:21:29.330,2024-07-11 14:21:40.527,2024-07-11 14:25:20.410,,SUPERINTENDENCIA DO DESENVOLVIMENTO DO CENTRO-OESTE,ASA NORTE,BRASILIA,DF,"Bloco K - Esplanada dos Ministerios, Brasilia, Distrito Federal","Bloco K - Esplanada dos Ministerios, Brasilia, Distrito Federal",-15.79119,-47.87828,-15.794740000000001,-47.87387,-15.79509,-47.87373,,,,VIRTUS,2023,2024,PRETA,SGW-**21,,
TAXIGOV_DF_3,1361870,Ministério da Saúde,304,DIRETA,CGVAM/DSASTE/SVS/MS,,CONCLUÍDA,Reunião,,14.73,9.11,57.15,2024-07-11 14:16:07.310,2024-07-11 14:16:44.063,2024-07-11 14:23:07.453,2024-07-11 14:23:57.027,2024-07-11 14:48:47.850,,"PO700 - MINISTERIO DA SAUDE, SRTVN, 701",ASA NORTE,BRASILIA,DF,"Palacio do Planalto, Brasilia, Distrito Federal","VIA DE ACESSO CLS 115-116 SUL, ASA SUL, BRASILIA - DF, BRASIL",-15.78407,-47.89045,-15.79905,-47.86077,-15.83179,-47.92369,,,,,2024,2025,,SSJ-**86,,
TAXIGOV_DF_3,1361864,Ministério da Educação,244,DIRETA,SEB/MEC,,CONCLUÍDA,Reunião,,2.18,2.917,8.46,2024-07-11 14:14:32.380,2024-07-11 14:16:14.767,2024-07-11 14:18:00.627,2024-07-11 14:23:34.317,2024-07-11 14:29:00.080,,"ESPLANADA DOS MINISTERIOS, BL. L",BRASILIA,BRASILIA,DF,"Fundo Nacional de Desenvolvimento da Educacao, Sbs, 12, Asa Sul, Brasilia, DF","Fundo Nacional de Desenvolvimento da Educacao, Sbs, 12, Asa Sul, Brasilia, DF",-15.79331,-47.87215,-15.80089,-47.88341,-15.80138,-47.88358,,,,,2022,2022,,REU-**98,,
TAXIGOV_DF_3,1361863,Ministério das Relações Exteriores,263,DIRETA,SGAD/SG/MRE,,CONCLUÍDA,Reunião,,8.93,9.079,34.65,2024-07-11 14:14:31.843,2024-07-11 14:14:44.680,2024-07-11 14:20:08.073,2024-07-11 14:20:34.763,2024-07-11 14:33:03.553,,BL CH,ASA NORTE,BRASILIA,DF,"SQS 411 Bl. H, Asa Sul, Brasilia, Distrito Federal","SQS 411 Bl. H, Asa Sul, Brasilia, Distrito Federal",-15.77292,-47.88403,-15.82755,-47.9067,-15.82746,-47.90686,,,,,2018,2019,,PBK-**34,,
TAXIGOV_DF_3,1361862,Presidência da República,26,DIRETA,ITI/CC/PR,,CONCLUÍDA,Reunião,,3.8,4.149,14.74,2024-07-11 14:14:17.817,2024-07-11 14:17:35.120,2024-07-11 14:21:44.907,2024-07-11 14:24:19.843,2024-07-11 14:35:20.583,,ANEXO III DO PALACIO DO PLANALTO,,BRASILIA,DF,"Instituto Nacional de Tecnologia da Informacao (ITI), SCN Qd. 2, Bl. E, Brasilia, Brasilia, DF","Instituto Nacional de Tecnologia da Informacao (ITI), SCN Qd. 2, Bl. E, Brasilia, Brasilia, DF",-15.799,-47.85901,-15.78788,-47.88439,-15.78818,-47.88461,,,,,2022,2023,,SGN-**06,,
TAXIGOV_DF_ENTIDADES,1361860,Instituto Nacional de Colonização e Reforma Agrária,1799,INDIRETA,DAA-2.1/INCRA,,CONCLUÍDA,Reunião,,5.03,5.558,18.61,2024-07-11 14:14:13.173,2024-07-11 14:14:21.720,2024-07-11 14:14:25.830,2024-07-11 14:19:27.600,2024-07-11 14:30:50.947,,SBN QD. 1 BL. D,BRASILIA,BRASILIA,DF,"Garagem do Incra, Brasilia, DF","Garagem do Incra, Brasilia, DF",-15.79104,-47.87938,-15.77724,-47.91148,-15.77723,-47.91168,,,,KICKS,2022,2022,BRANCA,REU-**33,,
TAXIGOV_DF_3,1361857,Ministério do Desenvolvimento Agrário e Agricultura Familiar,308794,DIRETA,CGLOG / SPOA / SE / MDA,,CONCLUÍDA,Reunião,,3.0,3.11,11.64,2024-07-11 14:13:54.503,2024-07-11 14:14:02.040,2024-07-11 14:14:10.543,2024-07-11 14:15:12.277,2024-07-11 14:22:43.320,,MINISTERIO DA AGRICULTURA E PECUARIA,PA 2,BRASILIA,DF,"Palacio do Desenvolvimento, Brasilia, DF","Palacio do Desenvolvimento, Brasilia, DF",-15.79953,-47.87093,-15.79075,-47.87953,-15.79121,-47.87964,,,,,2023,2023,,SGU-**46,,
TAXIGOV_DF_3,1361850,Ministério da Educação,244,DIRETA,ACS/GM/MEC,,CONCLUÍDA,Reunião,,1.51,1.498,7.76,2024-07-11 14:11:47.630,2024-07-11 14:12:03.693,2024-07-11 14:17:04.330,2024-07-11 14:19:18.463,2024-07-11 14:25:51.593,,MINISTERIO DA EDUCACAO,PA 2,BRASILIA,DF,"Edificio Siderbras - Ministerio da Pesca e Aquicultura; e Reitoria do IFB, Asa Sul, Brasilia, Distrito Federal","Edificio Siderbras - Ministerio da Pesca e Aquicultura; e Reitoria do IFB, Asa Sul, Brasilia, Distrito Federal",-15.79501,-47.87305,-15.80098,-47.8792,-15.80088,-47.87925,,,,,2023,2024,,SGV-**61,,
TAXIGOV_DF_3,1361848,Ministério do Desenvolvimento Agrário e Agricultura Familiar,308794,DIRETA,AESP / GM / MDA,,CONCLUÍDA,Reunião,,2.27,1.317,8.81,2024-07-11 14:10:56.073,2024-07-11 14:11:09.930,2024-07-11 14:15:52.343,2024-07-11 14:17:12.287,2024-07-11 14:23:33.103,,"MINISTERIO DA ECONOMIA - BLOCO C, ESPLANADA DOS MINISTERIOS",ZONA CIVICO-ADMINISTRATIVA,BRASILIA,DF,"Casa Civil, Brasilia, Distrito Federal","VIA N. UM LESTE, EIXO MONUMENTAL, BRASILIA - DF, BRASIL",-15.79906,-47.87167,-15.79911,-47.86021,-15.7993,-47.86179,,,,,2022,2023,,REV-**29,,
TAXIGOV_DF_ENTIDADES,1361844,Fundação Universidade de Brasília,470,INDIRETA,FT/UNB,,CONCLUÍDA,Reunião,,32.99,28.276,121.4,2024-07-11 14:09:18.250,2024-07-11 14:09:50.150,2024-07-11 14:17:18.597,2024-07-11 14:19:28.487,2024-07-11 15:15:09.363,,UNB CAMPUS DARCY RIBEIRO,ASA NORTE,BRASILIA,DF,"Universidade Catolica de Brasilia - Campus Taguatinga, Brasilia, DF","UNIVERSIDADE CATOLICA DE BRASILIA, VILA AREAL, TAGUATINGA - DF, 77320-000, BRASIL",-15.76353,-47.87272,-15.86511,-48.03014,-15.86635,-48.03147,,,,VIRTUS,2019,2019,PRETA,PBR-**68,,
TAXIGOV_DF_ENTIDADES,1361843,Fundação Cultural Palmares,1782,INDIRETA,CGI/FCP/FCP,,CONCLUÍDA,Reunião,,4.82,3.809,15.28,2024-07-11 14:09:08.880,2024-07-11 14:09:23.623,2024-07-11 14:19:30.920,2024-07-11 14:19:44.657,2024-07-11 14:30:54.700,,FUNDACAO CULTURAL PALMARES - FCP,ASA NORTE,BRASILIA,DF,"Junta Comercial, Industrial e Servicos do Distrito Federal, Asa Sul, Brasilia, DF","Junta Comercial, Industrial e Servicos do Distrito Federal, Asa Sul, Brasilia, DF",-15.78123,-47.88853,-15.80168,-47.87925,-15.80192,-47.87919,,,,SPIN,2019,2020,PRATA,LVE-**42,,
TAXIGOV_DF_3,1361842,Ministério das Relações Exteriores,263,DIRETA,SGAD/SG/MRE,,CANCELADA,Reunião,,,,7.76,2024-07-11 14:08:51.663,2024-07-11 14:10:01.760,,2024-07-11 14:10:01.760,2024-07-11 14:14:23.597,2024-07-11 14:14:23.597,BL CH,ASA NORTE,BRASILIA,DF,"SQS 411 Bl. H, Asa Sul, Brasilia, Distrito Federal",,-15.77292,-47.88403,-15.82755,-47.9067,,,,,,,2021,2022,,RET-**02,,
TAXIGOV_DF_ENTIDADES,1361840,Fundação Universidade de Brasília,470,INDIRETA,IH,,CONCLUÍDA,Serviço externo / técnico,,24.97,25.158,91.89,2024-07-11 14:08:01.843,2024-07-11 14:12:56.510,2024-07-11 14:15:04.817,2024-07-11 14:15:09.087,2024-07-11 14:43:25.487,,SGAN 912 MOD. C,ASA NORTE,BRASILIA,DF,"Centro de Referencia de Assistencia Social (CRAS) - Taguatinga, Brasilia, DF","Centro de Referencia de Assistencia Social (CRAS) - Taguatinga, Brasilia, DF",-15.75481,-47.90072,-15.80139,-48.06651,-15.80138,-48.06684,,,,V-DRIVE,2020,2021,BRANCA,RGC-**08,,
TAXIGOV_DF_3,1361836,Ministério da Defesa,41066,DIRETA,SEORI/MD,,CONCLUÍDA,Reunião,,2.5,2.514,9.7,2024-07-11 14:06:23.643,2024-07-11 14:10:33.930,2024-07-11 14:15:24.860,2024-07-11 14:16:02.433,2024-07-11 14:20:57.413,,CONSULADO AMERICANO (VISTO AMERICANO),ASA SUL,BRASILIA,DF,"Ministerio da Defesa - Anexo, Asa Norte, Brasilia, Distrito Federal","Ministerio da Defesa - Anexo, Asa Norte, Brasilia, Distrito Federal",-15.80369,-47.87384,-15.79442,-47.87028,-15.79426,-47.87044,,,,,2019,2020,,PBR-**50,,
TAXIGOV_DF_ENTIDADES,1361829,Fundação Universidade de Brasília,470,INDIRETA,IH,,CANCELADA,Serviço externo / técnico,,,,,2024-07-11 14:04:45.087,2024-07-11 14:07:33.883,,2024-07-11 14:07:33.883,2024-07-11 14:07:37.650,2024-07-11 14:07:37.650,SGAN 912 MOD. C,ASA NORTE,BRASILIA,DF,"Centro de Referencia de Assistencia Social (CRAS) - Taguatinga, Brasilia, DF",,-15.75481,-47.90072,-15.80139,-48.06651,,,,,,VIRTUS,2024,2024,BRANCA,SSH-**20,,
TAXIGOV_DF_3,1361827,Ministério das Relações Exteriores,263,DIRETA,SGAD/SG/MRE,,CANCELADA,Reunião,,,,,2024-07-11 14:04:30.273,2024-07-11 14:06:43.760,,2024-07-11 14:06:43.760,2024-07-11 14:06:45.287,2024-07-11 14:06:45.287,BL CH,ASA NORTE,BRASILIA,DF,"SQS 411 Bl. H, Asa Sul, Brasilia, Distrito Federal",,-15.77292,-47.88403,-15.82755,-47.9067,,,,,,,2023,2023,,SGT-**48,,
TAXIGOV_DF_ENTIDADES,1361821,Superintendência do Desenvolvimento do Centro-Oeste,100113,INDIRETA,COORGAB,,CONCLUÍDA,Reunião,,0.83,0.835,7.4,2024-07-11 14:03:06.620,2024-07-11 14:06:20.107,2024-07-11 14:11:41.043,2024-07-11 14:12:21.100,2024-07-11 14:16:23.673,,SUPERINTENDENCIA DO DESENVOLVIMENTO DO CENTRO-OESTE,ASA NORTE,BRASILIA,DF,"Bloco K - Esplanada dos Ministerios, Brasilia, Distrito Federal","Bloco K - Esplanada dos Ministerios, Brasilia, Distrito Federal",-15.79119,-47.87828,-15.794740000000001,-47.87387,-15.794740000000001,-47.87365,,,,VOYAGE,2017,2017,PRATA,PBB-**73,,
TAXIGOV_DF_ENTIDADES,1361818,Instituto Chico Mendes de Conservação da Biodiversidade,91842,INDIRETA,GABIN/ICMBIO,,CONCLUÍDA,Reunião,,8.9,8.91,31.59,2024-07-11 14:02:27.163,2024-07-11 14:02:40.773,2024-07-11 14:09:25.527,2024-07-11 14:09:58.730,2024-07-11 14:26:23.060,,EQSW 103/104,CRUZEIRO,BRASILIA,DF,"Palacio do Planalto, Brasilia, DF","Palacio do Planalto, Brasilia, DF",-15.80427,-47.92573,-15.79905,-47.86077,-15.79926,-47.86178,,,,KA,2018,2018,BRANCA,QOB-**36,,
TAXIGOV_DF_ENTIDADES,1361816,Instituto Chico Mendes de Conservação da Biodiversidade,91842,INDIRETA,GABIN/ICMBIO,,CANCELADA,Reunião,,,,,2024-07-11 14:01:48.220,2024-07-11 14:02:01.170,,2024-07-11 14:02:01.170,2024-07-11 14:02:22.933,2024-07-11 14:02:22.933,EQSW 103/104,CRUZEIRO,BRASILIA,DF,"Palacio do Planalto, Brasilia, DF",,-15.80427,-47.92573,-15.79905,-47.86077,,,,,,KA,2018,2018,BRANCA,QOB-**36,,
TAXIGOV_DF_3,1361813,Ministério da Saúde,304,DIRETA,ASCER/GM/MS,,CONCLUÍDA,Reunião,,4.05,4.102,15.71,2024-07-11 14:01:04.607,2024-07-11 14:01:14.327,2024-07-11 14:04:43.340,2024-07-11 14:06:40.677,2024-07-11 14:15:53.257,,MINISTÉRIO DA SAÚDE - BLOCO G,,BRASÍLIA,DF,HOSPITAL UNIVERSITÁRIO DE BRASÍLIA - ASA NORTE - BRASÍLIA / DF,HOSPITAL UNIVERSITÁRIO DE BRASÍLIA - ASA NORTE - BRASÍLIA / DF,-15.80024,-47.86838,-15.77091,-47.87361,-15.77127,-47.87452,,,,,2017,2017,,PAQ-**53,,
TAXIGOV_DF_ENTIDADES,1361811,Instituto Chico Mendes de Conservação da Biodiversidade,91842,INDIRETA,GABIN/ICMBIO,,CANCELADA,Reunião,,,,,2024-07-11 14:00:17.583,2024-07-11 14:01:17.963,,2024-07-11 14:01:17.963,2024-07-11 14:01:43.703,2024-07-11 14:01:43.703,EQSW 103/104,CRUZEIRO,BRASILIA,DF,"Palacio do Planalto, Brasilia, DF",,-15.80427,-47.92573,-15.79905,-47.86077,,,,,,KA,2018,2018,BRANCA,QOB-**36,,
TAXIGOV_DF_ENTIDADES,1361810,Superintendência do Desenvolvimento do Centro-Oeste,100113,INDIRETA,COORGAB,,CANCELADA,Reunião,,,,,2024-07-11 13:59:36.897,2024-07-11 13:59:46.383,,2024-07-11 13:59:46.383,2024-07-11 14:03:02.190,2024-07-11 14:03:02.190,SUPERINTENDENCIA DO DESENVOLVIMENTO DO CENTRO-OESTE,ASA NORTE,BRASILIA,DF,"Bloco K - Esplanada dos Ministerios, Brasilia, Distrito Federal",,-15.79119,-47.87828,-15.794740000000001,-47.87387,,,,,,VIRTUS,2019,2019,PRETA,PBR-**68,,
TAXIGOV_DF_3,1361809,Ministério da Saúde,304,DIRETA,GAB/SESAI,,CONCLUÍDA,Reunião,,4.06,4.205,15.75,2024-07-11 13:59:29.433,2024-07-11 13:59:39.170,2024-07-11 14:05:17.287,2024-07-11 14:07:59.157,2024-07-11 14:17:15.583,,"VIA W 5 NORTE, 702",ASA NORTE,BRASÍLIA,DF,MINISTÉRIO DA SAÚDE - BLOCO G - BRASÍLIA / DF,MINISTÉRIO DA SAÚDE - BLOCO G - BRASÍLIA / DF,-15.78391,-47.89018,-15.80024,-47.86838,-15.80034,-47.86821,,,,,2022,2023,,SGN-**06,,
TAXIGOV_DF_3,1361805,Ministério da Saúde,304,DIRETA,CGSH/SAES/MS,,CONCLUÍDA,Reunião,,4.21,4.213,16.33,2024-07-11 13:58:10.723,2024-07-11 13:58:21.940,2024-07-11 14:01:59.107,2024-07-11 14:02:21.983,2024-07-11 14:10:46.720,,"PO700 - MINISTERIO DA SAUDE, SRTVN, 701",ASA NORTE,BRASILIA,DF,"Ministerio da Saude - Bloco G, Brasilia, Distrito Federal","Ministerio da Saude - Bloco G, Brasilia, Distrito Federal",-15.78407,-47.89045,-15.80024,-47.86838,-15.80023,-47.86818,,,,,2021,2022,,RER-**20,,
TAXIGOV_DF_3,1361800,Ministério da Saúde,304,DIRETA,DENASUS/SE/MS,,CONCLUÍDA,Reunião,,4.16,4.179,16.14,2024-07-11 13:57:14.650,2024-07-11 13:57:36.850,2024-07-11 14:01:02.473,2024-07-11 14:02:10.120,2024-07-11 14:11:01.990,,"EDIFICIO PO 700, VIA W 5 NORTE",ASA NORTE,BRASILIA,DF,"Ministerio da Saude - Bloco G, Brasilia, Distrito Federal","Ministerio da Saude - Bloco G, Brasilia, Distrito Federal",-15.78364,-47.89034,-15.80024,-47.86838,-15.80034,-47.86827,,,,,2022,2023,,REV-**29,,
TAXIGOV_DF_3,1361798,Ministério da Saúde,304,DIRETA,CGSAT/DSASTE/SVS/MS,,CONCLUÍDA,Reunião,,3.72,3.961,14.43,2024-07-11 13:56:31.300,2024-07-11 13:57:10.327,2024-07-11 13:57:18.323,2024-07-11 14:00:36.733,2024-07-11 14:10:38.280,,"SRTVN, 701",ASA NORTE,BRASILIA,DF,"Organizacao Mundial da Saude, SEN, Asa Norte, Brasilia, DF","Organizacao Mundial da Saude, SEN, Asa Norte, Brasilia, DF",-15.78407,-47.89045,-15.78274,-47.86835,-15.78297,-47.86839,,,,,2023,2024,,SGW-**21,,
TAXIGOV_DF_3,1361797,Advocacia-Geral da União,46,DIRETA,PGU/AGU,,CONCLUÍDA,Reunião,,6.33,6.151,24.56,2024-07-11 13:56:25.760,2024-07-11 13:57:25.740,2024-07-11 14:01:50.930,2024-07-11 14:02:01.757,2024-07-11 14:18:18.187,,VIA DE LIGACAO SE NE,ASA SUL,BRASILIA,DF,"Advocacia-Geral da Uniao - Sede III, Brasilia, DF","Advocacia-Geral da Uniao - Sede III, Brasilia, DF",-15.80275,-47.88065,-15.79215,-47.9124,-15.79223,-47.91248,,,,,2024,2024,,SSK-**27,,
TAXIGOV_DF_3,1361796,Ministério da Saúde,304,DIRETA,GAB/SE/MS,,CONCLUÍDA,Reunião,,4.1,4.018,15.91,2024-07-11 13:56:00.533,2024-07-11 13:59:06.737,2024-07-11 14:01:15.440,2024-07-11 14:02:43.313,2024-07-11 14:13:28.840,,EMI BLOCO G,ASA SUL,BRASILIA,DF,"PO 700, SRTVN, Asa Norte, Brasilia, DF","PO 700, SRTVN, Asa Norte, Brasilia, DF",-15.79998,-47.86839,-15.78456,-47.88949,-15.78423,-47.89047,,,,,2024,2025,,SSL-**49,,
TAXIGOV_DF_ENTIDADES,1361795,Instituto do Patrimônio Histórico e Artístico Nacional,2045,INDIRETA,GABINETE/IPHAN,,CANCELADA,Reunião,,,,7.4,2024-07-11 13:55:05.060,2024-07-11 13:55:21.050,2024-07-11 14:08:51.560,2024-07-11 13:55:21.050,2024-07-11 14:11:46.327,2024-07-11 14:11:46.327,INSTITUTO DO PATRIMONIO HISTORICO E ARTISTICO NACIONAL - SEDE,ASA SUL,BRASILIA,DF,"Camara dos Deputados Anexo IV, Anexo IV, Brasilia, DF",,-15.82776,-47.9249,-15.80264,-47.86511,,,,,,CRONOS,2023,2023,PRATA,SGS-**24,,
TAXIGOV_DF_3,1361792,Presidência da República,26,DIRETA,SPP/SECOM/PR,,CANCELADA,Reunião,,,,,2024-07-11 13:54:32.383,2024-07-11 13:56:55.577,,2024-07-11 13:56:55.577,2024-07-11 13:57:08.173,2024-07-11 13:57:08.173,LE VIN BISTRO BRASILIA,ASA SUL,BRASILIA,DF,"Via N2 Leste, Brasilia, DF",,-15.80849,-47.88593,-15.79716,-47.85472,,,,,,,2024,2024,,SSK-**27,,
TAXIGOV_DF_3,1361790,Ministério do Desenvolvimento Agrário e Agricultura Familiar,308794,DIRETA,CGLOG / SPOA / SE / MDA,,CONCLUÍDA,Reunião,,6.87,6.787,26.66,2024-07-11 13:53:49.513,2024-07-11 13:58:44.803,2024-07-11 13:59:11.777,2024-07-11 13:59:37.917,2024-07-11 14:13:59.520,,MINISTERIO DA AGRICULTURA E PECUARIA,PA 2,BRASILIA,DF,"Controladoria-Geral da Uniao, Brasilia, DF","Controladoria-Geral da Uniao, Brasilia, DF",-15.79953,-47.87093,-15.78993,-47.91179,-15.78949,-47.91267,,,,,2022,2023,,SGO-**86,,
TAXIGOV_DF_3,1361787,Presidência da República,26,DIRETA,GAB/SECOM/PR,,CONCLUÍDA,Reunião,,1.29,1.264,7.76,2024-07-11 13:53:29.190,2024-07-11 13:53:43.430,2024-07-11 13:58:00.397,2024-07-11 13:58:21.940,2024-07-11 14:02:43.100,,"MINISTERIO DOS TRANSPORTES - ANEXO A E B, EIXO MONUMENTAL",PA 2,BRASILIA,DF,"Palacio do Planalto, Pca. dos Tres Poderes, ZONA CIVICOADMINISTRATIVA, BRASILIA, DF","VIA N. UM LESTE, ASA SUL, BRASILIA - DF, BRASIL",-15.79543,-47.86689,-15.79941,-47.86088,-15.79931,-47.85827,,,,,2023,2024,,SGV-**61,,
TAXIGOV_DF_3,1361784,Advocacia-Geral da União,46,DIRETA,GAB/PGF/AGU,,CONCLUÍDA,Reunião,,6.23,6.157,24.17,2024-07-11 13:53:03.163,2024-07-11 13:57:10.640,2024-07-11 14:00:24.243,2024-07-11 14:00:43.360,2024-07-11 14:17:13.773,,6,ASA SUL,BRASILIA,DF,"Advocacia-Geral da Uniao - Sede III, Brasilia, DF","Advocacia-Geral da Uniao - Sede III, Brasilia, DF",-15.80231,-47.88046,-15.79215,-47.9124,-15.79221,-47.91245,,,,,2024,2024,,SSK-**66,,
TAXIGOV_DF_3,1361781,Ministério da Saúde,304,DIRETA,DGCI,,CONCLUÍDA,Reunião,,3.97,4.269,15.4,2024-07-11 13:52:02.760,2024-07-11 13:52:45.637,2024-07-11 13:57:52.553,2024-07-11 13:59:15.320,2024-07-11 14:07:48.503,,SRTVN,ASA NORTE,BRASILIA,DF,"Ministerio da Saude - Bloco G, Brasilia, DF","Ministerio da Saude - Bloco G, Brasilia, DF",-15.78456,-47.88949,-15.80024,-47.86838,-15.79998,-47.86811,,,,,2023,24,,SSF-**23,,
TAXIGOV_DF_3,1361779,Ministério do Meio Ambiente,1927,DIRETA,GAB/SAPE,,CONCLUÍDA,Reunião,,1.28,0.917,7.76,2024-07-11 13:51:37.907,2024-07-11 13:51:52.500,2024-07-11 13:59:14.763,2024-07-11 14:00:03.130,2024-07-11 14:03:24.177,,0,ASA NORTE,BRASÍLIA,DF,ESTACIONAMENTO DO ANEXO II CÂMARA DOS DEPUTADOS - BRASÍLIA / DF,"VIA EIXO MONUMENTAL, EIXO MONUMENTAL, BRASILIA - DF, BRASIL",-15.799,-47.87247,-15.80242,-47.8655,-15.79874,-47.86569,,,,,2023,2024,,SGV-**13,,
TAXIGOV_DF_3,1361778,Ministério da Saúde,304,DIRETA,GAB/SVS,,CONCLUÍDA,Reunião,,4.13,4.167,16.02,2024-07-11 13:51:21.733,2024-07-11 13:51:34.347,2024-07-11 13:57:55.477,2024-07-11 13:59:12.393,2024-07-11 14:08:01.483,,PO700-MINISTERIO DA SAUDE,ASA NORTE,BRASILIA,DF,"Ministerio da Saude - Bloco G, Brasilia, DF","Ministerio da Saude - Bloco G, Brasilia, DF",-15.78363,-47.89034,-15.80024,-47.86838,-15.80027,-47.86818,,,,,2022,2023,,SGR-**08,,
TAXIGOV_DF_3,1361772,Ministério da Saúde,304,DIRETA,DAPSI,,CONCLUÍDA,Reunião,,9.99,7.891,38.76,2024-07-11 13:49:29.177,2024-07-11 13:49:45.823,2024-07-11 13:54:32.813,2024-07-11 13:56:33.813,2024-07-11 14:12:13.417,,"BRASILIA - DF, 70719-040, BRASIL",BRASILIA,BRASILIA,DF,"Escola Nacional de Administracao Publica - Enap, Asa Sul, Brasilia, DF","Escola Nacional de Administracao Publica - Enap, Asa Sul, Brasilia, DF",-15.78408,-47.89018,-15.83033,-47.93057,-15.83028,-47.9314,,,,,2023,2023,,SGV-**39,,
TAXIGOV_DF_3,1361769,Ministério do Desenvolvimento Agrário e Agricultura Familiar,308794,DIRETA,CGLOG / SPOA / SE / MDA,,CONCLUÍDA,Reunião,,2.29,2.315,8.89,2024-07-11 13:48:21.690,2024-07-11 13:52:31.343,2024-07-11 13:52:32.197,2024-07-11 13:53:51.783,2024-07-11 13:59:03.890,,PALACIO DO DESENVOLVIMENTO,ASA SUL,BRASILIA,DF,"Anexos A e B do Ministerio da Agricultura, Asa Sul, Brasilia, Distrito Federal","Anexos A e B do Ministerio da Agricultura, Asa Sul, Brasilia, Distrito Federal",-15.79075,-47.87953,-15.80098,-47.8711,-15.80104,-47.871,,,,,2017,2017,,PAQ-**53,,
TAXIGOV_DF_3,1361764,Ministério da Saúde,304,DIRETA,GAB/SE/MS,,CANCELADA,Reunião,,,,7.76,2024-07-11 13:45:46.640,2024-07-11 13:46:13.633,,2024-07-11 13:46:13.633,2024-07-11 13:55:49.140,2024-07-11 13:55:49.140,EMI BLOCO G,ASA SUL,BRASILIA,DF,"PO 700, SRTVN, Asa Norte, Brasilia, DF",,-15.79998,-47.86839,-15.78456,-47.88949,,,,,,,2019,2019,,PBR-**68,,
TAXIGOV_DF_3,1361761,Ministério da Saúde,304,DIRETA,SECNS/CNS/MS,,CONCLUÍDA,Reunião,,3.27,3.186,12.69,2024-07-11 13:45:18.990,2024-07-11 13:45:30.143,2024-07-11 13:49:00.423,2024-07-11 13:50:04.967,2024-07-11 13:55:13.433,,ESPLANADA DOS MINISTERIOS,BRASILIA,BRASILIA,DF,"Organizacao Mundial da Saude, SEN, Asa Norte, Brasilia, DF","Organizacao Mundial da Saude, SEN, Asa Norte, Brasilia, DF",-15.802,-47.86917,-15.78274,-47.86835,-15.78305,-47.86832,,,,,2022,2022,,REU-**98,,
TAXIGOV_DF_3,1361752,Ministério do Desenvolvimento Agrário e Agricultura Familiar,308794,DIRETA,CGLOG / SPOA / SE / MDA,,CANCELADA,Reunião,,,,7.76,2024-07-11 13:41:45.813,2024-07-11 13:48:09.987,,2024-07-11 13:41:45.813,2024-07-11 13:48:09.987,2024-07-11 13:48:09.987,PALACIO DO DESENVOLVIMENTO,ASA SUL,BRASILIA,DF,"Anexos A e B do Ministerio da Agricultura, Asa Sul, Brasilia, Distrito Federal",,-15.79075,-47.87953,-15.80098,-47.8711,,,,,,,,,,,,
TAXIGOV_DF_3,1361751,Ministério do Desenvolvimento Agrário e Agricultura Familiar,308794,DIRETA,CGLOG / SPOA / SE / MDA,,CONCLUÍDA,Reunião,,7.06,6.776,27.39,2024-07-11 13:41:42.430,2024-07-11 13:42:22.277,2024-07-11 13:45:04.527,2024-07-11 13:45:29.757,2024-07-11 13:58:04.880,,BLOCO D - ESPLANADA DOS MINISTERIOS,PA 2,BRASILIA,DF,"Controladoria-Geral da Uniao, Brasilia, DF","Controladoria-Geral da Uniao, Brasilia, DF",-15.79944,-47.87087,-15.78993,-47.91179,-15.78951,-47.91267,,,,,2018,2018,,QOB-**36,,
TAXIGOV_DF_3,1361747,Presidência da República,26,DIRETA,ITI/CC/PR,,CONCLUÍDA,Reunião,,2.89,3.124,11.21,2024-07-11 13:40:54.313,2024-07-11 13:41:07.020,2024-07-11 13:47:29.763,2024-07-11 13:50:15.303,2024-07-11 13:58:08.597,,INSTITUTO NACIONAL DE TECNOLOGIA DA INFORMACAO,ASA NORTE,BRASILIA,DF,"Anexo III do Palacio do Planalto, Brasilia, DF","Anexo III do Palacio do Planalto, Brasilia, DF",-15.78794,-47.88458,-15.799,-47.85901,-15.79809,-47.85941,,,,,2022,2022,,SGQ-**92,,
TAXIGOV_DF_3,1361742,Ministério da Saúde,304,DIRETA,GAB/SAES,,CONCLUÍDA,Reunião,,3.69,2.947,14.32,2024-07-11 13:38:30.540,2024-07-11 13:39:03.627,2024-07-11 13:40:57.717,2024-07-11 13:42:11.697,2024-07-11 13:51:01.640,,SEN,ASA NORTE,BRASILIA,DF,"ESPLANADA DOS MINISTERIOS, BL. G - ASA SUL - BRASILIA","ESPLANADA DOS MINISTERIOS, BL. G - ASA SUL - BRASILIA",-15.78274,-47.86835,-15.80055,-47.86855,-15.80007,-47.86812,,,,,2023,2024,,SGV-**13,,
TAXIGOV_DF_3,1361739,Ministério do Desenvolvimento Agrário e Agricultura Familiar,308794,DIRETA,SEORG / SE / MDA,,CONCLUÍDA,Reunião,,2.08,1.915,8.07,2024-07-11 13:37:49.860,2024-07-11 13:37:59.187,2024-07-11 13:44:54.733,2024-07-11 13:45:06.220,2024-07-11 13:52:06.783,,EMI BLOCO C,ASA SUL,BRASILIA,DF,"Palacio do Desenvolvimento, Brasilia, DF","Palacio do Desenvolvimento, Brasilia, DF",-15.79889,-47.87196,-15.79075,-47.87953,-15.79125,-47.87942,,,,,2017,2017,,PAQ-**53,,
TAXIGOV_DF_3,1361736,Ministério da Saúde,304,DIRETA,CGSH/SAES/MS,,CANCELADA,Reunião,,,,7.76,2024-07-11 13:36:37.967,2024-07-11 13:40:20.113,2024-07-11 13:45:20.507,2024-07-11 13:50:20.113,2024-07-11 13:56:39.413,2024-07-11 13:56:39.413,"PO700 - MINISTERIO DA SAUDE, SRTVN, 701",ASA NORTE,BRASILIA,DF,"Ministerio da Saude - Bloco G, Brasilia, Distrito Federal",,-15.78407,-47.89045,-15.80024,-47.86838,,,,,,,2023,2024,,SGW-**21,,
TAXIGOV_DF_3,1361732,Ministério da Educação,244,DIRETA,CETREMEC,,CONCLUÍDA,Reunião,,4.12,3.599,15.99,2024-07-11 13:35:18.527,2024-07-11 13:35:31.783,2024-07-11 13:37:42.860,2024-07-11 13:39:47.160,2024-07-11 13:49:24.760,,MINISTERIO DA EDUCACAO,PA 2,BRASILIA,DF,"MEC Cetremec, Sgas, Asa Sul, Brasilia, Distrito Federal","MEC Cetremec, Sgas, Asa Sul, Brasilia, Distrito Federal",-15.79501,-47.87305,-15.81501,-47.88775,-15.81542,-47.8875,,,,,2023,2023,,SGR-**55,,
TAXIGOV_DF_3,1361720,Ministério da Saúde,304,DIRETA,CGSPD/DAET/SAES/MS,,CONCLUÍDA,Reunião,,4.04,4.126,15.68,2024-07-11 13:31:02.133,2024-07-11 13:31:09.823,2024-07-11 13:33:04.913,2024-07-11 13:33:20.640,2024-07-11 13:42:20.973,,MINISTERIO DA SAUDE - BLOCO G,,BRASILIA,DF,"PO700 - Ministerio da Saude, Asa Norte, Brasilia, Distrito Federal","PO700 - Ministerio da Saude, Asa Norte, Brasilia, Distrito Federal",-15.80024,-47.86838,-15.78406,-47.89043,-15.78412,-47.89046,,,,,2024,2024,,SSK-**66,,
TAXIGOV_DF_ENTIDADES,1361716,Instituto do Patrimônio Histórico e Artístico Nacional,2045,INDIRETA,DPA/IPHAN,,CONCLUÍDA,Reunião,,6.7,6.896,24.79,2024-07-11 13:28:43.630,2024-07-11 13:31:59.830,2024-07-11 13:39:57.293,2024-07-11 13:41:13.950,2024-07-11 13:54:09.547,,"SHIGS 702 BLOCO C,",BRASILIA,BRASILIA,DF,"Foro Trabalhista de Brasilia, SEPN, 513, Asa Norte, Brasilia, Distrito Federal","Foro Trabalhista de Brasilia, SEPN, 513, Asa Norte, Brasilia, Distrito Federal",-15.79883,-47.89682,-15.7495,-47.89527,-15.7494,-47.89543,5.0,,,COROLLA,2021,2022,PRETA,REQ-**58,,
TAXIGOV_DF_3,1361712,Presidência da República,26,DIRETA,SAM/CC/PR,,CONCLUÍDA,Reunião,,2.2,2.27,8.54,2024-07-11 13:26:28.140,2024-07-11 13:26:38.583,2024-07-11 13:32:17.257,2024-07-11 13:32:26.037,2024-07-11 13:36:18.337,,"ARCO DO ANEXO DO PALACIO DO PLANALTO, VIA N1",ASA SUL,BRASILIA,DF,"Ministerio da Igualdade Racial, Brasilia, Distrito Federal","Ministerio da Igualdade Racial, Brasilia, Distrito Federal",-15.79967,-47.85931,-15.79941,-47.87172,-15.79929,-47.87158,,,,,2022,2022,,REU-**98,,
TAXIGOV_DF_3,1361710,Ministério da Saúde,304,DIRETA,DESID,,CONCLUÍDA,Reunião,,4.19,4.267,16.26,2024-07-11 13:24:53.553,2024-07-11 13:25:02.550,2024-07-11 13:27:38.380,2024-07-11 13:28:00.437,2024-07-11 13:35:02.907,,MINISTERIO DA SAUDE,,BRASILIA,DF,"Fundacao Oswaldo Cruz - Distrito Federal, Brasilia, DF","Fundacao Oswaldo Cruz - Distrito Federal, Brasilia, DF",-15.80024,-47.86838,-15.77097,-47.87113,-15.77162,-47.87093,,,,,2023,2024,,SGV-**13,,
TAXIGOV_DF_3,1361708,Ministério da Saúde,304,DIRETA,DAHU/SAES/MS,,CONCLUÍDA,Reunião,,3.44,3.54,13.35,2024-07-11 13:22:56.440,2024-07-11 13:23:06.043,2024-07-11 13:25:58.560,2024-07-11 13:28:26.060,2024-07-11 13:37:18.990,,"ORGANIZACAO MUNDIAL DA SAUDE, SEN",ASA NORTE,BRASILIA,DF,"Ministerio da Saude - Bloco G, Brasilia, Distrito Federal","VIA S. DOIS OESTE, ASA SUL, BRASILIA - DF, 70070-600, BRASIL",-15.78274,-47.86835,-15.80024,-47.86838,-15.80119,-47.86895,,,,,2022,2022,,REV-**32,,
TAXIGOV_DF_3,1361700,Ministério da Justiça e Segurança Pública,235881,DIRETA,DPJUS/SNJ/MJSP,,CONCLUÍDA,Reunião,,10.6,11.391,41.13,2024-07-11 13:18:33.670,2024-07-11 13:20:59.613,2024-07-11 13:26:23.743,2024-07-11 13:27:31.607,2024-07-11 13:43:47.980,,ANEXO II - MINISTERIO DA JUSTICA,,BRASILIA,DF,"Iguatemi Brasilia, Brasilia, Distrito Federal","Iguatemi Brasilia, Brasilia, Distrito Federal",-15.796570000000001,-47.86601,-15.72094,-47.88592,-15.72131,-47.88582,,,,,2023,2023,,SGW-**96,,
TAXIGOV_DF_ENTIDADES,1361692,Agência Nacional de Energia Elétrica,21089,INDIRETA,AID/ANEEL,,CONCLUÍDA,Reunião,,3.12,3.153,11.54,2024-07-11 13:14:23.127,2024-07-11 13:14:30.210,2024-07-11 13:14:41.830,2024-07-11 13:14:48.543,2024-07-11 13:20:45.787,,"MINISTERIO DA CULTURA BLOCO B,",ESPLANADA,BRASILIA,DF,"ANEEL, - PA 12","SGAN 603 BLOCO I, ASA NORTE, BRASILIA - DF, 70830-030, BRASIL",-15.79856,-47.87251,-15.78455,-47.87153,-15.77849,-47.8724,,,,CRONOS,2022,2022,BRANCA,REV-**32,,
TAXIGOV_DF_3,1361688,Ministério das Relações Exteriores,263,DIRETA,SGAD/SG/MRE,,CONCLUÍDA,Reunião,,5.56,5.762,21.57,2024-07-11 13:08:05.597,2024-07-11 13:08:13.290,2024-07-11 13:09:28.820,2024-07-11 13:12:11.930,2024-07-11 13:23:14.293,,BANCO DO BRASIL - ITAMARATY - AGENCIA 1503,,BRASILIA,DF,"SQN 105 Bl. E, Asa Norte, Brasilia, Distrito Federal","SQN 105 Bl. E, Asa Norte, Brasilia, Distrito Federal",-15.80101,-47.86792,-15.77178,-47.88352,-15.77229,-47.88429,,,,,2017,2017,,PAQ-**53,,
TAXIGOV_DF_3,1361685,Presidência da República,26,DIRETA,SNJ/SG/PR,,CONCLUÍDA,Reunião,,4.04,4.017,15.68,2024-07-11 13:07:29.077,2024-07-11 13:12:29.050,2024-07-11 13:21:57.243,2024-07-11 13:22:31.393,2024-07-11 13:28:16.983,,"INSTITUTO SERZEDELLO CORREA, SCES TR. 3 POLO 8, LT. 3",,BRASILIA,DF,"Arco do Anexo do Palacio do Planalto, Via N1, Brasilia, Distrito Federal","EM, ASA NORTE, BRASILIA - DF, BRASIL",-15.80629,-47.84259,-15.79967,-47.85931,-15.79839,-47.85961,,,,,2018,2019,,PBO-**89,,
TAXIGOV_DF_3,1361684,Presidência da República,26,DIRETA,COENGE/DIENP/SA/CC/PR,,CONCLUÍDA,Serviço externo / técnico,,4.29,4.94,16.65,2024-07-11 13:07:17.700,2024-07-11 13:07:24.683,2024-07-11 13:07:38.787,2024-07-11 13:15:31.633,2024-07-11 13:20:49.620,,"PALACIO DA ALVORADA,",PA 5,BRASILIA,DF,"SGO COENGE, - SGO","SGO COENGE, - SGO",-15.79232,-47.82289,-15.79637,-47.85878,-15.79671,-47.85898,,,,,2023,2023,,SGW-**96,,
TAXIGOV_DF_3,1361682,Ministério da Justiça e Segurança Pública,235881,DIRETA,COREG/AN,334,CONCLUÍDA,Reunião,,6.37,6.402,24.72,2024-07-11 13:06:22.113,2024-07-11 13:07:23.440,2024-07-11 13:11:54.707,2024-07-11 13:13:12.860,2024-07-11 13:21:41.113,,"SCES TRECHO 3 POLO 8, 4",,BRASILIA,DF,"Ministerio da Gestao e da Inovacao em Servicos Publicos - MGI, Brasilia, DF","Ministerio da Gestao e da Inovacao em Servicos Publicos - MGI, Brasilia, DF",-15.80607,-47.84357,-15.79472,-47.87389,-15.7949,-47.87362,,,,,2023,2023,,SGT-**97,,
TAXIGOV_DF_3,1361679,Ministério da Saúde,304,DIRETA,DEGES/SGTES/MS,,CONCLUÍDA,Reunião,,7.82,7.836,30.34,2024-07-11 13:02:58.597,2024-07-11 13:04:18.800,2024-07-11 13:09:58.277,2024-07-11 13:11:10.357,2024-07-11 13:24:44.550,,"PO 700, SRTVN QUADRA 03",ASA NORTE,BRASILIA,DF,"Escola Nacional de Administracao Publica - Enap, Asa Sul, Brasilia, Distrito Federal","Escola Nacional de Administracao Publica - Enap, Asa Sul, Brasilia, Distrito Federal",-15.78354,-47.8903,-15.83033,-47.93057,-15.83032,-47.93132,,,,,2021,2021,,REO-**32,,
TAXIGOV_DF_ENTIDADES,1361676,Agência Nacional de Energia Elétrica,21089,INDIRETA,AID/ANEEL,,CONCLUÍDA,Reunião,,3.07,3.142,11.36,2024-07-11 13:01:02.000,2024-07-11 13:01:10.850,2024-07-11 13:06:12.330,2024-07-11 13:06:46.357,2024-07-11 13:13:03.733,,"SGAN 603, MOD. J",BRASILIA,BRASILIA,DF,"Ministerio da Cultura, Eixo Monumental, S/N, Zona Civico-Administrativa, Brasilia, DF","Ministerio da Cultura, Eixo Monumental, S/N, Zona Civico-Administrativa, Brasilia, DF",-15.77832,-47.87242,-15.79876,-47.87259,-15.79878,-47.87228,,,,CRONOS,2022,2022,BRANCA,REV-**32,,
TAXIGOV_DF_3,1361667,Ministério da Saúde,304,DIRETA,CGPCLIN,,CONCLUÍDA,Reunião,,4.73,4.35,18.35,2024-07-11 12:55:57.413,2024-07-11 12:56:09.123,2024-07-11 13:01:05.040,2024-07-11 13:03:11.683,2024-07-11 13:13:21.380,,VIA W 5 NORTE,ASA NORTE,BRASILIA,DF,"Ministerio da Saude - Bloco G, Brasilia, DF","VIA S. DOIS OESTE, ASA SUL, BRASILIA - DF, 70070-600, BRASIL",-15.78364,-47.89034,-15.80024,-47.86838,-15.80161,-47.86925,,,,,2023,2024,,SGV-**13,,
TAXIGOV_DF_ENTIDADES,1361664,Agência Nacional de Telecomunicações,25064,INDIRETA,SCO/ANATEL,,CONCLUÍDA,Reunião,,9.01,9.371,33.16,2024-07-11 12:54:44.030,2024-07-11 13:28:27.793,2024-07-11 13:32:44.303,2024-07-11 13:39:19.057,2024-07-11 13:55:48.783,,"AGENCIA NACIONAL DE TELECOMUNICACOES (ANATEL), SAUS QD. 6, BL. C, E, F E H",ASA SUL,BRASILIA,DF,"CENAD, Brasilia, Distrito Federal","CENAD, Brasilia, Distrito Federal",-15.80553,-47.88278,-15.81458,-47.94116,-15.81517,-47.94105,,,,LOGAN,2022,2023,PRATA,SGO-**30,,
TAXIGOV_DF_3,1361663,Presidência da República,26,DIRETA,SNJ/SG/PR,,CANCELADA,Reunião,,,,7.76,2024-07-11 12:54:17.780,2024-07-11 13:07:18.720,,2024-07-11 12:54:17.780,2024-07-11 13:07:18.720,2024-07-11 13:07:18.720,"INSTITUTO SERZEDELLO CORREA, SCES TR. 3 POLO 8, LT. 3",,BRASILIA,DF,"Arco do Anexo do Palacio do Planalto, Via N1, Brasilia, Distrito Federal",,-15.80629,-47.84259,-15.79967,-47.85931,,,,,,,,,,,,
TAXIGOV_DF_3,1361662,Presidência da República,26,DIRETA,SNDSAPP/SG/PR,,CONCLUÍDA,Reunião,,2.51,2.584,9.74,2024-07-11 12:54:12.120,2024-07-11 12:56:16.460,2024-07-11 12:56:52.793,2024-07-11 13:00:47.253,2024-07-11 13:05:32.070,,"MINISTERIO DO TURISMO, N BL U",PA 2,BRASILIA,DF,"Anexo I (Palacio do Planalto   Presidencia da Republica), Praca dos Tres Poderes, Brasilia, Distrito Federal","Anexo I (Palacio do Planalto   Presidencia da Republica), Praca dos Tres Poderes, Brasilia, Distrito Federal",-15.79689,-47.86823,-15.79955,-47.85925,-15.79973,-47.85937,,,,,2023,2023,,SGT-**97,,
TAXIGOV_DF_3,1361659,Ministério da Saúde,304,DIRETA,DESMAD,,CONCLUÍDA,Reunião,,1.77,1.909,7.76,2024-07-11 12:51:23.003,2024-07-11 12:54:11.770,2024-07-11 12:57:39.877,2024-07-11 12:58:36.097,2024-07-11 13:05:02.903,,"SENADO ANEXO II, SENADO FEDERAL",ZONA CIVICOADMINISTRATIVA,BRASILIA,DF,"Ministerio da Saude - Bloco G, Brasilia, Distrito Federal","EM, EIXO MONUMENTAL, BRASILIA - DF, 70100-000, BRASIL",-15.79791,-47.86472,-15.80024,-47.86838,-15.79849,-47.8667,,,,,2024,2024,,SSK-**27,,
TAXIGOV_DF_ENTIDADES,1361656,Banco Central do Brasil,89,INDIRETA,DEMAP/DIDOC,,CONCLUÍDA,Reunião,,5.08,5.316,19.0,2024-07-11 12:50:04.840,2024-07-11 12:51:35.727,2024-07-11 12:57:21.010,2024-07-11 12:57:38.147,2024-07-11 13:06:06.497,,SIG,ZONA INDUSTRIAL,BRASILIA,DF,"Banco Central do Brasil - BCB, Asa Sul, Brasilia, DF","Banco Central do Brasil - BCB, Asa Sul, Brasilia, DF",-15.79623,-47.91353,-15.80332,-47.8851,-15.80338,-47.88495,,,,ONIX,2024,2025,PRATA,SSL-**37,,
TAXIGOV_DF_3,1361649,Ministério do Desenvolvimento Agrário e Agricultura Familiar,308794,DIRETA,CGACT / SE / MDA,,CONCLUÍDA,Reunião,,2.59,2.695,10.05,2024-07-11 12:46:51.167,2024-07-11 12:48:21.580,2024-07-11 12:54:03.960,2024-07-11 12:54:42.447,2024-07-11 13:02:22.800,,MINISTERIO DA AGRICULTURA E PECUARIA,PA 2,BRASILIA,DF,"Palacio do Desenvolvimento, Brasilia, DF","Palacio do Desenvolvimento, Brasilia, DF",-15.79953,-47.87093,-15.79075,-47.87953,-15.79119,-47.87939,,,,,2017,2017,,PAQ-**53,,
TAXIGOV_DF_3,1361648,Presidência da República,26,DIRETA,COENGE/DIENP/SA/CC/PR,,CONCLUÍDA,Serviço externo / técnico,,5.58,4.894,21.65,2024-07-11 12:46:30.450,2024-07-11 12:52:35.783,2024-07-11 12:54:09.603,2024-07-11 12:57:49.407,2024-07-11 13:05:53.490,,COENGE - COORDENACAO DE ENGENHARIA,,BRASILIA,DF,"Palacio da Alvorada, Via Palacio Presidencial, Brasilia, DF","SPP, ASA NORTE, BRASILIA - DF, 70150-000, BRASIL",-15.79659,-47.85874,-15.79262,-47.82213,-15.79393,-47.82624,,,,,2023,2023,,SGW-**96,,
TAXIGOV_DF_3,1361645,Presidência da República,26,DIRETA,SAM/CC/PR,,CONCLUÍDA,Reunião,,1.75,1.887,7.76,2024-07-11 12:44:03.710,2024-07-11 12:44:17.477,2024-07-11 12:47:42.780,2024-07-11 12:49:35.753,2024-07-11 12:53:01.020,,"ESPLANADA DOS MINISTERIOS, BL. U",BRASILIA,BRASILIA,DF,"Palacio do Planalto, Brasilia, DF","Palacio do Planalto, Brasilia, DF",-15.79661,-47.86804,-15.79905,-47.86077,-15.79952,-47.8616,,,,,2023,2023,,SGT-**97,,
TAXIGOV_DF_3,1361641,Ministério da Saúde,304,DIRETA,DEDT,,CANCELADA,Reunião,,,,7.76,2024-07-11 12:42:37.433,2024-07-11 12:42:51.973,,2024-07-11 12:42:51.973,2024-07-11 12:47:58.870,2024-07-11 12:47:58.870,"PO 700, VIA W 5 NORTE",ASA NORTE,BRASILIA,DF,"Ministerio da Saude - Bloco G, Brasilia, Distrito Federal",,-15.78364,-47.89034,-15.80024,-47.86838,,,,,,,2023,2024,,SGV-**13,,
TAXIGOV_DF_3,1361632,Ministério da Saúde,304,DIRETA,CGVAM/DSASTE/SVS/MS,,CONCLUÍDA,Reunião,,10.34,8.002,40.12,2024-07-11 12:37:01.240,2024-07-11 12:37:20.657,2024-07-11 12:41:50.537,2024-07-11 12:43:16.177,2024-07-11 12:55:14.720,,ESCOLA NACIONAL DE ADMINISTRACAO PUBLICA - ENAP,ASA SUL,BRASILIA,DF,"PO 700, SRTVN, Asa Norte, Brasilia, Distrito Federal","PO 700, SRTVN, Asa Norte, Brasilia, Distrito Federal",-15.83033,-47.93057,-15.78456,-47.88949,-15.78406,-47.89044,,,,,2023,2023,,SGS-**24,,
TAXIGOV_DF_3,1361630,Ministério do Desenvolvimento Agrário e Agricultura Familiar,308794,DIRETA,GAB / SFTS / MDA,,CONCLUÍDA,Reunião,,2.77,3.034,10.75,2024-07-11 12:35:42.177,2024-07-11 12:36:26.910,2024-07-11 12:37:52.880,2024-07-11 12:38:30.820,2024-07-11 12:46:00.150,,"MINISTERIO DA ECONOMIA - BLOCO C, ESPLANADA DOS MINISTERIOS",ZONA CIVICO-ADMINISTRATIVA,BRASILIA,DF,"Instituto Nacional de Colonizacao e Reforma Agraria - Sede, Asa Norte, Brasilia, Distrito Federal","Instituto Nacional de Colonizacao e Reforma Agraria - Sede, Asa Norte, Brasilia, Distrito Federal",-15.79906,-47.87167,-15.79089,-47.87956,-15.7912,-47.87967,,,,,2022,2022,,REU-**98,,
TAXIGOV_DF_ENTIDADES,1361627,"Agência Nacional do Petróleo, Gás Natural e Biocombustíveis",25281,INDIRETA,EDF/ANP,,CONCLUÍDA,Reunião,,3.63,3.243,13.43,2024-07-11 12:35:15.800,2024-07-11 12:35:24.617,2024-07-11 12:39:59.620,2024-07-11 12:41:01.467,2024-07-11 12:47:40.643,,MINISTERIO DE MINAS E ENERGIA - BLOCO U,PA 2,BRASILIA,DF,"Agencia Nacional de Energia Eletrica - Sede, Asa Norte, Brasilia, DF","Agencia Nacional de Energia Eletrica - Sede, Asa Norte, Brasilia, DF",-15.79648,-47.86802,-15.77833,-47.87238,-15.77844,-47.8724,,,,VOYAGE,2021,2022,BRANCA,RMO-**95,,
TAXIGOV_DF_3,1361621,Ministério da Saúde,304,DIRETA,CGSH/SAES/MS,,CONCLUÍDA,Reunião,,4.07,4.131,15.79,2024-07-11 12:31:22.290,2024-07-11 12:32:07.297,2024-07-11 12:34:28.093,2024-07-11 12:35:36.773,2024-07-11 12:45:49.437,,MINISTERIO DA SAUDE - BLOCO G,,BRASILIA,DF,"Edificio PO 700, Asa Norte, Brasilia, DF","Edificio PO 700, Asa Norte, Brasilia, DF",-15.80024,-47.86838,-15.78364,-47.89034,-15.78417,-47.89048,,,,,2024,2024,,SSK-**66,,
TAXIGOV_DF_ENTIDADES,1361618,Instituto Nacional de Estudos e Pesquisas Educacionais Anísio Teixeira,249,INDIRETA,CGMIL,,CONCLUÍDA,Reunião,,6.07,6.718,22.4,2024-07-11 12:30:00.333,2024-07-11 12:30:10.233,2024-07-11 12:38:26.663,2024-07-11 12:38:37.570,2024-07-11 12:52:37.293,,CEBRASPE,SAAN,BRASILIA,DF,"Instituto Nacional de Estudos e Pesquisas Educacionais, Brasilia, DF","Instituto Nacional de Estudos e Pesquisas Educacionais, Brasilia, DF",-15.75898,-47.93588,-15.788,-47.91424,-15.78813,-47.91397,,,,VIRTUS,2018,2019,PRATA,PBN-**94,,
TAXIGOV_DF_3,1361617,Ministério da Saúde,304,DIRETA,DAPSI,,CONCLUÍDA,Reunião,,10.33,8.0,40.08,2024-07-11 12:29:05.120,2024-07-11 12:29:13.720,2024-07-11 12:34:50.677,2024-07-11 12:35:09.077,2024-07-11 12:48:58.233,,ESCOLA NACIONAL DE ADMINISTRACAO PUBLICA - ENAP,ASA SUL,BRASILIA,DF,"PO700 - Ministerio da Saude, SRTVN, 701, Asa Norte, Brasilia, DF","PO700 - Ministerio da Saude, SRTVN, 701, Asa Norte, Brasilia, DF",-15.83033,-47.93057,-15.78407,-47.89045,-15.78404,-47.89046,,,,,2023,2024,,SGW-**05,,
TAXIGOV_DF_ENTIDADES,1361615,Fundação Oswaldo Cruz,315,INDIRETA,NEVS/FIOCRUZ-BSB,,CONCLUÍDA,Reunião,,40.22,44.286,148.81,2024-07-11 12:27:36.077,2024-07-11 12:50:16.530,2024-07-11 12:54:07.853,2024-07-11 12:57:26.120,2024-07-11 13:32:33.253,,HOSPITAL UNIVERSITARIO DE BRASILIA - EMERGENCIA,ASA NORTE,BRASILIA,DF,"Unidade Basica de Saude 02 Planaltina, Qd 1 s/n c 2, Brasilia, DF","Unidade Basica de Saude 02 Planaltina, Qd 1 s/n c 2, Brasilia, DF",-15.77171,-47.87302,-15.61237,-47.6433,-15.61219,-47.64325,,,,ONIX,2022,2023,PRATA,SGN-**40,,
TAXIGOV_DF_3,1361599,Ministério da Saúde,304,DIRETA,SECNS/CNS/MS,,CONCLUÍDA,Reunião,,3.82,3.962,14.82,2024-07-11 12:22:03.037,2024-07-11 12:22:21.707,2024-07-11 12:24:27.560,2024-07-11 12:24:38.120,2024-07-11 12:34:38.327,,"SEN, LT. 19",BRASILIA,BRASILIA,DF,"Ministerio do Trabalho, Anexo B, Esplanada dos Ministerios, Bloco F, Brasilia, DF","Ministerio do Trabalho, Anexo B, Esplanada dos Ministerios, Bloco F, Brasilia, DF",-15.78239,-47.86783,-15.80146,-47.86996,-15.80126,-47.86998,,,,,2022,2023,,REU-**09,,
TAXIGOV_DF_ENTIDADES,1361595,Agência Espacial Brasileira,4243,INDIRETA,DPEI/AEB,,CONCLUÍDA,Reunião,,14.58,13.707,54.09,2024-07-11 12:20:29.470,2024-07-11 13:50:16.750,2024-07-11 14:00:50.113,2024-07-11 14:21:03.600,2024-07-11 14:36:40.620,,"DF-001, KM 27",JARDIM BOTANICO,BRASILIA,DF,"Gabinete da Vice-Presidencia da Republica, Eixo Monumental, Brasilia, DF","PRACA DOS TRES PODERES, ASA NORTE, BRASILIA - DF, 70165-900, BRASIL",-15.86728,-47.82376,-15.7995,-47.85869,-15.79953,-47.86141,,,,SPIN,2022,2023,BRANCA,SGO-**70,,
TAXIGOV_DF_3,1361581,Presidência da República,26,DIRETA,SNJ/SG/PR,,CONCLUÍDA,Reunião,,1.26,1.319,7.76,2024-07-11 12:14:21.290,2024-07-11 12:15:42.687,2024-07-11 12:16:45.930,2024-07-11 12:18:34.130,2024-07-11 12:20:38.930,,"MINISTERIO DOS DIREITOS HUMANOS E DA CIDADANIA, EIXO MONUMENTAL",PA 2,BRASILIA,DF,"Palacio do Planalto, Brasilia, Distrito Federal","PRACA DOS TRES PODERES, EIXO MONUMENTAL, BRASILIA - DF, 70100-000, BRASIL",-15.7985,-47.87323,-15.79905,-47.86077,-15.80081,-47.86203,,,,,2018,2019,,PBO-**89,,
TAXIGOV_DF_3,1361580,Ministério da Educação,244,DIRETA,AP/GM/MEC,,CONCLUÍDA,Reunião,,1.72,1.713,7.76,2024-07-11 12:14:05.830,2024-07-11 12:15:01.007,2024-07-11 12:19:57.190,2024-07-11 12:20:29.037,2024-07-11 12:26:15.573,,"MINISTERIO DA EDUCACAO (MEC), ESPLANADA DOS MINISTERIOS, BL. L",ZONA CIVICOADMINISTRATIVA,BRASILIA,DF,"Camara dos Deputados, Brasilia, Distrito Federal","Camara dos Deputados, Brasilia, Distrito Federal",-15.7949,-47.87322,-15.80006,-47.86436,-15.79972,-47.86418,,,,,2021,2022,,RMO-**95,,
TAXIGOV_DF_3,1361577,Ministério da Saúde,304,DIRETA,DGCI,,CONCLUÍDA,Reunião,,4.21,4.174,16.33,2024-07-11 12:11:24.910,2024-07-11 12:11:38.940,2024-07-11 12:15:56.093,2024-07-11 12:16:55.597,2024-07-11 12:24:03.417,,"SRTVN, 701",ASA NORTE,BRASILIA,DF,"Ministerio da Saude - Bloco G, Brasilia, DF","Ministerio da Saude - Bloco G, Brasilia, DF",-15.78407,-47.89045,-15.80024,-47.86838,-15.7999,-47.86804,,,,,2021,2022,,RER-**20,,
TAXIGOV_DF_3,1361574,Ministério da Justiça e Segurança Pública,235881,DIRETA,SAA/SE/MJSP,,CONCLUÍDA,Serviço externo / técnico,,11.86,11.864,46.02,2024-07-11 12:10:18.393,2024-07-11 12:14:07.103,2024-07-11 12:23:49.680,2024-07-11 12:35:03.740,2024-07-11 12:54:05.737,,CICCN - CENTRO INTEGRADO DE COMANDO E CONTROLE NACIONAL,SETOR POLICIAL SUL,BRASILIA,DF,"Palacio da Justica - Ministerio da Justica e Seguranca Publica, Brasilia, Distrito Federal","Palacio da Justica - Ministerio da Justica e Seguranca Publica, Brasilia, Distrito Federal",-15.81449,-47.94658,-15.79669,-47.86591,-15.79691,-47.8665,,,,,2024,2024,,SSK-**27,,
TAXIGOV_DF_ENTIDADES,1361563,Instituto Nacional de Estudos e Pesquisas Educacionais Anísio Teixeira,249,INDIRETA,CGMIL,,CONCLUÍDA,Reunião,,6.45,7.018,23.8,2024-07-11 12:05:26.140,2024-07-11 12:06:18.273,2024-07-11 12:06:42.157,2024-07-11 12:07:48.103,2024-07-11 12:19:58.123,,"SIG QD. 4, LT. 327",CRUZEIRO,BRASILIA,DF,"Cebraspe, SAAN, Brasilia, DF","Cebraspe, SAAN, Brasilia, DF",-15.78816,-47.91414,-15.75898,-47.93588,-15.75901,-47.93599,,,,ONIX PLUS,2022,2023,BRANCA,SGN-**06,,
TAXIGOV_DF_3,1361549,Presidência da República,26,DIRETA,ITI/CC/PR,,CONCLUÍDA,Reunião,,9.99,7.467,38.76,2024-07-11 11:58:19.207,2024-07-11 11:59:23.407,2024-07-11 12:03:31.670,2024-07-11 12:06:11.947,2024-07-11 12:19:28.950,,ESCOLA NACIONAL DE ADMINISTRACAO PUBLICA - ENAP,ASA SUL,BRASILIA,DF,"Instituto Nacional de Tecnologia da Informacao, Asa Norte, Brasilia, DF","SCN QUADRA 2, ASA NORTE, BRASILIA - DF, 70712-000, BRASIL",-15.83033,-47.93057,-15.78794,-47.88458,-15.7891,-47.8846,,,,,2023,24,,SSF-**66,,
TAXIGOV_DF_ENTIDADES,1361545,Instituto Brasileiro do Meio Ambiente e dos Recursos Naturais Renováveis,1812,INDIRETA,CONOF/IBAMA,,CONCLUÍDA,Reunião,,5.27,5.476,19.5,2024-07-11 11:55:49.227,2024-07-11 11:56:25.657,2024-07-11 12:00:58.970,2024-07-11 12:02:03.247,2024-07-11 12:09:33.237,,PCA. DOS TRES PODERES,BRASILIA,BRASILIA,DF,"IBAMA Instituto Brasileiro do Meio Ambiente e dos Recursos Naturais Renovaveis, SCEN Trecho 2, Ed. Sede, Brasilia, DF","IBAMA Instituto Brasileiro do Meio Ambiente e dos Recursos Naturais Renovaveis, SCEN Trecho 2, Ed. Sede, Brasilia, DF",-15.79941,-47.86088,-15.76773,-47.86204,-15.76761,-47.86287,,,,PRISMA,2017,2017,BRANCA,PAQ-**53,,
TAXIGOV_DF_3,1361543,Presidência da República,26,DIRETA,SPP/SECOM/PR,,CONCLUÍDA,Reunião,,4.05,4.016,15.71,2024-07-11 11:55:20.043,2024-07-11 11:55:27.763,2024-07-11 12:02:03.497,2024-07-11 12:04:45.790,2024-07-11 12:17:00.693,,"VIA N. DOIS LESTE,",BRASILIA,BRASILIA,DF,"Le Vin Bistro Brasilia, Asa Sul, Brasilia, Distrito Federal","Le Vin Bistro Brasilia, Asa Sul, Brasilia, Distrito Federal",-15.79806,-47.86116,-15.80849,-47.88593,-15.80872,-47.88581,,,,,2021,2021,,RES-**02,,
TAXIGOV_DF_3,1361541,Ministério da Saúde,304,DIRETA,DPNI,,CONCLUÍDA,Reunião,,4.09,4.287,15.87,2024-07-11 11:54:49.710,2024-07-11 11:55:31.710,2024-07-11 12:02:07.780,2024-07-11 12:02:46.927,2024-07-11 12:12:30.107,,"BRASILIA - DF, 70719-040, BRASIL",BRASILIA,BRASILIA,DF,"Ministerio da Saude - Bloco G, Brasilia, DF","Ministerio da Saude - Bloco G, Brasilia, DF",-15.78402,-47.89003,-15.80024,-47.86838,-15.80034,-47.86825,,,,,2021,2022,,RMO-**95,,
TAXIGOV_DF_ENTIDADES,1361538,Instituto Nacional de Estudos e Pesquisas Educacionais Anísio Teixeira,249,INDIRETA,CGMIL,,CANCELADA,Reunião,,,,7.38,2024-07-11 11:54:16.040,2024-07-11 11:56:04.050,,2024-07-11 11:56:04.050,2024-07-11 12:04:44.250,2024-07-11 12:04:44.257,"SIG QD. 4, LT. 327",CRUZEIRO,BRASILIA,DF,"Cebraspe, SAAN, Brasilia, DF",,-15.78816,-47.91414,-15.75898,-47.93588,,,,,,ONIX PLUS,2022,2023,BRANCA,SGN-**06,,
TAXIGOV_DF_3,1361533,Ministério da Saúde,304,DIRETA,CGDI/SAA/SE/MS,,CONCLUÍDA,Reunião,,15.0,,58.2,2024-07-11 11:50:01.620,2024-07-11 11:50:15.520,2024-07-11 12:15:58.653,2024-07-11 12:16:12.847,2024-07-11 12:18:11.853,,EDITORA - MINISTERIO DA SAUDE,ZONA INDUSTRIAL GUARA,BRASILIA,DF,"Anexo do Ministerio da Saude, Eixo Monumental, G, Brasilia, DF","Anexo do Ministerio da Saude, Eixo Monumental, G, Brasilia, DF",-15.80182,-47.95618,-15.80181,-47.86856,,,5.0,,,,2018,2019,,PBL-**03,,
TAXIGOV_DF_3,1361520,Ministério da Defesa,41066,DIRETA,SEORI/MD,,CONCLUÍDA,Reunião,,10.12,8.5,39.27,2024-07-11 11:43:03.690,2024-07-11 11:43:18.920,2024-07-11 11:48:52.783,2024-07-11 11:50:24.767,2024-07-11 12:04:58.347,,"32  GRUPO DE ARTILHARIA DE CAMPANHA, SMU",SETOR MILITAR URBANO,BRASILIA,DF,"Ministerio da Defesa - Anexo, Asa Norte, Brasilia, Distrito Federal","Ministerio da Defesa - Anexo, Asa Norte, Brasilia, Distrito Federal",-15.76281,-47.92444,-15.79442,-47.87028,-15.7942,-47.87047,,,,,2023,2024,,SGY-**58,,
TAXIGOV_DF_3,1361517,Ministério das Relações Exteriores,263,DIRETA,IRBr/MRE,,CONCLUÍDA,Reunião,,2.12,2.524,8.23,2024-07-11 11:42:45.533,2024-07-11 11:43:26.517,2024-07-11 11:52:49.357,2024-07-11 11:52:56.130,2024-07-11 11:56:59.767,,QUADRA 2,ASA SUL,BRASILIA,DF,"Instituto Rio Branco, Asa Sul, Brasilia, Distrito Federal","Instituto Rio Branco, Asa Sul, Brasilia, Distrito Federal",-15.80131,-47.87962,-15.80554,-47.86892,-15.80583,-47.86885,,,,,2021,2022,,RET-**80,,
TAXIGOV_DF_ENTIDADES,1361512,Instituto Nacional de Estudos e Pesquisas Educacionais Anísio Teixeira,249,INDIRETA,GAB/DGP/INEP,,CONCLUÍDA,Reunião,,5.63,5.674,20.77,2024-07-11 11:39:25.510,2024-07-11 13:15:09.893,2024-07-11 13:25:21.043,2024-07-11 13:37:41.243,2024-07-11 13:50:55.550,,INSTITUTO NACIONAL DE ESTUDOS E PESQUISAS EDUCACIONAIS,ZONA INDUSTRIAL,BRASILIA,DF,"Ministerio da Educacao, Brasilia, DF","Ministerio da Educacao, Brasilia, DF",-15.788,-47.91424,-15.79501,-47.87305,-15.7951,-47.87281,,,,KICKS,2023,2024,PRATA,SGV-**61,,
TAXIGOV_DF_3,1361507,Ministério do Desenvolvimento Agrário e Agricultura Familiar,308794,DIRETA,SFTS / MDA,,CONCLUÍDA,Reunião,,2.82,3.039,10.94,2024-07-11 11:38:03.700,2024-07-11 11:38:20.733,2024-07-11 11:42:20.330,2024-07-11 11:42:26.243,2024-07-11 11:48:24.807,,ESPLANADA DOS MINISTERIOS,ZONA CIVICO-ADMINISTRATIVA,BRASILIA,DF,"Instituto Nacional de Colonizacao e Reforma Agraria - Sede, Asa Norte, Brasilia, DF","Instituto Nacional de Colonizacao e Reforma Agraria - Sede, Asa Norte, Brasilia, DF",-15.79906,-47.87167,-15.79089,-47.87956,-15.79115,-47.8796,,,,,2024,2024,,SSK-**66,,
TAXIGOV_DF_3,1361499,Ministério de Minas e Energia,2852,DIRETA,SGM/MME,,CONCLUÍDA,Reunião,,0.75,0.769,7.76,2024-07-11 11:33:02.600,2024-07-11 11:33:10.770,2024-07-11 11:35:59.970,2024-07-11 11:37:00.170,2024-07-11 11:39:42.427,,MINISTERIO DE MINAS E ENERGIA - BLOCO U,,BRASILIA,DF,"Ministerio da Agricultura e Pecuaria, Brasilia, DF","Ministerio da Agricultura e Pecuaria, Brasilia, DF",-15.79648,-47.86802,-15.79953,-47.87093,-15.79924,-47.87067,,,,,2023,2023,,SGU-**46,,
TAXIGOV_DF_3,1361486,Ministério da Justiça e Segurança Pública,235881,DIRETA,SENAD/MJSP,,CONCLUÍDA,Reunião,,6.9,6.968,26.77,2024-07-11 11:28:05.293,2024-07-11 11:28:18.280,2024-07-11 11:28:31.917,2024-07-11 11:32:11.200,2024-07-11 11:41:46.450,,FUNDACAO OSWALDO CRUZ - DISTRITO FEDERAL,,BRASILIA,DF,"Anexo II - Ministerio da Justica, Brasilia, Distrito Federal","Anexo II - Ministerio da Justica, Brasilia, Distrito Federal",-15.77097,-47.87113,-15.796570000000001,-47.86601,-15.79697,-47.86678,,,,,2024,2025,,SSL-**34,,
TAXIGOV_DF_3,1361483,Presidência da República,26,DIRETA,SNDSAPP/SG/PR,,CONCLUÍDA,Reunião,,1.7,1.682,7.76,2024-07-11 11:26:46.297,2024-07-11 11:27:02.833,2024-07-11 11:36:06.230,2024-07-11 11:36:20.223,2024-07-11 11:41:13.447,,"PRESIDENCIA DA REPUBLICA - ANEXO I, BRASILIA",ZONA CIVICOADMINISTRATIVA,BRASILIA,DF,"Ministerio do Turismo, n bl U, Brasilia, Distrito Federal","Ministerio do Turismo, n bl U, Brasilia, Distrito Federal",-15.79944,-47.85939,-15.79689,-47.86823,-15.79663,-47.86786,,,,,2024,2025,,SSJ-**86,,
TAXIGOV_DF_3,1361482,Ministério da Educação,244,DIRETA,SESU/MEC,,CONCLUÍDA,Transporte de documentos / materiais,,4.34,4.38,16.84,2024-07-11 11:26:12.800,2024-07-11 11:27:10.220,2024-07-11 11:35:13.300,2024-07-11 11:36:05.483,2024-07-11 11:43:35.390,,CARTORIO JK,ASA SUL,BRASILIA,DF,"Ministerio da Educacao - Anexo I, Brasilia, DF","Ministerio da Educacao - Anexo I, Brasilia, DF",-15.808,-47.9002,-15.79362,-47.87239,-15.79347,-47.87289,,,,,2022,2023,,REV-**05,,
TAXIGOV_DF_3,1361481,Ministério das Relações Exteriores,263,DIRETA,IRBr/MRE,,CONCLUÍDA,Reunião,,2.31,2.556,8.96,2024-07-11 11:25:47.867,2024-07-11 11:25:59.010,2024-07-11 11:27:27.747,2024-07-11 11:28:33.853,2024-07-11 11:33:07.573,,INSTITUTO RIO BRANCO,PA 1,BRASILIA,DF,"SAUS Q. 3, Asa Sul, Brasilia, Distrito Federal","SAUS Q. 3, Asa Sul, Brasilia, Distrito Federal",-15.80554,-47.86892,-15.80176,-47.87968,-15.8018,-47.87943,,,,,2023,2023,,SGR-**55,,
TAXIGOV_DF_3,1361479,Ministério da Saúde,304,DIRETA,GM/MS,,CONCLUÍDA,Reunião,,7.11,7.099,27.59,2024-07-11 11:23:55.700,2024-07-11 11:24:05.410,2024-07-11 11:28:20.097,2024-07-11 11:28:51.597,2024-07-11 11:37:57.003,,"SCES TR. 3 POLO 8, LT. 3",ASA SUL,BRASILIA,DF,"Organizacao Mundial da Saude, SEN, Asa Norte, Brasilia, DF","Organizacao Mundial da Saude, SEN, Asa Norte, Brasilia, DF",-15.80629,-47.84259,-15.78274,-47.86835,-15.78299,-47.86834,,,,,,,,SSK-**03,,
TAXIGOV_DF_ENTIDADES,1361478,Instituto Nacional de Colonização e Reforma Agrária,1799,INDIRETA,DAH-2.1/INCRA,,CONCLUÍDA,Transporte de documentos / materiais,,5.93,6.073,21.94,2024-07-11 11:23:15.690,2024-07-11 11:23:26.460,2024-07-11 11:25:02.093,2024-07-11 11:25:35.940,2024-07-11 11:37:05.453,,SGO Q 5,CRUZEIRO NOVO,BRASILIA,DF,"Instituto Nacional de Colonizacao e Reforma Agraria - Sede, Asa Norte, Brasilia, DF","Instituto Nacional de Colonizacao e Reforma Agraria - Sede, Asa Norte, Brasilia, DF",-15.77632,-47.91151,-15.79089,-47.87956,-15.79111,-47.87965,,,,VIRTUS,2020,2021,BRANCA,REI-**48,,
TAXIGOV_DF_ENTIDADES,1361477,Instituto de Pesquisa Econômica Aplicada,7,INDIRETA,SEAGE/IPEA,,CONCLUÍDA,Transporte de documentos / materiais,,2.78,2.865,10.23,2024-07-11 11:23:15.663,2024-07-11 12:49:14.940,2024-07-11 12:50:55.893,2024-07-11 12:51:12.303,2024-07-11 13:00:27.640,,SECRETARIA DE FAZENDA DO DISTRITO FEDERAL,ASA NORTE,BRASÍLIA,DF,INSTITUTO DE PESQUISA ECONÔMICA APLICADA - ASA SUL - BRASÍLIA / DF,INSTITUTO DE PESQUISA ECONÔMICA APLICADA - ASA SUL - BRASÍLIA / DF,-15.78399,-47.89018,-15.79916,-47.89699,-15.79932,-47.89712,,,,COROLLA,2021,2022,PRETA,REQ-**58,,
TAXIGOV_DF_3,1361473,Ministério do Desenvolvimento Agrário e Agricultura Familiar,308794,DIRETA,CGLOG / SPOA / SE / MDA,,CONCLUÍDA,Reunião,,5.54,5.86,21.5,2024-07-11 11:22:09.180,2024-07-11 11:22:20.210,2024-07-11 11:27:38.713,2024-07-11 11:27:59.090,2024-07-11 11:38:41.683,,CONTROLADORIA-GERAL DA UNIAO,ASA SUL,BRASILIA,DF,"Ministerio da Agricultura e Pecuaria, Brasilia, DF","Ministerio da Agricultura e Pecuaria, Brasilia, DF",-15.78993,-47.91179,-15.79953,-47.87093,-15.79952,-47.87073,,,,,2021,2022,,RES-**04,,
TAXIGOV_DF_3,1361472,Ministério do Desenvolvimento Agrário e Agricultura Familiar,308794,DIRETA,CGLOG / SPOA / SE / MDA,,CONCLUÍDA,Reunião,,5.56,5.861,21.57,2024-07-11 11:22:07.243,2024-07-11 11:22:41.743,2024-07-11 11:32:14.700,2024-07-11 11:36:01.503,2024-07-11 11:44:25.417,,CONTROLADORIA-GERAL DA UNIAO,ZONA INDUSTRIAL,BRASILIA,DF,"Ministerio da Agricultura e Pecuaria, Brasilia, DF","Ministerio da Agricultura e Pecuaria, Brasilia, DF",-15.78993,-47.91179,-15.79953,-47.87093,-15.79953,-47.87073,,,,,2022,2023,,REU-**92,,
TAXIGOV_DF_ENTIDADES,1361471,Instituto de Pesquisa Econômica Aplicada,7,INDIRETA,SEAGE/IPEA,,CONCLUÍDA,Transporte de documentos / materiais,,3.36,3.494,12.36,2024-07-11 11:21:40.957,2024-07-11 12:20:33.867,2024-07-11 12:32:08.390,2024-07-11 12:32:43.717,2024-07-11 12:43:35.940,,INSTITUTO DE PESQUISA ECONÔMICA APLICADA,ASA SUL,BRASÍLIA,DF,SECRETARIA DE FAZENDA DO DISTRITO FEDERAL - ASA NORTE - BRASÍLIA / DF,SECRETARIA DE FAZENDA DO DISTRITO FEDERAL - ASA NORTE - BRASÍLIA / DF,-15.79916,-47.89699,-15.78399,-47.89018,-15.78431,-47.89045,,,,COROLLA,2021,2022,PRETA,REQ-**58,,
TAXIGOV_DF_3,1361470,Ministério da Saúde,304,DIRETA,OUVSUS,,CONCLUÍDA,Reunião,,25.66,23.864,99.56,2024-07-11 11:21:04.193,2024-07-11 11:21:12.467,2024-07-11 11:21:23.833,2024-07-11 11:37:57.630,2024-07-11 12:11:25.830,,"SOBRADINHO II, CONDOMINIO BURITIZINHO",PA 45,BRASILIA,DF,"PO 700, - ASA NORTE","PO 700, - ASA NORTE",-15.64944,-47.82823,-15.78332,-47.89032,-15.78407,-47.89046,,,,,2023,2023,,SGV-**39,,
TAXIGOV_DF_3,1361460,Ministério do Desenvolvimento Agrário e Agricultura Familiar,308794,DIRETA,GM / MDA,,CONCLUÍDA,Reunião,,2.42,2.366,9.39,2024-07-11 11:15:48.600,2024-07-11 11:17:25.160,2024-07-11 11:21:53.257,2024-07-11 11:22:55.903,2024-07-11 11:29:50.677,,PALACIO DO DESENVOLVIMENTO,ASA NORTE,BRASILIA,DF,"Ministerio do Desenvolvimento Agrario e Agricultura Familiar (MDA), Brasilia, Distrito Federal","Ministerio do Desenvolvimento Agrario e Agricultura Familiar (MDA), Brasilia, Distrito Federal",-15.79075,-47.87953,-15.79938,-47.87084,-15.79884,-47.87138,,,,,2022,2023,,SGY-**51,,
TAXIGOV_DF_3,1361452,Ministério da Educação,244,DIRETA,SAA/SEXEC/MEC,,CONCLUÍDA,Reunião,,41.41,35.547,160.67,2024-07-11 11:10:51.983,2024-07-11 11:10:59.613,2024-07-11 11:11:13.297,2024-07-11 11:11:48.290,2024-07-11 11:54:54.793,,"GAMA, PHS",GAMA,BRASILIA,DF,"MINISTERIO DA EDUCACAO BL L, - PA 2","MINISTERIO DA EDUCACAO BL L, - PA 2",-16.01607,-48.06826,-15.79534,-47.87311,-15.79505,-47.8729,,,,,2022,2023,,SGO-**30,,
TAXIGOV_DF_ENTIDADES,1361451,Fundação Oswaldo Cruz,315,INDIRETA,NEVS/FIOCRUZ-BSB,,CONCLUÍDA,Reunião,,36.96,33.642,136.75,2024-07-11 11:10:47.757,2024-07-11 11:11:09.017,2024-07-11 11:14:16.583,2024-07-11 11:19:06.457,2024-07-11 12:00:30.420,,HOSPITAL REGIONAL DE CEILANDIA,,BRASILIA,DF,"Fundacao Oswaldo Cruz (FIOCRUZ), UnB Campus Darcy Ribeiro, Brasilia, Brasilia, DF","Fundacao Oswaldo Cruz (FIOCRUZ), UnB Campus Darcy Ribeiro, Brasilia, Brasilia, DF",-15.81533,-48.09637,-15.77112,-47.87152,-15.77103,-47.87196,,,,COBALT,2018,2019,BRANCO,PBS-**80,,
TAXIGOV_DF_3,1361450,Ministério da Saúde,304,DIRETA,GAB/SE/MS,,CONCLUÍDA,Reunião,,4.14,4.065,16.06,2024-07-11 11:09:36.163,2024-07-11 11:09:50.357,2024-07-11 11:15:03.430,2024-07-11 11:16:36.863,2024-07-11 11:24:11.217,,"MINISTERIO DA SAUDE (MS), ESPLANADA DOS MINISTERIOS, BL. G",ZONA CIVICOADMINISTRATIVA,BRASILIA,DF,"PO 700, Via W 5 Norte, Asa Norte, Brasilia, Distrito Federal","PO 700, Via W 5 Norte, Asa Norte, Brasilia, Distrito Federal",-15.80055,-47.86855,-15.78364,-47.89034,-15.78408,-47.89048,,,,,2023,2024,,SGV-**13,,
TAXIGOV_DF_3,1361427,Ministério do Desenvolvimento Agrário e Agricultura Familiar,308794,DIRETA,ASPAR / MDA,,CONCLUÍDA,Reunião,,2.01,2.414,7.8,2024-07-11 10:58:40.063,2024-07-11 10:58:47.950,2024-07-11 11:00:56.980,2024-07-11 11:01:30.537,2024-07-11 11:10:39.820,,PALACIO DO DESENVOLVIMENTO,ASA NORTE,BRASILIA,DF,"Ministerio da Economia, Esplanada dos Ministerios - Bloco C, ZONA CIVICOADMINISTRATIVA, BRASILIA, DF","Ministerio da Economia, Esplanada dos Ministerios - Bloco C, ZONA CIVICOADMINISTRATIVA, BRASILIA, DF",-15.79075,-47.87953,-15.79905,-47.87173,-15.79925,-47.87152,,,,,2021,2022,,RET-**02,,
TAXIGOV_DF_ENTIDADES,1361426,Agência Nacional de Telecomunicações,25064,INDIRETA,SCO/ANATEL,,CONCLUÍDA,Reunião,,3.38,2.976,12.44,2024-07-11 10:58:09.617,2024-07-11 10:58:47.637,2024-07-11 11:04:19.817,2024-07-11 11:04:22.197,2024-07-11 11:13:57.713,,"ANEXO I DO MINISTERIO DAS RELACOES EXTERIORES, ESPLANADA DOS MINISTERIOS, BLOCO H",ZONA CIVICOADMINISTRATIVA,BRASILIA,DF,"Espaco Cultural Anatel, SAUS Q. 6 Bl. C, ASA SUL, BRASILIA, DF","Espaco Cultural Anatel, SAUS Q. 6 Bl. C, ASA SUL, BRASILIA, DF",-15.80129,-47.8677,-15.80528,-47.88287,-15.80533,-47.88281,,,,LOGAN,2019,2020,BRANCA,QWT-**02,,
TAXIGOV_DF_3,1361424,Ministério da Educação,244,DIRETA,SESU/MEC,,CONCLUÍDA,Reunião,,6.12,4.671,23.75,2024-07-11 10:57:26.080,2024-07-11 11:04:10.390,2024-07-11 11:06:41.830,2024-07-11 11:08:29.047,2024-07-11 11:21:45.577,,"ESPLANADA DOS MINISTERIOS, BL. L",ASA NORTE,BRASILIA,DF,"Cartorio JK, Asa Sul, Brasilia, DF","VIA W TRES SUL, ASA SUL, BRASILIA - DF, BRASIL",-15.79331,-47.87215,-15.808,-47.9002,-15.80665,-47.8992,,,,,2022,2023,,SGQ-**66,,
TAXIGOV_DF_3,1361422,Ministério do Desenvolvimento Agrário e Agricultura Familiar,308794,DIRETA,SAF / MDA,,CANCELADA,Outros,,,,7.76,2024-07-11 10:56:54.523,2024-07-11 10:57:04.710,2024-07-11 11:03:58.847,2024-07-11 10:57:04.710,2024-07-11 11:06:21.513,2024-07-11 11:06:21.513,1,ASA SUL,BRASÍLIA,DF,INSTITUTO NACIONAL DE COLONIZAÇÃO E REFORMA AGRÁRIA - SEDE - ASA NORTE - BRASÍLIA / DF,,-15.79907,-47.87768,-15.79089,-47.87956,,,,,,,2022,2022,,REV-**32,,
TAXIGOV_DF_3,1361418,Ministério das Relações Exteriores,263,DIRETA,SGAD/SG/MRE,,CONCLUÍDA,Reunião,,3.32,3.482,12.88,2024-07-11 10:54:36.670,2024-07-11 10:54:42.840,2024-07-11 10:54:58.807,2024-07-11 10:55:44.673,2024-07-11 11:04:14.653,,"SCN CORPORATE FINANCIAL CENTER,",ASA NORTE,BRASILIA,DF,"ANEXO II DO ITAMARATY(BOLO DE NOIVA), - ASA SUL","ANEXO II DO ITAMARATY(BOLO DE NOIVA), - ASA SUL",-15.78858,-47.88398,-15.80173,-47.86795,-15.80137,-47.86762,,,,,2018,2019,,PBO-**89,,
TAXIGOV_DF_3,1361414,Ministério do Desenvolvimento Agrário e Agricultura Familiar,308794,DIRETA,SAF / MDA,,CONCLUÍDA,Reunião,,1.62,2.227,7.76,2024-07-11 10:53:05.687,2024-07-11 10:53:24.903,2024-07-11 11:02:30.780,2024-07-11 11:04:19.640,2024-07-11 11:08:25.917,,CONFEDERACAO NACIONAL DO TRANSPORTE,ASA SUL,BRASILIA,DF,"Instituto Nacional de Colonizacao e Reforma Agraria - Sede, Asa Norte, Brasilia, Distrito Federal","Instituto Nacional de Colonizacao e Reforma Agraria - Sede, Asa Norte, Brasilia, Distrito Federal",-15.79946,-47.8778,-15.79089,-47.87956,-15.79113,-47.87962,,,,,2018,2018,,SGX-**20,,
TAXIGOV_DF_3,1361413,Ministério do Desenvolvimento Agrário e Agricultura Familiar,308794,DIRETA,AI / GM / MDA,,CONCLUÍDA,Reunião,,2.77,2.436,10.75,2024-07-11 10:52:28.530,2024-07-11 10:52:38.380,2024-07-11 10:54:49.323,2024-07-11 10:56:20.243,2024-07-11 11:02:19.457,,SBN QD. 1 BL. D,BRASILIA,BRASILIA,DF,"Bloco D - Esplanada dos Ministerios, Brasilia, DF","Bloco D - Esplanada dos Ministerios, Brasilia, DF",-15.79096,-47.8794,-15.79944,-47.87087,-15.79946,-47.87073,,,,,2023,2023,,SGU-**46,,
TAXIGOV_DF_3,1361412,Ministério da Saúde,304,DIRETA,DEMAS,,CONCLUÍDA,Reunião,,12.61,11.772,48.93,2024-07-11 10:52:27.927,2024-07-11 10:52:42.180,2024-07-11 11:04:07.653,2024-07-11 11:05:45.677,2024-07-11 11:22:34.243,,"ANVISA AGENCIA NACIONAL DE VIGILANCIA SANITARIA - SEDE, 57",ZONA INDUSTRIAL GUARA,BRASILIA,DF,"Ministerio da Saude - Bloco G, Brasilia, DF","Ministerio da Saude - Bloco G, Brasilia, DF",-15.79912,-47.95372,-15.80024,-47.86838,-15.80032,-47.86825,,,,,2018,2018,,SGT-**90,,
TAXIGOV_DF_3,1361410,Ministério do Desenvolvimento Agrário e Agricultura Familiar,308794,DIRETA,SFTS / MDA,,CONCLUÍDA,Reunião,,2.37,2.388,9.2,2024-07-11 10:51:35.730,2024-07-11 10:51:45.910,2024-07-11 10:52:59.093,2024-07-11 10:53:52.177,2024-07-11 10:59:41.157,,INSTITUTO NACIONAL DE COLONIZACAO E REFORMA AGRARIA - SEDE,ASA NORTE,BRASILIA,DF,"Ministerio da Economia - Bloco C, Esplanada dos Ministerios, Zona Civico-Administrativa, Brasilia, DF","Ministerio da Economia - Bloco C, Esplanada dos Ministerios, Zona Civico-Administrativa, Brasilia, DF",-15.79089,-47.87956,-15.79906,-47.87167,-15.79955,-47.87266,,,,,2022,2023,,SGQ-**24,,
TAXIGOV_DF_3,1361405,Ministério da Defesa,41066,DIRETA,SEORI/MD,,CONCLUÍDA,Reunião,,8.44,8.548,32.75,2024-07-11 10:49:12.093,2024-07-11 10:49:24.013,2024-07-11 10:52:55.533,2024-07-11 10:53:32.067,2024-07-11 11:07:23.340,,MINISTERIO DA DEFESA - ANEXO,ASA NORTE,BRASILIA,DF,"32  Grupo de Artilharia de Campanha, SMU, Brasilia, Distrito Federal","32  Grupo de Artilharia de Campanha, SMU, Brasilia, Distrito Federal",-15.79442,-47.87028,-15.76281,-47.92444,-15.76264,-47.92336,,,,,2023,2024,,SGV-**61,,
TAXIGOV_DF_3,1361403,Ministério do Desenvolvimento Agrário e Agricultura Familiar,308794,DIRETA,GM / MDA,,CONCLUÍDA,Reunião,,2.69,3.023,10.44,2024-07-11 10:47:10.703,2024-07-11 10:47:19.270,2024-07-11 10:48:34.610,2024-07-11 10:55:00.567,2024-07-11 11:03:12.183,,MINISTERIO DO DESENVOLVIMENTO AGRARIO E AGRICULTURA FAMILIAR (MDA),PA 2,BRASILIA,DF,"Palacio do Desenvolvimento, Brasilia, Distrito Federal","Palacio do Desenvolvimento, Brasilia, Distrito Federal",-15.79938,-47.87084,-15.79075,-47.87953,-15.79139,-47.87898,,,,,,,,REL-**24,,
TAXIGOV_DF_3,1361401,Ministério da Saúde,304,DIRETA,OUVSUS,,CONCLUÍDA,Reunião,,22.02,22.389,85.44,2024-07-11 10:46:55.577,2024-07-11 10:47:03.930,2024-07-11 10:50:41.067,2024-07-11 10:51:50.047,2024-07-11 11:18:38.243,,"PO700 - MINISTERIO DA SAUDE, SRTVN, 701",ASA NORTE,BRASILIA,DF,"Sh Contagem/Condominio Buritizinho Rua 2, 29, Brasilia, Distrito Federal","Sh Contagem/Condominio Buritizinho Rua 2, 29, Brasilia, Distrito Federal",-15.78407,-47.89045,-15.64408,-47.82903,-15.64408,-47.82914,,,,,2023,2023,,SGV-**39,,
TAXIGOV_DF_3,1361400,Ministério da Defesa,41066,DIRETA,SEORI/MD,,CANCELADA,Reunião,,,,,2024-07-11 10:46:46.210,2024-07-11 10:48:55.490,,2024-07-11 10:48:55.490,2024-07-11 10:49:08.383,2024-07-11 10:49:08.383,MINISTERIO DA DEFESA - ANEXO,ASA NORTE,BRASILIA,DF,"32  Grupo de Artilharia de Campanha, SMU, Brasilia, Distrito Federal",,-15.79442,-47.87028,-15.76281,-47.92444,,,,,,,2023,2024,,SGV-**61,,
TAXIGOV_DF_3,1361389,Ministério do Desenvolvimento Agrário e Agricultura Familiar,308794,DIRETA,GM / MDA,,CANCELADA,Reunião,,,,,2024-07-11 10:44:30.750,2024-07-11 10:44:40.250,,2024-07-11 10:44:40.250,2024-07-11 10:44:46.337,2024-07-11 10:44:46.337,MINISTERIO DO DESENVOLVIMENTO AGRARIO E AGRICULTURA FAMILIAR (MDA),PA 2,BRASILIA,DF,"Palacio do Desenvolvimento, Brasilia, Distrito Federal",,-15.79938,-47.87084,-15.79075,-47.87953,,,,,,,,,,REL-**24,,
TAXIGOV_DF_3,1361386,Ministério das Relações Exteriores,263,DIRETA,SGAD/SG/MRE,,CONCLUÍDA,Reunião,,3.1,,11.47,2024-07-11 10:43:25.193,2024-07-11 10:43:44.220,2024-07-11 10:44:02.013,2024-07-11 10:52:50.863,2024-07-11 10:53:44.707,,"ANEXO II DO ITAMARATY (BOLO DE NOIVA), VIA S2",ASA SUL,BRASILIA,DF,"Condominio Corporate Financial Center, Asa Norte, Brasilia, Distrito Federal","Condominio Corporate Financial Center, Asa Norte, Brasilia, Distrito Federal",-15.80206,-47.86797,-15.78882,-47.88416,,,5.0,,,,2018,2019,,PBO-**89,,
TAXIGOV_DF_3,1361383,Ministério da Saúde,304,DIRETA,CGPNI/SVS/MS,,CONCLUÍDA,Reunião,,4.06,4.222,15.75,2024-07-11 10:42:09.567,2024-07-11 10:42:21.657,2024-07-11 10:50:14.577,2024-07-11 10:50:21.220,2024-07-11 10:58:24.330,,"PO700 - MINISTERIO DA SAUDE, SRTVN, 701",ASA NORTE,BRASILIA,DF,"Ministerio da Saude - Bloco G, Brasilia, Distrito Federal","Ministerio da Saude - Bloco G, Brasilia, Distrito Federal",-15.78407,-47.89045,-15.80024,-47.86838,-15.8003,-47.86823,,,,,2024,2025,,SSJ-**86,,
TAXIGOV_DF_3,1361379,Ministério do Desenvolvimento Agrário e Agricultura Familiar,308794,DIRETA,CGLOG / SPOA / SE / MDA,,CONCLUÍDA,Reunião,,2.33,2.43,9.04,2024-07-11 10:39:23.020,2024-07-11 10:39:35.720,2024-07-11 10:43:16.633,2024-07-11 10:44:17.860,2024-07-11 10:49:39.767,,SBN QD. 1 BL. D,BRASILIA,BRASILIA,DF,"Ministerio do Desenvolvimento Agrario e Agricultura Familiar (MDA), Brasilia, DF","Ministerio do Desenvolvimento Agrario e Agricultura Familiar (MDA), Brasilia, DF",-15.79104,-47.87938,-15.79937,-47.87084,-15.79946,-47.87074,,,,,2024,204,,SSI-**94,,
TAXIGOV_DF_3,1361378,Presidência da República,26,DIRETA,DGES/GSI/PR,,CONCLUÍDA,Transporte de documentos / materiais,,9.29,8.881,36.05,2024-07-11 10:39:12.013,2024-07-11 10:39:18.410,2024-07-11 10:39:26.893,2024-07-11 10:44:38.140,2024-07-11 11:01:36.593,,"SMU COMANDO MILITAR DO PLANALTO/COMANDO DA 11 RM,",SMU,BRASILIA,DF,"ANEXO PALACIO PLANALTO, - PA 1","VIA N. UM LESTE, ASA SUL, BRASILIA - DF, BRASIL",-15.77776,-47.91966,-15.79924,-47.85909,-15.8006,-47.85738,,,,,2022,2023,,SGQ-**66,,
TAXIGOV_DF_ENTIDADES,1361363,Fundação Universidade de Brasília,470,INDIRETA,USG,16205,CONCLUÍDA,Transporte de documentos / materiais,,3.69,2.827,14.17,2024-07-11 10:33:27.743,2024-07-11 10:33:39.530,2024-07-11 10:39:07.690,2024-07-11 10:40:19.917,2024-07-11 10:48:30.897,,HOSPITAL REGIONAL DA ASA NORTE,ASA NORTE,BRASÍLIA,DF,HOSPITAL UNIVERSITÁRIO DE BRASÍLIA - ASA NORTE - BRASÍLIA / DF,HOSPITAL UNIVERSITÁRIO DE BRASÍLIA - ASA NORTE - BRASÍLIA / DF,-15.78493,-47.88286,-15.77091,-47.87361,-15.77097,-47.8747,,,,VOYAGE,2021,2022,BRANCA,RMO-**95,,
TAXIGOV_DF_3,1361362,Ministério do Desenvolvimento Agrário e Agricultura Familiar,308794,DIRETA,CGLOG / SPOA / SE / MDA,,CONCLUÍDA,Reunião,,6.73,6.292,26.11,2024-07-11 10:33:18.647,2024-07-11 10:33:30.873,2024-07-11 10:35:13.633,2024-07-11 10:36:56.873,2024-07-11 10:48:43.690,,"ESPLANADA DOS MINISTERIOS, BL. D",BRASILIA,BRASILIA,DF,"Papelaria ABC, Brasilia, DF","SIG QUADRA 4, 675, SUDOESTE/OCTOGONAL, CRUZEIRO - DF, 70610-440, BRASIL",-15.79961,-47.87095,-15.79061,-47.91226,-15.78956,-47.91274,,,,,2022,2022,,REU-**98,,
TAXIGOV_DF_3,1361358,Ministério da Saúde,304,DIRETA,CGSH/SAES/MS,,CONCLUÍDA,Reunião,,4.16,4.277,16.14,2024-07-11 10:32:23.580,2024-07-11 10:32:32.947,2024-07-11 10:37:00.560,2024-07-11 10:37:02.393,2024-07-11 10:43:49.953,,SRTVN 701 BLOCO C,ASA NORTE,BRASILIA,DF,"Ministerio da Saude - Bloco G, Brasilia, DF","Ministerio da Saude - Bloco G, Brasilia, DF",-15.78416,-47.89005,-15.80024,-47.86838,-15.80029,-47.86829,,,,,2022,2022,,SGN-**51,,
TAXIGOV_DF_3,1361357,Ministério da Justiça e Segurança Pública,235881,DIRETA,SENACON/MJSP,,CONCLUÍDA,Reunião,,4.48,3.968,17.38,2024-07-11 10:32:02.577,2024-07-11 10:32:11.387,2024-07-11 10:40:17.437,2024-07-11 10:40:18.467,2024-07-11 10:48:52.077,,"INSTITUTO SERZEDELLO CORREA, SCES TR. 3 POLO 8, LT. 3",,BRASILIA,DF,"Camara dos Deputados, Brasilia, Distrito Federal","VIA S. DOIS OESTE, ASA SUL, BRASILIA - DF, BRASIL",-15.80629,-47.84259,-15.80006,-47.86436,-15.802,-47.86571,,,,,,,,PBU-**52,,
TAXIGOV_DF_3,1361350,Presidência da República,26,DIRETA,DITEC/SA/CC/PR,,CONCLUÍDA,Serviço externo / técnico,,29.42,26.329,114.15,2024-07-11 10:29:55.650,2024-07-11 10:30:10.473,2024-07-11 10:30:17.230,2024-07-11 10:34:32.167,2024-07-11 11:21:00.767,,"AVENIDA TRES,",RIACHO FUNDO,BRASILIA,DF,"Residencia Oficial da Granja do Torto, Brasilia, Distrito Federal","PARQUE NACIONAL DE BRASILIA, BRASILIA - DF, 70636-000, BRASIL",-15.88143,-48.02313,-15.70542,-47.90573,-15.71173,-47.90077,,,,,2022,2023,,SGN-**40,,
TAXIGOV_DF_3,1361347,Ministério do Desenvolvimento Agrário e Agricultura Familiar,308794,DIRETA,AESP / GM / MDA,,CONCLUÍDA,Reunião,,1.61,2.311,7.76,2024-07-11 10:28:47.373,2024-07-11 10:28:55.797,2024-07-11 10:31:33.900,2024-07-11 10:32:51.037,2024-07-11 10:37:30.033,,BANCA PALACIO DO DESENVOLVIMENTO,ASA NORTE,BRASILIA,DF,"Ministerio da Economia - Bloco C, Esplanada dos Ministerios, Zona Civico-Administrativa, Brasilia, Distrito Federal","Ministerio da Economia - Bloco C, Esplanada dos Ministerios, Zona Civico-Administrativa, Brasilia, Distrito Federal",-15.79111,-47.87962,-15.79906,-47.87167,-15.79899,-47.87142,,,,,2022,2023,,SGQ-**75,,
TAXIGOV_DF_3,1361344,Ministério da Saúde,304,DIRETA,DAHU/SAES/MS,,CONCLUÍDA,Reunião,,3.3,3.182,12.8,2024-07-11 10:27:25.580,2024-07-11 10:28:22.600,2024-07-11 10:33:31.677,2024-07-11 10:35:17.430,2024-07-11 10:42:04.037,,MINISTERIO DA SAUDE - BLOCO G,,BRASILIA,DF,"Organizacao Mundial da Saude, SEN, Asa Norte, Brasilia, Distrito Federal","Organizacao Mundial da Saude, SEN, Asa Norte, Brasilia, Distrito Federal",-15.80024,-47.86838,-15.78274,-47.86835,-15.78298,-47.86837,,,,,2017,2017,,PAQ-**53,,
TAXIGOV_DF_3,1361340,Ministério das Relações Exteriores,263,DIRETA,ABC/SPECE/MRE,,CONCLUÍDA,Reunião,,1.79,1.503,7.76,2024-07-11 10:25:50.673,2024-07-11 10:26:16.843,2024-07-11 10:32:15.817,2024-07-11 10:33:54.503,2024-07-11 10:37:33.800,,MINISTERIO DO DESENVOLVIMENTO SOCIAL E COMBATE A FOME - MDS,PA 2,BRASILIA,DF,"Agencia Brasileira de Cooperacao, Brasilia, DF","Agencia Brasileira de Cooperacao, Brasilia, DF",-15.79841,-47.8732,-15.80407,-47.86809,-15.80427,-47.86785,,,,,2024,2024,,SSI-**69,,
TAXIGOV_DF_3,1361339,Ministério da Justiça e Segurança Pública,235881,DIRETA,SAA/SE/MJSP,,CONCLUÍDA,Serviço externo / técnico,,13.13,13.669,50.94,2024-07-11 10:25:41.490,2024-07-11 10:25:51.767,2024-07-11 10:28:13.537,2024-07-11 10:28:27.360,2024-07-11 10:58:48.893,,PALACIO DA JUSTICA - MINISTERIO DA JUSTICA E SEGURANCA PUBLICA,PA 2,BRASILIA,DF,"CICCN - Centro Integrado de Comando e Controle Nacional, Brasilia, Distrito Federal","CICCN - Centro Integrado de Comando e Controle Nacional, Brasilia, Distrito Federal",-15.79669,-47.86591,-15.81449,-47.94658,-15.81505,-47.94659,,,,,2023,2024,,SGY-**87,,
TAXIGOV_DF_3,1361334,Ministério da Educação,244,DIRETA,AP/GM/MEC,,CONCLUÍDA,Reunião,,1.95,2.527,7.76,2024-07-11 10:23:47.123,2024-07-11 10:24:18.647,2024-07-11 10:27:17.923,2024-07-11 10:28:27.093,2024-07-11 10:35:59.317,,CAMARA DOS DEPUTADOS ANEXO IV,ANEXO IV,BRASILIA,DF,"Ministerio da Educacao, Brasilia, DF","Ministerio da Educacao, Brasilia, DF",-15.80264,-47.86511,-15.79501,-47.87305,-15.79512,-47.87291,,,,,,,,REL-**24,,
TAXIGOV_DF_3,1361333,Ministério do Desenvolvimento Agrário e Agricultura Familiar,308794,DIRETA,ASPAR / MDA,,CONCLUÍDA,Reunião,,3.24,3.034,12.57,2024-07-11 10:23:19.980,2024-07-11 10:24:34.597,2024-07-11 10:26:41.270,2024-07-11 10:27:24.247,2024-07-11 10:33:55.413,,"MINISTERIO DA ECONOMIA, ESPLANADA DOS MINISTERIOS - BLOCO C",ZONA CIVICOADMINISTRATIVA,BRASILIA,DF,"Palacio do Desenvolvimento, Brasilia, Distrito Federal","Palacio do Desenvolvimento, Brasilia, Distrito Federal",-15.79905,-47.87173,-15.79075,-47.87953,-15.79119,-47.87967,,,,,2023,2023,,SGU-**46,,
TAXIGOV_DF_3,1361326,Ministério do Desenvolvimento Agrário e Agricultura Familiar,308794,DIRETA,AI / GM / MDA,,CONCLUÍDA,Reunião,,2.26,3.085,8.77,2024-07-11 10:22:12.227,2024-07-11 10:22:23.730,2024-07-11 10:24:14.560,2024-07-11 10:25:31.267,2024-07-11 10:32:34.753,,BLOCO D - ESPLANADA DOS MINISTERIOS,PA 2,BRASILIA,DF,"Instituto Nacional de Colonizacao e Reforma Agraria - Sede, Asa Norte, Brasilia, DF","Instituto Nacional de Colonizacao e Reforma Agraria - Sede, Asa Norte, Brasilia, DF",-15.79944,-47.87087,-15.79089,-47.87956,-15.79112,-47.87974,,,,,2022,2023,,SGQ-**24,,
TAXIGOV_DF_3,1361324,Ministério da Saúde,304,DIRETA,GM/MS,,CONCLUÍDA,Reunião,,5.1,5.306,19.79,2024-07-11 10:21:01.273,2024-07-11 10:21:11.497,2024-07-11 10:23:37.923,2024-07-11 10:24:22.197,2024-07-11 10:31:44.260,,"ESPLANADA DOS MINISTERIOS, BL. G",BRASILIA,BRASILIA,DF,"Tribunal de Contas da Uniao - Instituto Serzedello Correa, Brasilia, DF","Tribunal de Contas da Uniao - Instituto Serzedello Correa, Brasilia, DF",-15.80055,-47.86855,-15.8066,-47.84297,-15.80614,-47.84311,,,,,2018,2019,,PBO-**89,,
TAXIGOV_DF_3,1361322,Ministério do Desenvolvimento Agrário e Agricultura Familiar,308794,DIRETA,GAB / SFTS / MDA,,CONCLUÍDA,Reunião,,2.28,2.4,8.85,2024-07-11 10:20:43.240,2024-07-11 10:20:51.830,2024-07-11 10:22:53.243,2024-07-11 10:24:44.283,2024-07-11 10:30:21.267,,INSTITUTO NACIONAL DE COLONIZACAO E REFORMA AGRARIA - SEDE,ASA NORTE,BRASILIA,DF,"Ministerio da Economia - Bloco C, Esplanada dos Ministerios, Zona Civico-Administrativa, Brasilia, Distrito Federal","Ministerio da Economia - Bloco C, Esplanada dos Ministerios, Zona Civico-Administrativa, Brasilia, Distrito Federal",-15.79089,-47.87956,-15.79906,-47.87167,-15.79926,-47.87155,,,,,2019,20,,PBY-**66,,
TAXIGOV_DF_3,1361320,Presidência da República,26,DIRETA,SPP/SECOM/PR,,CONCLUÍDA,Reunião,,0.8,0.718,7.76,2024-07-11 10:20:05.053,2024-07-11 10:20:18.560,2024-07-11 10:24:45.763,2024-07-11 10:24:52.273,2024-07-11 10:27:23.840,,"MINISTERIO DOS TRANSPORTES - ANEXO A E B, EIXO MONUMENTAL",PA 2,BRASILIA,DF,"Palacio do Planalto, Brasilia, Distrito Federal","VIA N. DOIS LESTE, ASA NORTE, BRASILIA - DF, BRASIL",-15.79543,-47.86689,-15.79905,-47.86077,-15.79828,-47.86164,,,,,2021,2022,,RET-**80,,
TAXIGOV_DF_3,1361317,Presidência da República,26,DIRETA,DGES/GSI/PR,,CONCLUÍDA,Transporte de documentos / materiais,,10.93,7.816,42.41,2024-07-11 10:16:19.637,2024-07-11 10:16:28.660,2024-07-11 10:18:07.383,2024-07-11 10:19:14.007,2024-07-11 10:37:42.250,,"ANEXO II DO ITAMARATY (BOLO DE NOIVA), VIA S2",ASA SUL,BRASILIA,DF,"Comando Militar do Planalto / Comando da 11 RM, Brasilia, Distrito Federal","Comando Militar do Planalto / Comando da 11 RM, Brasilia, Distrito Federal",-15.80205,-47.868,-15.7779,-47.91956,-15.77888,-47.91972,,,,,2022,2023,,SGQ-**66,,
TAXIGOV_DF_ENTIDADES,1361311,Banco Central do Brasil,89,INDIRETA,DEMAP/INFRA,,CONCLUÍDA,Outros,,15.54,13.149,58.12,2024-07-11 10:13:55.817,2024-07-11 10:14:07.580,2024-07-11 10:14:17.620,2024-07-11 10:18:54.073,2024-07-11 11:19:56.403,,"SIA, RETEC",SIA,BRASILIA,DF,"BANCO CENTRAL, - PA 3","CLS 201, QD 3 BL A, ASA SUL, BRASILIA - DF, 70232-550, BRASIL",-15.7897,-47.96733,-15.80147,-47.88527,-15.80347,-47.88504,,,,GRAND SIENA,2018,2019,BRANCO,PBM-**24,,
TAXIGOV_DF_ENTIDADES,1361300,Instituto Chico Mendes de Conservação da Biodiversidade,91842,INDIRETA,GABIN/ICMBIO,,CONCLUÍDA,Reunião,,8.96,10.957,31.81,2024-07-11 10:11:16.277,2024-07-11 10:11:22.907,2024-07-11 10:26:40.367,2024-07-11 10:39:54.240,2024-07-11 10:53:44.680,,"ANEXO ITAMARATY,",PA 1,BRASILIA,DF,"ICMBIO, - SUDOESTE","ICMBIO, - SUDOESTE",-15.81067,-47.87197,-15.80302,-47.92627,-15.80311,-47.92652,,,,SPIN,2023,2024,BRANCA,SGX-**80,,
TAXIGOV_DF_3,1361298,Presidência da República,26,DIRETA,SE/SG/PR,,CONCLUÍDA,Reunião,,6.54,4.24,25.38,2024-07-11 10:10:48.390,2024-07-11 10:10:59.790,2024-07-11 10:13:49.550,2024-07-11 10:19:36.997,2024-07-11 10:24:57.297,,PALACIO DO PLANALTO,,BRASILIA,DF,"Instituto Serzedello Correa, SCES Trecho 3 Polo 8, 4, Brasilia, Distrito Federal","Instituto Serzedello Correa, SCES Trecho 3 Polo 8, 4, Brasilia, Distrito Federal",-15.79905,-47.86077,-15.80607,-47.84357,-15.80608,-47.84307,,,,,,,,SSK-**03,,
TAXIGOV_DF_3,1361284,Ministério da Saúde,304,DIRETA,DESID,,CONCLUÍDA,Reunião,,7.86,4.767,30.5,2024-07-11 10:03:39.620,2024-07-11 10:04:21.277,2024-07-11 10:08:46.097,2024-07-11 10:09:22.220,2024-07-11 10:19:53.137,,FIOCRUZ BRASÍLIA (FUNDAÇÃO OSWALDO CRUZ - BRASÍLIA),,BRASÍLIA,DF,MINISTÉRIO DA SAÚDE - BLOCO G - BRASÍLIA / DF,MINISTÉRIO DA SAÚDE - BLOCO G - BRASÍLIA / DF,-15.77097,-47.87113,-15.80024,-47.86838,-15.8003,-47.86826,,,,,2020,2021,,REI-**48,,
TAXIGOV_DF_3,1361281,Ministério do Desenvolvimento Agrário e Agricultura Familiar,308794,DIRETA,CGLOG / SPOA / SE / MDA,,CONCLUÍDA,Reunião,,2.64,3.103,10.24,2024-07-11 10:01:46.320,2024-07-11 10:03:20.740,2024-07-11 10:08:05.860,2024-07-11 10:08:42.277,2024-07-11 10:17:06.327,,MINISTERIO DA AGRICULTURA E PECUARIA,PA 2,BRASILIA,DF,"Palacio do Desenvolvimento, Brasilia, DF","Palacio do Desenvolvimento, Brasilia, DF",-15.79953,-47.87093,-15.79075,-47.87953,-15.79113,-47.87968,,,,,2024,2024,,SSK-**66,,
TAXIGOV_DF_3,1361276,Ministério da Saúde,304,DIRETA,DEMAS,,CONCLUÍDA,Reunião,,13.32,13.324,51.68,2024-07-11 09:58:23.277,2024-07-11 09:58:43.037,2024-07-11 10:00:29.173,2024-07-11 10:00:49.420,2024-07-11 10:21:36.107,,MINISTERIO DA SAUDE - BLOCO G,,BRASILIA,DF,"ANVISA Agencia Nacional de Vigilancia Sanitaria - Sede, Brasilia, DF","ANVISA Agencia Nacional de Vigilancia Sanitaria - Sede, Brasilia, DF",-15.80024,-47.86838,-15.79912,-47.95372,-15.79882,-47.95318,,,,,2021,2022,,RER-**20,,
TAXIGOV_DF_3,1361275,Ministério da Educação,244,DIRETA,GPIS/DAF/SETEC,,CANCELADA,Reunião,,,,7.76,2024-07-11 09:58:20.393,2024-07-11 09:58:28.160,2024-07-11 10:06:00.723,2024-07-11 10:08:28.160,2024-07-11 10:10:03.987,2024-07-11 10:10:03.987,INSTITUTO DO PATRIMONIO HISTORICO E ARTISTICO NACIONAL - SEDE,ASA SUL,BRASILIA,DF,"Em Bloco L, Brasilia, Brasilia, DF",,-15.82776,-47.9249,-15.79487,-47.87299,,,,,,,2022,2023,,REU-**60,,
TAXIGOV_DF_ENTIDADES,1361273,Agência Nacional de Telecomunicações,25064,INDIRETA,SCO/ANATEL,,CONCLUÍDA,Reunião,,2.81,2.953,10.34,2024-07-11 09:57:27.590,2024-07-11 10:04:31.880,2024-07-11 10:08:43.027,2024-07-11 10:17:15.653,2024-07-11 10:23:55.707,,"ESPACO CULTURAL ANATEL, SAUS Q. 6 BL. C",ASA SUL,BRASILIA,DF,"Anexo I do Ministerio das Relacoes Exteriores, Esplanada dos Ministerios, Bloco H, ZONA CIVICOADMINISTRATIVA, BRASILIA, DF","Anexo I do Ministerio das Relacoes Exteriores, Esplanada dos Ministerios, Bloco H, ZONA CIVICOADMINISTRATIVA, BRASILIA, DF",-15.80528,-47.88287,-15.80129,-47.8677,-15.80093,-47.86806,,,,COROLLA,2022,2023,PRETA,RET-**66,,
TAXIGOV_DF_3,1361271,Presidência da República,26,DIRETA,DGES/GSI/PR,,CONCLUÍDA,Transporte de documentos / materiais,,3.31,2.459,12.84,2024-07-11 09:56:38.200,2024-07-11 09:59:34.123,2024-07-11 10:05:44.283,2024-07-11 10:06:58.753,2024-07-11 10:13:46.040,,ESTACIONAMENTO DOS ANEXOS DO PALACIO DO PLANALTO,VILA PLANALTO,BRASILIA,DF,"Ministerio das Relacoes Exteriores   Anexo I, Eixo Monumental, Brasilia, Distrito Federal","Ministerio das Relacoes Exteriores   Anexo I, Eixo Monumental, Brasilia, Distrito Federal",-15.79983,-47.85875,-15.80123,-47.86757,-15.80192,-47.86768,,,,,2024,2024,,SSI-**69,,
TAXIGOV_DF_ENTIDADES,1361268,Instituto Chico Mendes de Conservação da Biodiversidade,91842,INDIRETA,PFE/ICMBIO,,CONCLUÍDA,Reunião,,8.11,7.563,28.79,2024-07-11 09:56:06.900,2024-07-11 09:56:15.597,2024-07-11 10:06:35.720,2024-07-11 10:09:43.077,2024-07-11 10:25:41.697,,EQSW 103/104,SUDOESTE/OCTOGONAL,CRUZEIRO,DF,"Ministerio da Gestao e da Inovacao em Servicos Publicos - MGI, Brasilia, DF","Ministerio da Gestao e da Inovacao em Servicos Publicos - MGI, Brasilia, DF",-15.80427,-47.92571,-15.79472,-47.87389,-15.79502,-47.87415,,,,VIRTUS,2020,2020,BRANCA,REF-**05,,
TAXIGOV_DF_3,1361266,Ministério do Desenvolvimento Agrário e Agricultura Familiar,308794,DIRETA,SEAB / MDA,,CONCLUÍDA,Reunião,,2.46,2.351,9.54,2024-07-11 09:55:47.713,2024-07-11 10:00:07.403,2024-07-11 10:06:09.680,2024-07-11 10:08:08.420,2024-07-11 10:14:15.487,,BANCA PALÁCIO DO DESENVOLVIMENTO,ASA NORTE,BRASÍLIA,DF,0 - ASA NORTE - BRASÍLIA / DF,0 - ASA NORTE - BRASÍLIA / DF,-15.79111,-47.87962,-15.79926,-47.87165,-15.79932,-47.87158,,,,,2022,2023,,SGQ-**66,,
TAXIGOV_DF_ENTIDADES,1361264,Fundação Universidade de Brasília,470,INDIRETA,USG,16205,CONCLUÍDA,Transporte de documentos / materiais,,2.82,2.749,10.83,2024-07-11 09:55:21.140,2024-07-11 09:55:27.153,2024-07-11 09:55:38.053,2024-07-11 09:57:22.377,2024-07-11 10:05:53.170,,"HOSPITAL DE BASE,",PA 4,BRASILIA,DF,"HOSPITAL HRAN, - PA 14","SMHN QUADRA 1, ASA NORTE, BRASILIA - DF, 70710-110, BRASIL",-15.80015,-47.88879,-15.7839,-47.89003,-15.78575,-47.88269,,,,SPIN,2021,22,BRANCA,REN-**88,,
TAXIGOV_DF_ENTIDADES,1361260,"Instituto Nacional de Metrologia, Qualidade e Tecnologia",240,INDIRETA,GABIN/INMETRO,,CONCLUÍDA,Reunião,,6.37,1.199,23.57,2024-07-11 09:52:47.887,2024-07-11 09:53:03.133,2024-07-11 09:58:27.400,2024-07-11 09:59:28.100,2024-07-11 10:07:50.790,,HOTEL EM BRASILIA - MULTIPARQUE HPLUS LONG STAY,SETOR SUDOESTE,BRASILIA,DF,"Instituto Nacional de Metrologia, Qualidade e Tecnologia, Brasilia, DF","Instituto Nacional de Metrologia, Qualidade e Tecnologia, Brasilia, DF",-15.79447,-47.91809,-15.79429,-47.9117,-15.79513,-47.91175,,,,CRONOS,2022,2022,PRATA,REU-**98,,
TAXIGOV_DF_3,1361258,Presidência da República,26,DIRETA,DITEC/SA/CC/PR,,CONCLUÍDA,Serviço externo / técnico,,25.55,24.47,99.13,2024-07-11 09:52:30.367,2024-07-11 09:52:50.433,2024-07-11 09:56:20.400,2024-07-11 10:00:40.907,2024-07-11 10:28:15.267,,"RESTAURANTE, PRESIDENCIA DA REPUBLICA",ZONA CIVICOADMINISTRATIVA,BRASILIA,DF,"Qn, 07, Brasilia, Distrito Federal","AVENIDA TRES, QDN7 CJ5 LT 15, RIACHO FUNDO I, RIACHO FUNDO - DF, 71805-705, BRASIL",-15.79885,-47.85897,-15.88313,-48.01898,-15.88159,-48.02327,,,,,2022,2023,,SGN-**40,,
TAXIGOV_DF_3,1361256,Ministério do Desenvolvimento Agrário e Agricultura Familiar,308794,DIRETA,AESP / GM / MDA,,CONCLUÍDA,Reunião,,2.76,3.033,10.71,2024-07-11 09:51:25.700,2024-07-11 09:54:58.283,2024-07-11 09:55:02.380,2024-07-11 09:58:03.647,2024-07-11 10:06:17.473,,"MINISTERIO DA ECONOMIA - BLOCO C, ESPLANADA DOS MINISTERIOS",ZONA CIVICO-ADMINISTRATIVA,BRASILIA,DF,"Banca Palacio do Desenvolvimento, Asa Norte, Brasilia, Distrito Federal","Banca Palacio do Desenvolvimento, Asa Norte, Brasilia, Distrito Federal",-15.79906,-47.87167,-15.79111,-47.87962,-15.79114,-47.87965,,,,,2022,2023,,SGR-**00,,
TAXIGOV_DF_3,1361255,Ministério do Turismo,72084,DIRETA,CAMP/SPOA/SE,,CONCLUÍDA,Reunião,,4.08,3.842,15.83,2024-07-11 09:51:12.357,2024-07-11 09:52:58.190,2024-07-11 09:56:58.280,2024-07-11 09:57:19.563,2024-07-11 10:06:43.513,,CONDOMINIO EDIFICIO PALACIO DO RADIO II,ASA SUL,BRASILIA,DF,"Ministerio do Turismo, n bl U, Brasilia, DF","Ministerio do Turismo, n bl U, Brasilia, DF",-15.79824,-47.8931,-15.79689,-47.86823,-15.79667,-47.86783,,,,,2021,2022,,REQ-**45,,
TAXIGOV_DF_ENTIDADES,1361247,Instituto Chico Mendes de Conservação da Biodiversidade,91842,INDIRETA,GABIN/ICMBIO,,CONCLUÍDA,Reunião,,8.39,8.117,29.78,2024-07-11 09:48:32.943,2024-07-11 09:48:55.540,2024-07-11 09:51:13.013,2024-07-11 09:52:45.433,2024-07-11 10:10:27.420,,EQSW 103/104,CRUZEIRO,BRASILIA,DF,"Ministerio das Relacoes Exteriores   Anexo I, Eixo Monumental, Brasilia, DF","Ministerio das Relacoes Exteriores   Anexo I, Eixo Monumental, Brasilia, DF",-15.80427,-47.92573,-15.80123,-47.86757,-15.8004,-47.86826,,,,SPIN,2023,2024,BRANCA,SGX-**80,,
TAXIGOV_DF_3,1361244,Ministério do Meio Ambiente,1927,DIRETA,DEFLOR/SAS,,CANCELADA,Reunião,,,,7.76,2024-07-11 09:47:47.143,2024-07-11 09:47:57.603,2024-07-11 09:50:44.707,2024-07-11 09:47:57.603,2024-07-11 09:55:24.783,2024-07-11 09:55:24.783,"MINISTERIO DO MEIO AMBIENTE, EIXO MONUMENTAL",,BRASILIA,DF,"Ministerio da Justica - Anexo I, Brasilia, Distrito Federal",,-15.79859,-47.87243,-15.79663,-47.86655,,,,,,,2021,2022,,RET-**80,,
TAXIGOV_DF_3,1361241,Ministério da Justiça e Segurança Pública,235881,DIRETA,COREG/AN,334,CONCLUÍDA,Reunião,,6.01,6.043,23.32,2024-07-11 09:47:29.307,2024-07-11 09:49:36.157,2024-07-11 09:50:53.287,2024-07-11 09:51:35.647,2024-07-11 10:01:04.333,,EIXO MONUMENTAL,PA 2,BRASILIA,DF,"Arquivo Nacional, Brasilia, DF","Arquivo Nacional, Brasilia, DF",-15.7964,-47.86991,-15.79156,-47.91331,-15.79137,-47.91308,,,,,2018,2018,,PBE-**25,,
TAXIGOV_DF_3,1361240,Ministério da Saúde,304,DIRETA,DAHU/SAES/MS,,CONCLUÍDA,Reunião,,13.22,10.722,51.29,2024-07-11 09:47:06.503,2024-07-11 09:47:16.730,2024-07-11 09:49:49.970,2024-07-11 09:50:07.997,2024-07-11 10:05:08.340,,MINISTERIO DA SAUDE - BLOCO G,,BRASILIA,DF,"Escola Nacional de Administracao Publica - Enap, Asa Sul, Brasilia, Distrito Federal","Escola Nacional de Administracao Publica - Enap, Asa Sul, Brasilia, Distrito Federal",-15.80024,-47.86838,-15.83033,-47.93057,-15.83027,-47.93132,,,,,,,,REU-**33,,
TAXIGOV_DF_3,1361238,Ministério do Desenvolvimento Agrário e Agricultura Familiar,308794,DIRETA,AECI / MDA,,CANCELADA,Reunião,,,,7.76,2024-07-11 09:46:30.530,2024-07-11 09:52:31.770,,2024-07-11 09:46:30.530,2024-07-11 09:52:31.770,2024-07-11 09:52:31.770,"INSTITUTO NACIONAL DE COLONIZACAO E REFORMA AGRARIA (INCRA), SBN QD. 1 BL. D",ASA NORTE,BRASILIA,DF,"Ministerio da Economia - Bloco C, Esplanada dos Ministerios, Zona Civico-Administrativa, Brasilia, Distrito Federal",,-15.79096,-47.8794,-15.79906,-47.87167,,,,,,,,,,,,
TAXIGOV_DF_3,1361232,Ministério da Educação,244,DIRETA,SAA/SEXEC/MEC,,CONCLUÍDA,Reunião,,38.49,37.464,149.34,2024-07-11 09:42:45.410,2024-07-11 09:42:55.380,2024-07-11 09:44:39.837,2024-07-11 09:46:10.370,2024-07-11 10:32:38.473,,MINISTERIO DA EDUCACAO,PA 2,BRASILIA,DF,"Centro Logistico PHS Gama - DF, Brasilia, Distrito Federal","Centro Logistico PHS Gama - DF, Brasilia, Distrito Federal",-15.79501,-47.87305,-15.98372,-48.07292,-15.98357,-48.07292,,,,,2022,2023,,SGO-**30,,
TAXIGOV_DF_3,1361226,Ministério do Desenvolvimento Agrário e Agricultura Familiar,308794,DIRETA,CGLOG / SPOA / SE / MDA,,CONCLUÍDA,Reunião,,2.66,2.507,10.32,2024-07-11 09:41:29.843,2024-07-11 09:52:01.467,2024-07-11 09:54:50.567,2024-07-11 09:55:35.160,2024-07-11 10:03:33.340,,PALACIO DO DESENVOLVIMENTO,ASA NORTE,BRASILIA,DF,"Ministerio da Agricultura e Pecuaria (Mapa), Esplanada dos Ministerios, Bl. D, Brasilia, Brasilia, DF","Ministerio da Agricultura e Pecuaria (Mapa), Esplanada dos Ministerios, Bl. D, Brasilia, Brasilia, DF",-15.79075,-47.87953,-15.79961,-47.87095,-15.79953,-47.87071,,,,,,,,SSK-**03,,
TAXIGOV_DF_ENTIDADES,1361217,Banco Central do Brasil,89,INDIRETA,DEMAP/INFRA,,CONCLUÍDA,Outros,,15.07,13.784,56.36,2024-07-11 09:40:04.847,2024-07-11 09:41:02.160,2024-07-11 09:49:19.403,2024-07-11 09:50:11.997,2024-07-11 10:12:34.807,,BANCO CENTRAL DO BRASIL - BCB,ASA SUL,BRASÍLIA,DF,RETEC REPRESENTAÇÕES E COMÉRCIO DE MÁQUINAS - BRASÍLIA / DF,RETEC REPRESENTAÇÕES E COMÉRCIO DE MÁQUINAS - BRASÍLIA / DF,-15.80332,-47.8851,-15.7987,-47.97035,-15.79893,-47.97044,,,,GRAND SIENA,2018,2019,BRANCO,PBM-**24,,
TAXIGOV_DF_3,1361216,Ministério da Educação,244,DIRETA,SAA/SEXEC/MEC,,CONCLUÍDA,Reunião,,3.51,3.905,13.62,2024-07-11 09:39:31.977,2024-07-11 09:39:43.187,2024-07-11 09:43:06.290,2024-07-11 09:43:42.037,2024-07-11 09:50:25.723,,"ESPLANADA DOS MINISTERIOS, BL. L",BRASILIA,BRASILIA,DF,"MEC Cetremec, Sgas, Asa Sul, Brasilia, DF","MEC Cetremec, Sgas, Asa Sul, Brasilia, DF",-15.79331,-47.87215,-15.81501,-47.88775,-15.81549,-47.88752,,,,,2019,2019,,PBN-**15,,
TAXIGOV_DF_3,1361209,Ministério da Saúde,304,DIRETA,SECNS/CNS/MS,,CONCLUÍDA,Reunião,,3.16,3.262,12.26,2024-07-11 09:36:58.563,2024-07-11 09:37:46.240,2024-07-11 09:45:17.073,2024-07-11 09:45:30.267,2024-07-11 09:50:49.817,,FUNDACAO OSWALDO CRUZ - DISTRITO FEDERAL,,BRASILIA,DF,"Organizacao Mundial da Saude, SEN, Asa Norte, Brasilia, DF","Organizacao Mundial da Saude, SEN, Asa Norte, Brasilia, DF",-15.77097,-47.87113,-15.78274,-47.86835,-15.78296,-47.86835,,,,,,,,REL-**24,,
TAXIGOV_DF_3,1361208,Presidência da República,26,DIRETA,SAM/CC/PR,,CONCLUÍDA,Reunião,,0.74,1.099,7.76,2024-07-11 09:36:42.440,2024-07-11 09:36:52.843,2024-07-11 09:39:28.677,2024-07-11 09:40:19.730,2024-07-11 09:41:59.080,,PALACIO DO PLANALTO,,BRASILIA,DF,"Ministerio de Minas e Energia - Bloco U, Brasilia, DF","Ministerio de Minas e Energia - Bloco U, Brasilia, DF",-15.79905,-47.86077,-15.79648,-47.86802,-15.79696,-47.86792,,,,,2022,2023,,SGO-**30,,
TAXIGOV_DF_ENTIDADES,1361199,Fundação Universidade de Brasília,470,INDIRETA,USG,16205,CONCLUÍDA,Transporte de documentos / materiais,,5.42,5.534,20.81,2024-07-11 09:33:46.727,2024-07-11 09:33:58.230,2024-07-11 09:37:53.223,2024-07-11 09:38:37.483,2024-07-11 09:48:24.867,,HOSPITAL UNIVERSITÁRIO DE BRASÍLIA,ASA NORTE,BRASÍLIA,DF,HOSPITAL DE BASE DO DISTRITO FEDERAL - ASA SUL - BRASÍLIA / DF,"SMHS BLOCO D, BLOCO D, ASA SUL, BRASILIA - DF, 70322-000, BRASIL",-15.77091,-47.87361,-15.80024,-47.88879,-15.80061,-47.88997,,,,SPIN,2021,22,BRANCA,REN-**88,,
TAXIGOV_DF_ENTIDADES,1361197,"Instituto Nacional de Metrologia, Qualidade e Tecnologia",240,INDIRETA,GABIN/INMETRO,,CANCELADA,Reunião,,,,7.4,2024-07-11 09:33:20.940,2024-07-11 09:36:27.573,2024-07-11 09:46:11.617,2024-07-11 09:36:27.573,2024-07-11 09:52:08.080,2024-07-11 09:52:08.080,SAINT MORITZ HPLUS EXPRESS,ASA NORTE,BRASILIA,DF,"Instituto Nacional de Metrologia, Qualidade e Tecnologia, Brasilia, DF",,-15.79045,-47.88463,-15.79429,-47.9117,,,,,,ONIX ,2022,2023,PRATA,SGN-**94,,
TAXIGOV_DF_ENTIDADES,1361194,Agência Nacional de Transportes Aquaviários,54843,INDIRETA,ARI,,CONCLUÍDA,Transporte de documentos / materiais,,18.59,0.009,68.78,2024-07-11 09:31:59.650,2024-07-11 09:32:09.220,2024-07-11 09:36:33.857,2024-07-11 10:29:01.157,2024-07-11 10:29:15.980,,SEPN 514 BL. D,BRASILIA,BRASILIA,DF,- ASA NORTE - BRASILIA,- ASA NORTE - BRASILIA,-15.7452,-47.89655,-15.74526,-47.89653,-15.74504,-47.89629,,,,VERSA,2021,2022,BRANCA,RET-**02,,
TAXIGOV_DF_ENTIDADES,1361190,Instituto Brasileiro de Museus,100584,INDIRETA,DDFEM/IBRAM,,CONCLUÍDA,Reunião,,7.1,4.01,26.27,2024-07-11 09:31:13.150,2024-07-11 09:33:11.710,2024-07-11 09:36:31.600,2024-07-11 09:36:41.837,2024-07-11 09:54:11.190,,EDIFICIO CNC III,ASA NORTE,BRASILIA,DF,- ASA SUL - BRASILIA,"SEPS 702/902, ASA SUL, BRASILIA - DF, 70390-025, BRASIL",-15.78875,-47.87842,-15.82776,-47.9249,-15.79936,-47.89706,,,,VIRTUS,2023,2024,PRATA,SGV-**43,,
TAXIGOV_DF_3,1361189,Ministério da Saúde,304,DIRETA,GAB/SAES,,CONCLUÍDA,Reunião,,3.48,3.137,13.5,2024-07-11 09:31:04.467,2024-07-11 09:31:15.777,2024-07-11 09:32:45.177,2024-07-11 09:33:50.000,2024-07-11 09:40:39.857,,"ESPLANADA DOS MINISTERIOS, BL. G",ASA SUL,BRASILIA,DF,"Organizacao Mundial da Saude, SEN, Asa Norte, Brasilia, DF","Organizacao Mundial da Saude, SEN, Asa Norte, Brasilia, DF",-15.80055,-47.86855,-15.78274,-47.86835,-15.78293,-47.86846,,,,,2023,2023,,SGU-**46,,
TAXIGOV_DF_ENTIDADES,1361178,Instituto Nacional de Colonização e Reforma Agrária,1799,INDIRETA,DAH-2.1/INCRA,,CONCLUÍDA,Transporte de documentos / materiais,,5.12,5.558,18.94,2024-07-11 09:25:47.140,2024-07-11 09:25:59.123,2024-07-11 09:27:53.997,2024-07-11 09:30:10.867,2024-07-11 09:38:39.330,,SBN QD. 1 BL. D,ASA NORTE,BRASILIA,DF,"SGO Q 5, Brasilia, DF","SGO Q 5, Brasilia, DF",-15.79096,-47.8794,-15.77632,-47.91151,-15.77718,-47.91166,,,,VIRTUS,2024,204,PRATA,SSI-**94,,
TAXIGOV_DF_ENTIDADES,1361167,Instituto Brasileiro do Meio Ambiente e dos Recursos Naturais Renováveis,1812,INDIRETA,COBIO/IBAMA,,CONCLUÍDA,Reunião,,19.04,17.735,70.45,2024-07-11 09:22:07.030,2024-07-11 09:22:24.280,2024-07-11 09:34:44.610,2024-07-11 09:36:11.753,2024-07-11 09:56:11.287,,AEROPORTO INTERNACIONAL DE BRASILIA,,BRASILIA,DF,"Ibama, Brasilia, Distrito Federal","IBAMA, ASA NORTE, BRASILIA - DF, BRASIL",-15.86997,-47.92097,-15.76624,-47.86238,-15.76753,-47.86151,,,,SIENA,2018,2018,PRATA,PBE-**98,,
TAXIGOV_DF_ENTIDADES,1361165,Instituto Nacional de Estudos e Pesquisas Educacionais Anísio Teixeira,249,INDIRETA,GAB/INEP,,CONCLUÍDA,Reunião,,5.21,5.103,19.22,2024-07-11 09:21:30.033,2024-07-11 09:21:35.690,2024-07-11 09:24:31.270,2024-07-11 09:24:54.847,2024-07-11 09:37:38.660,,FUNDACAO ESCOLA SUPERIOR DO MINISTERIO PUBLICO DO DISTRITO FEDERAL E DOS TERRITORIOS,ASA SUL,BRASILIA,DF,"Instituto Nacional de Estudos e Pesquisas Educacionais, Brasilia, DF","Instituto Nacional de Estudos e Pesquisas Educacionais, Brasilia, DF",-15.80039,-47.89346,-15.788,-47.91424,-15.78729,-47.91425,,,,SPIN ACT,2022,2023,PRATA,SGR-**00,,
TAXIGOV_DF_ENTIDADES,1361164,Fundação Universidade de Brasília,470,INDIRETA,IH,,CONCLUÍDA,Serviço externo / técnico,,48.4,45.526,178.11,2024-07-11 09:21:19.060,2024-07-11 09:21:31.783,2024-07-11 09:22:31.593,2024-07-11 09:59:21.553,2024-07-11 10:50:29.827,,"ITAPOÃ, UPA",ITAPOA I,BRASILIA,DF,"SAMAMBAIA, - PA 38","SAMAMBAIA, - PA 38",-15.7544,-47.76949,-15.90855,-48.15613,-15.85482,-48.07359,5.0,,,VIRTUS,2018,2018,PRETA,PBG-**53,,
TAXIGOV_DF_3,1361150,Ministério da Saúde,304,DIRETA,CGSPD/DAET/SAES/MS,,CONCLUÍDA,Reunião,,4.12,4.262,15.99,2024-07-11 09:16:45.513,2024-07-11 09:16:56.043,2024-07-11 09:20:08.693,2024-07-11 09:21:23.973,2024-07-11 09:31:28.710,,PO700 - MINISTERIO DA SAUDE,ASA NORTE,BRASILIA,DF,"Ministerio da Saude - Bloco G, Brasilia, Distrito Federal","Ministerio da Saude - Bloco G, Brasilia, Distrito Federal",-15.78406,-47.89043,-15.80024,-47.86838,-15.80063,-47.8684,,,,,,,,REK-**58,,
TAXIGOV_DF_3,1361149,Ministério do Turismo,72084,DIRETA,CAMP/SPOA/SE,,CONCLUÍDA,Reunião,,4.46,4.08,17.3,2024-07-11 09:16:27.597,2024-07-11 09:16:41.467,2024-07-11 09:20:39.130,2024-07-11 09:21:04.090,2024-07-11 09:32:01.667,,EM BLOCO U,ASA NORTE,BRASILIA,DF,"Condominio Edificio Palacio do Radio II, Asa Sul, Brasilia, DF","SRTVS, ASA SUL, BRASILIA - DF, 70340-000, BRASIL",-15.79671,-47.86787,-15.79824,-47.8931,-15.79824,-47.89459,,,,,2019,2020,,PBR-**94,,
TAXIGOV_DF_3,1361145,Presidência da República,26,DIRETA,SNJ/SG/PR,,CONCLUÍDA,Reunião,,4.09,4.148,15.87,2024-07-11 09:13:55.480,2024-07-11 09:14:04.587,2024-07-11 09:21:02.567,2024-07-11 09:21:12.017,2024-07-11 09:30:40.393,,"BRASILIA - DF, 70833-520, BRASIL",BRASILIA,BRASILIA,DF,"Instituto Serzedello Correa, SCES Trecho 3 Polo 8, 4, Brasilia, DF","Instituto Serzedello Correa, SCES Trecho 3 Polo 8, 4, Brasilia, DF",-15.79967,-47.85905,-15.80607,-47.84357,-15.80609,-47.84325,,,,,2023,2024,,SGW-**18,,
TAXIGOV_DF_3,1361140,Presidência da República,26,DIRETA,SNPS/SG/PR,,CONCLUÍDA,Reunião,,4.34,4.087,16.84,2024-07-11 09:10:18.960,2024-07-11 09:10:26.610,2024-07-11 09:12:49.590,2024-07-11 09:19:32.467,2024-07-11 09:28:04.303,,PALACIO DO PLANALTO,BRASILIA,BRASILIA,DF,"Instituto Serzedello Correa, SCES Trecho 3 Polo 8, 4, Brasilia, DF","Instituto Serzedello Correa, SCES Trecho 3 Polo 8, 4, Brasilia, DF",-15.79955,-47.85918,-15.80607,-47.84357,-15.80613,-47.84361,,,,,,,,REU-**33,,
TAXIGOV_DF_ENTIDADES,1361132,"Agência Nacional do Petróleo, Gás Natural e Biocombustíveis",25281,INDIRETA,EDF/ANP,,CONCLUÍDA,Reunião,,3.0,3.042,11.1,2024-07-11 09:05:32.487,2024-07-11 09:05:49.937,2024-07-11 09:13:45.340,2024-07-11 09:13:53.397,2024-07-11 09:19:16.633,,AGENCIA NACIONAL DE ENERGIA ELETRICA - SEDE,ASA NORTE,BRASILIA,DF,"Ministerio de Minas e Energia - Bloco U, Brasilia, DF","Ministerio de Minas e Energia - Bloco U, Brasilia, DF",-15.77833,-47.87238,-15.79648,-47.86802,-15.79691,-47.86795,,,,VIRTUS,2023,2023,BRANCA,SGT-**86,,
TAXIGOV_DF_3,1361130,Ministério do Desenvolvimento Agrário e Agricultura Familiar,308794,DIRETA,DATER / SAF / MDA,,CONCLUÍDA,Reunião,,2.73,2.941,10.59,2024-07-11 09:03:05.470,2024-07-11 09:03:13.670,2024-07-11 09:09:34.687,2024-07-11 09:10:24.720,2024-07-11 09:19:08.240,,INSTITUTO NACIONAL DE COLONIZACAO E REFORMA AGRARIA - SEDE,ASA NORTE,BRASILIA,DF,"Complexo Brasil 21, Asa Sul, Brasilia, Distrito Federal","VIA S. UM OESTE, EIXO MONUMENTAL, BRASILIA - DF, BRASIL",-15.79089,-47.87956,-15.79367,-47.89317,-15.79227,-47.89454,,,,,2024,2024,,SSH-**27,,
TAXIGOV_DF_3,1361125,Ministério da Justiça e Segurança Pública,235881,DIRETA,COREG/AN,334,CONCLUÍDA,Reunião,,6.21,6.144,24.09,2024-07-11 09:00:42.653,2024-07-11 09:06:30.643,2024-07-11 09:09:20.603,2024-07-11 09:12:28.883,2024-07-11 09:20:41.187,,"ESPLANADA DOS MINISTERIOS, BL. K",EIXO MONUMENTAL,BRASILIA,DF,"Instituto Serzedello Correa, SCES Trecho 3 Polo 8, 4, Brasilia, DF","Instituto Serzedello Correa, SCES Trecho 3 Polo 8, 4, Brasilia, DF",-15.79527,-47.87432,-15.80607,-47.84357,-15.80566,-47.84288,,,,,2021,2022,,REQ-**58,,
TAXIGOV_DF_3,1361117,Ministério da Saúde,304,DIRETA,CGDI/SAA/SE/MS,,CONCLUÍDA,Reunião,,14.7,12.516,57.04,2024-07-11 08:55:33.590,2024-07-11 08:55:41.120,2024-07-11 08:59:39.423,2024-07-11 09:00:41.827,2024-07-11 09:19:37.077,,"EM, 7",ASA SUL,BRASILIA,DF,"Editora - Ministerio da Saude, Brasilia, DF","Editora - Ministerio da Saude, Brasilia, DF",-15.80212,-47.86937,-15.80182,-47.95618,-15.80214,-47.95595,,,,,2021,2022,,REQ-**45,,
TAXIGOV_DF_3,1361112,Ministério da Saúde,304,DIRETA,GAB/SAES,,CONCLUÍDA,Reunião,,4.35,4.637,16.88,2024-07-11 08:53:19.733,2024-07-11 08:53:29.233,2024-07-11 08:57:31.247,2024-07-11 09:01:33.503,2024-07-11 09:12:33.823,,"ESPLANADA DOS MINISTERIOS, BL. G",ASA SUL,BRASILIA,DF,"BL K, Asa Sul, Brasilia, DF","BL K, Asa Sul, Brasilia, DF",-15.80055,-47.86855,-15.80456,-47.88993,-15.80455,-47.88974,,,,,2022,2023,,SGR-**00,,
TAXIGOV_DF_3,1361106,Ministério da Saúde,304,DIRETA,CGSPD/DAET/SAES/MS,,CONCLUÍDA,Reunião,,4.67,4.037,18.12,2024-07-11 08:48:27.770,2024-07-11 08:48:57.600,2024-07-11 08:54:27.967,2024-07-11 08:54:29.193,2024-07-11 09:05:35.670,,"SRTVN, 701",ASA NORTE,BRASILIA,DF,"Ministerio da Ciencia, Tecnologia e Inovacao - MCTI, Brasilia, DF","Ministerio da Ciencia, Tecnologia e Inovacao - MCTI, Brasilia, DF",-15.78407,-47.89045,-15.79986,-47.87005,-15.7998,-47.86986,,,,,2022,2023,,SGQ-**56,,
TAXIGOV_DF_3,1361105,Ministério da Saúde,304,DIRETA,DAPSI,,CONCLUÍDA,Reunião,,7.85,7.993,30.46,2024-07-11 08:47:52.870,2024-07-11 08:48:00.783,2024-07-11 08:54:55.750,2024-07-11 08:54:58.193,2024-07-11 09:08:39.473,,"BRASILIA - DF, 70719-040, BRASIL",BRASILIA,BRASILIA,DF,"Escola Nacional de Administracao Publica - Enap, Asa Sul, Brasilia, DF","Escola Nacional de Administracao Publica - Enap, Asa Sul, Brasilia, DF",-15.7843,-47.89011,-15.83033,-47.93057,-15.83024,-47.9313,,,,,2024,2025,,SSK-**24,,
TAXIGOV_DF_3,1361104,Ministério do Desenvolvimento Agrário e Agricultura Familiar,308794,DIRETA,SAF / MDA,,CONCLUÍDA,Outros,,2.51,1.688,9.74,2024-07-11 08:47:02.820,2024-07-11 08:47:11.450,2024-07-11 08:47:16.233,2024-07-11 08:54:32.210,2024-07-11 09:00:33.543,,INSTITUTO NACIONAL DE COLONIZAÇÃO E REFORMA AGRÁRIA - SEDE,ASA NORTE,BRASÍLIA,DF,1 - ASA SUL - BRASÍLIA / DF,1 - ASA SUL - BRASÍLIA / DF,-15.79089,-47.87956,-15.79907,-47.87768,-15.79975,-47.87802,,,,,2022,2023,,SGN-**40,,
TAXIGOV_DF_3,1361103,Ministério das Relações Exteriores,263,DIRETA,ABC/SPECE/MRE,,CONCLUÍDA,Reunião,,2.09,2.244,8.11,2024-07-11 08:46:01.393,2024-07-11 09:11:31.190,2024-07-11 09:19:12.200,2024-07-11 09:19:56.410,2024-07-11 09:26:08.107,,SAFS QD. 2 LT. 2 BL. B,ASA SUL,BRASILIA,DF,"Ministerio do Desenvolvimento Social e Combate a Fome - MDS, Brasilia, DF","Ministerio do Desenvolvimento Social e Combate a Fome - MDS, Brasilia, DF",-15.80408,-47.86801,-15.79841,-47.8732,-15.79881,-47.87323,,,,,2022,2023,,SGO-**30,,
TAXIGOV_DF_3,1361096,Ministério da Saúde,304,DIRETA,DEGERTS,,CONCLUÍDA,Reunião,,10.32,7.886,40.04,2024-07-11 08:43:24.700,2024-07-11 08:43:34.383,2024-07-11 08:47:08.997,2024-07-11 08:47:57.763,2024-07-11 09:03:46.087,,"PO700 - MINISTERIO DA SAUDE, SRTVN, 701",ASA NORTE,BRASILIA,DF,"Escola Nacional de Administracao Publica - Enap, Asa Sul, Brasilia, Distrito Federal","Escola Nacional de Administracao Publica - Enap, Asa Sul, Brasilia, Distrito Federal",-15.78407,-47.89045,-15.83033,-47.93057,-15.83032,-47.93145,,,,,2019,2019,,PBP-**59,,
TAXIGOV_DF_ENTIDADES,1361092,Instituto Nacional de Estudos e Pesquisas Educacionais Anísio Teixeira,249,INDIRETA,GAB/INEP,,CONCLUÍDA,Reunião,,4.67,4.298,17.23,2024-07-11 08:40:46.580,2024-07-11 08:42:08.357,2024-07-11 08:45:04.813,2024-07-11 08:46:02.427,2024-07-11 08:58:44.030,,"SIG QD. 4, LT. 327",CRUZEIRO,BRASILIA,DF,"Fundacao Escola Superior do Ministerio Publico do Distrito Federal e dos Territorios, Asa Sul, Brasilia, DF","Fundacao Escola Superior do Ministerio Publico do Distrito Federal e dos Territorios, Asa Sul, Brasilia, DF",-15.78816,-47.91414,-15.80039,-47.89346,-15.80067,-47.89318,,,,VIRTUS CL ,2023,2023, BRANCA,SGT-**38,,
TAXIGOV_DF_3,1361087,Ministério da Justiça e Segurança Pública,235881,DIRETA,SENASP/MJSP,,CONCLUÍDA,Reunião,,6.45,5.458,25.03,2024-07-11 08:38:51.030,2024-07-11 08:40:02.650,2024-07-11 08:46:08.457,2024-07-11 08:47:02.120,2024-07-11 08:56:35.683,,MINISTERIO DA JUSTICA - ANEXO I,PA 2,BRASILIA,DF,"Instituto Serzedello Correa, SCES Trecho 3 Polo 8, 4, Brasilia, DF","Instituto Serzedello Correa, SCES Trecho 3 Polo 8, 4, Brasilia, DF",-15.79663,-47.86655,-15.80607,-47.84357,-15.8061,-47.84311,,,,,2018,2019,,PBO-**89,,
TAXIGOV_DF_3,1361081,Ministério do Desenvolvimento Agrário e Agricultura Familiar,308794,DIRETA,CGLOG / SPOA / SE / MDA,,CONCLUÍDA,Reunião,,6.3,,24.44,2024-07-11 08:37:00.100,2024-07-11 08:38:21.407,2024-07-11 08:41:22.523,2024-07-11 08:41:34.330,2024-07-11 09:00:20.240,,MINISTERIO DA AGRICULTURA E PECUARIA,PA 2,BRASILIA,DF,"Controladoria-Geral da Uniao, Brasilia, DF","Controladoria-Geral da Uniao, Brasilia, DF",-15.79953,-47.87093,-15.78993,-47.91179,,,5.0,,,,2022,2023,,REU-**09,,
TAXIGOV_DF_3,1361080,Ministério da Saúde,304,DIRETA,DAPSI,,CONCLUÍDA,Reunião,,10.12,7.823,39.27,2024-07-11 08:36:46.933,2024-07-11 08:37:00.420,2024-07-11 08:41:56.023,2024-07-11 08:42:17.683,2024-07-11 08:57:40.997,,SRTVN QUADRA 03,ASA NORTE,BRASILIA,DF,"Escola Nacional de Administracao Publica - Enap, Asa Sul, Brasilia, DF","Escola Nacional de Administracao Publica - Enap, Asa Sul, Brasilia, DF",-15.78354,-47.8903,-15.83033,-47.93057,-15.83033,-47.93147,,,,,2022,2023,,SGR-**08,,
TAXIGOV_DF_3,1361073,Ministério do Desenvolvimento Agrário e Agricultura Familiar,308794,DIRETA,CGLOG / SPOA / SE / MDA,,CONCLUÍDA,Reunião,,2.68,3.111,10.4,2024-07-11 08:34:28.373,2024-07-11 08:35:36.670,2024-07-11 08:37:48.000,2024-07-11 08:38:24.190,2024-07-11 08:46:58.593,,MINISTERIO DA AGRICULTURA E PECUARIA,PA 2,BRASILIA,DF,"Palacio do Desenvolvimento, Brasilia, DF","Palacio do Desenvolvimento, Brasilia, DF",-15.79953,-47.87093,-15.79075,-47.87953,-15.79115,-47.87961,,,,,2020,2021,,REH-**48,,
TAXIGOV_DF_3,1361063,Ministério da Saúde,304,DIRETA,GAB/SAES,,CONCLUÍDA,Reunião,,11.98,10.635,46.48,2024-07-11 08:32:21.843,2024-07-11 08:33:38.530,2024-07-11 08:37:05.950,2024-07-11 08:38:13.107,2024-07-11 08:51:50.943,,"ESPLANADA DOS MINISTERIOS, BLOCO G",BRASILIA,BRASILIA,DF,"Escola Nacional de Administracao Publica (ENAP), SAIS Area 2A, Brasilia, Brasilia, DF","Escola Nacional de Administracao Publica (ENAP), SAIS Area 2A, Brasilia, Brasilia, DF",-15.80031,-47.86855,-15.8304,-47.93133,-15.8303,-47.93135,,,,,2023,2023,,SGU-**46,,
TAXIGOV_DF_3,1361050,Presidência da República,26,DIRETA,CGPPP/IN/CC/PR,,EM ANDAMENTO,Reunião,,,,,2024-07-11 08:25:58.340,2024-07-12 01:41:17.790,,,,,"IMPRENSA NACIONAL, ESTRADA PARQUE INDUSTRIAS GRAFICAS",ZONA INDUSTRIAL,BRASILIA,DF,"Setor Leste Quadra 9, Gama, Brasilia, DF",,-15.79243,-47.9136,-16.01173,-48.05185,,,,,,,,,,PBP-**75,,
TAXIGOV_DF_3,1361046,Ministério da Saúde,304,DIRETA,CGVAM/DSASTE/SVS/MS,,CONCLUÍDA,Reunião,,9.89,7.987,38.37,2024-07-11 08:24:21.687,2024-07-11 08:24:34.277,2024-07-11 08:28:01.403,2024-07-11 08:28:03.173,2024-07-11 08:43:00.313,,"PO 700, SRTVN",ASA NORTE,BRASILIA,DF,"Escola Nacional de Administracao Publica - Enap, Asa Sul, Brasilia, Distrito Federal","Escola Nacional de Administracao Publica - Enap, Asa Sul, Brasilia, Distrito Federal",-15.78456,-47.88949,-15.83033,-47.93057,-15.83022,-47.93133,,,,,,,,SSL-**39,,
TAXIGOV_DF_3,1361045,Ministério da Saúde,304,DIRETA,DEDT,,CONCLUÍDA,Reunião,,10.04,7.988,38.96,2024-07-11 08:23:51.120,2024-07-11 08:24:05.750,2024-07-11 08:33:47.100,2024-07-11 08:34:18.693,2024-07-11 08:48:00.147,,SRTVN,ASA NORTE,BRASILIA,DF,"Escola Nacional de Administracao Publica - Enap, Asa Sul, Brasilia, DF","Escola Nacional de Administracao Publica - Enap, Asa Sul, Brasilia, DF",-15.78456,-47.88949,-15.83033,-47.93057,-15.83021,-47.93144,,,,,2022,2023,,SGN-**94,,
TAXIGOV_DF_3,1361044,Ministério da Educação,244,DIRETA,SASE/MEC,,CONCLUÍDA,Reunião,,6.19,6.304,24.02,2024-07-11 08:22:39.150,2024-07-11 08:23:33.750,2024-07-11 08:31:23.810,2024-07-11 08:31:50.487,2024-07-11 08:41:13.507,,MINISTERIO DA EDUCACAO,PA 2,BRASILIA,DF,"Instituto Serzedello Correa, SCES Trecho 3 Polo 8, 4, Brasilia, Distrito Federal","Instituto Serzedello Correa, SCES Trecho 3 Polo 8, 4, Brasilia, Distrito Federal",-15.79501,-47.87305,-15.80607,-47.84357,-15.80613,-47.84301,,,,,2024,2025,,SSL-**34,,
TAXIGOV_DF_3,1361039,Ministério do Desenvolvimento Agrário e Agricultura Familiar,308794,DIRETA,CGLOG / SPOA / SE / MDA,,CONCLUÍDA,Reunião,,6.73,6.277,26.11,2024-07-11 08:19:38.770,2024-07-11 08:19:49.687,2024-07-11 08:21:28.147,2024-07-11 08:22:19.533,2024-07-11 08:33:49.037,,"ESPLANADA DOS MINISTERIOS, BL. D",ASA SUL,BRASILIA,DF,"Controladoria-Geral da Uniao, Brasilia, DF","Controladoria-Geral da Uniao, Brasilia, DF",-15.79961,-47.87095,-15.78993,-47.91179,-15.78943,-47.91271,,,,,2022,2022,,REU-**98,,
TAXIGOV_DF_ENTIDADES,1361037,Agência Nacional de Aviação Civil,86144,INDIRETA,SFI/ANAC,,CONCLUÍDA,Reunião,,4.13,3.226,15.28,2024-07-11 08:18:42.710,2024-07-11 08:19:18.500,2024-07-11 08:23:15.580,2024-07-11 08:24:39.527,2024-07-11 08:33:45.343,,AGENCIA NACIONAL DE AVIACAO CIVIL,ASA SUL,BRASILIA,DF,"Comando da Marinha do Brasil, Bloco E, Asa Norte, Brasilia, DF","VIA N. DOIS LESTE, ASA NORTE, BRASILIA - DF, BRASIL",-15.79456,-47.89348,-15.79559,-47.87131,-15.79463,-47.8707,,,,ONIX,2022,2023,PRATA,SGN-**40,,
TAXIGOV_DF_ENTIDADES,1361033,Fundação Coordenação de Aperfeiçoamento de Pessoal de Nível Superior,250,INDIRETA,CSA/CAPES,,CONCLUÍDA,Reunião,,10.96,7.976,40.44,2024-07-11 08:16:21.860,2024-07-11 08:16:32.847,2024-07-11 08:17:33.127,2024-07-11 08:18:01.347,2024-07-11 08:32:21.420,,SBN BLOCO L,ASA NORTE,BRASILIA,DF,"Royal Tulip Brasilia Alvorada, Asa Norte, Brasilia, DF","Royal Tulip Brasilia Alvorada, Asa Norte, Brasilia, DF",-15.78807,-47.87842,-15.78685,-47.829,-15.78786,-47.82901,,,,SIENA,2019,20,PRATA,QUT-**63,,
TAXIGOV_DF_3,1361030,Ministério da Saúde,304,DIRETA,DGAP,,CONCLUÍDA,Reunião,,2.93,1.824,11.37,2024-07-11 08:15:47.300,2024-07-11 08:15:57.060,2024-07-11 08:23:24.560,2024-07-11 08:23:24.450,2024-07-11 08:31:28.450,,VIA N1 OESTE,EIXO MONUMENTAL,BRASILIA,DF,"PO700 - Ministerio da Saude, SRTVN, 701, Asa Norte, Brasilia, DF","PO700 - Ministerio da Saude, SRTVN, 701, Asa Norte, Brasilia, DF",-15.79192,-47.88351,-15.78407,-47.89045,-15.78421,-47.89046,,,,,2019,2020,,PBV-**30,,
TAXIGOV_DF_ENTIDADES,1361022,Instituto do Patrimônio Histórico e Artístico Nacional,2045,INDIRETA,CNA/IPHAN,,CONCLUÍDA,Reunião,,3.65,4.271,13.51,2024-07-11 08:09:59.647,2024-07-11 08:10:07.017,2024-07-11 08:17:57.673,2024-07-11 08:18:01.893,2024-07-11 08:29:13.263,,"SEPS 702/902,",BRASILIA,BRASILIA,DF,"Edificio CNC III, Asa Norte, Brasilia, Distrito Federal","Edificio CNC III, Asa Norte, Brasilia, Distrito Federal",-15.79921,-47.89705,-15.78875,-47.87842,-15.78866,-47.8786,,,,COROLLA,2022,2023,PRETA,RET-**66,,
TAXIGOV_DF_3,1361021,Ministério da Defesa,41066,DIRETA,SEORI/MD,,CONCLUÍDA,Reunião,,22.3,22.466,86.52,2024-07-11 08:09:33.950,2024-07-11 08:10:21.670,2024-07-11 08:12:51.460,2024-07-11 08:15:34.833,2024-07-11 08:39:55.070,,"MINISTERIO DA DEFESA, ESPLANADA DOS MINISTERIOS, BL. Q",ZONA CIVICOADMINISTRATIVA,BRASILIA,DF,"Forte Marechal Rondon, Rodovia DF 001, KM 5, Lago Norte, Brasilia, Distrito Federal","CIGE, LAGO NORTE - DF, BRASIL",-15.79641,-47.86894,-15.70895,-47.81431,-15.71444,-47.81803,,,,,2024,2024,,SSK-**66,,
TAXIGOV_DF_3,1361019,Ministério da Educação,244,DIRETA,GPIS/DAF/SETEC,,CONCLUÍDA,Reunião,,3.78,3.864,14.67,2024-07-11 08:09:21.033,2024-07-11 08:10:25.457,2024-07-11 08:17:20.343,2024-07-11 08:17:29.980,2024-07-11 08:25:03.767,,"EM BLOCO L,",BRASILIA,BRASILIA,DF,"Instituto do Patrimonio Historico e Artistico Nacional - Sede, Asa Sul, Brasilia, Distrito Federal","SEPS 702/902, ASA SUL, BRASILIA - DF, 70390-025, BRASIL",-15.79487,-47.87299,-15.82776,-47.9249,-15.79929,-47.8971,,,,,2022,2023,,SGO-**30,,
TAXIGOV_DF_3,1361010,Ministério da Justiça e Segurança Pública,235881,DIRETA,SAA/SE/MJSP,,CONCLUÍDA,Reunião,,3.38,3.095,13.11,2024-07-11 07:58:44.220,2024-07-11 08:00:46.853,2024-07-11 08:03:49.417,2024-07-11 08:05:21.187,2024-07-11 08:11:27.490,,ANEXO II - MINISTERIO DA JUSTICA,,BRASILIA,DF,"Policia Federal - Sede, Asa Norte, Brasilia, DF","Policia Federal - Sede, Asa Norte, Brasilia, DF",-15.796570000000001,-47.866,-15.78769,-47.88659,-15.78808,-47.88748,,,,,2023,2024,,SGV-**61,,
TAXIGOV_DF_3,1361003,Presidência da República,26,DIRETA,SNPS/SG/PR,,CONCLUÍDA,Reunião,,4.06,4.152,15.75,2024-07-11 07:51:36.790,2024-07-11 07:51:44.107,2024-07-11 07:57:01.100,2024-07-11 07:57:52.373,2024-07-11 08:05:54.740,,"BRASILIA - DF, 70833-520, BRASIL",BRASILIA,BRASILIA,DF,"Instituto Serzedello Correa, SCES Trecho 3 Polo 8, 4, Brasilia, DF","Instituto Serzedello Correa, SCES Trecho 3 Polo 8, 4, Brasilia, DF",-15.79965,-47.85926,-15.80607,-47.84357,-15.80621,-47.84311,,,,,2022,2022,,REU-**98,,
TAXIGOV_DF_3,1361002,Ministério da Defesa,41066,DIRETA,SEORI/MD,,CONCLUÍDA,Reunião,,12.41,12.542,48.15,2024-07-11 07:47:02.553,2024-07-11 08:26:08.373,2024-07-11 08:39:06.050,2024-07-11 08:41:15.613,2024-07-11 08:56:44.053,,EIXO MONUMENTAL,,BRASILIA,DF,"Escola Superior de Defesa, DF-001, km 27, Jardim Botanico, Brasilia, DF","Escola Superior de Defesa, DF-001, km 27, Jardim Botanico, Brasilia, DF",-15.79605,-47.86885,-15.86728,-47.82376,-15.86769,-47.82309,,,,,2022,2023,,SGO-**30,,
TAXIGOV_DF_ENTIDADES,1361001,Banco Central do Brasil,89,INDIRETA,DEINF/BACEN,,CONCLUÍDA,Serviço externo / técnico,,4.96,4.167,18.55,2024-07-11 07:46:45.650,2024-07-11 07:52:06.683,2024-07-11 07:53:10.647,2024-07-11 07:56:21.087,2024-07-11 08:03:43.193,,SBS QD. 3 BL. B,BRASILIA,BRASILIA,DF,"Universidade do Banco Central, SCES Trecho 2, Brasilia, DF","Universidade do Banco Central, SCES Trecho 2, Brasilia, DF",-15.80308,-47.88529,-15.81722,-47.86786,-15.81757,-47.86776,,,,T CROSS,2023,2023,PRETO,SGR-**11,,
TAXIGOV_DF_3,1360997,Ministério da Justiça e Segurança Pública,235881,DIRETA,COREG/AN,334,CONCLUÍDA,Reunião,,6.69,6.629,25.96,2024-07-11 07:32:24.640,2024-07-11 08:15:48.290,2024-07-11 08:19:13.437,2024-07-11 08:28:12.800,2024-07-11 08:40:46.600,,SIG QUADRA 6,CRUZEIRO,BRASILIA,DF,"Ministerio da Fazenda, Eixo Monumental, Brasilia, DF","Ministerio da Fazenda, Eixo Monumental, Brasilia, DF",-15.7916,-47.91314,-15.7964,-47.86991,-15.7962,-47.86955,,,,,2023,2023,,SGT-**48,,
TAXIGOV_DF_ENTIDADES,1360992,Agência Espacial Brasileira,4243,INDIRETA,DPEI/AEB,,CONCLUÍDA,Reunião,,21.8,22.373,80.88,2024-07-11 07:29:39.730,2024-07-11 07:32:27.517,2024-07-11 07:42:36.450,2024-07-11 07:42:42.220,2024-07-11 08:03:09.403,,AEB AGENCIA ESPACIAL BRASILEIRA,SETOR POLICIAL SUL,BRASILIA,DF,"Escola Superior de Defesa, DF-001, km 27, Jardim Botanico, Brasilia, DF","Escola Superior de Defesa, DF-001, km 27, Jardim Botanico, Brasilia, DF",-15.81587,-47.94311,-15.86728,-47.82376,-15.86734,-47.82308,,,,KA,2020,2020,BRANCA,QXT-**92,,
TAXIGOV_DF_ENTIDADES,1360976,Fundação Universidade de Brasília,470,INDIRETA,IH,,CONCLUÍDA,Serviço externo / técnico,,59.57,52.736,219.22,2024-07-11 07:16:56.703,2024-07-11 07:17:12.883,2024-07-11 07:17:28.673,2024-07-11 08:16:29.440,2024-07-11 09:20:39.930,,"RECANTO DAS EMAS, UPA",PA 37,BRASILIA,DF,"ITAPOÃ, UPA - ITAPOA I",V SOBRADINHO - BRASILIA - DF,-15.9208,-48.05281,-15.7544,-47.76949,-15.73617,-47.77898,,,,VIRTUS,2018,2018,PRETA,PBG-**53,,
TAXIGOV_DF_ENTIDADES,1360967,Fundação Universidade de Brasília,470,INDIRETA,IH,,CONCLUÍDA,Serviço externo / técnico,,8.63,8.781,31.76,2024-07-11 07:00:28.793,2024-07-11 07:00:34.420,2024-07-11 07:00:58.933,2024-07-11 07:01:12.360,2024-07-11 07:15:18.973,,"QN 414 CONJUNTO G, 3",SAMAMBAIA NORTE SAMAMBAIA,BRASILIA,DF,"UPA de Recanto das Emas, Brasilia, DF","UPA de Recanto das Emas, Brasilia, DF",-15.85478,-48.07385,-15.91179,-48.05744,-15.91122,-48.05741,,,,VIRTUS,2018,2018,PRETA,PBG-**53,,
TAXIGOV_DF_ENTIDADES,1360950,Instituto Brasileiro do Meio Ambiente e dos Recursos Naturais Renováveis,1812,INDIRETA,PREVFOGO/IBAMA,,CONCLUÍDA,Reunião,,23.83,18.523,88.17,2024-07-11 04:32:18.630,2024-07-11 04:33:16.477,2024-07-11 04:38:41.050,2024-07-11 04:44:34.263,2024-07-11 05:06:25.670,,SCEN TR. 2,ASA NORTE,BRASILIA,DF,"Aeroporto Internacional de Brasilia - Presidente Juscelino Kubitschek, Brasilia, DF","ESTRADA PARQUE AEROPORTO, SETOR DE HABITACOES INDIVIDUAIS SUL, LAGO SUL - DF, 71608-000, BRASIL",-15.76718,-47.86065,-15.87069,-47.91935,-15.87018,-47.92156,,,,ETIOS,2019,2020,PRATA,REF-**82,,
TAXIGOV_DF_3,1360942,Ministério do Desenvolvimento Agrário e Agricultura Familiar,308794,DIRETA,GM / MDA,,CONCLUÍDA,Reunião,,12.73,11.799,49.39,2024-07-10 22:37:23.827,2024-07-10 22:38:56.327,2024-07-10 22:46:11.900,2024-07-10 22:46:42.773,2024-07-10 23:06:54.873,,RUBAIYAT,ASA SUL,BRASILIA,DF,"Quadra Mista Sudoeste 5, Brasilia, DF","QMSW 5 LOTE 4 BLOCO C, SUDOESTE/OCTOGONAL, CRUZEIRO - DF, 70680-520, BRASIL",-15.83358,-47.89267,-15.79487,-47.91873,-15.7938,-47.91782,,,,,2019,2020,,PBR-**94,,
TAXIGOV_DF_3,1360935,Ministério de Minas e Energia,2852,DIRETA,GM/MME,,CANCELADA,Reunião,,,,7.76,2024-07-10 21:23:10.930,2024-07-10 21:23:59.373,2024-07-10 21:27:15.577,2024-07-10 21:23:59.373,2024-07-10 21:30:42.067,2024-07-10 21:30:42.067,"MINISTERIO DE MINAS E ENERGIA, ESPLANADA DOS MINISTERIOS, BL. U",ZONA CIVICOADMINISTRATIVA,BRASILIA,DF,"Mercado LILA, Sh Aprodamas/Condominio Vale do Sol, Brasilia, Distrito Federal",,-15.79661,-47.86804,-15.65583,-47.65148,,,,,,,2019,2020,,REF-**82,,
TAXIGOV_DF_3,1360931,Presidência da República,26,DIRETA,CGPPP/IN/CC/PR,,EM ANDAMENTO,Reunião,,,,,2024-07-10 20:25:35.247,2024-07-11 01:40:23.600,,,,,ESTRADA PARQUE INDUSTRIAS GRAFICAS,ZONA INDUSTRIAL,BRASILIA,DF,"QRSW 8 Bl. A1, Brasilia, DF",,-15.79243,-47.9136,-15.78398,-47.92825,,,,,,,2023,2024,,SSF-**67,,
TAXIGOV_DF_3,1360928,Ministério da Saúde,304,DIRETA,GAB/SVS,,CANCELADA,Reunião,,,,,2024-07-10 19:53:18.783,2024-07-10 19:56:29.413,,2024-07-10 19:56:29.413,2024-07-10 19:56:51.420,2024-07-10 19:56:51.420,CAMARA DOS DEPUTADOS,,BRASILIA,DF,"PO 700, SRTVN, Asa Norte, Brasilia, Distrito Federal",,-15.80006,-47.86436,-15.78456,-47.88949,,,,,,,2018,2019,,PBN-**80,,
TAXIGOV_DF_3,1360926,Ministério da Educação,244,DIRETA,SE/MEC,,CONCLUÍDA,Reunião,,5.56,4.236,21.57,2024-07-10 19:51:36.663,2024-07-10 19:51:49.493,2024-07-10 19:52:14.787,2024-07-10 19:53:29.087,2024-07-10 20:08:07.663,,"607 SUL CONSELHO NACIONAL DE EDUCAÇÃO MEC,",ASA SUL,BRASILIA,DF,"ANEXO MINISTERIO EDUCACAO, - PA 2","SGO, ASA NORTE, BRASILIA - DF, BRASIL",-15.82173,-47.89485,-15.78455,-47.87153,-15.79352,-47.87289,,,,,2018,2018,,PBK-**91,,
TAXIGOV_DF_3,1360924,Ministério da Saúde,304,DIRETA,DEPPROS,,CONCLUÍDA,Reunião,,2.83,2.454,10.98,2024-07-10 19:49:17.660,2024-07-10 19:50:23.513,2024-07-10 19:56:37.273,2024-07-10 20:00:58.867,2024-07-10 20:06:37.753,,PALACIO DO PLANALTO - ANEXO I,ASA NORTE,BRASILIA,DF,"Anexo do Ministerio da Saude, Eixo Monumental, G, Brasilia, DF","Anexo do Ministerio da Saude, Eixo Monumental, G, Brasilia, DF",-15.79957,-47.85946,-15.80181,-47.86856,-15.80163,-47.86929,,,,,2022,2022,,REU-**98,,
TAXIGOV_DF_3,1360923,Ministério do Desenvolvimento Agrário e Agricultura Familiar,308794,DIRETA,DEPROT / SETEQ / MDA,,CONCLUÍDA,Reunião,,3.19,2.777,12.38,2024-07-10 19:49:14.453,2024-07-10 19:49:25.453,2024-07-10 19:52:05.283,2024-07-10 20:10:37.040,2024-07-10 20:16:27.690,,PRACA DOS TRES PODERES,,BRASILIA,DF,"Banca Palacio do Desenvolvimento, Asa Norte, Brasilia, DF","Banca Palacio do Desenvolvimento, Asa Norte, Brasilia, DF",-15.79955,-47.85925,-15.79111,-47.87962,-15.79112,-47.87964,,,,,2024,2024,,SSI-**69,,
TAXIGOV_DF_3,1360920,Ministério da Saúde,304,DIRETA,GAB/SVS,,CANCELADA,Reunião,,,,,2024-07-10 19:44:28.280,2024-07-10 19:47:07.280,,2024-07-10 19:47:07.280,2024-07-10 19:48:21.650,2024-07-10 19:48:21.650,CAMARA DOS DEPUTADOS,,BRASILIA,DF,"PO 700, SRTVN, Asa Norte, Brasilia, Distrito Federal",,-15.80006,-47.86436,-15.78456,-47.88949,,,,,,,2024,2024,,SSI-**69,,
TAXIGOV_DF_3,1360919,Ministério da Saúde,304,DIRETA,GAB/SVS,,CANCELADA,Reunião,,,,7.76,2024-07-10 19:43:12.837,2024-07-10 19:56:50.910,,2024-07-10 19:56:50.910,2024-07-10 19:57:30.740,2024-07-10 19:57:30.740,CAMARA DOS DEPUTADOS,,BRASILIA,DF,"PO700 - Ministerio da Saude, SRTVN, 701, Asa Norte, Brasilia, DF",,-15.80006,-47.86436,-15.78407,-47.89045,,,,,,,2018,2019,,PBN-**80,,
TAXIGOV_DF_3,1360912,Ministério do Desenvolvimento Agrário e Agricultura Familiar,308794,DIRETA,GM / MDA,,CONCLUÍDA,Reunião,,8.69,6.431,33.72,2024-07-10 19:26:02.103,2024-07-10 19:29:00.930,2024-07-10 19:33:03.487,2024-07-10 19:33:51.383,2024-07-10 19:46:28.560,,EMI BLOCO C,BRASILIA,BRASILIA,DF,"Rubaiyat, Asa Sul, Brasilia, DF","Rubaiyat, Asa Sul, Brasilia, DF",-15.79937,-47.87171,-15.83358,-47.89267,-15.83338,-47.89272,,,,,2022,2022,,REU-**98,,
TAXIGOV_DF_3,1360911,Ministério da Educação,244,DIRETA,SE/MEC,,CONCLUÍDA,Reunião,,7.63,4.619,29.6,2024-07-10 19:26:00.087,2024-07-10 19:27:29.287,2024-07-10 19:32:40.020,2024-07-10 19:32:50.613,2024-07-10 19:47:57.073,,"ESPLANADA DOS MINISTERIOS, BL. L",ASA NORTE,BRASILIA,DF,"Conselho Nacional de Educacao - Ministerio da Educacao, Asa Sul, Brasilia, DF","Conselho Nacional de Educacao - Ministerio da Educacao, Asa Sul, Brasilia, DF",-15.7949,-47.87322,-15.82171,-47.89524,-15.82199,-47.89495,,,,,2018,2018,,PBK-**91,,
TAXIGOV_DF_3,1360906,Presidência da República,26,DIRETA,CGPPP/IN/CC/PR,,EM ANDAMENTO,Reunião,,,,,2024-07-10 19:12:36.550,2024-07-11 01:40:16.197,,,,,"IMPRENSA NACIONAL, ESTRADA PARQUE INDUSTRIAS GRAFICAS",ZONA INDUSTRIAL,BRASILIA,DF,"Setor Leste Quadra 9, Gama, Brasilia, DF",,-15.79243,-47.9136,-16.01173,-48.05185,,,,,,,2024,25,,SSK-**89,,
TAXIGOV_DF_ENTIDADES,1360899,Agência Nacional de Telecomunicações,25064,INDIRETA,SCP/ANATEL,,CANCELADA,Reunião,,,,7.36,2024-07-10 18:58:29.290,2024-07-10 19:04:08.777,,2024-07-10 18:58:29.290,2024-07-10 19:04:08.777,2024-07-10 19:04:08.777,MINISTERIO DAS COMUNICACOES E DOS TRANSPORTES,PA 2,BRASILIA,DF,"BL F, Asa Sul, Brasilia, DF",,-15.79691,-47.86715,-15.80538,-47.88245,,,,,,,,,,,,
TAXIGOV_DF_3,1360898,Ministério da Saúde,304,DIRETA,SECNS/CNS/MS,,CONCLUÍDA,Reunião,,10.08,7.956,39.11,2024-07-10 18:58:05.700,2024-07-10 19:08:53.960,2024-07-10 19:14:02.743,2024-07-10 19:14:33.407,2024-07-10 19:26:07.577,,"SEN, LT. 19",BRASILIA,BRASILIA,DF,"CLN 315 Bloco A, Brasilia, Brasilia, DF","CLN 315 Bloco A, Brasilia, Brasilia, DF",-15.78239,-47.86783,-15.74363,-47.89436,-15.7438,-47.89435,,,,,2024,2025,,SSK-**22,,
TAXIGOV_DF_3,1360881,Ministério da Saúde,304,DIRETA,GAB/SGTES,,CANCELADA,Reunião,,,,7.76,2024-07-10 18:25:53.707,2024-07-10 18:41:37.703,,2024-07-10 18:25:53.707,2024-07-10 18:41:37.703,2024-07-10 18:41:37.703,MINISTERIO DA SAUDE - BLOCO G,,BRASILIA,DF,"Mercure Brasilia Lider Hotel, Asa Norte, Brasilia, DF",,-15.80024,-47.86838,-15.78897,-47.89104,,,,,,,,,,,,
TAXIGOV_DF_3,1360876,Presidência da República,26,DIRETA,CGPPP/IN/CC/PR,,EM ANDAMENTO,Reunião,,,,,2024-07-10 18:22:51.430,2024-07-11 01:40:59.047,,,,,ESTRADA PARQUE INDUSTRIAS GRAFICAS,ZONA INDUSTRIAL,BRASILIA,DF,"SQS 409 Bl. B, Asa Sul, Brasilia, DF",,-15.79243,-47.9136,-15.82359,-47.9027,,,,,,,2019,2020,,PBV-**23,,
TAXIGOV_DF_ENTIDADES,1360866,Banco Central do Brasil,89,INDIRETA,DENOR/BACEN,,CANCELADA,Reunião,,,,7.48,2024-07-10 18:15:42.790,2024-07-10 18:24:48.957,,2024-07-10 18:15:42.790,2024-07-10 18:24:48.953,2024-07-10 18:24:48.953,1,,BRASÍLIA,DF,BANCO CENTRAL DO BRASIL - SEDE - ASA SUL - BRASÍLIA / DF,,-15.80194,-47.86512,-15.80332,-47.8851,,,,,,,,,,,,
TAXIGOV_DF_ENTIDADES,1360864,Banco Central do Brasil,89,INDIRETA,DENOR/BACEN,,CANCELADA,Reunião,,,,7.48,2024-07-10 18:12:33.397,2024-07-10 18:24:48.173,,2024-07-10 18:12:33.397,2024-07-10 18:24:48.170,2024-07-10 18:24:48.170,1,,BRASÍLIA,DF,0 - SET MEDICO HOSP - BRASÍLIA / DF,,-15.80194,-47.86512,-15.80322,-47.88516,,,,,,,,,,,,
TAXIGOV_DF_3,1360853,Ministério da Saúde,304,DIRETA,DAPSI,,CONCLUÍDA,Reunião,,4.47,3.777,17.34,2024-07-10 18:03:08.593,2024-07-10 18:03:19.100,2024-07-10 18:08:49.397,2024-07-10 18:13:05.240,2024-07-10 18:26:17.440,,0,ASA NORTE,BRASÍLIA,DF,PO 700 - ASA NORTE - BRASÍLIA / DF,PO 700 - ASA NORTE - BRASÍLIA / DF,-15.79926,-47.87165,-15.78456,-47.88949,-15.78405,-47.8904,,,,,2022,2023,,SGQ-**06,,
TAXIGOV_DF_3,1360852,Ministério da Saúde,304,DIRETA,DGAP,,CONCLUÍDA,Transporte de documentos / materiais,,1.74,1.842,7.76,2024-07-10 18:02:49.447,2024-07-10 18:02:57.203,2024-07-10 18:08:35.230,2024-07-10 18:08:57.520,2024-07-10 18:16:20.873,,"SRTVN, 701",ASA NORTE,BRASILIA,DF,"Shopping Conjunto Nacional, Asa Norte, Brasilia, DF","Shopping Conjunto Nacional, Asa Norte, Brasilia, DF",-15.78407,-47.89045,-15.79128,-47.88318,-15.79089,-47.88248,,,,,2022,2023,,SGO-**68,,
TAXIGOV_DF_ENTIDADES,1360851,Fundo Nacional de Desenvolvimento da Educação,253,INDIRETA,CGPLI/FNDE,,CONCLUÍDA,Reunião,,3.25,2.452,12.03,2024-07-10 18:02:47.373,2024-07-10 18:08:34.980,2024-07-10 18:15:07.980,2024-07-10 18:15:23.217,2024-07-10 18:27:42.443,,"FNDE - FUNDO NACIONAL DE DESENVOLVIMENTO DA EDUCACAO, SBS QD. 2, BL. F",ASA SUL,BRASILIA,DF,"Camara dos Deputados Anexo IV, Anexo IV, Brasilia, Distrito Federal","Camara dos Deputados Anexo IV, Anexo IV, Brasilia, Distrito Federal",-15.80104,-47.88336,-15.80264,-47.86511,-15.80197,-47.86487,,,,SIENA,2018,2018,BRANCA,PBK-**91,,
TAXIGOV_DF_3,1360850,Ministério da Saúde,304,DIRETA,DEPPROS,,CONCLUÍDA,Reunião,,4.66,4.387,18.08,2024-07-10 18:02:46.963,2024-07-10 18:03:47.523,2024-07-10 18:08:12.090,2024-07-10 18:11:58.040,2024-07-10 18:26:41.780,,"PO700 - MINISTERIO DA SAUDE, SRTVN, 701",ASA NORTE,BRASILIA,DF,"Anexo do Ministerio da Saude, Eixo Monumental, G, Brasilia, Distrito Federal","Anexo do Ministerio da Saude, Eixo Monumental, G, Brasilia, Distrito Federal",-15.78407,-47.89045,-15.80181,-47.86856,-15.80149,-47.86928,,,,,2021,2022,,RER-**63,,
TAXIGOV_DF_ENTIDADES,1360844,"Instituto Nacional de Metrologia, Qualidade e Tecnologia",240,INDIRETA,GABIN/INMETRO,,CANCELADA,Reunião,,,,,2024-07-10 17:58:34.367,2024-07-10 17:59:01.520,,2024-07-10 17:59:01.520,2024-07-10 18:00:02.283,2024-07-10 18:00:02.283,"INSTITUTO NACIONAL DE METROLOGIA, QUALIDADE E TECNOLOGIA",ZONA INDUSTRIAL,BRASILIA,DF,"Saint Moritz Hplus Express, Asa Norte, Brasilia, DF",,-15.79429,-47.9117,-15.79045,-47.88463,,,,,,KICKS,2023,2024,PRATA,SGV-**61,,
TAXIGOV_DF_3,1360842,Ministério da Saúde,304,DIRETA,DGAP,,CANCELADA,Reunião,,,,7.76,2024-07-10 17:55:59.670,2024-07-10 17:56:20.510,,2024-07-10 17:56:20.510,2024-07-10 18:02:39.150,2024-07-10 18:02:39.150,"SRTVN, 701",ASA NORTE,BRASILIA,DF,"Rodoviaria Plano Piloto, Brasilia, DF",,-15.78407,-47.89045,-15.79366,-47.88296,,,,,,,2023,2024,,SSG-**11,,
TAXIGOV_DF_3,1360830,Presidência da República,26,DIRETA,DITEC/SA/CC/PR,,CANCELADA,Reunião,,,,7.76,2024-07-10 17:49:33.293,2024-07-10 17:55:29.790,,2024-07-10 17:49:33.293,2024-07-10 17:55:29.790,2024-07-10 17:55:29.790,"BL P, EIXO MONUMENTAL",,BRASILIA,DF,"sqn 103 bloco a, Quadra Sqn 103 Bloco A, 0, Asa Norte, Brasilia, Distrito Federal",,-15.79599,-47.86971,-15.77796,-47.88352,,,,,,,,,,,,
TAXIGOV_DF_3,1360819,Ministério da Educação,244,DIRETA,SECADI,,CONCLUÍDA,Reunião,,2.18,2.14,8.46,2024-07-10 17:39:18.353,2024-07-10 17:48:50.010,2024-07-10 17:51:48.780,2024-07-10 17:53:05.183,2024-07-10 18:01:43.230,,MINISTERIO DA EDUCACAO,PA 2,BRASILIA,DF,"Palacio do Planalto, Brasilia, DF","Palacio do Planalto, Brasilia, DF",-15.79501,-47.87305,-15.79905,-47.86077,-15.79926,-47.86176,,,,,2023,2024,,SGY-**09,,
TAXIGOV_DF_3,1360810,Ministério do Desenvolvimento Agrário e Agricultura Familiar,308794,DIRETA,SEAB / MDA,,CANCELADA,Reunião,,,,7.76,2024-07-10 17:36:28.477,2024-07-10 17:44:18.983,,2024-07-10 17:36:28.477,2024-07-10 17:44:18.960,2024-07-10 17:44:18.960,BANCA PALÁCIO DO DESENVOLVIMENTO,ASA NORTE,BRASÍLIA,DF,MINISTÉRIO DA ECONOMIA - BLOCO C - ZONA CÍVICO-ADMINISTRATIVA - BRASÍLIA / DF,,-15.79111,-47.87962,-15.79906,-47.87167,,,,,,,,,,,,
TAXIGOV_DF_3,1360802,Ministério da Saúde,304,DIRETA,DGAP,,CANCELADA,Reunião,,,,7.76,2024-07-10 17:32:56.070,2024-07-10 17:38:20.200,,2024-07-10 17:32:56.070,2024-07-10 17:38:20.200,2024-07-10 17:38:20.200,CAMPUS DARCY RIBEIRO UNB,ASA NORTE,BRASILIA,DF,"PO 700, SRTVN, Asa Norte, Brasilia, DF",,-15.76637,-47.86821,-15.78456,-47.88949,,,,,,,,,,,,
TAXIGOV_DF_3,1360800,Ministério da Saúde,304,DIRETA,GAB/SVS,,CONCLUÍDA,Reunião,,4.41,4.655,17.11,2024-07-10 17:31:24.500,2024-07-10 17:31:33.207,2024-07-10 17:34:03.210,2024-07-10 17:38:07.420,2024-07-10 17:52:09.407,,"PO 700, SRTVN",ASA NORTE,BRASILIA,DF,"Camara dos Deputados, Brasilia, Distrito Federal","Camara dos Deputados, Brasilia, Distrito Federal",-15.78456,-47.88949,-15.80006,-47.86436,-15.79986,-47.86446,,,,,2024,2024,,SSH-**37,,
TAXIGOV_DF_3,1360793,Ministério da Saúde,304,DIRETA,DEAMB/SESAI/MS,,CONCLUÍDA,Reunião,,4.1,4.118,15.91,2024-07-10 17:30:03.400,2024-07-10 17:40:27.957,2024-07-10 17:42:54.273,2024-07-10 17:43:15.017,2024-07-10 17:52:33.080,,MINISTERIO DA SAUDE - BLOCO G,,BRASILIA,DF,"PO 700, SRTVN Quadra 03, ASA NORTE, BRASILIA, DF","PO 700, SRTVN Quadra 03, ASA NORTE, BRASILIA, DF",-15.80024,-47.86838,-15.78354,-47.8903,-15.78406,-47.8904,,,,,2022,2023,,SGO-**30,,
TAXIGOV_DF_3,1360792,Ministério da Saúde,304,DIRETA,DGAP,,CONCLUÍDA,Reunião,,7.54,4.813,29.26,2024-07-10 17:29:53.530,2024-07-10 17:30:11.877,2024-07-10 17:42:10.017,2024-07-10 17:42:16.263,2024-07-10 17:53:20.780,,CAMPUS DARCY RIBEIRO UNB,ASA NORTE,BRASILIA,DF,"Anexo do Ministerio da Saude, Eixo Monumental, G, Brasilia, DF","Anexo do Ministerio da Saude, Eixo Monumental, G, Brasilia, DF",-15.77085,-47.87112,-15.80181,-47.86856,-15.80115,-47.86919,,,,,2021,21,,REO-**09,,
TAXIGOV_DF_3,1360787,Ministério da Saúde,304,DIRETA,DAPSI,,CONCLUÍDA,Reunião,,4.16,4.313,16.14,2024-07-10 17:28:05.397,2024-07-10 17:28:25.493,2024-07-10 17:32:45.740,2024-07-10 17:34:15.237,2024-07-10 17:45:45.690,,"BRASILIA - DF, 70719-040, BRASIL",BRASILIA,BRASILIA,DF,"Ministerio da Saude - Bloco G, Brasilia, DF","Ministerio da Saude - Bloco G, Brasilia, DF",-15.7843,-47.89011,-15.80024,-47.86838,-15.80032,-47.86823,,,,,2023,2024,,SGY-**09,,
TAXIGOV_DF_3,1360784,Advocacia-Geral da União,46,DIRETA,DPOFC/SGA/AGU,,CONCLUÍDA,Reunião,,5.59,5.598,21.69,2024-07-10 17:27:32.123,2024-07-10 17:37:58.190,2024-07-10 17:38:20.113,2024-07-10 17:46:18.487,2024-07-10 17:58:17.787,,MINISTERIO DA ECONOMIA - BLOCO K,,BRASILIA,DF,"Advocacia-Geral da Uniao - Sede III, Brasilia, DF","Advocacia-Geral da Uniao - Sede III, Brasilia, DF",-15.794740000000001,-47.87379,-15.79215,-47.9124,-15.7922,-47.91237,,,,,2021,2022,,REQ-**45,,
TAXIGOV_DF_3,1360782,Ministério da Saúde,304,DIRETA,GAB/SGTES,,CONCLUÍDA,Reunião,,4.53,4.139,17.58,2024-07-10 17:26:42.843,2024-07-10 17:27:12.357,2024-07-10 17:34:08.107,2024-07-10 17:43:51.123,2024-07-10 17:58:44.690,,"PO 700, VIA W 5 NORTE",ASA NORTE,BRASILIA,DF,"Ministerio da Saude - Bloco G, Brasilia, Distrito Federal","Ministerio da Saude - Bloco G, Brasilia, Distrito Federal",-15.78364,-47.89034,-15.80024,-47.86838,-15.80002,-47.86809,,,,,2022,2023,,SGQ-**06,,
TAXIGOV_DF_3,1360781,Ministério da Saúde,304,DIRETA,DEPPROS,,CONCLUÍDA,Reunião,,4.39,4.403,17.03,2024-07-10 17:26:33.100,2024-07-10 17:29:52.583,2024-07-10 17:40:18.713,2024-07-10 17:40:41.040,2024-07-10 17:47:52.503,,"INSTITUTO SERZEDELLO CORREA, SCES TR. 3 POLO 8, LT. 3",,BRASILIA,DF,"Anexo do Ministerio da Saude, Eixo Monumental, G, Brasilia, Distrito Federal","Anexo do Ministerio da Saude, Eixo Monumental, G, Brasilia, Distrito Federal",-15.80629,-47.84259,-15.80181,-47.86856,-15.8016,-47.86925,,,,,2022,2023,,SGO-**86,,
TAXIGOV_DF_3,1360777,Ministério da Saúde,304,DIRETA,CGSPD/DAET/SAES/MS,,CONCLUÍDA,Reunião,,3.87,4.054,15.02,2024-07-10 17:23:48.240,2024-07-10 17:25:46.650,2024-07-10 17:32:30.693,2024-07-10 17:32:58.613,2024-07-10 17:45:04.487,,EMI BLOCO E,ASA SUL,BRASILIA,DF,"PO 700, SRTVN, Asa Norte, Brasilia, DF","PO 700, SRTVN, Asa Norte, Brasilia, DF",-15.79946,-47.87006,-15.78456,-47.88949,-15.78414,-47.8904,,,,,,,,PBP-**75,,
TAXIGOV_DF_3,1360765,Ministério da Saúde,304,DIRETA,DGCI,,CONCLUÍDA,Reunião,,5.22,3.88,20.25,2024-07-10 17:16:59.493,2024-07-10 17:17:56.273,2024-07-10 17:24:28.590,2024-07-10 17:24:28.797,2024-07-10 17:38:54.637,,CGU - CONTROLADORIA-GERAL DA UNIAO - SAUS - MULTIBRASIL,ASA SUL,BRASILIA,DF,"PO 700, SRTVN, Asa Norte, Brasilia, DF","PO 700, SRTVN, Asa Norte, Brasilia, DF",-15.80367,-47.88256,-15.78456,-47.88949,-15.78407,-47.89041,,,,,2023,2023,,SGR-**14,,
TAXIGOV_DF_ENTIDADES,1360764,Superintendência Nacional de Previdência Complementar,105915,INDIRETA,DIRAD/PREVIC/ME,,CONCLUÍDA,Reunião,,3.26,2.936,12.06,2024-07-10 17:16:27.393,2024-07-10 17:18:30.483,2024-07-10 17:27:17.983,2024-07-10 17:27:26.457,2024-07-10 17:37:51.660,,6,ASA SUL,BRASILIA,DF,"Superintendencia Nacional de Previdencia Complementar - PREVIC, Asa Norte, Brasilia, DF","Superintendencia Nacional de Previdencia Complementar - PREVIC, Asa Norte, Brasilia, DF",-15.80231,-47.88046,-15.78696,-47.89059,-15.78681,-47.89113,,,,CRONOS,2024,2024,BRANCA,SSK-**27,,
TAXIGOV_DF_ENTIDADES,1360761,Instituto do Patrimônio Histórico e Artístico Nacional,2045,INDIRETA,DPI/IPHAN,,CONCLUÍDA,Reunião,,4.07,4.441,15.06,2024-07-10 17:14:35.593,2024-07-10 17:15:37.080,2024-07-10 17:17:47.030,2024-07-10 17:18:10.540,2024-07-10 17:35:51.780,,"MINISTERIO DA CULTURA, EIXO MONUMENTAL, S/N",ZONA CIVICO-ADMINISTRATIVA,BRASILIA,DF,"Instituto do Patrimonio Historico e Artistico Nacional - Sede, Asa Sul, Brasilia, Distrito Federal","Instituto do Patrimonio Historico e Artistico Nacional - Sede, Asa Sul, Brasilia, Distrito Federal",-15.79876,-47.87259,-15.79915,-47.89694,-15.79945,-47.89686,,,,COROLLA PRETA,2024,2024,,SSK-**66,,
TAXIGOV_DF_3,1360759,Presidência da República,26,DIRETA,SNDSAPP/SG/PR,,CONCLUÍDA,Reunião,,6.11,4.767,23.71,2024-07-10 17:14:33.643,2024-07-10 17:21:48.403,2024-07-10 17:28:34.873,2024-07-10 17:30:24.457,2024-07-10 17:45:44.287,,"VENANCIO SHOPPING, SETOR COMERCIAL SUL, Q. 6",ASA SUL,BRASILIA,DF,"Palacio do Planalto - Anexo I, Praca dos Tres Poderes, ZONA CIVICOADMINISTRATIVA, BRASILIA, DF","Palacio do Planalto - Anexo I, Praca dos Tres Poderes, ZONA CIVICOADMINISTRATIVA, BRASILIA, DF",-15.79599,-47.89293,-15.79955,-47.85965,-15.79942,-47.85989,,,,,2023,2024,,SSF-**67,,
TAXIGOV_DF_ENTIDADES,1360753,Fundo Nacional de Desenvolvimento da Educação,253,INDIRETA,COEFA/FNDE,,CANCELADA,Reunião,,,,7.4,2024-07-10 17:11:57.210,2024-07-10 17:34:20.440,,2024-07-10 17:11:57.210,2024-07-10 17:34:20.440,2024-07-10 17:34:20.440,CAMARA DOS DEPUTADOS ANEXO III,PA 1,BRASILIA,DF,"Fundo Nacional de Desenvolvimento da Educacao, Sbs, 12, Asa Sul, Brasilia, DF",,-15.80118,-47.86618,-15.80089,-47.88341,,,,,,,,,,,,
TAXIGOV_DF_3,1360752,Presidência da República,26,DIRETA,DITEC/SA/CC/PR,,CONCLUÍDA,Reunião,,2.0,1.811,7.76,2024-07-10 17:11:30.260,2024-07-10 17:11:49.893,2024-07-10 17:20:22.310,2024-07-10 17:21:31.177,2024-07-10 17:25:17.427,,ANEXO III DO PALACIO DO PLANALTO,ASA SUL,BRASILIA,DF,"Ministerio da Fazenda, Eixo Monumental, Brasilia, Distrito Federal","Ministerio da Fazenda, Eixo Monumental, Brasilia, Distrito Federal",-15.799,-47.85901,-15.7964,-47.86991,-15.79617,-47.8696,,,,,2018,2018,,QOB-**36,,
TAXIGOV_DF_3,1360751,Presidência da República,26,DIRETA,SIMP/SECOM/PR,,CANCELADA,Reunião,,,,7.76,2024-07-10 17:10:52.870,2024-07-10 17:17:08.847,,2024-07-10 17:10:52.870,2024-07-10 17:17:08.847,2024-07-10 17:17:08.847,CASA DA MULHER BRASILEIRA,ASA NORTE,BRASILIA,DF,"Palacio do Planalto, Brasilia, Distrito Federal",,-15.78733,-47.87122,-15.79905,-47.86077,,,,,,,,,,,,
TAXIGOV_DF_3,1360750,Ministério do Desenvolvimento Agrário e Agricultura Familiar,308794,DIRETA,GAB / SFTS / MDA,,CANCELADA,Reunião,,,,7.76,2024-07-10 17:10:42.020,2024-07-10 17:23:14.373,,2024-07-10 17:10:42.020,2024-07-10 17:23:14.373,2024-07-10 17:23:14.373,INSTITUTO NACIONAL DE COLONIZACAO E REFORMA AGRARIA - SEDE,ASA NORTE,BRASILIA,DF,"Ministerio da Economia - Bloco C, Esplanada dos Ministerios, Zona Civico-Administrativa, Brasilia, DF",,-15.79089,-47.87956,-15.79906,-47.87167,,,,,,,,,,,,
TAXIGOV_DF_3,1360746,Ministério da Saúde,304,DIRETA,DATHI,,CONCLUÍDA,Reunião,,5.94,5.114,23.05,2024-07-10 17:10:06.153,2024-07-10 17:11:09.653,2024-07-10 17:17:38.697,2024-07-10 17:17:46.933,2024-07-10 17:33:11.077,,FUNDACAO OSWALDO CRUZ - DISTRITO FEDERAL,,BRASILIA,DF,"PO 700, SRTVN, Asa Norte, Brasilia, DF","PO 700, SRTVN, Asa Norte, Brasilia, DF",-15.77097,-47.87113,-15.78456,-47.88949,-15.78407,-47.89041,,,,,2023,2023,,SGS-**24,,
TAXIGOV_DF_3,1360744,Ministério da Saúde,304,DIRETA,DEPPROS,,CONCLUÍDA,Reunião,,3.37,3.179,13.08,2024-07-10 17:09:21.713,2024-07-10 17:09:35.870,2024-07-10 17:11:10.573,2024-07-10 17:14:25.713,2024-07-10 17:25:33.047,,BRASIL 21 CONVENTION AFFILIATED BY MELIA,ASA SUL,BRASILIA,DF,"Anexo I (Palacio do Planalto   Presidencia da Republica), Praca dos Tres Poderes, Brasilia, Distrito Federal","VIA S. DOIS OESTE, ASA SUL, BRASILIA - DF, 70070-600, BRASIL",-15.79282,-47.89361,-15.79955,-47.85925,-15.8016,-47.86915,,,,,,,,PBP-**75,,
TAXIGOV_DF_3,1360740,Ministério da Saúde,304,DIRETA,DATHI,,CANCELADA,Reunião,,,,,2024-07-10 17:06:30.900,2024-07-10 17:08:35.233,,2024-07-10 17:08:35.233,2024-07-10 17:10:02.743,2024-07-10 17:10:02.743,FUNDACAO OSWALDO CRUZ - DISTRITO FEDERAL,,BRASILIA,DF,"PO 700, SRTVN, Asa Norte, Brasilia, DF",,-15.77097,-47.87113,-15.78456,-47.88949,,,,,,,2023,2023,,SGV-**21,,
TAXIGOV_DF_3,1360734,Ministério da Educação,244,DIRETA,AP/GM/MEC,,CONCLUÍDA,Reunião,,1.27,1.877,7.76,2024-07-10 17:04:20.320,2024-07-10 17:05:03.633,2024-07-10 17:09:46.957,2024-07-10 17:11:03.097,2024-07-10 17:17:26.293,,PCA. DOS TRES PODERES,ASA SUL,BRASILIA,DF,"Ministerio da Educacao, Brasilia, DF","VIA N. UM LESTE, EIXO MONUMENTAL, BRASILIA - DF, BRASIL",-15.80115,-47.86607,-15.79501,-47.87305,-15.79771,-47.86699,,,,,2022,23,,SGP-**61,,
TAXIGOV_DF_3,1360731,Ministério do Desenvolvimento Agrário e Agricultura Familiar,308794,DIRETA,CGLOG / SPOA / SE / MDA,,CONCLUÍDA,Reunião,,2.28,2.492,8.85,2024-07-10 17:00:30.023,2024-07-10 17:04:59.780,2024-07-10 17:09:46.287,2024-07-10 17:10:32.270,2024-07-10 17:17:49.857,,INSTITUTO NACIONAL DE COLONIZACAO E REFORMA AGRARIA - SEDE,ASA NORTE,BRASILIA,DF,"Ministerio do Desenvolvimento Agrario e Agricultura Familiar (MDA), Brasilia, DF","Ministerio do Desenvolvimento Agrario e Agricultura Familiar (MDA), Brasilia, DF",-15.79089,-47.87956,-15.79937,-47.87084,-15.79955,-47.87066,,,,,2017,2017,,PAQ-**53,,
TAXIGOV_DF_3,1360724,Presidência da República,26,DIRETA,SNJ/SG/PR,,CANCELADA,Reunião,,,,7.76,2024-07-10 16:58:09.090,2024-07-10 17:05:13.613,,2024-07-10 16:58:09.090,2024-07-10 17:05:13.613,2024-07-10 17:05:13.613,BIBLIOTECA DO SENADO FEDERAL,,BRASILIA,DF,"Arco do Anexo do Palacio do Planalto, Via N1, Brasilia, Distrito Federal",,-15.79775,-47.86342,-15.79967,-47.85931,,,,,,,,,,,,
TAXIGOV_DF_3,1360717,Ministério da Educação,244,DIRETA,GPIS/DAF/SETEC,,CONCLUÍDA,Reunião,,2.56,2.648,9.93,2024-07-10 16:53:38.887,2024-07-10 16:53:47.700,2024-07-10 16:57:47.227,2024-07-10 17:08:33.750,2024-07-10 17:13:34.423,,CAMARA DOS DEPUTADOS ANEXO III,PA 1,BRASILIA,DF,"Ministerio da Educacao, Brasilia, Distrito Federal","Ministerio da Educacao, Brasilia, Distrito Federal",-15.80118,-47.86618,-15.79501,-47.87305,-15.79504,-47.87282,,,,,2024,2024,,SSK-**66,,
TAXIGOV_DF_3,1360716,Ministério do Desenvolvimento Agrário e Agricultura Familiar,308794,DIRETA,DEPROT / SETEQ / MDA,,CONCLUÍDA,Reunião,,2.64,2.679,10.24,2024-07-10 16:53:36.943,2024-07-10 16:53:47.370,2024-07-10 16:55:46.577,2024-07-10 16:56:25.737,2024-07-10 17:02:37.190,,BANCA PALACIO DO DESENVOLVIMENTO,ASA NORTE,BRASILIA,DF,"Anexo I (Palacio do Planalto   Presidencia da Republica), Praca dos Tres Poderes, Brasilia, DF","Anexo I (Palacio do Planalto   Presidencia da Republica), Praca dos Tres Poderes, Brasilia, DF",-15.79111,-47.87962,-15.79955,-47.85925,-15.79989,-47.85941,,,,,2022,23,,SGP-**61,,
TAXIGOV_DF_3,1360713,Ministério da Saúde,304,DIRETA,DECIT,,CONCLUÍDA,Reunião,,4.74,2.661,18.39,2024-07-10 16:50:36.063,2024-07-10 16:50:43.633,2024-07-10 16:51:27.670,2024-07-10 16:52:38.210,2024-07-10 17:04:22.470,,MINISTERIO DA SAUDE - BLOCO G,,BRASILIA,DF,"PO700 - Ministerio da Saude, SRTVN, 701, Asa Norte, Brasilia, DF","PO700 - Ministerio da Saude, SRTVN, 701, Asa Norte, Brasilia, DF",-15.80024,-47.86838,-15.78407,-47.89045,-15.79124,-47.88657,5.0,,,,2024,2024,,SSH-**32,,
TAXIGOV_DF_ENTIDADES,1360627,Instituto de Pesquisa Econômica Aplicada,7,INDIRETA,BIBLI/IPEA,,CONCLUÍDA,Reunião,,12.8,10.199,47.1,2024-07-10 16:48:55.497,2024-07-10 16:49:06.593,2024-07-10 17:00:11.537,2024-07-10 17:00:59.507,2024-07-10 17:21:25.977,,"SIA CANTEIRO CENTRAL VIA IA 2 TRECHO 2 TCHECA 2, 1220",,BRASÍLIA,DF,"VIA W4 SUL, 702 - ASA SUL - BRASÍLIA / DF","VIA W4 SUL, 702 - ASA SUL - BRASÍLIA / DF",-15.80326,-47.96253,-15.79976,-47.89655,-15.79942,-47.89691,,,,COROLLA,2023,2024,PRETA,SSF-**67,,
TAXIGOV_DF_3,1360710,Ministério do Desenvolvimento Agrário e Agricultura Familiar,308794,DIRETA,SETEQ / MDA,,CONCLUÍDA,Reunião,,3.01,2.602,11.68,2024-07-10 16:47:05.177,2024-07-10 16:49:42.977,2024-07-10 16:53:07.670,2024-07-10 16:53:27.297,2024-07-10 17:01:56.377,,"MINISTERIO DO DESENVOLVIMENTO AGRARIO (MDA), SBN QD. 1 BL. D",ASA NORTE,BRASILIA,DF,"Palacio do Planalto, Brasilia, Distrito Federal","Palacio do Planalto, Brasilia, Distrito Federal",-15.79117,-47.87926,-15.79905,-47.86077,-15.79931,-47.86175,,,,,2023,2024,,SGS-**04,,
TAXIGOV_DF_3,1360709,Ministério das Relações Exteriores,263,DIRETA,SPTC/SG/MRE,,CONCLUÍDA,Reunião,,21.38,18.347,82.95,2024-07-10 16:46:53.227,2024-07-10 16:47:00.027,2024-07-10 16:47:28.007,2024-07-10 17:11:33.023,2024-07-10 17:40:15.030,,"PARK WAY QD 01,",PA 19,BRASILIA,DF,"ANEXO II DO ITAMARATY(BOLO DE NOIVA), - ASA SUL","ANEXO II DO ITAMARATY(BOLO DE NOIVA), - ASA SUL",-15.88833,-47.97313,-15.80173,-47.86795,-15.80197,-47.86763,,,,,2022,2023,,SGO-**30,,
TAXIGOV_DF_ENTIDADES,1360708,Instituto do Patrimônio Histórico e Artístico Nacional,2045,INDIRETA,CNA/IPHAN,,CONCLUÍDA,Reunião,,4.81,4.01,17.8,2024-07-10 16:45:49.630,2024-07-10 16:45:59.500,2024-07-10 16:48:48.280,2024-07-10 16:49:04.020,2024-07-10 16:59:36.260,,EDIFICIO CNC III,ASA NORTE,BRASILIA,DF,"SEPS 702/902, Brasilia, Brasilia, DF","SEPS 702/902, Brasilia, Brasilia, DF",-15.78875,-47.87842,-15.79921,-47.89705,-15.79934,-47.89704,,,,VIRTUS,2019,2019,PRETA,PBP-**59,,
TAXIGOV_DF_ENTIDADES,1360698,Fundação Universidade de Brasília,470,INDIRETA,DIVGP,16205,CONCLUÍDA,Reunião,,5.8,6.221,22.27,2024-07-10 16:42:54.057,2024-07-10 16:44:08.030,2024-07-10 16:50:59.433,2024-07-10 16:51:12.697,2024-07-10 17:00:27.857,,"SEPN, 513",ASA NORTE,BRASILIA,DF,"HUB Hospital Universitario de Brasilia - Pediatria, Asa Norte, Brasilia, DF","SGAN 604, ASA NORTE, BRASILIA - DF, 70830-150, BRASIL",-15.7495,-47.89527,-15.77182,-47.87393,-15.77274,-47.87454,,,,KA,2019,2020,BRANCA,QUB-**43,,
TAXIGOV_DF_3,1360695,Ministério da Saúde,304,DIRETA,DECIT,,CANCELADA,Reunião,,,,,2024-07-10 16:41:51.747,2024-07-10 16:44:49.820,,2024-07-10 16:44:49.820,2024-07-10 16:44:57.260,2024-07-10 16:44:57.260,MINISTERIO DA SAUDE - BLOCO G,,BRASILIA,DF,"PO700 - Ministerio da Saude, SRTVN, 701, Asa Norte, Brasilia, DF",,-15.80024,-47.86838,-15.78407,-47.89045,,,,,,,2024,2024,,SSH-**32,,
TAXIGOV_DF_3,1360691,Presidência da República,26,DIRETA,SPP/SECOM/PR,,CONCLUÍDA,Reunião,,0.71,0.773,7.76,2024-07-10 16:39:41.973,2024-07-10 16:39:51.350,2024-07-10 16:42:04.453,2024-07-10 16:45:22.817,2024-07-10 16:47:03.030,,"VIA N. DOIS LESTE,",BRASILIA,BRASILIA,DF,"Anexo, Via N2, Brasilia, Distrito Federal","Anexo, Via N2, Brasilia, Distrito Federal",-15.79806,-47.86116,-15.79499,-47.86669,-15.79539,-47.86704,,,,,2023,2024,,SGV-**61,,
TAXIGOV_DF_3,1360688,Ministério de Minas e Energia,2852,DIRETA,GM/MME,,CONCLUÍDA,Reunião,,20.13,19.906,78.1,2024-07-10 16:38:30.410,2024-07-10 16:38:39.590,2024-07-10 16:42:14.807,2024-07-10 16:42:47.867,2024-07-10 17:08:22.907,,"MINISTERIO DE MINAS E ENERGIA, ESPLANADA DOS MINISTERIOS, BL. U",ZONA CIVICOADMINISTRATIVA,BRASILIA,DF,"Paranoa Parque Quadra 366, Estrada Parque Paranoa, Brasilia, Distrito Federal","Paranoa Parque Quadra 366, Estrada Parque Paranoa, Brasilia, Distrito Federal",-15.79661,-47.86804,-15.76541,-47.79333,-15.76496,-47.79265,,,,,2022,2023,,SGO-**86,,
TAXIGOV_DF_ENTIDADES,1360684,Instituto Brasileiro de Museus,100584,INDIRETA,DDFEM/IBRAM,,CONCLUÍDA,Reunião,,2.27,2.54,8.4,2024-07-10 16:37:24.740,2024-07-10 16:39:43.617,2024-07-10 16:40:24.380,2024-07-10 16:41:14.477,2024-07-10 16:49:57.057,,"EIXO MONUMENTAL, S/N",ZONA CIVICO-ADMINISTRATIVA,BRASILIA,DF,"Edificio CNC III, Asa Norte, Brasilia, DF","Edificio CNC III, Asa Norte, Brasilia, DF",-15.79876,-47.87259,-15.78875,-47.87842,-15.78865,-47.87857,,,,ONIX,2022,23,PRATA,SGP-**61,,
TAXIGOV_DF_3,1360680,Ministério da Saúde,304,DIRETA,DATASUS,,CONCLUÍDA,Reunião,,34.11,32.914,132.35,2024-07-10 16:36:12.857,2024-07-10 16:36:19.300,2024-07-10 16:36:47.503,2024-07-10 16:37:28.633,2024-07-10 17:14:18.537,,"CASAI,",PARANOA,BRASILIA,DF,"PO 700, - ASA NORTE","PO 700, - ASA NORTE",-15.743,-47.71359,-15.78332,-47.89032,-15.78425,-47.89047,,,,,2023,2024,,SGW-**21,,
TAXIGOV_DF_ENTIDADES,1360676,Agência Nacional de Telecomunicações,25064,INDIRETA,SOR,,CONCLUÍDA,Reunião,,3.26,3.238,12.0,2024-07-10 16:32:43.107,2024-07-10 16:34:04.897,2024-07-10 16:40:52.947,2024-07-10 16:41:35.610,2024-07-10 16:51:31.497,,"SAUS QD. 6, BL. C, E, F E H",BRASILIA,BRASILIA,DF,"Ministerio da Justica - Anexo I, Brasilia, DF","Ministerio da Justica - Anexo I, Brasilia, DF",-15.80553,-47.88278,-15.79663,-47.86655,-15.79717,-47.8671,,,,VIRTUS,2024,2024,BRANCA,REL-**24,,
TAXIGOV_DF_3,1360665,Ministério da Educação,244,DIRETA,SECADI,,CONCLUÍDA,Reunião,,0.34,0.331,7.76,2024-07-10 16:26:02.537,2024-07-10 16:26:12.417,2024-07-10 16:27:11.260,2024-07-10 16:32:08.507,2024-07-10 16:35:54.970,,"MINISTERIO DO MEIO AMBIENTE, EIXO MONUMENTAL",,BRASILIA,DF,"Ministerio da Educacao, Brasilia, Distrito Federal","EM, ASA NORTE, BRASILIA - DF, BRASIL",-15.79859,-47.87243,-15.79501,-47.87305,-15.7963,-47.87137,1.0,,,,2022,23,,SGP-**61,,
TAXIGOV_DF_3,1360664,Presidência da República,26,DIRETA,CGAA/GM/CC/PR,,CONCLUÍDA,Reunião,,4.24,4.287,16.45,2024-07-10 16:24:04.123,2024-07-10 16:26:16.220,2024-07-10 16:30:31.190,2024-07-10 16:31:07.467,2024-07-10 16:42:25.900,,CENTRO EMPRESARIAL CNC,ASA NORTE,BRASILIA,DF,"Palacio do Planalto, Pca. dos Tres Poderes, ZONA CIVICOADMINISTRATIVA, BRASILIA, DF","VIA N. UM LESTE, EIXO MONUMENTAL, BRASILIA - DF, BRASIL",-15.78591,-47.87546,-15.79941,-47.86088,-15.79918,-47.86232,,,,,2019,2019,,PBP-**59,,
TAXIGOV_DF_3,1360661,Ministério do Desenvolvimento Agrário e Agricultura Familiar,308794,DIRETA,CGLOG / SPOA / SE / MDA,,CONCLUÍDA,Reunião,,12.24,11.48,47.49,2024-07-10 16:21:36.937,2024-07-10 16:21:53.940,2024-07-10 16:24:27.370,2024-07-10 16:25:02.080,2024-07-10 16:43:43.617,,CONAB CDRH - CENTRO DE DESENVOLVIMENTO DE RECURSOS HUMANOS,ZONA INDUSTRIAL GUARA,BRASILIA,DF,"Ministerio da Agricultura e Pecuaria (Mapa), Esplanada dos Ministerios, Bl. D, Brasilia, Brasilia, DF","Ministerio da Agricultura e Pecuaria (Mapa), Esplanada dos Ministerios, Bl. D, Brasilia, Brasilia, DF",-15.80225,-47.95008,-15.79961,-47.87095,-15.79954,-47.87078,,,,,2017,18,,PBB-**78,,
TAXIGOV_DF_3,1360660,Ministério da Saúde,304,DIRETA,GAB/SVS,,CONCLUÍDA,Reunião,,4.36,4.618,16.92,2024-07-10 16:21:05.800,2024-07-10 16:21:21.943,2024-07-10 16:26:45.010,2024-07-10 16:27:21.350,2024-07-10 16:36:46.273,,PALACIO DO PLANALTO,,BRASILIA,DF,"PO700 - Ministerio da Saude, SRTVN, 701, Asa Norte, Brasilia, DF","PO700 - Ministerio da Saude, SRTVN, 701, Asa Norte, Brasilia, DF",-15.79905,-47.86077,-15.78407,-47.89045,-15.78422,-47.89044,,,,,2018,2018,,PBJ-**77,,
TAXIGOV_DF_3,1360657,Ministério da Saúde,304,DIRETA,GAB/SGTES,,CONCLUÍDA,Reunião,,4.14,4.119,16.06,2024-07-10 16:20:07.137,2024-07-10 16:20:17.633,2024-07-10 16:23:17.003,2024-07-10 16:24:46.983,2024-07-10 16:33:55.383,,MINISTERIO DA SAUDE - BLOCO G,,BRASILIA,DF,"PO 700, SRTVN, Asa Norte, Brasilia, DF","PO 700, SRTVN, Asa Norte, Brasilia, DF",-15.80024,-47.86838,-15.78456,-47.88949,-15.78406,-47.89044,,,,,2021,2022,,RET-**80,,
TAXIGOV_DF_3,1360653,Ministério da Saúde,304,DIRETA,DGIP/SE,,CONCLUÍDA,Reunião,,4.2,4.229,16.3,2024-07-10 16:18:05.803,2024-07-10 16:18:30.337,2024-07-10 16:23:40.637,2024-07-10 16:24:23.917,2024-07-10 16:32:04.260,,PO700 - MINISTERIO DA SAUDE,ASA NORTE,BRASILIA,DF,"Ministerio da Saude - Bloco G, Brasilia, Distrito Federal","Ministerio da Saude - Bloco G, Brasilia, Distrito Federal",-15.78406,-47.89043,-15.80024,-47.86838,-15.80039,-47.86818,,,,,2022,2023,,SGO-**68,,
TAXIGOV_DF_3,1360649,Ministério da Saúde,304,DIRETA,DECIT,,CANCELADA,Reunião,,,,7.76,2024-07-10 16:17:43.883,2024-07-10 16:25:48.053,,2024-07-10 16:25:48.053,2024-07-10 16:26:24.223,2024-07-10 16:26:24.223,SCES TRECHO 2,ASA SUL,BRASILIA,DF,"PO 700, SRTVN, Asa Norte, Brasilia, DF",,-15.81568,-47.84475,-15.78456,-47.88949,,,,,,,,,,SGS-**56,,
TAXIGOV_DF_ENTIDADES,1360648,Fundo Nacional de Desenvolvimento da Educação,253,INDIRETA,COGID/FNDE,,CONCLUÍDA,Reunião,,8.74,9.584,32.34,2024-07-10 16:17:32.767,2024-07-10 16:17:45.757,2024-07-10 16:26:02.363,2024-07-10 16:26:08.747,2024-07-10 16:41:14.027,,SAAN QUADRA 1,ZONA INDUSTRIAL,BRASILIA,DF,"Fundo Nacional de Desenvolvimento da Educacao, Sbs, 12, Asa Sul, Brasilia, DF","Fundo Nacional de Desenvolvimento da Educacao, Sbs, 12, Asa Sul, Brasilia, DF",-15.7674,-47.93933,-15.80089,-47.88341,-15.80131,-47.88342,5.0,,,VIRTUS,2018,2019,PRATA,PBN-**94,,
TAXIGOV_DF_3,1360644,Presidência da República,26,DIRETA,SNJ/SG/PR,,CONCLUÍDA,Reunião,,0.75,0.809,7.76,2024-07-10 16:16:18.270,2024-07-10 16:16:32.933,2024-07-10 16:22:30.767,2024-07-10 16:22:39.860,2024-07-10 16:24:50.047,,"ARCO DO ANEXO DO PALACIO DO PLANALTO, VIA N1",ASA SUL,BRASILIA,DF,"Biblioteca do Senado Federal, Brasilia, Distrito Federal","Biblioteca do Senado Federal, Brasilia, Distrito Federal",-15.79967,-47.85931,-15.79775,-47.86342,-15.79745,-47.86347,,,,,2023,2024,,SGV-**61,,
TAXIGOV_DF_3,1360642,Ministério do Desenvolvimento Agrário e Agricultura Familiar,308794,DIRETA,DDTS / SFTS /MDA,,CONCLUÍDA,Reunião,,2.32,3.07,9.0,2024-07-10 16:15:44.603,2024-07-10 16:18:15.640,2024-07-10 16:19:18.583,2024-07-10 16:20:26.683,2024-07-10 16:29:01.533,,SBN QD. 1 BL. D,BRASILIA,BRASILIA,DF,"Camara dos Deputados, Brasilia, DF","Camara dos Deputados, Brasilia, DF",-15.79104,-47.87938,-15.80006,-47.86436,-15.79983,-47.86434,,,,,2023,2023,,SGT-**86,,
TAXIGOV_DF_3,1360641,Ministério do Desenvolvimento Agrário e Agricultura Familiar,308794,DIRETA,CGLOG / SPOA / SE / MDA,,CONCLUÍDA,Reunião,,2.25,2.32,8.73,2024-07-10 16:15:10.930,2024-07-10 16:15:25.910,2024-07-10 16:17:20.043,2024-07-10 16:18:03.367,2024-07-10 16:25:00.690,,SBN QD. 1 BL. D,BRASILIA,BRASILIA,DF,"Ministerio da Economia - Bloco C, Esplanada dos Ministerios, Zona Civico-Administrativa, Brasilia, DF","Ministerio da Economia - Bloco C, Esplanada dos Ministerios, Zona Civico-Administrativa, Brasilia, DF",-15.79096,-47.8794,-15.79906,-47.87167,-15.79902,-47.8714,,,,,2022,2023,,SGN-**06,,
TAXIGOV_DF_3,1360639,Ministério da Saúde,304,DIRETA,GM/MS,,CONCLUÍDA,Transporte de documentos / materiais,,5.09,4.132,19.75,2024-07-10 16:14:39.413,2024-07-10 16:14:47.300,2024-07-10 16:14:57.583,2024-07-10 16:15:36.850,2024-07-10 16:21:25.033,,"PO 700,",ASA NORTE,BRASILIA,DF,"MINISTERIO DA SAUDE BL G, - PA 1","MINISTERIO DA SAUDE BL G, - PA 1",-15.78332,-47.89032,-15.80001,-47.86838,-15.80032,-47.86822,,,,,2024,2024,,SSH-**32,,
TAXIGOV_DF_ENTIDADES,1360638,Agência Nacional de Aviação Civil,86144,INDIRETA,SFI/ANAC,,CONCLUÍDA,Reunião,,3.76,3.916,13.91,2024-07-10 16:14:10.017,2024-07-10 16:16:19.340,2024-07-10 16:20:09.180,2024-07-10 16:20:27.290,2024-07-10 16:32:21.883,,"MIN. DA DEFESA, ANX. I, BL. O",ASA NORTE,BRASILIA,DF,"Agencia Nacional de Aviacao Civil, Asa Sul, Brasilia, DF","Agencia Nacional de Aviacao Civil, Asa Sul, Brasilia, DF",-15.79428,-47.87035,-15.79456,-47.89348,-15.7953,-47.89406,,,,ONIX,2024,2025,PRATA,SSL-**37,,
TAXIGOV_DF_3,1360637,Ministério da Saúde,304,DIRETA,DECIT,,CONCLUÍDA,Reunião,,9.56,8.279,37.09,2024-07-10 16:13:47.820,2024-07-10 16:15:15.067,2024-07-10 16:23:00.993,2024-07-10 16:23:51.707,2024-07-10 16:37:27.827,,"CENTRO INTERNACIONAL DE CONVENCOES DO BRASIL, SCES TRECHO 2",ASA SUL,BRASILIA,DF,"PO 700, SRTVN Quadra 03, ASA NORTE, BRASILIA, DF","PO 700, SRTVN Quadra 03, ASA NORTE, BRASILIA, DF",-15.81569,-47.84475,-15.78354,-47.8903,-15.78416,-47.89043,,,,,2017,2017,,PAQ-**53,,
TAXIGOV_DF_3,1360634,Ministério das Relações Exteriores,263,DIRETA,SGAD/SG/MRE,,CONCLUÍDA,Serviço externo / técnico,,6.13,6.441,23.78,2024-07-10 16:12:46.453,2024-07-10 16:12:54.217,2024-07-10 16:13:56.483,2024-07-10 16:15:14.980,2024-07-10 16:24:09.567,,"SQS 410 BLOCO F,",ASA SUL,BRASILIA,DF,"ANEXO II DO ITAMARATY(BOLO DE NOIVA), - ASA SUL","ANEXO II DO ITAMARATY(BOLO DE NOIVA), - ASA SUL",-15.82632,-47.90349,-15.80173,-47.86795,-15.802,-47.86779,,,,,,,,SGS-**56,,
TAXIGOV_DF_3,1360629,Ministério da Educação,244,DIRETA,SECADI,,CONCLUÍDA,Reunião,,11.32,11.366,43.92,2024-07-10 16:10:29.913,2024-07-10 16:10:53.277,2024-07-10 16:13:56.397,2024-07-10 16:15:42.240,2024-07-10 16:32:32.600,,ESCOLA NACIONAL DE ADMINISTRACAO PUBLICA - ENAP,ASA SUL,BRASILIA,DF,"Anexo I (Palacio do Planalto   Presidencia da Republica), Praca dos Tres Poderes, Brasilia, Distrito Federal","Anexo I (Palacio do Planalto   Presidencia da Republica), Praca dos Tres Poderes, Brasilia, Distrito Federal",-15.83033,-47.93057,-15.79955,-47.85925,-15.79987,-47.85843,,,,,2022,2023,,REV-**05,,
TAXIGOV_DF_ENTIDADES,1360625,Fundação Universidade de Brasília,470,INDIRETA,DGP/DSQVT,,CONCLUÍDA,Reunião,,33.34,26.036,122.69,2024-07-10 16:07:07.733,2024-07-10 16:07:30.573,2024-07-10 16:07:32.537,2024-07-10 16:11:48.723,2024-07-10 16:41:49.783,,FAZENDA AGUA LIMPA - UNB,NUCLEO RURAL VARGEM BONITA NUCLEO BANDEIRANTE,BRASILIA,DF,"Estacionamento Universitario - ICC Sul, UNB Area 1, 40, Brasilia, DF","CAMPUS DARCY RIBEIRO UNB, ASA NORTE, BRASILIA - DF, 70910-900, BRASIL",-15.94063,-47.94067,-15.7661,-47.86828,-15.76496,-47.8688,,,,COROLLA CROSS,2023,2024,PRATA,SGS-**04,,
TAXIGOV_DF_3,1360624,Ministério da Defesa,41066,DIRETA,SEORI/MD,,CONCLUÍDA,Outros,,25.12,28.75,97.47,2024-07-10 16:07:06.403,2024-07-10 16:07:13.980,2024-07-10 16:07:27.877,2024-07-10 16:07:37.433,2024-07-10 16:42:43.110,,"TAGUATINGA NORTE, CLUBE ODONTOLOGICO ASSISTENCIA TECNICA",PA 36,BRASILIA,DF,"MINISTERIO DA DEFESA BLOCO Q, - ESPLANADA","EM BLOCO Q, ASA NORTE, BRASILIA - DF, BRASIL",-15.84069,-48.10105,-15.79576,-47.8706,-15.79633,-47.8687,,,,,2018,2018,,PBM-**57,,
TAXIGOV_DF_3,1360622,Presidência da República,26,DIRETA,SNJ/SG/PR,,CANCELADA,Reunião,,,,7.76,2024-07-10 16:07:00.633,2024-07-10 16:07:22.940,2024-07-10 16:13:58.840,2024-07-10 16:07:22.940,2024-07-10 16:16:22.033,2024-07-10 16:16:22.033,"ARCO DO ANEXO DO PALACIO DO PLANALTO, VIA N1",ASA SUL,BRASILIA,DF,"Biblioteca do Senado Federal, Brasilia, Distrito Federal",,-15.79967,-47.85931,-15.79775,-47.86342,,,,,,,2022,2023,,SGO-**98,,
TAXIGOV_DF_3,1360621,Ministério da Saúde,304,DIRETA,GAB/SVS,,CONCLUÍDA,Reunião,,3.33,4.133,12.92,2024-07-10 16:06:40.333,2024-07-10 16:06:49.150,2024-07-10 16:08:51.623,2024-07-10 16:11:54.737,2024-07-10 16:21:30.823,,MINISTERIO DA SAUDE - BLOCO G,,BRASILIA,DF,"Edificio PO 700, Via W 5 Norte, Asa Norte, Brasilia, Distrito Federal","Edificio PO 700, Via W 5 Norte, Asa Norte, Brasilia, Distrito Federal",-15.80024,-47.86838,-15.78364,-47.89034,-15.78419,-47.89041,,,,,2024,2024,,SSJ-**17,,
TAXIGOV_DF_3,1360619,Ministério da Justiça e Segurança Pública,235881,DIRETA,SE/MJSP,,CONCLUÍDA,Reunião,,3.98,4.125,15.44,2024-07-10 16:06:11.040,2024-07-10 16:06:17.090,2024-07-10 16:07:26.277,2024-07-10 16:07:52.577,2024-07-10 16:16:11.257,,"SCN POLICIA FEDERAL,",ASA NORTE,BRASILIA,DF,"ANEXO MINISTERIO DA JUSTICA, - PA 1","ANEXO MINISTERIO DA JUSTICA, - PA 1",-15.78747,-47.88658,-15.79642,-47.86603,-15.79673,-47.86583,,,,,2024,2024,,SSK-**66,,
TAXIGOV_DF_3,1360617,Ministério do Turismo,72084,DIRETA,GM,,CONCLUÍDA,Reunião,,10.89,11.367,42.25,2024-07-10 16:04:51.353,2024-07-10 16:06:02.557,2024-07-10 16:14:30.820,2024-07-10 16:16:05.007,2024-07-10 16:30:38.100,,ESCOLA NACIONAL DE ADMINISTRACAO PUBLICA - ENAP,ASA SUL,BRASILIA,DF,"Anexo I (Palacio do Planalto   Presidencia da Republica), Praca dos Tres Poderes, Brasilia, Distrito Federal","Anexo I (Palacio do Planalto   Presidencia da Republica), Praca dos Tres Poderes, Brasilia, Distrito Federal",-15.83033,-47.93057,-15.79955,-47.85925,-15.79988,-47.85844,,,,,,,,PBN-**16,,
TAXIGOV_DF_3,1360611,Presidência da República,26,DIRETA,SECOI/SECOM/PR,,CONCLUÍDA,Reunião,,6.75,5.593,26.19,2024-07-10 16:02:31.643,2024-07-10 16:02:41.360,2024-07-10 16:10:36.217,2024-07-10 16:11:39.103,2024-07-10 16:26:24.463,,EM,BRASILIA,BRASILIA,DF,"Ministerio do Desenvolvimento Regional - Ed. Celso Furtado, Asa Norte, Brasilia, DF","VIA W. QUATRO NORTE, ASA NORTE, BRASILIA - DF, BRASIL",-15.79854,-47.86095,-15.77022,-47.89314,-15.76933,-47.89233,,,,,2018,2019,,PBS-**80,,
TAXIGOV_DF_ENTIDADES,1360604,Banco Central do Brasil,89,INDIRETA,DENOR/BACEN,,CONCLUÍDA,Reunião,,2.79,2.944,10.43,2024-07-10 15:59:30.333,2024-07-10 16:00:12.720,2024-07-10 16:05:09.683,2024-07-10 16:11:58.163,2024-07-10 16:19:52.823,,0,SET MEDICO HOSP,BRASÍLIA,DF,CÂMARA DOS DEPUTADOS ANEXO IV - ANEXO IV - BRASÍLIA / DF,CÂMARA DOS DEPUTADOS ANEXO IV - ANEXO IV - BRASÍLIA / DF,-15.80322,-47.88516,-15.80264,-47.86511,-15.8016,-47.8649,,,,SPIN ACT,2022,2023,PRATA,SGR-**00,,
TAXIGOV_DF_3,1360602,Ministério do Desenvolvimento Agrário e Agricultura Familiar,308794,DIRETA,DEPROT / SETEQ / MDA,,CONCLUÍDA,Reunião,,8.97,9.067,34.8,2024-07-10 15:58:55.677,2024-07-10 15:59:36.427,2024-07-10 16:06:20.050,2024-07-10 16:06:37.387,2024-07-10 16:18:06.477,,ESCOLA NACIONAL DE ADMINISTRACAO PUBLICA - ENAP,ASA SUL,BRASILIA,DF,"Banca Palacio do Desenvolvimento, Asa Norte, Brasilia, DF","Banca Palacio do Desenvolvimento, Asa Norte, Brasilia, DF",-15.83033,-47.93057,-15.79111,-47.87962,-15.79118,-47.87956,,,,,2023,2023,,SGT-**86,,
TAXIGOV_DF_3,1360600,Ministério da Saúde,304,DIRETA,CGENG/SAA/SE/MS,,CONCLUÍDA,Reunião,,2.56,2.666,9.93,2024-07-10 15:58:29.903,2024-07-10 16:00:01.930,2024-07-10 16:03:42.253,2024-07-10 16:04:47.617,2024-07-10 16:10:26.620,,"MIN. DA DEFESA, ANX. I, BL. O",BRASILIA,BRASILIA,DF,"Ministerio da Saude - Anexo B, Esplanada dos Ministerios, Brasilia, Brasilia, DF","Ministerio da Saude - Anexo B, Esplanada dos Ministerios, Brasilia, Brasilia, DF",-15.79428,-47.87035,-15.802,-47.86917,-15.80144,-47.86921,,,,,2021,2022,,RET-**80,,
TAXIGOV_DF_3,1360597,Advocacia-Geral da União,46,DIRETA,DPOFC/SGA/AGU,,CONCLUÍDA,Transporte de documentos / materiais,,5.82,6.378,22.58,2024-07-10 15:56:58.803,2024-07-10 15:57:12.947,2024-07-10 16:06:00.273,2024-07-10 16:10:11.227,2024-07-10 16:24:05.530,,SIG QUADRA 6,CRUZEIRO,BRASILIA,DF,"Ministerio da Economia - Bloco K, Brasilia, DF","Ministerio da Economia - Bloco K, Brasilia, DF",-15.79254,-47.91306,-15.794740000000001,-47.87379,-15.79486,-47.87372,,,,,2023,2023,,SGR-**14,,
TAXIGOV_DF_ENTIDADES,1360596,Fundação Oswaldo Cruz,315,INDIRETA,NEVS/FIOCRUZ-BSB,,CONCLUÍDA,Reunião,,23.08,23.415,85.4,2024-07-10 15:56:15.960,2024-07-10 15:56:26.640,2024-07-10 16:01:24.507,2024-07-10 16:02:26.157,2024-07-10 16:29:36.817,,Q 12,SOBRADINHO,BRASILIA,DF,"Hospital Universitario de Brasilia - Emergencia, Asa Norte, Brasilia, DF","Hospital Universitario de Brasilia - Emergencia, Asa Norte, Brasilia, DF",-15.64827,-47.79261,-15.77171,-47.87302,-15.77175,-47.87295,,,,SIENA,2019,2020,BRANCA,PBY-**80,,
TAXIGOV_DF_3,1360587,Ministério da Saúde,304,DIRETA,DEPPROS,,CONCLUÍDA,Reunião,,3.76,3.283,14.59,2024-07-10 15:52:50.820,2024-07-10 15:53:09.460,2024-07-10 15:56:16.560,2024-07-10 15:56:37.807,2024-07-10 16:05:08.460,,"ANEXO DO MINISTERIO DA SAUDE, EIXO MONUMENTAL",G,BRASILIA,DF,"Brasil 21 Convention Affiliated by Melia, Asa Sul, Brasilia, Distrito Federal","Brasil 21 Convention Affiliated by Melia, Asa Sul, Brasilia, Distrito Federal",-15.80181,-47.86856,-15.79282,-47.89361,-15.79302,-47.89468,,,,,2023,2023,,SGW-**77,,
TAXIGOV_DF_3,1360583,Ministério da Saúde,304,DIRETA,GM/MS,,CONCLUÍDA,Transporte de documentos / materiais,,4.74,2.585,18.39,2024-07-10 15:51:39.393,2024-07-10 15:51:50.270,2024-07-10 15:52:08.287,2024-07-10 15:55:30.877,2024-07-10 16:04:15.740,,MINISTÉRIO DA SAÚDE - BLOCO G,,BRASÍLIA,DF,PO700 - MINISTÉRIO DA SAÚDE - ASA NORTE - BRASÍLIA / DF,"VIA N1 OESTE, ASA NORTE, BRASILIA - DF, BRASIL",-15.80024,-47.86838,-15.78407,-47.89045,-15.79151,-47.88593,,,,,2024,2024,,SSH-**32,,
TAXIGOV_DF_3,1360582,Ministério da Educação,244,DIRETA,SESU/MEC,,CONCLUÍDA,Transporte de documentos / materiais,,0.84,2.091,7.76,2024-07-10 15:51:13.387,2024-07-10 15:51:22.597,2024-07-10 15:51:33.073,2024-07-10 15:59:52.577,2024-07-10 16:01:28.513,,"ANEXO II DO ITAMARATY(BOLO DE NOIVA),",ASA SUL,BRASILIA,DF,"ANEXO MINISTERIO EDUCACAO, - PA 2","SGO, ASA NORTE, BRASILIA - DF, BRASIL",-15.80173,-47.86795,-15.78455,-47.87153,-15.79361,-47.87293,,,,,2023,2023,,SGV-**21,,
TAXIGOV_DF_3,1360581,Ministério das Relações Exteriores,263,DIRETA,SGAD/SG/MRE,,CONCLUÍDA,Serviço externo / técnico,,2.53,2.557,9.82,2024-07-10 15:51:13.053,2024-07-10 15:58:07.463,2024-07-10 16:04:51.043,2024-07-10 16:06:43.610,2024-07-10 16:11:08.130,,SQS 213 BL. C,ASA SUL,BRASILIA,DF,"SQS 410 Bl. F, Asa Sul, Brasilia, DF","SQS 410 Bl. F, Asa Sul, Brasilia, DF",-15.8302,-47.91416,-15.82613,-47.90386,-15.82629,-47.90363,,,,,,,,SGS-**56,,
TAXIGOV_DF_3,1360577,Ministério da Justiça e Segurança Pública,235881,DIRETA,SE/MJSP,,CONCLUÍDA,Reunião,,3.14,3.156,12.18,2024-07-10 15:49:18.650,2024-07-10 15:50:28.860,2024-07-10 15:55:59.267,2024-07-10 15:56:22.757,2024-07-10 16:03:58.670,,ANEXO II - MINISTERIO DA JUSTICA,,BRASILIA,DF,"Policia Federal - Sede, Asa Norte, Brasilia, DF","Policia Federal - Sede, Asa Norte, Brasilia, DF",-15.796570000000001,-47.866,-15.78769,-47.88659,-15.78758,-47.88722,,,,,2024,2024,,SSK-**66,,
TAXIGOV_DF_ENTIDADES,1360570,Conselho Administrativo de Defesa Econômica,322,INDIRETA,CGP/CADE,,CONCLUÍDA,Reunião,,5.87,5.39,21.72,2024-07-10 15:47:21.273,2024-07-10 15:47:34.583,2024-07-10 15:54:21.093,2024-07-10 15:55:02.780,2024-07-10 16:07:37.457,,BRASILIA SHOPPING,ASA NORTE,BRASILIA,DF,"Conselho Administrativo de Defesa Economica (CADE), SEPN 515 Conj. D Lote 4, ASA NORTE, BRASILIA, DF","Conselho Administrativo de Defesa Economica (CADE), SEPN 515 Conj. D Lote 4, ASA NORTE, BRASILIA, DF",-15.78665,-47.88926,-15.7423,-47.8975,-15.74242,-47.89711,,,,VOYAGE,2021,2022,BRANCA,RMO-**95,,
TAXIGOV_DF_3,1360568,Ministério da Saúde,304,DIRETA,OUVSUS,,CONCLUÍDA,Reunião,,4.11,4.143,15.95,2024-07-10 15:46:12.950,2024-07-10 15:47:06.060,2024-07-10 15:50:50.470,2024-07-10 15:51:49.227,2024-07-10 15:59:41.723,,"PO 700, VIA W 5 NORTE",ASA NORTE,BRASILIA,DF,"Ministerio da Saude - Bloco G, Brasilia, Distrito Federal","Ministerio da Saude - Bloco G, Brasilia, Distrito Federal",-15.78364,-47.89034,-15.80024,-47.86838,-15.80006,-47.86809,,,,,2023,2023,,SGV-**39,,
TAXIGOV_DF_3,1360566,Presidência da República,26,DIRETA,SNPS/SG/PR,,CONCLUÍDA,Reunião,,5.08,2.574,19.71,2024-07-10 15:45:42.123,2024-07-10 15:45:50.723,2024-07-10 15:54:44.873,2024-07-10 15:54:58.317,2024-07-10 16:03:41.930,,EIXO MONUMENTAL,,BRASILIA,DF,"Organizacao Mundial da Saude, SEN, Asa Norte, Brasilia, DF","Organizacao Mundial da Saude, SEN, Asa Norte, Brasilia, DF",-15.79859,-47.87243,-15.78274,-47.86835,-15.78299,-47.86837,,,,,2022,2023,,SGO-**86,,
TAXIGOV_DF_3,1360563,Ministério da Saúde,304,DIRETA,CPROJ/SESAI,,CONCLUÍDA,Reunião,,5.72,4.171,22.19,2024-07-10 15:44:12.850,2024-07-10 15:45:05.860,2024-07-10 15:45:13.543,2024-07-10 15:46:11.770,2024-07-10 15:56:07.793,,SEN,ASA NORTE,BRASILIA,DF,"PO 700, SRTVN, Asa Norte, Brasilia, DF","PO 700, SRTVN, Asa Norte, Brasilia, DF",-15.78274,-47.86835,-15.78456,-47.88949,-15.78426,-47.89046,,,,,2019,2019,,PBP-**59,,
TAXIGOV_DF_ENTIDADES,1360562,Instituto de Pesquisa Econômica Aplicada,7,INDIRETA,BIBLI/IPEA,,CONCLUÍDA,Reunião,,11.94,10.065,43.94,2024-07-10 15:43:48.307,2024-07-10 15:44:01.960,2024-07-10 15:56:49.357,2024-07-10 15:57:00.930,2024-07-10 16:16:45.700,,"VIA W4 SUL, 702",ASA SUL,BRASÍLIA,DF,"SIA CANTEIRO CENTRAL VIA IA 2 TRECHO 2 TCHECA 2, 1220 - BRASÍLIA / DF","SIA CANTEIRO CENTRAL VIA IA 2 TRECHO 2 TCHECA 2, 1220 - BRASÍLIA / DF",-15.79976,-47.89655,-15.80326,-47.96253,-15.80338,-47.96247,,,,SPIN,2019,2020,BRANCA,PBR-**94,,
TAXIGOV_DF_3,1360560,Presidência da República,26,DIRETA,SNDSAPP/SG/PR,,CONCLUÍDA,Reunião,,5.07,5.177,19.67,2024-07-10 15:43:05.947,2024-07-10 15:45:20.860,2024-07-10 15:52:04.770,2024-07-10 15:52:16.993,2024-07-10 16:03:52.577,,"PRESIDENCIA DA REPUBLICA - ANEXO I, BRASILIA",ZONA CIVICOADMINISTRATIVA,BRASILIA,DF,"EBC Brasilia, Asa Sul, Brasilia, Distrito Federal","EBC Brasilia, Asa Sul, Brasilia, Distrito Federal",-15.79944,-47.85939,-15.79621,-47.89253,-15.79664,-47.89299,,,,,2022,2023,,SGQ-**06,,
TAXIGOV_DF_3,1360559,Ministério da Justiça e Segurança Pública,235881,DIRETA,SRPRF-DF/PRF,704,CONCLUÍDA,Reunião,,12.84,12.841,49.82,2024-07-10 15:42:36.280,2024-07-10 15:43:29.903,2024-07-10 15:51:28.177,2024-07-10 15:52:09.623,2024-07-10 16:03:12.807,,SOF CONJUNTO E,PLANALTINA,PLANALTINA,DF,"BR-020, km 37,6 norte - Policia Rodoviaria Federal, Brasilia, DF","BR-020, km 37,6 norte - Policia Rodoviaria Federal, Brasilia, DF",-15.60693,-47.64343,-15.58189,-47.53472,-15.58207,-47.53574,,,,,,,,SSL-**34,,
TAXIGOV_DF_3,1360558,Advocacia-Geral da União,46,DIRETA,ACS/GAB/AGU,,CONCLUÍDA,Reunião,,2.32,2.289,9.0,2024-07-10 15:42:34.243,2024-07-10 15:43:09.900,2024-07-10 15:54:28.293,2024-07-10 15:55:21.527,2024-07-10 16:01:51.003,,MINISTERIO DAS COMUNICACOES,PA 2,BRASILIA,DF,"Advocacia-Geral da Uniao, 6, Asa Sul, Brasilia, DF","Advocacia-Geral da Uniao, 6, Asa Sul, Brasilia, DF",-15.79724,-47.86727,-15.80231,-47.88046,-15.80273,-47.88061,,,,,2022,2023,,RVU-**98,,
TAXIGOV_DF_3,1360551,Ministério da Saúde,304,DIRETA,DAPSI,,CONCLUÍDA,Reunião,,7.61,3.743,29.53,2024-07-10 15:39:36.390,2024-07-10 15:39:44.877,2024-07-10 15:41:12.783,2024-07-10 15:42:41.147,2024-07-10 15:57:10.897,,"PO 700, SRTVN",ASA NORTE,BRASILIA,DF,"Memorial dos Povos Indigenas, Brasilia, Distrito Federal","EMI BLOCO A, ASA SUL, BRASILIA - DF, BRASIL",-15.78456,-47.88949,-15.78492,-47.91138,-15.79868,-47.87322,,,,,2021,2022,,RTG-**03,,
TAXIGOV_DF_3,1360548,Ministério da Educação,244,DIRETA,SESU/MEC,,CONCLUÍDA,Transporte de documentos / materiais,,2.26,2.717,8.77,2024-07-10 15:39:16.687,2024-07-10 15:40:24.833,2024-07-10 15:42:44.523,2024-07-10 15:44:52.197,2024-07-10 15:49:18.280,,MINISTERIO DA EDUCACAO - ANEXO I,PA 2,BRASILIA,DF,"Anexo II do Itamaraty (Bolo de Noiva), Via S2, Brasilia, DF","Anexo II do Itamaraty (Bolo de Noiva), Via S2, Brasilia, DF",-15.79362,-47.87239,-15.80205,-47.868,-15.80202,-47.86749,,,,,2023,2023,,SGV-**21,,
TAXIGOV_DF_3,1360547,Ministério das Relações Exteriores,263,DIRETA,SPTC/SG/MRE,,CONCLUÍDA,Reunião,,22.15,22.276,85.94,2024-07-10 15:39:05.073,2024-07-10 15:39:15.730,2024-07-10 15:48:45.397,2024-07-10 15:55:46.817,2024-07-10 16:27:24.430,,85,,BRASÍLIA,DF,3 - BRASÍLIA / DF,"SMPW QUADRA 23 CONJUNTO 3, PARK WAY, NUCLEO BANDEIRANTE - DF, 71745-303, BRASIL",-15.80135,-47.86819,-15.89233,-47.9186,-15.89004,-47.92,,,,,2022,2023,,SGO-**30,,
TAXIGOV_DF_3,1360544,Ministério da Saúde,304,DIRETA,DEAMB/SESAI/MS,,CONCLUÍDA,Reunião,,4.09,4.229,15.87,2024-07-10 15:38:01.260,2024-07-10 15:38:09.440,2024-07-10 15:41:43.290,2024-07-10 15:42:53.490,2024-07-10 15:50:38.497,,"PO700 - MINISTERIO DA SAUDE, SRTVN, 701",ASA NORTE,BRASILIA,DF,"Ministerio da Saude - Bloco G, Brasilia, Distrito Federal","Ministerio da Saude - Bloco G, Brasilia, Distrito Federal",-15.78407,-47.89045,-15.80024,-47.86838,-15.80036,-47.86823,,,,,2021,2021,,RES-**02,,
TAXIGOV_DF_ENTIDADES,1360543,Fundação Universidade de Brasília,470,INDIRETA,USG,16205,CONCLUÍDA,Transporte de documentos / materiais,,7.83,5.116,30.07,2024-07-10 15:37:44.427,2024-07-10 15:37:50.477,2024-07-10 15:38:01.903,2024-07-10 15:39:16.363,2024-07-10 15:56:20.300,,"HOSPITAL DE BASE,",PA 4,BRASILIA,DF,"HOSPITAL HUB, - PA 15","HOSPITAL HUB, - PA 15",-15.80015,-47.88879,-15.77154,-47.87384,-15.77098,-47.87464,,,,HB20S,2019,20,PRATA,PBY-**66,,
TAXIGOV_DF_3,1360540,Ministério da Justiça e Segurança Pública,235881,DIRETA,SE/MJSP,,CONCLUÍDA,Reunião,,42.79,38.978,166.03,2024-07-10 15:37:30.667,2024-07-10 15:38:50.290,2024-07-10 15:42:09.247,2024-07-10 15:43:40.197,2024-07-10 16:27:53.063,,ANEXO II - MINISTERIO DA JUSTICA,,BRASILIA,DF,"Forca Nacional, Brasilia, DF","Forca Nacional, Brasilia, DF",-15.796570000000001,-47.866,-16.03473,-48.05833,-16.03477,-48.05835,,,,,2017,2017,,PAQ-**13,,
TAXIGOV_DF_3,1360533,Presidência da República,26,DIRETA,SEART/SECOM/PR,,CONCLUÍDA,Reunião,,4.31,3.713,16.72,2024-07-10 15:34:29.183,2024-07-10 15:34:36.787,2024-07-10 15:41:54.983,2024-07-10 15:42:01.817,2024-07-10 15:51:16.903,,EIXO MONUMENTAL,PA 2,BRASILIA,DF,"EBC Brasilia, Asa Sul, Brasilia, DF","SCS BLOCO C, ASA SUL, BRASILIA - DF, 70333-900, BRASIL",-15.79543,-47.86689,-15.79621,-47.89253,-15.79441,-47.89277,,,,,2024,2025,,SSK-**04,,
TAXIGOV_DF_3,1360529,Ministério da Saúde,304,DIRETA,AISA/GM/MS,,CONCLUÍDA,Reunião,,4.21,4.254,16.33,2024-07-10 15:32:45.837,2024-07-10 15:33:04.497,2024-07-10 15:35:03.297,2024-07-10 15:37:11.260,2024-07-10 15:45:17.703,,MINISTÉRIO DA SAÚDE - BLOCO G,,BRASÍLIA,DF,FIOCRUZ BRASÍLIA (FUNDAÇÃO OSWALDO CRUZ - BRASÍLIA) - BRASÍLIA / DF,FIOCRUZ BRASÍLIA (FUNDAÇÃO OSWALDO CRUZ - BRASÍLIA) - BRASÍLIA / DF,-15.80024,-47.86838,-15.77097,-47.87113,-15.77152,-47.87086,,,,,,,,REL-**24,,
TAXIGOV_DF_3,1360524,Ministério do Desenvolvimento Agrário e Agricultura Familiar,308794,DIRETA,SAF / MDA,,CONCLUÍDA,Reunião,,2.04,3.048,7.92,2024-07-10 15:30:11.857,2024-07-10 15:30:23.150,2024-07-10 15:32:47.473,2024-07-10 15:33:00.957,2024-07-10 15:40:14.827,,"MINISTERIO DA ECONOMIA - BLOCO C, ESPLANADA DOS MINISTERIOS",ZONA CIVICO-ADMINISTRATIVA,BRASILIA,DF,"Palacio do Desenvolvimento, Brasilia, Distrito Federal","Palacio do Desenvolvimento, Brasilia, Distrito Federal",-15.79906,-47.87167,-15.79075,-47.87953,-15.79124,-47.87954,,,,,2023,2024,,SGY-**58,,
TAXIGOV_DF_3,1360522,Ministério da Saúde,304,DIRETA,CGDEP/DAEVS/SVS/MS,,CONCLUÍDA,Reunião,,3.96,3.956,15.36,2024-07-10 15:30:03.840,2024-07-10 15:30:27.217,2024-07-10 15:34:41.810,2024-07-10 15:35:26.003,2024-07-10 15:44:48.237,,"SRTVN, 701",ASA NORTE,BRASILIA,DF,"Organizacao Mundial da Saude, SEN, Asa Norte, Brasilia, DF","Organizacao Mundial da Saude, SEN, Asa Norte, Brasilia, DF",-15.78407,-47.89045,-15.78274,-47.86835,-15.78303,-47.86836,,,,,2019,2019,,PBP-**59,,
TAXIGOV_DF_ENTIDADES,1360521,Instituto Nacional de Estudos e Pesquisas Educacionais Anísio Teixeira,249,INDIRETA,GAB/INEP,,CONCLUÍDA,Reunião,,6.1,5.625,22.51,2024-07-10 15:29:49.110,2024-07-10 15:30:48.803,2024-07-10 15:34:13.650,2024-07-10 15:35:01.700,2024-07-10 15:45:29.500,,INEP,,BRASILIA,DF,"Fundo Nacional de Desenvolvimento da Educacao, Sbs, 12, Asa Sul, Brasilia, Distrito Federal","Fundo Nacional de Desenvolvimento da Educacao, Sbs, 12, Asa Sul, Brasilia, Distrito Federal",-15.788,-47.91424,-15.80089,-47.88341,-15.80132,-47.88359,,,,CCROSS,2023,2024,PRATA,SGX-**62,,
TAXIGOV_DF_3,1360518,Ministério da Saúde,304,DIRETA,CGSAT/DSASTE/SVS/MS,,CONCLUÍDA,Reunião,,4.1,4.157,15.91,2024-07-10 15:28:25.060,2024-07-10 15:29:56.473,2024-07-10 15:32:13.427,2024-07-10 15:32:36.240,2024-07-10 15:42:14.147,,"ORGANIZACAO MUNDIAL DA SAUDE, SEN",ASA NORTE,BRASILIA,DF,"PO700 - Ministerio da Saude, SRTVN, 701, Asa Norte, Brasilia, Distrito Federal","PO700 - Ministerio da Saude, SRTVN, 701, Asa Norte, Brasilia, Distrito Federal",-15.78274,-47.86835,-15.78407,-47.89045,-15.78413,-47.89046,,,,,2022,2023,,SGR-**00,,
TAXIGOV_DF_3,1360516,Ministério de Minas e Energia,2852,DIRETA,GM/MME,,CANCELADA,Reunião,,,,7.76,2024-07-10 15:28:08.993,2024-07-10 15:28:19.450,,2024-07-10 15:28:08.993,2024-07-10 15:43:17.283,2024-07-10 15:43:17.283,BASE AEREA DE BRASILIA,,BRASILIA,DF,"Ministerio de Minas e Energia - Bloco U, Brasilia, DF",,-15.87127,-47.9087,-15.79648,-47.86802,,,,,,,,,,PBN-**16,,
TAXIGOV_DF_3,1360514,Ministério das Relações Exteriores,263,DIRETA,SGAD/SG/MRE,,CONCLUÍDA,Reunião,,5.98,5.555,23.2,2024-07-10 15:27:02.747,2024-07-10 15:27:31.713,2024-07-10 15:31:45.830,2024-07-10 15:34:42.787,2024-07-10 15:45:18.863,,BL CH,ASA NORTE,BRASILIA,DF,"BANCO DO BRASIL - ITAMARATY - Agencia 1503, Brasilia, Distrito Federal","BANCO DO BRASIL - ITAMARATY - Agencia 1503, Brasilia, Distrito Federal",-15.77292,-47.88403,-15.80101,-47.86792,-15.8004,-47.86812,,,,,2024,2024,,SSH-**32,,
TAXIGOV_DF_3,1360513,Ministério da Saúde,304,DIRETA,SECNS/CNS/MS,,CONCLUÍDA,Reunião,,3.77,2.969,14.63,2024-07-10 15:26:56.980,2024-07-10 15:27:05.130,2024-07-10 15:31:29.027,2024-07-10 15:31:42.773,2024-07-10 15:40:05.660,,SEN,ASA NORTE,BRASILIA,DF,"Ministerio da Saude - Bloco G, Brasilia, DF","Ministerio da Saude - Bloco G, Brasilia, DF",-15.78274,-47.86835,-15.80024,-47.86838,-15.80026,-47.86817,,,,,2022,2023,,SGO-**86,,
TAXIGOV_DF_ENTIDADES,1360512,Fundo Nacional de Desenvolvimento da Educação,253,INDIRETA,DIGAP/FNDE,,CONCLUÍDA,Reunião,,3.45,3.59,12.77,2024-07-10 15:26:50.820,2024-07-10 15:27:57.900,2024-07-10 15:31:55.340,2024-07-10 15:32:03.147,2024-07-10 15:40:11.677,,PALACIO DO PLANALTO,,BRASILIA,DF,"FNDE - Fundo Nacional de Desenvolvimento da Educacao, SBS Qd. 2, Bl. F, ASA SUL, BRASILIA, DF","FNDE - Fundo Nacional de Desenvolvimento da Educacao, SBS Qd. 2, Bl. F, ASA SUL, BRASILIA, DF",-15.79905,-47.86077,-15.80104,-47.88336,-15.80143,-47.8837,,,,COROLLA,2022,2023,PRATA,REU-**09,,
TAXIGOV_DF_3,1360509,Ministério da Educação,244,DIRETA,ASSCER/GM,,CONCLUÍDA,Reunião,,1.38,1.677,7.76,2024-07-10 15:26:13.333,2024-07-10 15:27:16.183,2024-07-10 15:30:19.047,2024-07-10 15:31:39.730,2024-07-10 15:34:25.297,,PALACIO DO PLANALTO,,BRASILIA,DF,"Ministerio da Educacao, Brasilia, Distrito Federal","Ministerio da Educacao, Brasilia, Distrito Federal",-15.79905,-47.86077,-15.79501,-47.87305,-15.79517,-47.87289,,,,,2021,2022,,REO-**84,,
TAXIGOV_DF_ENTIDADES,1360508,Agência Nacional de Transportes Aquaviários,54843,INDIRETA,SGE/ANTAQ,,CONCLUÍDA,Reunião,,8.88,8.837,32.86,2024-07-10 15:25:51.133,2024-07-10 15:26:01.047,2024-07-10 15:30:02.883,2024-07-10 15:31:21.933,2024-07-10 15:47:38.297,,CAMARA DOS DEPUTADOS ANEXO IV,ANEXO IV,BRASILIA,DF,"Agencia Nacional de Transportes Aquaviarios, Asa Norte, Brasilia, DF","Agencia Nacional de Transportes Aquaviarios, Asa Norte, Brasilia, DF",-15.80264,-47.86511,-15.74526,-47.89653,-15.74509,-47.89634,,,,VERSA,2024,2025,PRATA,SSL-**49,,
TAXIGOV_DF_3,1360507,Ministério da Educação,244,DIRETA,GPIS/DAF/SETEC,,CONCLUÍDA,Reunião,,3.18,3.242,12.34,2024-07-10 15:25:49.763,2024-07-10 15:27:04.843,2024-07-10 15:30:14.193,2024-07-10 15:30:23.717,2024-07-10 15:42:56.417,,CONIF,ASA SUL,BRASILIA,DF,"Ministerio da Educacao (MEC), Esplanada dos Ministerios, Bl. L, ZONA CIVICOADMINISTRATIVA, BRASILIA, DF","Ministerio da Educacao (MEC), Esplanada dos Ministerios, Bl. L, ZONA CIVICOADMINISTRATIVA, BRASILIA, DF",-15.79685,-47.8865,-15.7949,-47.87322,-15.79538,-47.87296,,,,,2022,2023,,RVU-**98,,
TAXIGOV_DF_ENTIDADES,1360504,Empresa de Tecnologia e Informações da Previdência,303,INDIRETA,MANUTENÇÃO/DATAPREV,,CONCLUÍDA,Reunião,,12.79,11.614,47.32,2024-07-10 15:24:53.640,2024-07-10 15:25:01.737,2024-07-10 15:31:40.883,2024-07-10 15:32:27.597,2024-07-10 15:53:42.673,,ITATIAIA ATACADISTA,ZONA INDUSTRIAL GUARA,BRASILIA,DF,"DATAPREV - Empresa de Tecnologia e Informacoes da Previdencia Social, Via L2 Sul, Asa Sul, Brasilia, DF","DATAPREV - Empresa de Tecnologia e Informacoes da Previdencia Social, Via L2 Sul, Asa Sul, Brasilia, DF",-15.8026,-47.95608,-15.80034,-47.87811,-15.80037,-47.87815,,,,VOYAGE,2019,2020,BRANCA,PBV-**53,,
TAXIGOV_DF_3,1360503,Ministério do Desenvolvimento Agrário e Agricultura Familiar,308794,DIRETA,CGTI / SPOA / SE / MDA,,CONCLUÍDA,Reunião,,1.67,2.417,7.76,2024-07-10 15:24:46.833,2024-07-10 15:27:50.310,2024-07-10 15:30:54.090,2024-07-10 15:32:53.763,2024-07-10 15:39:16.040,,PALACIO DO DESENVOLVIMENTO,ASA NORTE,BRASILIA,DF,"Ministerio do Desenvolvimento Agrario e Agricultura Familiar (MDA), Brasilia, DF","Ministerio do Desenvolvimento Agrario e Agricultura Familiar (MDA), Brasilia, DF",-15.79075,-47.87953,-15.7989,-47.87156,-15.79925,-47.87163,,,,,2022,2023,,SGQ-**06,,
TAXIGOV_DF_3,1360502,Ministério do Desenvolvimento Agrário e Agricultura Familiar,308794,DIRETA,CGEPE / SE / MDA,,CONCLUÍDA,Reunião,,2.79,3.109,10.83,2024-07-10 15:23:34.927,2024-07-10 15:23:43.900,2024-07-10 15:30:49.377,2024-07-10 15:30:57.497,2024-07-10 15:39:00.800,,MINISTERIO DA AGRICULTURA E PECUARIA,,BRASILIA,DF,"Instituto Nacional de Colonizacao e Reforma Agraria - Sede, Asa Norte, Brasilia, DF","Instituto Nacional de Colonizacao e Reforma Agraria - Sede, Asa Norte, Brasilia, DF",-15.79953,-47.87093,-15.79089,-47.87956,-15.7912,-47.87965,,,,,2022,2023,,SGO-**63,,
TAXIGOV_DF_3,1360501,Ministério do Desenvolvimento Agrário e Agricultura Familiar,308794,DIRETA,GAB / SFTS / MDA,,CONCLUÍDA,Outros,,2.6,3.116,10.09,2024-07-10 15:22:57.640,2024-07-10 15:23:11.917,2024-07-10 15:23:29.410,2024-07-10 15:24:30.793,2024-07-10 15:32:15.667,,MINISTERIO DA AGRICULTURA E PECUARIA,,BRASILIA,DF,"Instituto Nacional de Colonizacao e Reforma Agraria - Sede, Asa Norte, Brasilia, DF","Instituto Nacional de Colonizacao e Reforma Agraria - Sede, Asa Norte, Brasilia, DF",-15.79953,-47.87093,-15.79089,-47.87956,-15.7912,-47.87958,,,,,2022,2022,,REU-**98,,
TAXIGOV_DF_3,1360499,Ministério da Educação,244,DIRETA,GPIS/DAF/SETEC,,CONCLUÍDA,Reunião,,1.99,2.011,7.76,2024-07-10 15:21:37.420,2024-07-10 15:21:49.373,2024-07-10 15:24:30.160,2024-07-10 15:27:37.353,2024-07-10 15:33:33.003,,MINISTERIO DA EDUCACAO,PA 2,BRASILIA,DF,"Camara dos Deputados Anexo III, Brasilia, Distrito Federal","Camara dos Deputados Anexo III, Brasilia, Distrito Federal",-15.79501,-47.87305,-15.80118,-47.86618,-15.80127,-47.86591,,,,,2018,2018,,QOB-**36,,
TAXIGOV_DF_ENTIDADES,1360497,Instituto de Pesquisa Econômica Aplicada,7,INDIRETA,BIBLI/IPEA,,CANCELADA,Reunião,,,,7.36,2024-07-10 15:20:11.457,2024-07-10 15:20:24.653,2024-07-10 15:27:04.240,2024-07-10 15:30:24.653,2024-07-10 15:39:14.480,2024-07-10 15:39:14.480,"SIA CANTEIRO CENTRAL VIA IA 2 TRECHO 2 TCHECA 2, 1220",,BRASÍLIA,DF,INSTITUTO DE PESQUISA ECONÔMICA APLICADA - ASA SUL - BRASÍLIA / DF,,-15.80326,-47.96253,-15.79916,-47.89699,,,,,,SPIN,2022,2023,BRANCA,REU-**49,,
TAXIGOV_DF_3,1360496,Ministério de Minas e Energia,2852,DIRETA,SGM/MME,,CONCLUÍDA,Reunião,,3.36,3.223,13.04,2024-07-10 15:19:31.310,2024-07-10 15:19:40.880,2024-07-10 15:21:13.783,2024-07-10 15:32:24.967,2024-07-10 15:37:36.727,,MINISTERIO DE MINAS E ENERGIA - BLOCO U,,BRASILIA,DF,"Agencia Nacional do Petroleo, Gas Natural e Biocombustiveis, Asa Norte, Brasilia, Distrito Federal","Agencia Nacional do Petroleo, Gas Natural e Biocombustiveis, Asa Norte, Brasilia, Distrito Federal",-15.79648,-47.86802,-15.77859,-47.8724,-15.77878,-47.87162,,,,,2023,2023,,SGR-**55,,
TAXIGOV_DF_3,1360495,Ministério da Saúde,304,DIRETA,ASCER/GM/MS,,CONCLUÍDA,Reunião,,4.87,4.363,18.9,2024-07-10 15:19:08.677,2024-07-10 15:19:22.853,2024-07-10 15:22:42.390,2024-07-10 15:24:09.557,2024-07-10 15:32:17.030,,"SCES TRECHO 3 POLO 8, 4",,BRASILIA,DF,"Ministerio da Saude - Bloco G, Brasilia, DF","Ministerio da Saude - Bloco G, Brasilia, DF",-15.80607,-47.84357,-15.80024,-47.86838,-15.80039,-47.86821,,,,,2023,2024,,SSG-**72,,
TAXIGOV_DF_3,1360492,Ministério da Defesa,41066,DIRETA,SEORI/MD,,CONCLUÍDA,Outros,,25.2,23.686,97.78,2024-07-10 15:18:08.950,2024-07-10 15:18:21.023,2024-07-10 15:23:17.613,2024-07-10 15:24:29.327,2024-07-10 15:56:59.930,,"EM BLOCO Q,",BRASILIA,BRASILIA,DF,"CLUBE ODONTOLOGICO ASSISTENCIA TECNICA, Brasilia, Distrito Federal","CLUBE ODONTOLOGICO ASSISTENCIA TECNICA, Brasilia, Distrito Federal",-15.79594,-47.86875,-15.83661,-48.05696,-15.83687,-48.05689,,,,,2018,2018,,PBM-**57,,
TAXIGOV_DF_ENTIDADES,1360487,Instituto Nacional de Estudos e Pesquisas Educacionais Anísio Teixeira,249,INDIRETA,GAB/INEP,,CONCLUÍDA,Reunião,,7.93,8.74,29.26,2024-07-10 15:15:59.753,2024-07-10 15:16:05.690,2024-07-10 15:27:43.633,2024-07-10 15:27:48.290,2024-07-10 15:42:18.270,,"ANEXO ITAMARATY,",PA 1,BRASILIA,DF,"SIG QD 4 INEP, - SIG","SIG QD 4 INEP, - SIG",-15.81067,-47.87197,-15.78765,-47.91411,-15.78829,-47.91378,,,,CCROSS,2023,2023,PRATA,SGR-**14,,
TAXIGOV_DF_ENTIDADES,1360486,Fundação Universidade de Brasília,470,INDIRETA,USG,16205,CONCLUÍDA,Transporte de documentos / materiais,,6.59,6.855,25.31,2024-07-10 15:15:49.837,2024-07-10 15:17:15.673,2024-07-10 15:21:51.560,2024-07-10 15:22:41.310,2024-07-10 15:36:30.220,,HOSPITAL UNIVERSITÁRIO DE BRASÍLIA,ASA NORTE,BRASÍLIA,DF,HOSPITAL DE APOIO DE BRASÍLIA - BRASÍLIA / DF,HOSPITAL DE APOIO DE BRASÍLIA - BRASÍLIA / DF,-15.77091,-47.87361,-15.75856,-47.91536,-15.758,-47.91517,,,,HB20S,2019,20,PRATA,PBY-**66,,
TAXIGOV_DF_3,1360483,Presidência da República,26,DIRETA,SECOI/SECOM/PR,,CONCLUÍDA,Reunião,,1.31,1.383,7.76,2024-07-10 15:14:21.260,2024-07-10 15:15:27.283,2024-07-10 15:15:37.577,2024-07-10 15:17:09.513,2024-07-10 15:19:47.683,,BLOCO D - ESPLANADA DOS MINISTERIOS,PA 2,BRASILIA,DF,"Palacio do Planalto, Brasilia, DF","Palacio do Planalto, Brasilia, DF",-15.79944,-47.87087,-15.79905,-47.86077,-15.79926,-47.86178,,,,,2024,2025,,SSL-**49,,
TAXIGOV_DF_ENTIDADES,1360473,Fundação Oswaldo Cruz,315,INDIRETA,NEVS/FIOCRUZ-BSB,,CONCLUÍDA,Reunião,,29.7,29.546,109.89,2024-07-10 15:10:11.143,2024-07-10 15:11:32.847,2024-07-10 15:23:43.557,2024-07-10 15:35:00.133,2024-07-10 16:08:27.457,,HOSPITAL REGIONAL DE CEILANDIA,CEILANDIA SUL CEILANDIA,BRASILIA,DF,"Hospital Universitario de Brasilia - Emergencia, Asa Norte, Brasilia, Distrito Federal","Hospital Universitario de Brasilia - Emergencia, Asa Norte, Brasilia, Distrito Federal",-15.81533,-48.09638,-15.77171,-47.87302,-15.7718,-47.87289,,,,VOYAGE,2021,2022,BRANCA,RES-**93,,
TAXIGOV_DF_ENTIDADES,1360470,Conselho Administrativo de Defesa Econômica,322,INDIRETA,CGP/CADE,,CONCLUÍDA,Reunião,,6.18,5.795,22.87,2024-07-10 15:08:29.640,2024-07-10 15:08:40.713,2024-07-10 15:20:43.910,2024-07-10 15:25:18.870,2024-07-10 15:35:49.947,,"CONSELHO ADMINISTRATIVO DE DEFESA ECONOMICA (CADE), SEPN 515 CONJ. D LOTE 4",ASA NORTE,BRASILIA,DF,"Correios - Brasilia Shopping, Asa Norte, Brasilia, Distrito Federal","Correios - Brasilia Shopping, Asa Norte, Brasilia, Distrito Federal",-15.7423,-47.8975,-15.78701,-47.88925,-15.78673,-47.88823,,,,VIRTUS,2022,2022,PRATA,SGQ-**29,,
TAXIGOV_DF_3,1360468,Ministério das Relações Exteriores,263,DIRETA,SGAD/SG/MRE,,CONCLUÍDA,Serviço externo / técnico,,10.59,7.455,41.09,2024-07-10 15:07:59.960,2024-07-10 15:08:07.943,2024-07-10 15:12:54.797,2024-07-10 15:12:57.987,2024-07-10 15:24:56.887,,VIA S2,ASA SUL,BRASILIA,DF,"BL B, Asa Sul, Brasilia, DF","BL B, Asa Sul, Brasilia, DF",-15.80205,-47.868,-15.83023,-47.91395,-15.8303,-47.91423,,,,,2023,2023,,SGS-**72,,
TAXIGOV_DF_3,1360467,Ministério de Minas e Energia,2852,DIRETA,SPG/MME,,CONCLUÍDA,Reunião,,2.9,2.87,11.25,2024-07-10 15:07:58.470,2024-07-10 15:09:34.387,2024-07-10 15:11:16.920,2024-07-10 15:11:33.100,2024-07-10 15:20:50.967,,SAUS QUADRA 3 - ASA SUL,ASA SUL,BRASÍLIA,DF,MINISTÉRIO DE MINAS E ENERGIA - BLOCO U - BRASÍLIA / DF,MINISTÉRIO DE MINAS E ENERGIA - BLOCO U - BRASÍLIA / DF,-15.8023,-47.88002,-15.79648,-47.86802,-15.79667,-47.86781,,,,,2022,2023,,SGO-**86,,
TAXIGOV_DF_3,1360465,Ministério do Desenvolvimento Agrário e Agricultura Familiar,308794,DIRETA,CGLOG / SPOA / SE / MDA,,CONCLUÍDA,Reunião,,1.22,2.52,7.76,2024-07-10 15:07:29.777,2024-07-10 15:10:11.217,2024-07-10 15:15:53.530,2024-07-10 15:15:56.630,2024-07-10 15:21:39.777,,PALACIO DO DESENVOLVIMENTO,ASA NORTE,BRASILIA,DF,"Ministerio do Desenvolvimento Agrario e Agricultura Familiar (MDA), Brasilia, DF","Ministerio do Desenvolvimento Agrario e Agricultura Familiar (MDA), Brasilia, DF",-15.79075,-47.87953,-15.79937,-47.87084,-15.79964,-47.87075,,,,,2022,2023,,SGO-**63,,
TAXIGOV_DF_3,1360450,Ministério da Saúde,304,DIRETA,GAB/SVS,,CONCLUÍDA,Reunião,,4.11,4.372,15.95,2024-07-10 15:00:22.310,2024-07-10 15:00:31.933,2024-07-10 15:04:10.110,2024-07-10 15:04:50.500,2024-07-10 15:13:46.987,,EIXO MONUMENTAL,G,BRASILIA,DF,"PO 700, SRTVN, Asa Norte, Brasilia, DF","PO 700, SRTVN, Asa Norte, Brasilia, DF",-15.80181,-47.86856,-15.78456,-47.88949,-15.78404,-47.89038,,,,,2019,20,,PBY-**66,,
TAXIGOV_DF_3,1360449,Ministério da Educação,244,DIRETA,AP/GM/MEC,,CONCLUÍDA,Reunião,,1.93,2.071,7.76,2024-07-10 15:00:05.923,2024-07-10 15:35:13.763,2024-07-10 15:41:15.500,2024-07-10 15:42:01.190,2024-07-10 15:47:02.417,,0,ASA NORTE,BRASÍLIA,DF,CÂMARA DOS DEPUTADOS ANEXO III - BRASÍLIA / DF,CÂMARA DOS DEPUTADOS ANEXO III - BRASÍLIA / DF,-15.79493,-47.87293,-15.80118,-47.86618,-15.80128,-47.86589,,,,,2023,2024,,SGV-**61,,
TAXIGOV_DF_3,1360446,Ministério da Saúde,304,DIRETA,CAEQ,,CONCLUÍDA,Reunião,,1.13,1.543,7.76,2024-07-10 14:58:25.863,2024-07-10 14:59:04.933,2024-07-10 15:01:39.837,2024-07-10 15:03:17.863,2024-07-10 15:05:20.590,,EIXO MONUMENTAL,G,BRASILIA,DF,"Palacio do Planalto, Brasilia, DF","Palacio do Planalto, Brasilia, DF",-15.80181,-47.86856,-15.79905,-47.86077,-15.79929,-47.86172,,,,,2022,2022,,REU-**98,,
TAXIGOV_DF_ENTIDADES,1360442,Agência Nacional de Transportes Terrestres,54793,INDIRETA,COTRAN,,CONCLUÍDA,Outros,,3.79,4.136,13.95,2024-07-10 14:56:56.127,2024-07-10 14:57:09.223,2024-07-10 15:02:52.390,2024-07-10 15:03:14.270,2024-07-10 15:09:20.190,,ANEXO I (PALÁCIO DO PLANALTO – PRESIDÊNCIA DA REPÚBLICA),,BRASÍLIA,DF,9 - ASA SUL - BRASÍLIA / DF,9 - ASA SUL - BRASÍLIA / DF,-15.79955,-47.85925,-15.81048,-47.84526,-15.80959,-47.84506,,,,KICKS,2023,2024,PRATA,SGV-**61,,
TAXIGOV_DF_ENTIDADES,1360437,Fundo Nacional de Desenvolvimento da Educação,253,INDIRETA,COEFA/FNDE,,CONCLUÍDA,Reunião,,3.27,3.263,12.1,2024-07-10 14:55:15.170,2024-07-10 15:29:42.053,2024-07-10 15:34:53.770,2024-07-10 15:40:38.270,2024-07-10 15:48:02.813,,"SBS, 12",ASA SUL,BRASILIA,DF,"Camara dos Deputados, Brasilia, DF","VIA EIXO MONUMENTAL, EIXO MONUMENTAL, BRASILIA - DF, BRASIL",-15.80089,-47.88341,-15.80006,-47.86436,-15.79769,-47.8675,,,,COBALT,2018,2019,BRANCO,PBS-**80,,
TAXIGOV_DF_ENTIDADES,1360435,Instituto Nacional de Estudos e Pesquisas Educacionais Anísio Teixeira,249,INDIRETA,GAB/INEP,,CONCLUÍDA,Reunião,,6.11,5.757,22.55,2024-07-10 14:53:56.670,2024-07-10 14:56:24.833,2024-07-10 15:01:28.560,2024-07-10 15:02:26.217,2024-07-10 15:14:33.443,,"SIG QD. 4, LT. 327",CRUZEIRO,BRASILIA,DF,"Ministerio das Relacoes Exteriores   Anexo I, Eixo Monumental, Brasilia, DF","Ministerio das Relacoes Exteriores   Anexo I, Eixo Monumental, Brasilia, DF",-15.78816,-47.91414,-15.80123,-47.86757,-15.80182,-47.86757,,,,CCROSS,2023,2023,PRATA,SGR-**14,,
TAXIGOV_DF_3,1360430,Ministério de Minas e Energia,2852,DIRETA,SPG/MME,,CONCLUÍDA,Reunião,,2.14,2.207,8.3,2024-07-10 14:52:12.527,2024-07-10 14:52:23.087,2024-07-10 14:54:44.397,2024-07-10 14:55:32.523,2024-07-10 15:00:03.857,,0,ASA NORTE,BRASÍLIA,DF,SAUS QUADRA 3 - ASA SUL - ASA SUL - BRASÍLIA / DF,SAUS QUADRA 3 - ASA SUL - ASA SUL - BRASÍLIA / DF,-15.79671,-47.868,-15.8023,-47.88002,-15.80279,-47.88043,,,,,2023,2023,,SGT-**97,,
TAXIGOV_DF_3,1360417,Presidência da República,26,DIRETA,DITEC/SA/CC/PR,,CONCLUÍDA,Outros,,12.16,14.671,47.18,2024-07-10 14:47:46.810,2024-07-10 14:48:55.367,2024-07-10 14:57:01.653,2024-07-10 14:58:11.197,2024-07-10 15:09:37.590,,RESIDENCIA OFICIAL DA GRANJA DO TORTO,ZONA INDUSTRIAL,BRASILIA,DF,"Restaurante, Presidencia da Republica, ZONA CIVICOADMINISTRATIVA, BRASILIA, DF","VIA N. DOIS LESTE, ASA NORTE, BRASILIA - DF, BRASIL",-15.70542,-47.90573,-15.79885,-47.85897,-15.79759,-47.85867,,,,,2023,2024,,SGX-**62,,
TAXIGOV_DF_3,1360413,Ministério da Saúde,304,DIRETA,DEPPROS,,CONCLUÍDA,Reunião,,4.05,4.369,15.71,2024-07-10 14:46:40.333,2024-07-10 14:46:53.810,2024-07-10 14:49:49.600,2024-07-10 14:51:49.540,2024-07-10 15:01:07.193,,"ANEXO DO MINISTERIO DA SAUDE, EIXO MONUMENTAL",G,BRASILIA,DF,"PO700 - Ministerio da Saude, SRTVN, 701, Asa Norte, Brasilia, Distrito Federal","PO700 - Ministerio da Saude, SRTVN, 701, Asa Norte, Brasilia, Distrito Federal",-15.80181,-47.86856,-15.78407,-47.89045,-15.78401,-47.89046,,,,,2021,2022,,RMO-**95,,
TAXIGOV_DF_ENTIDADES,1360411,Fundação Universidade de Brasília,470,INDIRETA,DAC,,CONCLUÍDA,Reunião,,38.67,31.524,142.31,2024-07-10 14:45:20.570,2024-07-10 14:45:55.683,2024-07-10 14:46:02.503,2024-07-10 14:46:31.227,2024-07-10 15:23:49.393,,UNIVERSIDADE DE BRASILIA - CAMPUS CEILANDIA,CEILANDIA SUL CEILANDIA,BRASILIA,DF,"Restaurante Universitario - RU, UNB Area 1, Brasilia, DF","Restaurante Universitario - RU, UNB Area 1, Brasilia, DF",-15.84408,-48.1016,-15.76424,-47.87044,-15.76387,-47.87069,,,,COROLLA,2022,23,PRATA,RET-**85,,
TAXIGOV_DF_3,1360410,Presidência da República,26,DIRETA,COENGE/DIENP/SA/CC/PR,,CONCLUÍDA,Serviço externo / técnico,,4.29,4.941,16.65,2024-07-10 14:45:11.230,2024-07-10 14:45:21.257,2024-07-10 14:45:32.397,2024-07-10 15:02:05.220,2024-07-10 15:08:39.407,,"PALACIO DA ALVORADA,",PA 5,BRASILIA,DF,"SGO COENGE, - SGO","SGO COENGE, - SGO",-15.79232,-47.82289,-15.79637,-47.85878,-15.79669,-47.859,,,,,,,,REL-**24,,
TAXIGOV_DF_3,1360408,Presidência da República,26,DIRETA,SCDESS/SRI/PR,,CONCLUÍDA,Reunião,,2.26,2.309,8.77,2024-07-10 14:44:09.927,2024-07-10 14:44:44.607,2024-07-10 14:49:28.307,2024-07-10 14:50:17.360,2024-07-10 14:53:52.493,,"PALACIO DO PLANALTO - ANEXO I, PRACA DOS TRES PODERES",ZONA CIVICOADMINISTRATIVA,BRASILIA,DF,"Ministerio do Planejamento e Orcamento, Brasilia, Distrito Federal","Ministerio do Planejamento e Orcamento, Brasilia, Distrito Federal",-15.79955,-47.85965,-15.794740000000001,-47.87387,-15.79489,-47.87361,,,,,2023,2023,,SGS-**72,,
TAXIGOV_DF_ENTIDADES,1360407,Fundo Nacional de Desenvolvimento da Educação,253,INDIRETA,DIGAP/FNDE,,CONCLUÍDA,Reunião,,3.69,4.033,13.65,2024-07-10 14:44:07.373,2024-07-10 14:44:19.217,2024-07-10 14:50:06.910,2024-07-10 14:51:08.783,2024-07-10 15:00:59.710,,"FUNDO NACIONAL DE DESENVOLVIMENTO DA EDUCACAO, SBS, 12",ASA SUL,BRASILIA,DF,"Palacio do Planalto, Brasilia, Distrito Federal","VIA N. UM LESTE, EIXO MONUMENTAL, BRASILIA - DF, BRASIL",-15.80089,-47.88341,-15.79905,-47.86077,-15.79845,-47.86465,,,,TRACKER,2022,2023,PRATA,SGQ-**24,,
TAXIGOV_DF_3,1360399,Presidência da República,26,DIRETA,CGAA/GM/CC/PR,,CONCLUÍDA,Reunião,,3.48,3.634,13.5,2024-07-10 14:42:00.680,2024-07-10 14:42:08.317,2024-07-10 14:45:37.050,2024-07-10 14:46:19.617,2024-07-10 14:54:33.227,,"PALACIO DO PLANALTO, PCA. DOS TRES PODERES",ZONA CIVICOADMINISTRATIVA,BRASILIA,DF,"Centro Empresarial CNC, Asa Norte, Brasilia, Distrito Federal","Centro Empresarial CNC, Asa Norte, Brasilia, Distrito Federal",-15.79941,-47.86088,-15.78591,-47.87546,-15.78571,-47.87537,,,,,2023,2023,,SGV-**21,,
TAXIGOV_DF_ENTIDADES,1360393,Instituto Brasileiro do Meio Ambiente e dos Recursos Naturais Renováveis,1812,INDIRETA,PREVFOGO/IBAMA,,CONCLUÍDA,Outros,,17.65,19.572,65.3,2024-07-10 14:39:40.367,2024-07-10 14:39:52.220,2024-07-10 14:44:55.113,2024-07-10 14:53:42.387,2024-07-10 15:24:46.403,,IBAMA INSTITUTO BRASILEIRO DO MEIO AMBIENTE E DOS RECURSOS NATURAIS RENOVÁVEIS,ED. SEDE,BRASÍLIA,DF,NARA MITSUBISHI - BRASÍLIA / DF,NARA MITSUBISHI - BRASÍLIA / DF,-15.76773,-47.86204,-15.80634,-47.96328,-15.80594,-47.96268,,,,COROLLA,2023,2024,PRETA,SSF-**67,,
TAXIGOV_DF_ENTIDADES,1360391,Fundação Universidade de Brasília,470,INDIRETA,DIVGP,16205,CONCLUÍDA,Reunião,,4.51,4.637,17.32,2024-07-10 14:39:00.907,2024-07-10 14:39:09.417,2024-07-10 14:44:19.397,2024-07-10 14:44:35.897,2024-07-10 14:51:24.850,,"HOSPITAL UNIVERSITARIO DE BRASILIA, 604/605",ASA NORTE,BRASILIA,DF,"Foro Trabalhista de Brasilia, SEPN, 513, Asa Norte, Brasilia, DF","Foro Trabalhista de Brasilia, SEPN, 513, Asa Norte, Brasilia, DF",-15.77091,-47.87361,-15.7495,-47.89527,-15.74948,-47.89489,,,,KICKS,2023,2023,BRANCA,SGS-**35,,
TAXIGOV_DF_3,1360386,Ministério da Educação,244,DIRETA,SEXEC/MEC,,CONCLUÍDA,Reunião,,2.08,2.103,8.07,2024-07-10 14:37:48.670,2024-07-10 14:38:54.530,2024-07-10 14:40:36.030,2024-07-10 14:40:59.290,2024-07-10 14:45:10.833,,MINISTERIO DA EDUCACAO,PA 2,BRASILIA,DF,"Palacio do Planalto, Brasilia, DF","Palacio do Planalto, Brasilia, DF",-15.79501,-47.87305,-15.79905,-47.86077,-15.79956,-47.86158,,,,,2023,2024,,SGV-**61,,
TAXIGOV_DF_3,1360380,Ministério da Saúde,304,DIRETA,GAB/SGTES,,CONCLUÍDA,Reunião,,4.15,4.114,16.1,2024-07-10 14:35:55.423,2024-07-10 14:36:08.613,2024-07-10 14:37:51.070,2024-07-10 14:37:51.957,2024-07-10 14:48:21.427,,MINISTERIO DA SAUDE - BLOCO G,,BRASILIA,DF,"PO700 - Ministerio da Saude, SRTVN, 701, Asa Norte, Brasilia, DF","PO700 - Ministerio da Saude, SRTVN, 701, Asa Norte, Brasilia, DF",-15.80024,-47.86838,-15.78407,-47.89045,-15.78402,-47.89042,,,,,2024,2025,,SSL-**49,,
TAXIGOV_DF_3,1360378,Ministério da Saúde,304,DIRETA,GAB/SESAI,,CONCLUÍDA,Reunião,,4.12,4.2,15.99,2024-07-10 14:35:08.923,2024-07-10 14:35:22.483,2024-07-10 14:37:16.113,2024-07-10 14:39:59.070,2024-07-10 14:47:28.530,,"SRTVN, 701",ASA NORTE,BRASILIA,DF,"Ministerio da Saude - Bloco G, Brasilia, DF","Ministerio da Saude - Bloco G, Brasilia, DF",-15.78407,-47.89045,-15.80024,-47.86838,-15.80012,-47.86812,,,,,2023,2023,,SGV-**39,,
TAXIGOV_DF_3,1360372,Ministério das Relações Exteriores,263,DIRETA,SGAD/SG/MRE,,CONCLUÍDA,Reunião,,1.29,1.099,7.76,2024-07-10 14:33:14.190,2024-07-10 14:37:03.213,2024-07-10 14:44:47.937,2024-07-10 14:52:03.493,2024-07-10 14:54:50.757,,"SQN 307 BL. J,",ASA NORTE,BRASILIA,DF,"SQN 105 Bl. E, Asa Norte, Brasilia, Distrito Federal","SQN 105 Bl. E, Asa Norte, Brasilia, Distrito Federal",-15.76717,-47.88863,-15.77178,-47.88352,-15.77211,-47.88415,,,,,,,,SSL-**34,,
TAXIGOV_DF_3,1360368,Presidência da República,26,DIRETA,DGES/GSI/PR,,CONCLUÍDA,Transporte de documentos / materiais,,9.85,9.857,38.22,2024-07-10 14:31:49.157,2024-07-10 14:31:57.280,2024-07-10 14:32:09.860,2024-07-10 15:22:44.177,2024-07-10 15:38:46.667,,"QG DO EXERCITO,",PA 32,BRASILIA,DF,"ANEXO PALACIO PLANALTO, - PA 1","ANEXO PALACIO PLANALTO, - PA 1",-15.77233,-47.91702,-15.79924,-47.85909,-15.79982,-47.8597,,,,,2018,2019,,PBO-**89,,
TAXIGOV_DF_3,1360366,Ministério das Comunicações,264359,DIRETA,DESET/SETEL/MCOM,,CANCELADA,Reunião,,,,7.76,2024-07-10 14:28:34.613,2024-07-10 14:33:46.070,,2024-07-10 14:28:34.613,2024-07-10 14:33:46.070,2024-07-10 14:33:46.070,MINISTERIO DAS COMUNICACOES E DOS TRANSPORTES,PA 2,BRASILIA,DF,"Royal Tulip Brasilia Alvorada, Asa Norte, Brasilia, DF",,-15.79691,-47.86715,-15.78685,-47.829,,,,,,,,,,,,
TAXIGOV_DF_3,1360365,Presidência da República,26,DIRETA,SNPS/SG/PR,,CONCLUÍDA,Reunião,,2.32,2.491,9.0,2024-07-10 14:28:15.247,2024-07-10 14:28:23.493,2024-07-10 14:33:38.607,2024-07-10 14:33:48.487,2024-07-10 14:38:55.557,,PRACA DOS TRES PODERES,PA 1,BRASILIA,DF,"Ministerio do Meio Ambiente, Eixo Monumental, Brasilia, DF","Ministerio do Meio Ambiente, Eixo Monumental, Brasilia, DF",-15.79955,-47.85925,-15.79859,-47.87243,-15.79909,-47.87231,,,,,2023,2023,,SGS-**72,,
TAXIGOV_DF_3,1360360,Ministério da Saúde,304,DIRETA,DECIT,,CONCLUÍDA,Reunião,,4.57,4.66,17.73,2024-07-10 14:26:15.703,2024-07-10 14:26:31.747,2024-07-10 14:30:28.810,2024-07-10 14:31:16.807,2024-07-10 14:39:31.103,,MINISTERIO DA SAUDE - BLOCO G,,BRASILIA,DF,"Centro Internacional de Convencoes do Brasil, SCES Trecho 2, Asa Sul, Brasilia, DF","Centro Internacional de Convencoes do Brasil, SCES Trecho 2, Asa Sul, Brasilia, DF",-15.80024,-47.86838,-15.81568,-47.84475,-15.81539,-47.84507,,,,,2022,2023,,SGR-**00,,
TAXIGOV_DF_3,1360356,Ministério da Saúde,304,DIRETA,GAB/SVS,,CONCLUÍDA,Reunião,,7.44,4.909,28.87,2024-07-10 14:24:33.113,2024-07-10 14:24:48.593,2024-07-10 14:30:09.890,2024-07-10 14:31:16.117,2024-07-10 14:48:43.620,,"SRTVN, 701",ASA NORTE,BRASILIA,DF,"Anexo do Ministerio da Saude, Eixo Monumental, G, Brasilia, DF","Anexo do Ministerio da Saude, Eixo Monumental, G, Brasilia, DF",-15.78407,-47.89045,-15.80181,-47.86856,-15.80178,-47.86848,,,,,2022,2023,,SGO-**74,,
TAXIGOV_DF_3,1360354,Ministério da Saúde,304,DIRETA,CGENG/SAA/SE/MS,,CONCLUÍDA,Reunião,,2.06,2.12,7.99,2024-07-10 14:23:31.707,2024-07-10 14:23:54.417,2024-07-10 14:26:37.450,2024-07-10 14:28:26.500,2024-07-10 14:32:46.157,,ESPLANADA DOS MINISTERIOS,BRASILIA,BRASILIA,DF,"Via N. Dois Leste, Brasilia, Brasilia, DF","Via N. Dois Leste, Brasilia, Brasilia, DF",-15.802,-47.86917,-15.79475,-47.8703,-15.7948,-47.87026,,,,,,,,SGS-**56,,
TAXIGOV_DF_3,1360347,Ministério das Comunicações,264359,DIRETA,CGGM/MCOM,,CANCELADA,Reunião,,,,7.76,2024-07-10 14:21:13.153,2024-07-10 14:39:15.463,,2024-07-10 14:39:15.463,2024-07-10 14:39:19.427,2024-07-10 14:39:19.427,MINISTERIO DAS COMUNICACOES E DOS TRANSPORTES,PA 2,BRASILIA,DF,"Anexo I (Palacio do Planalto   Presidencia da Republica), Praca dos Tres Poderes, Brasilia, Distrito Federal",,-15.79691,-47.86715,-15.79955,-47.85925,,,,,,,2023,2023,,SGV-**21,,
TAXIGOV_DF_3,1360342,Ministério do Desenvolvimento Agrário e Agricultura Familiar,308794,DIRETA,CGEPE / SE / MDA,,CONCLUÍDA,Reunião,,2.24,2.393,8.69,2024-07-10 14:20:21.773,2024-07-10 14:23:06.243,2024-07-10 14:28:31.330,2024-07-10 14:28:50.633,2024-07-10 14:35:34.783,,INSTITUTO NACIONAL DE COLONIZACAO E REFORMA AGRARIA - SEDE,ASA NORTE,BRASILIA,DF,"Ministerio da Economia - Bloco C, Esplanada dos Ministerios, Zona Civico-Administrativa, Brasilia, DF","Ministerio da Economia - Bloco C, Esplanada dos Ministerios, Zona Civico-Administrativa, Brasilia, DF",-15.79089,-47.87956,-15.79906,-47.87167,-15.79923,-47.87145,,,,,,,,REU-**12,,
TAXIGOV_DF_3,1360341,Ministério da Saúde,304,DIRETA,DEGERTS,,CONCLUÍDA,Reunião,,4.08,4.129,15.83,2024-07-10 14:19:30.007,2024-07-10 14:22:36.330,2024-07-10 14:29:13.697,2024-07-10 14:29:46.270,2024-07-10 14:39:29.733,,MINISTERIO DA SAUDE - BLOCO G,,BRASILIA,DF,"PO700 - Ministerio da Saude, SRTVN, 701, Asa Norte, Brasilia, Distrito Federal","PO700 - Ministerio da Saude, SRTVN, 701, Asa Norte, Brasilia, Distrito Federal",-15.80024,-47.86838,-15.78407,-47.89045,-15.78415,-47.89046,,,,,2017,2017,,PAQ-**53,,
TAXIGOV_DF_3,1360335,Ministério da Saúde,304,DIRETA,GAB/SGTES,,CONCLUÍDA,Reunião,,4.11,4.223,15.95,2024-07-10 14:18:46.710,2024-07-10 14:18:54.090,2024-07-10 14:28:48.460,2024-07-10 14:29:30.617,2024-07-10 14:39:50.927,,"SRTVN, 701",ASA NORTE,BRASILIA,DF,"Ministerio da Saude - Bloco G, Brasilia, DF","Ministerio da Saude - Bloco G, Brasilia, DF",-15.78407,-47.89045,-15.80024,-47.86838,-15.80033,-47.86816,,,,,2021,2022,,RMO-**95,,
TAXIGOV_DF_3,1360334,Presidência da República,26,DIRETA,SNPS/SG/PR,,CANCELADA,Reunião,,,,7.76,2024-07-10 14:18:18.637,2024-07-10 14:20:05.693,2024-07-10 14:26:23.120,2024-07-10 14:20:05.693,2024-07-10 14:27:57.510,2024-07-10 14:27:57.510,SEN,ASA NORTE,BRASILIA,DF,"Ministerio do Meio Ambiente, Eixo Monumental, Brasilia, DF",,-15.78274,-47.86835,-15.79859,-47.87243,,,,,,,2024,2024,,SSH-**27,,
TAXIGOV_DF_3,1360333,Ministério da Saúde,304,DIRETA,DECIT,,CONCLUÍDA,Reunião,,4.62,4.656,17.93,2024-07-10 14:18:00.870,2024-07-10 14:22:19.810,2024-07-10 14:23:21.870,2024-07-10 14:23:51.923,2024-07-10 14:30:21.827,,"EMI BLOCO G,",BRASILIA,BRASILIA,DF,"Centro Internacional de Convencoes do Brasil, SCES Trecho 2, Asa Sul, Brasilia, Distrito Federal","Centro Internacional de Convencoes do Brasil, SCES Trecho 2, Asa Sul, Brasilia, Distrito Federal",-15.80026,-47.86806,-15.81569,-47.84475,-15.81542,-47.84519,,,,,2017,2017,,PAQ-**13,,
TAXIGOV_DF_3,1360329,Presidência da República,26,DIRETA,SECOI/SECOM/PR,,CONCLUÍDA,Reunião,,1.4,1.85,7.76,2024-07-10 14:17:37.610,2024-07-10 14:18:07.663,2024-07-10 14:23:52.507,2024-07-10 14:23:52.317,2024-07-10 14:26:19.223,,EM,BRASILIA,BRASILIA,DF,"Bloco D - Esplanada dos Ministerios, Brasilia, DF","Bloco D - Esplanada dos Ministerios, Brasilia, DF",-15.79854,-47.86095,-15.79944,-47.87087,-15.79946,-47.87064,,,,,2023,2023,,SGS-**72,,
TAXIGOV_DF_3,1360328,Ministério da Saúde,304,DIRETA,DECIT,,CANCELADA,Reunião,,,,7.76,2024-07-10 14:17:25.903,2024-07-10 14:17:39.623,2024-07-10 14:25:08.797,2024-07-10 14:17:39.623,2024-07-10 14:26:12.723,2024-07-10 14:26:12.723,"SRTVN, 701",ASA NORTE,BRASILIA,DF,"Centro Internacional de Convencoes do Brasil, SCES Trecho 2, Asa Sul, Brasilia, DF",,-15.78407,-47.89045,-15.81568,-47.84475,,,,,,,,,,SSL-**39,,
TAXIGOV_DF_3,1360326,Ministério do Desenvolvimento Agrário e Agricultura Familiar,308794,DIRETA,CGLOG / SPOA / SE / MDA,,CANCELADA,Reunião,,,,,2024-07-10 14:16:43.920,2024-07-10 14:17:14.270,,2024-07-10 14:17:14.270,2024-07-10 14:17:54.857,2024-07-10 14:17:54.857,MINISTERIO DA AGRICULTURA E PECUARIA,PA 2,BRASILIA,DF,"Instituto Nacional de Colonizacao e Reforma Agraria (INCRA), SBN Qd. 1 Bl. D, Brasilia, Brasilia, DF",,-15.79953,-47.87093,-15.79096,-47.8794,,,,,,,2023,2023,,SGS-**72,,
TAXIGOV_DF_3,1360323,Ministério da Saúde,304,DIRETA,GAB/SVS,,CONCLUÍDA,Reunião,,4.15,4.126,16.1,2024-07-10 14:16:14.460,2024-07-10 14:16:28.870,2024-07-10 14:22:07.127,2024-07-10 14:26:42.883,2024-07-10 14:33:53.840,,SRTVN QUADRA 03,ASA NORTE,BRASILIA,DF,"Ministerio da Saude - Bloco G, Brasilia, DF","Ministerio da Saude - Bloco G, Brasilia, DF",-15.78354,-47.8903,-15.80024,-47.86838,-15.8,-47.86812,,,,,2019,2020,,QUB-**43,,
TAXIGOV_DF_3,1360322,Presidência da República,26,DIRETA,COENGE/DIENP/SA/CC/PR,,CONCLUÍDA,Serviço externo / técnico,,5.52,4.898,21.42,2024-07-10 14:15:32.797,2024-07-10 14:20:40.513,2024-07-10 14:29:27.877,2024-07-10 14:31:45.353,2024-07-10 14:44:24.937,,COENGE - COORDENACAO DE ENGENHARIA,,BRASILIA,DF,"Palacio da Alvorada, Via Palacio Presidencial, Brasilia, DF","SPP, ASA NORTE, BRASILIA - DF, 70150-000, BRASIL",-15.79659,-47.85874,-15.79262,-47.82213,-15.79403,-47.8262,,,,,,,,REL-**24,,
TAXIGOV_DF_3,1360320,Ministério do Desenvolvimento Agrário e Agricultura Familiar,308794,DIRETA,GAB / SFTS / MDA,,CONCLUÍDA,Outros,,2.36,2.435,9.16,2024-07-10 14:15:06.123,2024-07-10 14:15:14.030,2024-07-10 14:16:19.400,2024-07-10 14:20:34.997,2024-07-10 14:25:17.193,,BANCA PALACIO DO DESENVOLVIMENTO,ASA NORTE,BRASILIA,DF,"Ministerio da Agricultura e Pecuaria, Brasilia, DF","Ministerio da Agricultura e Pecuaria, Brasilia, DF",-15.79111,-47.87962,-15.79953,-47.87093,-15.79954,-47.87066,,,,,2023,2023,,SGS-**70,,
TAXIGOV_DF_3,1360319,Ministério da Saúde,304,DIRETA,DECIT,,CONCLUÍDA,Reunião,,8.64,8.728,33.52,2024-07-10 14:14:58.990,2024-07-10 14:15:10.120,2024-07-10 14:20:13.280,2024-07-10 14:21:05.620,2024-07-10 14:35:36.187,,"PO 700, SRTVN QUADRA 03",ASA NORTE,BRASILIA,DF,"Centro Internacional de Convencoes do Brasil, SCES Trecho 2, Asa Sul, Brasilia, Distrito Federal","Centro Internacional de Convencoes do Brasil, SCES Trecho 2, Asa Sul, Brasilia, Distrito Federal",-15.78354,-47.8903,-15.81569,-47.84475,-15.81617,-47.84529,,,,,2018,2018,,QOB-**36,,
TAXIGOV_DF_3,1360316,Presidência da República,26,DIRETA,COENGE/DIENP/SA/CC/PR,,CANCELADA,Reunião,,,,7.76,2024-07-10 14:14:24.360,2024-07-10 14:21:41.877,,2024-07-10 14:14:24.360,2024-07-10 14:21:41.877,2024-07-10 14:21:41.877,COORDENACAO-GERAL DE ENGENHARIA - PRESIDENCIA DA REPUBLICA,,BRASILIA,DF,"Palacio do Jaburu, Lago Paranoa, Brasilia, Distrito Federal",,-15.79659,-47.85874,-15.79632,-47.83277,,,,,,,,,,,,
TAXIGOV_DF_3,1360315,Ministério do Desenvolvimento Agrário e Agricultura Familiar,308794,DIRETA,SAF / MDA,,CONCLUÍDA,Reunião,,2.28,2.338,8.85,2024-07-10 14:13:28.480,2024-07-10 14:13:37.193,2024-07-10 14:16:01.857,2024-07-10 14:16:34.113,2024-07-10 14:22:25.917,,"EDIFICIO PALACIO DO DESENVOLVIMENTO, SBN QD. 1 BL. D",ASA NORTE,BRASILIA,DF,"Ministerio da Economia - Bloco C, Esplanada dos Ministerios, Zona Civico-Administrativa, Brasilia, Distrito Federal","Ministerio da Economia - Bloco C, Esplanada dos Ministerios, Zona Civico-Administrativa, Brasilia, Distrito Federal",-15.79104,-47.87939,-15.79906,-47.87167,-15.79922,-47.87148,,,,,2021,2021,,REN-**75,,
TAXIGOV_DF_ENTIDADES,1360313,Instituto Brasileiro do Meio Ambiente e dos Recursos Naturais Renováveis,1812,INDIRETA,PREVFOGO/IBAMA,,CANCELADA,Outros,,,,7.4,2024-07-10 14:13:02.000,2024-07-10 14:13:12.197,2024-07-10 14:19:40.833,2024-07-10 14:23:12.197,2024-07-10 14:29:55.940,2024-07-10 14:29:55.940,"SIA TRECHO 1 TCHECA 1 CANTEIRO CENTRAL VIA IA 1, 1220",NOVA BRASÍLIA DE ITAPUÃ,BRASÍLIA,DF,"SIA TRECHO 1 TCHECA 1 CANTEIRO CENTRAL VIA IA 1, 1220 - NOVA BRASÍLIA DE ITAPUÃ - BRASÍLIA / DF",,-15.80641,-47.96329,-15.80641,-47.96329,,,,,,ONIX,2023,2024,PRATA,SGW-**05,,
TAXIGOV_DF_ENTIDADES,1360310,Fundação Universidade de Brasília,470,INDIRETA,DGP/DSQVT,,CONCLUÍDA,Reunião,,61.05,27.916,224.66,2024-07-10 14:12:29.283,2024-07-10 14:12:39.370,2024-07-10 14:14:34.447,2024-07-10 14:17:35.147,2024-07-10 15:14:29.720,,"BRASILIA - DF, 70833-520, BRASIL",BRASILIA,BRASILIA,DF,"Fazenda Agua Limpa - UnB, Brasilia, DF","SETOR EXPERIMENTAL UNB, LAGO SUL - DF, BRASIL",-15.76463,-47.86851,-15.94063,-47.94067,-15.94935,-47.93524,,,,COROLLA CROSS,2023,2024,PRATA,SGS-**04,,
TAXIGOV_DF_ENTIDADES,1360307,Instituto do Patrimônio Histórico e Artístico Nacional,2045,INDIRETA,DPI/IPHAN,,CONCLUÍDA,Reunião,,3.82,3.934,14.13,2024-07-10 14:10:58.117,2024-07-10 14:11:07.617,2024-07-10 14:17:41.293,2024-07-10 14:17:55.443,2024-07-10 14:28:59.860,,INSTITUTO DO PATRIMONIO HISTORICO E ARTISTICO NACIONAL - SEDE,ASA SUL,BRASILIA,DF,"Ministerio da Cultura, Eixo Monumental, S/N, Zona Civico-Administrativa, Brasilia, Distrito Federal","Ministerio da Cultura, Eixo Monumental, S/N, Zona Civico-Administrativa, Brasilia, Distrito Federal",-15.79915,-47.89695,-15.79876,-47.87259,-15.79904,-47.87235,,,,VERSA,2018,2018,BRANCA,PBM-**57,,
TAXIGOV_DF_3,1360301,Ministério da Educação,244,DIRETA,SECADI,,CANCELADA,Reunião,,,,7.76,2024-07-10 14:09:09.607,2024-07-10 14:19:54.760,,2024-07-10 14:09:09.607,2024-07-10 14:19:54.760,2024-07-10 14:19:54.760,MINISTERIO DA EDUCACAO,PA 2,BRASILIA,DF,"Ministerio do Meio Ambiente, Eixo Monumental, Brasilia, Distrito Federal",,-15.79501,-47.87305,-15.79859,-47.87243,,,,,,,,,,,,
TAXIGOV_DF_3,1360300,Ministério do Desenvolvimento Agrário e Agricultura Familiar,308794,DIRETA,GAB / SFTS / MDA,,CONCLUÍDA,Reunião,,2.77,3.041,10.75,2024-07-10 14:07:38.483,2024-07-10 14:08:57.790,2024-07-10 14:09:01.840,2024-07-10 14:11:25.387,2024-07-10 14:19:53.530,,ESPLANADA DOS MINISTERIOS,ZONA CIVICO-ADMINISTRATIVA,BRASILIA,DF,"Palacio do Desenvolvimento, Brasilia, DF","Palacio do Desenvolvimento, Brasilia, DF",-15.79906,-47.87167,-15.79075,-47.87953,-15.79117,-47.87958,,,,,2024,2024,,SSH-**27,,
TAXIGOV_DF_3,1360299,Ministério da Saúde,304,DIRETA,DGCI,,CONCLUÍDA,Reunião,,4.17,3.663,16.18,2024-07-10 14:07:33.550,2024-07-10 14:07:43.250,2024-07-10 14:12:55.997,2024-07-10 14:13:40.590,2024-07-10 14:28:34.830,,SRTVN QUADRA 03,BRASILIA,BRASILIA,DF,"SAUS Q.5, Asa Sul, Brasilia, DF","RUA AS, ASA SUL, BRASILIA - DF, 70070-050, BRASIL",-15.78354,-47.8903,-15.80456,-47.88022,-15.80425,-47.88208,,,,,2024,2025,,SSK-**04,,
TAXIGOV_DF_3,1360298,Ministério das Relações Exteriores,263,DIRETA,SGAD/SG/MRE,,CONCLUÍDA,Reunião,,1.13,0.814,7.76,2024-07-10 14:07:33.350,2024-07-10 14:08:43.303,2024-07-10 14:18:05.220,2024-07-10 14:18:18.993,2024-07-10 14:21:00.843,,"SQN 106 BL. E,",ASA NORTE,BRASILIA,DF,"SQN 307 Bl. J, Asa Norte, Brasilia, Distrito Federal","SQN 307 BLOCO G, BLOCO G, ASA NORTE, BRASILIA - DF, 70746-070, BRASIL",-15.77024,-47.88358,-15.76717,-47.88863,-15.76644,-47.8875,,,,,2019,20,,PBY-**66,,
TAXIGOV_DF_ENTIDADES,1360295,Instituto de Pesquisa Econômica Aplicada,7,INDIRETA,GABIN/IPEA,,CONCLUÍDA,Reunião,,4.21,4.026,15.49,2024-07-10 14:06:44.723,2024-07-10 14:50:43.337,2024-07-10 14:59:22.417,2024-07-10 15:04:51.590,2024-07-10 15:16:06.460,,INSTITUTO DE PESQUISA ECONÔMICA APLICADA,ASA SUL,BRASÍLIA,DF,0 - ASA NORTE - BRASÍLIA / DF,"EMI BLOCO C, ASA SUL, BRASILIA - DF, BRASIL",-15.79916,-47.89699,-15.7947,-47.87376,-15.79929,-47.87153,,,,T CROSS,2023,2023,BRANCA,SGS-**70,,
TAXIGOV_DF_ENTIDADES,1360294,Fundação Cultural Palmares,1782,INDIRETA,CGI/FCP/FCP,,CONCLUÍDA,Reunião,,4.48,3.939,14.2,2024-07-10 14:06:12.857,2024-07-10 14:09:51.107,2024-07-10 14:11:20.793,2024-07-10 14:12:10.153,2024-07-10 14:21:47.530,,"JUNTA COMERCIAL, INDUSTRIAL E SERVICOS DO DISTRITO FEDERAL",ASA SUL,BRASILIA,DF,"Fundacao Cultural Palmares - FCP, Asa Norte, Brasilia, DF","Fundacao Cultural Palmares - FCP, Asa Norte, Brasilia, DF",-15.80168,-47.87925,-15.78123,-47.88853,-15.78134,-47.88844,,,,COROLLA,2022,2023,PRETA,RET-**66,,
TAXIGOV_DF_3,1360292,Presidência da República,26,DIRETA,SECOI/SECOM/PR,,CANCELADA,Reunião,,,,7.76,2024-07-10 14:06:02.663,2024-07-10 14:17:12.323,,2024-07-10 14:06:02.663,2024-07-10 14:17:12.323,2024-07-10 14:17:12.323,EM,BRASILIA,BRASILIA,DF,"Bloco D - Esplanada dos Ministerios, Brasilia, DF",,-15.79854,-47.86095,-15.79944,-47.87087,,,,,,,,,,,,
TAXIGOV_DF_3,1360289,Ministério da Saúde,304,DIRETA,DECIT,,CONCLUÍDA,Reunião,,4.13,4.224,16.02,2024-07-10 14:05:35.777,2024-07-10 14:05:45.867,2024-07-10 14:08:52.373,2024-07-10 14:09:22.080,2024-07-10 14:16:04.613,,"SRTVN, 701",ASA NORTE,BRASILIA,DF,"Ministerio da Saude - Bloco G, Brasilia, DF","Ministerio da Saude - Bloco G, Brasilia, DF",-15.78407,-47.89045,-15.80024,-47.86838,-15.80033,-47.86818,,,,,2018,2019,,PBG-**86,,
TAXIGOV_DF_3,1360286,Ministério da Saúde,304,DIRETA,GAB/SGTES,,CONCLUÍDA,Reunião,,2.41,2.45,9.35,2024-07-10 14:04:55.367,2024-07-10 14:05:02.163,2024-07-10 14:15:23.563,2024-07-10 14:17:06.840,2024-07-10 14:24:04.433,,EDIFICIO PARQUE CIDADE CORPORATE,ASA SUL,BRASILIA,DF,"PO 700, SRTVN, Asa Norte, Brasilia, DF","PO 700, SRTVN, Asa Norte, Brasilia, DF",-15.7951,-47.89345,-15.78456,-47.88949,-15.78422,-47.89045,,,,,2021,2022,,RET-**80,,
TAXIGOV_DF_ENTIDADES,1360283,Fundação Universidade de Brasília,470,INDIRETA,DIVGP,16205,CONCLUÍDA,Reunião,,5.89,6.266,22.62,2024-07-10 14:04:13.570,2024-07-10 14:04:25.610,2024-07-10 14:08:51.503,2024-07-10 14:09:16.473,2024-07-10 14:19:18.390,,"FORO TRABALHISTA DE BRASILIA, SEPN, 513",ASA NORTE,BRASILIA,DF,"HUB Hospital Universitario de Brasilia - Pediatria, Asa Norte, Brasilia, Distrito Federal","SGAN 604, ASA NORTE, BRASILIA - DF, 70830-150, BRASIL",-15.7495,-47.89527,-15.77182,-47.87393,-15.77289,-47.87426,,,,CITY,2022,2022,PRATA,REU-**12,,
TAXIGOV_DF_3,1360282,Ministério do Desenvolvimento Agrário e Agricultura Familiar,308794,DIRETA,CGLOG / SPOA / SE / MDA,,CONCLUÍDA,Reunião,,2.58,2.615,10.01,2024-07-10 14:04:08.160,2024-07-10 14:16:59.400,2024-07-10 14:17:56.380,2024-07-10 14:18:21.237,2024-07-10 14:27:10.593,,"ESPLANADA DOS MINISTERIOS, BL. D",ASA SUL,BRASILIA,DF,"Instituto Nacional de Colonizacao e Reforma Agraria - Sede, Asa Norte, Brasilia, DF","Instituto Nacional de Colonizacao e Reforma Agraria - Sede, Asa Norte, Brasilia, DF",-15.79961,-47.87095,-15.79089,-47.87956,-15.79117,-47.87959,,,,,2024,2024,,SSK-**66,,
TAXIGOV_DF_3,1360281,Ministério do Desenvolvimento Agrário e Agricultura Familiar,308794,DIRETA,CGTI / SPOA / SE / MDA,,CONCLUÍDA,Reunião,,2.67,2.56,10.36,2024-07-10 14:03:58.690,2024-07-10 14:04:33.070,2024-07-10 14:06:00.200,2024-07-10 14:06:18.717,2024-07-10 14:14:47.797,,EMI BLOCO D,ASA SUL,BRASILIA,DF,"Banca Palacio do Desenvolvimento, Asa Norte, Brasilia, DF","Banca Palacio do Desenvolvimento, Asa Norte, Brasilia, DF",-15.79962,-47.8707,-15.79111,-47.87962,-15.79123,-47.8794,,,,,2023,2023,,SGS-**70,,
TAXIGOV_DF_3,1360278,Ministério do Desenvolvimento Agrário e Agricultura Familiar,308794,DIRETA,CGLOG / SPOA / SE / MDA,,CANCELADA,Reunião,,,,7.76,2024-07-10 14:03:21.750,2024-07-10 14:17:10.433,2024-07-10 14:28:01.123,2024-07-10 14:17:10.433,2024-07-10 14:35:10.010,2024-07-10 14:35:10.010,"ESPLANADA DOS MINISTERIOS, BL. D",ASA SUL,BRASILIA,DF,"Instituto Nacional de Colonizacao e Reforma Agraria - Sede, Asa Norte, Brasilia, DF",,-15.79961,-47.87095,-15.79089,-47.87956,,,,,,,2024,2025,,SSL-**49,,
TAXIGOV_DF_3,1360276,Ministério da Saúde,304,DIRETA,DATASUS,,CONCLUÍDA,Reunião,,32.74,32.944,127.03,2024-07-10 14:02:54.383,2024-07-10 14:03:01.923,2024-07-10 14:04:45.237,2024-07-10 14:05:06.043,2024-07-10 14:45:02.437,,"SRTVN, 701",ASA NORTE,BRASILIA,DF,"CASAI Brasilia, Brasilia, DF","CASAI Brasilia, Brasilia, DF",-15.78407,-47.89045,-15.74319,-47.71326,-15.74317,-47.71378,,,,,2023,2024,,SGW-**21,,
TAXIGOV_DF_3,1360271,Ministério das Comunicações,264359,DIRETA,CGGM/MCOM,,CANCELADA,Reunião,,,,7.76,2024-07-10 14:01:55.887,2024-07-10 14:07:50.860,,2024-07-10 14:01:55.887,2024-07-10 14:07:50.860,2024-07-10 14:07:50.860,MINISTERIO DAS COMUNICACOES E DOS TRANSPORTES,ASA SUL,BRASILIA,DF,"Royal Tulip Brasilia Alvorada, Asa Norte, Brasilia, Distrito Federal",,-15.79691,-47.86715,-15.78685,-47.829,,,,,,,,,,,,
TAXIGOV_DF_3,1360269,Ministério da Educação,244,DIRETA,SEXEC/MEC,,CANCELADA,Reunião,,,,7.76,2024-07-10 14:00:33.267,2024-07-10 14:10:16.270,,2024-07-10 14:00:33.267,2024-07-10 14:10:16.270,2024-07-10 14:10:16.270,"ESPLANADA DOS MINISTERIOS, BL. L",ASA NORTE,BRASILIA,DF,"Palacio do Planalto, Brasilia, DF",,-15.7949,-47.87322,-15.79905,-47.86077,,,,,,,,,,,,
TAXIGOV_DF_3,1360265,Ministério do Desenvolvimento Agrário e Agricultura Familiar,308794,DIRETA,CGTI / SPOA / SE / MDA,,CONCLUÍDA,Reunião,,3.04,2.025,11.8,2024-07-10 13:59:21.340,2024-07-10 14:02:08.410,2024-07-10 14:02:53.703,2024-07-10 14:02:54.030,2024-07-10 14:03:16.437,,EMI BLOCO D,ASA SUL,BRASILIA,DF,"Palacio do Desenvolvimento, Brasilia, DF","VIA N. UM LESTE, ASA SUL, BRASILIA - DF, BRASIL",-15.79991,-47.8708,-15.79075,-47.87953,-15.79984,-47.85841,,,,,2018,2019,,PBK-**99,,
TAXIGOV_DF_3,1360262,Presidência da República,26,DIRETA,SNPS/SG/PR,,CANCELADA,Reunião,,,,,2024-07-10 13:57:36.747,2024-07-10 14:02:07.100,,2024-07-10 14:02:07.100,2024-07-10 14:02:11.950,2024-07-10 14:02:11.950,ANEXO III DO PALACIO DO PLANALTO,ASA SUL,BRASILIA,DF,"Ministerio do Meio Ambiente, Eixo Monumental, Brasilia, Distrito Federal",,-15.799,-47.85901,-15.79859,-47.87243,,,,,,,,,,PBU-**52,,
TAXIGOV_DF_3,1360260,Ministério da Saúde,304,DIRETA,ASCER/GM/MS,,CONCLUÍDA,Reunião,,4.98,,19.32,2024-07-10 13:57:22.147,2024-07-10 13:58:26.433,2024-07-10 14:01:20.590,2024-07-10 14:01:32.393,2024-07-10 14:09:58.390,,MINISTERIO DA SAUDE - BLOCO G,,BRASILIA,DF,"Instituto Serzedello Correa, SCES Trecho 3 Polo 8, 4, Brasilia, DF","Instituto Serzedello Correa, SCES Trecho 3 Polo 8, 4, Brasilia, DF",-15.80024,-47.86838,-15.80607,-47.84357,,,5.0,,,,2021,2022,,REQ-**58,,
TAXIGOV_DF_3,1360258,Presidência da República,26,DIRETA,DGES/GSI/PR,,CONCLUÍDA,Transporte de documentos / materiais,,10.07,9.422,39.07,2024-07-10 13:56:37.910,2024-07-10 13:59:53.340,2024-07-10 14:05:23.410,2024-07-10 14:06:26.047,2024-07-10 14:28:15.790,,BRASILIA,BRASILIA,BRASILIA,DF,"QGEx Portaria Norte, Brasilia, DF","QGEx Portaria Norte, Brasilia, DF",-15.79944,-47.85939,-15.77236,-47.91702,-15.77214,-47.91671,,,,,2018,2019,,PBO-**89,,
TAXIGOV_DF_ENTIDADES,1360257,Fundação Cultural Palmares,1782,INDIRETA,CGI/FCP/FCP,,CANCELADA,Reunião,,,,,2024-07-10 13:56:25.520,2024-07-10 13:57:03.490,,2024-07-10 13:57:03.490,2024-07-10 13:59:47.993,2024-07-10 13:59:47.993,FUNDACAO CULTURAL PALMARES - FCP,ASA NORTE,BRASILIA,DF,"Junta Comercial, Industrial e Servicos do Distrito Federal, Asa Sul, Brasilia, DF",,-15.78123,-47.88853,-15.80168,-47.87925,,,,,,VIRTUS,2023,2024,PRETA,SGW-**21,,
TAXIGOV_DF_3,1360254,Ministério do Desenvolvimento Agrário e Agricultura Familiar,308794,DIRETA,CGLOG / SPOA / SE / MDA,,CONCLUÍDA,Reunião,,13.72,12.972,53.23,2024-07-10 13:55:04.833,2024-07-10 14:01:23.170,2024-07-10 14:07:19.527,2024-07-10 14:10:13.303,2024-07-10 14:35:03.303,,MINISTERIO DA AGRICULTURA E PECUARIA,,BRASILIA,DF,"Enagro - Escola Nacional de Gestao Agropecuaria, Brasilia, Distrito Federal","SIA, SIA, GUARA - DF, 71205-060, BRASIL",-15.79954,-47.87093,-15.80316,-47.94975,-15.80213,-47.9502,,,,,2023,2024,,SSG-**88,,
TAXIGOV_DF_3,1360248,Ministério da Educação,244,DIRETA,SECADI,,CONCLUÍDA,Reunião,,8.16,9.56,31.66,2024-07-10 13:53:47.490,2024-07-10 13:54:45.260,2024-07-10 13:57:28.710,2024-07-10 13:59:35.077,2024-07-10 14:13:29.193,,"MINISTERIO DA EDUCACAO (MEC), ESPLANADA DOS MINISTERIOS, BL. L",ZONA CIVICOADMINISTRATIVA,BRASILIA,DF,"Escola Nacional de Administracao Publica - Enap, Asa Sul, Brasilia, Distrito Federal","Escola Nacional de Administracao Publica - Enap, Asa Sul, Brasilia, Distrito Federal",-15.7949,-47.87322,-15.83033,-47.93057,-15.83081,-47.93082,,,,,2023,2024,,SGV-**61,,
TAXIGOV_DF_ENTIDADES,1360247,Fundação Cultural Palmares,1782,INDIRETA,CGI/FCP/FCP,,CANCELADA,Reunião,,,,,2024-07-10 13:53:08.480,2024-07-10 13:55:03.877,,2024-07-10 13:55:03.877,2024-07-10 13:55:12.907,2024-07-10 13:55:12.907,"SAUS Q. 2, LT. 1A, SUBSOLO",BRASILIA,BRASILIA,DF,"Fundacao Cultural Palmares - FCP, Asa Norte, Brasilia, DF",,-15.80123,-47.87919,-15.78123,-47.88853,,,,,,SIENA,2018,2019,PRATA,PBO-**89,,
TAXIGOV_DF_3,1360246,Ministério da Saúde,304,DIRETA,CPROJ/SESAI,,CONCLUÍDA,Reunião,,4.65,3.37,18.04,2024-07-10 13:51:17.980,2024-07-10 13:51:28.950,2024-07-10 13:56:21.113,2024-07-10 13:57:02.310,2024-07-10 14:07:57.640,,VIA W 5 NORTE,ASA NORTE,BRASILIA,DF,"Organizacao Mundial da Saude, SEN, Asa Norte, Brasilia, DF","SEN, ASA NORTE, BRASILIA - DF, 70800-400, BRASIL",-15.78364,-47.89034,-15.78274,-47.86835,-15.78799,-47.87029,,,,,2023,2023,,SGS-**72,,
TAXIGOV_DF_3,1360239,Ministério da Saúde,304,DIRETA,DGIP/SE,,CONCLUÍDA,Reunião,,4.31,4.056,16.72,2024-07-10 13:49:18.370,2024-07-10 13:53:23.650,2024-07-10 13:58:28.647,2024-07-10 13:58:33.720,2024-07-10 14:06:53.310,,MINISTERIO DA SAUDE - BLOCO G,,BRASILIA,DF,"PO700 - Ministerio da Saude, Asa Norte, Brasilia, Distrito Federal","PO700 - Ministerio da Saude, Asa Norte, Brasilia, Distrito Federal",-15.80024,-47.86838,-15.78406,-47.89043,-15.78341,-47.89025,,,,,2018,2019,,PBK-**34,,
TAXIGOV_DF_3,1360234,Ministério das Comunicações,264359,DIRETA,DEIRF/MCOM,,CANCELADA,Reunião,,,,7.76,2024-07-10 13:48:20.390,2024-07-10 13:53:43.140,,2024-07-10 13:48:20.390,2024-07-10 13:53:43.140,2024-07-10 13:53:43.140,"MINISTERIO DAS COMUNICACOES, ESPLANADA DOS MINISTERIOS, BL. R",ZONA CIVICOADMINISTRATIVA,BRASILIA,DF,"Royal Tulip Brasilia Alvorada, SHTN Tr. 1 Conj. 1B Bl. C, BRASILIA, DF",,-15.79672,-47.86725,-15.78759,-47.82914,,,,,,,,,,,,
TAXIGOV_DF_3,1360233,Ministério do Desenvolvimento Agrário e Agricultura Familiar,308794,DIRETA,CGTI / SPOA / SE / MDA,,CANCELADA,Reunião,,,,7.76,2024-07-10 13:48:01.787,2024-07-10 13:54:33.363,,2024-07-10 13:48:01.787,2024-07-10 13:54:33.363,2024-07-10 13:54:33.363,EMI BLOCO D,ASA SUL,BRASILIA,DF,"Palacio do Desenvolvimento, Brasilia, DF",,-15.79962,-47.87079,-15.79075,-47.87953,,,,,,,,,,,,
TAXIGOV_DF_3,1360230,Ministério das Comunicações,264359,DIRETA,CGGM/MCOM,,CANCELADA,Reunião,,,,7.76,2024-07-10 13:47:52.037,2024-07-10 14:07:12.283,,2024-07-10 14:17:12.283,2024-07-10 14:07:24.003,2024-07-10 14:07:24.003,0,ASA NORTE,BRASÍLIA,DF,PALÁCIO DO PLANALTO - BRASÍLIA / DF,,-15.79703,-47.86716,-15.79905,-47.86077,,,,,,,,,,,,
TAXIGOV_DF_3,1360227,Ministério da Saúde,304,DIRETA,DAPSI,,CONCLUÍDA,Reunião,,4.19,4.117,16.26,2024-07-10 13:46:08.273,2024-07-10 13:46:30.840,2024-07-10 13:47:57.163,2024-07-10 13:50:36.917,2024-07-10 13:58:19.160,,MINISTERIO DA SAUDE - BLOCO G,,BRASILIA,DF,"PO 700, SRTVN, Asa Norte, Brasilia, Distrito Federal","PO 700, SRTVN, Asa Norte, Brasilia, Distrito Federal",-15.80024,-47.86838,-15.78456,-47.88949,-15.78404,-47.89043,,,,,2023,2023,,SGS-**24,,
TAXIGOV_DF_3,1360224,Ministério do Desenvolvimento Agrário e Agricultura Familiar,308794,DIRETA,CGLOG / SPOA / SE / MDA,,CONCLUÍDA,Reunião,,3.21,2.569,12.45,2024-07-10 13:45:14.930,2024-07-10 13:47:25.190,2024-07-10 13:49:23.317,2024-07-10 13:49:39.407,2024-07-10 13:56:41.637,,EMI BLOCO C,ASA SUL,BRASILIA,DF,"Palacio do Desenvolvimento, Brasilia, DF","Palacio do Desenvolvimento, Brasilia, DF",-15.79939,-47.87148,-15.79075,-47.87953,-15.79118,-47.8796,,,,,2023,2023,,SGU-**46,,
TAXIGOV_DF_3,1360221,Ministério do Desenvolvimento Agrário e Agricultura Familiar,308794,DIRETA,CGLOG / SPOA / SE / MDA,,CONCLUÍDA,Reunião,,4.7,4.794,18.24,2024-07-10 13:44:32.993,2024-07-10 13:46:12.360,2024-07-10 13:46:17.390,2024-07-10 13:50:28.723,2024-07-10 14:01:45.950,,MINISTERIO DA AGRICULTURA E PECUARIA,,BRASILIA,DF,"Companhia Nacional de Abastecimento, Asa Sul, Brasilia, DF","SGAS 901, ASA SUL, BRASILIA - DF, 70390-010, BRASIL",-15.79953,-47.87093,-15.79506,-47.89736,-15.79569,-47.89642,,,,,2017,2017,,PAQ-**53,,
TAXIGOV_DF_3,1360218,Ministério do Desenvolvimento Agrário e Agricultura Familiar,308794,DIRETA,SETEQ / MDA,,CONCLUÍDA,Reunião,,3.53,3.602,13.7,2024-07-10 13:43:57.997,2024-07-10 13:44:10.457,2024-07-10 13:48:22.910,2024-07-10 13:50:11.113,2024-07-10 13:57:41.880,,BANCA PALACIO DO DESENVOLVIMENTO,ASA NORTE,BRASILIA,DF,"STJ - Portaria Adm (golf 3), Brasilia, Distrito Federal","STJ - Portaria Adm (golf 3), Brasilia, Distrito Federal",-15.79111,-47.87962,-15.80699,-47.8668,-15.80676,-47.86673,,,,,2021,2022,,REQ-**58,,
TAXIGOV_DF_3,1360214,Ministério da Saúde,304,DIRETA,DECOOP,,CONCLUÍDA,Reunião,,12.02,10.701,46.64,2024-07-10 13:43:20.143,2024-07-10 13:44:17.910,2024-07-10 13:50:33.420,2024-07-10 13:53:08.100,2024-07-10 14:10:53.233,,EMI BLOCO F,ASA SUL,BRASILIA,DF,"Escola Nacional de Administracao Publica - Enap, Asa Sul, Brasilia, DF","Escola Nacional de Administracao Publica - Enap, Asa Sul, Brasilia, DF",-15.80079,-47.86919,-15.83033,-47.93057,-15.83027,-47.9313,,,,,2017,2017,,PAQ-**13,,
TAXIGOV_DF_3,1360202,Ministério da Saúde,304,DIRETA,DEDT,,CONCLUÍDA,Reunião,,4.18,4.126,16.22,2024-07-10 13:41:10.560,2024-07-10 13:41:32.240,2024-07-10 13:43:53.063,2024-07-10 13:43:53.003,2024-07-10 13:54:38.900,,MINISTERIO DA SAUDE - BLOCO G,,BRASILIA,DF,"PO 700, SRTVN, Asa Norte, Brasilia, DF","PO 700, SRTVN, Asa Norte, Brasilia, DF",-15.80024,-47.86838,-15.78456,-47.88949,-15.78412,-47.89045,,,,,2024,2025,,SSL-**49,,
TAXIGOV_DF_3,1360198,Ministério da Saúde,304,DIRETA,CGIAD,,CONCLUÍDA,Reunião,,4.4,4.507,17.07,2024-07-10 13:38:43.670,2024-07-10 13:42:28.157,2024-07-10 13:43:33.247,2024-07-10 13:44:57.020,2024-07-10 13:50:53.407,,UNB CAMPUS DARCY RIBEIRO,ASA NORTE,BRASILIA,DF,"Ministerio da Saude - Bloco G, Brasilia, DF","Ministerio da Saude - Bloco G, Brasilia, DF",-15.77316,-47.87096,-15.80024,-47.86838,-15.80031,-47.86822,,,,,2022,2022,,REU-**98,,
TAXIGOV_DF_3,1360191,Ministério da Saúde,304,DIRETA,DECOOP,,CONCLUÍDA,Reunião,,13.17,10.724,51.1,2024-07-10 13:36:28.243,2024-07-10 13:37:38.593,2024-07-10 13:41:40.863,2024-07-10 13:42:13.030,2024-07-10 13:58:08.543,,MINISTERIO DA SAUDE - BLOCO G,,BRASILIA,DF,"Escola Nacional de Administracao Publica - Enap, Asa Sul, Brasilia, Distrito Federal","Escola Nacional de Administracao Publica - Enap, Asa Sul, Brasilia, Distrito Federal",-15.80024,-47.86838,-15.83033,-47.93057,-15.83025,-47.93131,,,,,2023,2023,,SGV-**21,,
TAXIGOV_DF_3,1360189,Ministério da Saúde,304,DIRETA,DECOOP,,CONCLUÍDA,Reunião,,12.97,10.444,50.32,2024-07-10 13:36:23.270,2024-07-10 13:36:31.113,2024-07-10 13:37:29.923,2024-07-10 13:42:42.217,2024-07-10 13:57:03.860,,"MINISTERIO DA SAUDE (MS), ESPLANADA DOS MINISTERIOS, BL. G",ZONA CIVICOADMINISTRATIVA,BRASILIA,DF,"Escola Nacional de Administracao Publica - Enap, Asa Sul, Brasilia, Distrito Federal","Escola Nacional de Administracao Publica - Enap, Asa Sul, Brasilia, Distrito Federal",-15.80055,-47.86855,-15.83033,-47.93057,-15.83136,-47.93084,,,,,2022,2023,,SGR-**08,,
TAXIGOV_DF_ENTIDADES,1360187,Fundo Nacional de Desenvolvimento da Educação,253,INDIRETA,COGID/FNDE,,CONCLUÍDA,Reunião,,10.01,9.82,37.04,2024-07-10 13:34:31.603,2024-07-10 13:34:40.170,2024-07-10 13:37:53.073,2024-07-10 13:42:56.767,2024-07-10 13:59:04.090,,"SBS QD. 2, BL. F",BRASILIA,BRASILIA,DF,"Mec - Fnde Deposito / Arquivo, SAAN Quadra 1, Brasilia, DF","Mec - Fnde Deposito / Arquivo, SAAN Quadra 1, Brasilia, DF",-15.80104,-47.88336,-15.7674,-47.93933,-15.76741,-47.93919,5.0,,,SPIN ACT,2022,2023,PRATA,SGR-**00,,
TAXIGOV_DF_3,1360181,Ministério da Saúde,304,DIRETA,SECNS/CNS/MS,,CONCLUÍDA,Reunião,,7.42,7.543,28.79,2024-07-10 13:32:02.353,2024-07-10 13:32:37.747,2024-07-10 13:36:27.090,2024-07-10 13:38:43.550,2024-07-10 13:57:51.550,,CLN 315 BLOCO A,BRASILIA,BRASILIA,DF,"Organizacao Mundial da Saude, SEN, Asa Norte, Brasilia, DF","Organizacao Mundial da Saude, SEN, Asa Norte, Brasilia, DF",-15.74363,-47.89436,-15.78274,-47.86835,-15.78298,-47.86832,,,,,2022,2023,,SGP-**69,,
TAXIGOV_DF_3,1360178,Ministério da Saúde,304,DIRETA,DGAP,,CONCLUÍDA,Reunião,,4.14,4.251,16.06,2024-07-10 13:31:37.817,2024-07-10 13:32:41.640,2024-07-10 13:35:55.967,2024-07-10 13:36:41.740,2024-07-10 13:42:11.860,,ESPLANADA DOS MINISTERIOS,ASA SUL,BRASILIA,DF,"Fundacao Oswaldo Cruz (FIOCRUZ), UnB Campus Darcy Ribeiro, Asa Norte, Brasilia, DF","Fundacao Oswaldo Cruz (FIOCRUZ), UnB Campus Darcy Ribeiro, Asa Norte, Brasilia, DF",-15.802,-47.86917,-15.77112,-47.87152,-15.77141,-47.87077,,,,,2022,2022,,REU-**98,,
TAXIGOV_DF_3,1360177,Ministério das Comunicações,264359,DIRETA,GSTEL/MCOM,,CONCLUÍDA,Reunião,,80.62,80.935,312.81,2024-07-10 13:31:09.543,2024-07-10 13:31:18.290,2024-07-10 13:39:13.567,2024-07-10 13:41:42.813,2024-07-10 14:44:49.457,,"LA  PALMA, AVENIDA CIRCULAR, 220",FORMOSINHA,FORMOSA,GO,"Ministerio das Comunicacoes, Brasilia, Distrito Federal","Ministerio das Comunicacoes, Brasilia, Distrito Federal",-15.55437,-47.32139,-15.79688,-47.86721,-15.79687,-47.86711,,,,,2018,2018,,PBJ-**32,,
TAXIGOV_DF_3,1360171,Ministério das Comunicações,264359,DIRETA,CGCE/MCOM,,CANCELADA,Reunião,,,,,2024-07-10 13:29:06.687,2024-07-10 13:31:10.240,,2024-07-10 13:31:10.240,2024-07-10 13:31:12.800,2024-07-10 13:31:12.800,"MINISTERIO DAS COMUNICACOES, ESPLANADA DOS MINISTERIOS, BL. R",ZONA CIVICOADMINISTRATIVA,BRASILIA,DF,"Royal Tulip Brasilia Alvorada, Asa Norte, Brasilia, Distrito Federal",,-15.79672,-47.86725,-15.78685,-47.829,,,,,,,2021,2021,,REN-**75,,
TAXIGOV_DF_3,1360162,Ministério da Saúde,304,DIRETA,ASPAR/GM/MS,,CONCLUÍDA,Reunião,,4.31,3.315,16.72,2024-07-10 13:26:42.387,2024-07-10 13:32:21.447,2024-07-10 13:36:28.813,2024-07-10 13:36:50.457,2024-07-10 13:48:23.060,,"MINISTERIO DA SAUDE (MS), ESPLANADA DOS MINISTERIOS, BL. G",ZONA CIVICOADMINISTRATIVA,BRASILIA,DF,"Esplanada Brasilia Hotel e Eventos, Asa Sul, Brasilia, Distrito Federal","Esplanada Brasilia Hotel e Eventos, Asa Sul, Brasilia, Distrito Federal",-15.80055,-47.86855,-15.79465,-47.88951,-15.79469,-47.88963,,,,,2021,2022,,RET-**80,,
TAXIGOV_DF_3,1360161,Ministério do Turismo,72084,DIRETA,CAMP/SPOA/SE,,CANCELADA,Reunião,,,,7.76,2024-07-10 13:24:25.167,2024-07-10 13:29:50.240,,2024-07-10 13:24:25.167,2024-07-10 13:29:50.240,2024-07-10 13:29:50.240,EM BLOCO U,ASA NORTE,BRASILIA,DF,"Condominio Edificio Palacio do Radio II, Asa Sul, Brasilia, DF",,-15.79671,-47.86787,-15.79824,-47.8931,,,,,,,,,,,,
TAXIGOV_DF_3,1360160,Ministério da Educação,244,DIRETA,SECADI,,CONCLUÍDA,Reunião,,2.83,1.084,10.98,2024-07-10 13:23:59.280,2024-07-10 13:24:08.780,2024-07-10 13:29:18.780,2024-07-10 13:30:14.920,2024-07-10 13:30:50.663,,"RUA SAUN,",BRASILIA,BRASILIA,DF,"Senado Federal, Praca dos Tres Poderes, s/n, Brasilia, Distrito Federal","VIA N. DOIS LESTE, ASA NORTE, BRASILIA - DF, BRASIL",-15.79034,-47.87405,-15.79929,-47.86407,-15.79401,-47.87261,,,,,2021,2021,,REN-**75,,
TAXIGOV_DF_3,1360158,Ministério da Saúde,304,DIRETA,GAB/SGTES,,CONCLUÍDA,Reunião,,4.18,4.17,16.22,2024-07-10 13:23:25.823,2024-07-10 13:23:36.267,2024-07-10 13:26:56.533,2024-07-10 13:27:43.447,2024-07-10 13:35:41.557,,VIA W 5 NORTE,ASA NORTE,BRASILIA,DF,"Ministerio da Saude - Bloco G, Brasilia, DF","Ministerio da Saude - Bloco G, Brasilia, DF",-15.78364,-47.89034,-15.80024,-47.86838,-15.80029,-47.86816,,,,,2022,2023,,SGR-**08,,
TAXIGOV_DF_3,1360155,Ministério da Saúde,304,DIRETA,CGSAT/DSASTE/SVS/MS,,CONCLUÍDA,Reunião,,3.7,4.152,14.36,2024-07-10 13:22:24.120,2024-07-10 13:23:02.167,2024-07-10 13:30:36.973,2024-07-10 13:32:00.290,2024-07-10 13:42:10.490,,SRTVN,ASA NORTE,BRASILIA,DF,"Organizacao Mundial da Saude, SEN, Asa Norte, Brasilia, DF","Organizacao Mundial da Saude, SEN, Asa Norte, Brasilia, DF",-15.78456,-47.88949,-15.78274,-47.86835,-15.78319,-47.86832,,,,,2023,2023,,SGV-**39,,
TAXIGOV_DF_3,1360153,Ministério do Turismo,72084,DIRETA,CGRL/MTur,,CANCELADA,Reunião,,,,7.76,2024-07-10 13:21:40.780,2024-07-10 13:27:24.053,2024-07-10 13:29:04.650,2024-07-10 13:27:24.053,2024-07-10 13:33:10.860,2024-07-10 13:33:10.860,MINISTERIO DE MINAS E ENERGIA - BLOCO U,,BRASILIA,DF,- ASA SUL - BRASILIA,,-15.79648,-47.86802,-15.79824,-47.8931,,,,,,,2018,2019,,PBK-**34,,
TAXIGOV_DF_3,1360151,Ministério das Relações Exteriores,263,DIRETA,SGAD/SG/MRE,,CONCLUÍDA,Reunião,,6.64,4.7,25.76,2024-07-10 13:21:20.203,2024-07-10 13:22:58.350,2024-07-10 13:26:18.907,2024-07-10 13:27:56.513,2024-07-10 13:40:49.953,,BANCO DO BRASIL - ITAMARATY - AGENCIA 1503,,BRASILIA,DF,"SQN 106 Bl. E, Asa Norte, Brasilia, Distrito Federal","SQN 304, ASA NORTE, BRASILIA - DF, 70736-010, BRASIL",-15.80101,-47.86792,-15.77024,-47.88358,-15.77666,-47.88478,,,,,2024,2024,,SSH-**60,,
TAXIGOV_DF_3,1360150,Ministério da Saúde,304,DIRETA,GAB/SAPS,,CONCLUÍDA,Reunião,,5.04,5.305,19.56,2024-07-10 13:21:12.987,2024-07-10 13:26:48.500,2024-07-10 13:26:54.160,2024-07-10 13:29:01.697,2024-07-10 13:36:24.580,,"MINISTERIO DA SAUDE (MS), ESPLANADA DOS MINISTERIOS, BL. G",ZONA CIVICOADMINISTRATIVA,BRASILIA,DF,"Instituto Serzedello Correa, SCES Trecho 3 Polo 8, 4, Brasilia, Distrito Federal","Instituto Serzedello Correa, SCES Trecho 3 Polo 8, 4, Brasilia, Distrito Federal",-15.80055,-47.86855,-15.80607,-47.84357,-15.80608,-47.84302,,,,,2017,2017,,PAQ-**13,,
TAXIGOV_DF_3,1360146,Ministério das Relações Exteriores,263,DIRETA,SGAD/SG/MRE,,CANCELADA,Reunião,,,,,2024-07-10 13:19:18.977,2024-07-10 13:21:07.003,,2024-07-10 13:21:07.003,2024-07-10 13:21:10.177,2024-07-10 13:21:10.177,BANCO DO BRASIL - ITAMARATY - AGENCIA 1503,,BRASILIA,DF,"SQN 106 Bl. E, Asa Norte, Brasilia, Distrito Federal",,-15.80101,-47.86792,-15.77024,-47.88358,,,,,,,2024,2025,,SSL-**49,,
TAXIGOV_DF_3,1360128,Presidência da República,26,DIRETA,SNJ/SG/PR,,CONCLUÍDA,Reunião,,13.84,11.319,53.7,2024-07-10 13:13:49.150,2024-07-10 13:16:07.813,2024-07-10 13:20:32.187,2024-07-10 13:21:19.677,2024-07-10 13:34:37.913,,ESCOLA NACIONAL DE ADMINISTRACAO PUBLICA - ENAP,ASA SUL,BRASILIA,DF,"Anexo I (Palacio do Planalto   Presidencia da Republica), Praca dos Tres Poderes, Brasilia, Distrito Federal","Anexo I (Palacio do Planalto   Presidencia da Republica), Praca dos Tres Poderes, Brasilia, Distrito Federal",-15.83033,-47.93057,-15.79955,-47.85925,-15.79978,-47.8593,,,,,2024,2024,,SSH-**13,,
TAXIGOV_DF_3,1360123,Ministério das Comunicações,264359,DIRETA,CGCE/MCOM,,CANCELADA,Reunião,,,,7.76,2024-07-10 13:12:33.130,2024-07-10 13:23:02.660,,2024-07-10 13:12:33.130,2024-07-10 13:23:02.660,2024-07-10 13:23:02.660,"MINISTERIO DAS COMUNICACOES, ESPLANADA DOS MINISTERIOS, BL. R",ZONA CIVICOADMINISTRATIVA,BRASILIA,DF,"Royal Tulip Brasilia Alvorada, Asa Norte, Brasilia, Distrito Federal",,-15.79672,-47.86725,-15.78685,-47.829,,,,,,,,,,,,
TAXIGOV_DF_3,1360119,Ministério da Educação,244,DIRETA,GPIS/DAF/SETEC,,CANCELADA,Reunião,,,,,2024-07-10 13:11:52.923,2024-07-10 13:12:41.583,,2024-07-10 13:12:41.583,2024-07-10 13:16:15.737,2024-07-10 13:16:15.737,CONIF,ASA SUL,BRASILIA,DF,"Em Bloco L, Brasilia, Brasilia, DF",,-15.79685,-47.8865,-15.79487,-47.87299,,,,,,,2023,2024,,SSF-**67,,
TAXIGOV_DF_3,1360113,Presidência da República,26,DIRETA,CONJUR/SECOM/PR,,CONCLUÍDA,Reunião,,3.08,2.324,11.95,2024-07-10 13:07:40.517,2024-07-10 13:08:03.437,2024-07-10 13:12:18.450,2024-07-10 13:12:53.687,2024-07-10 13:22:44.230,,PRACA DOS TRES PODERES,,BRASILIA,DF,"Ministerio dos Transportes - Anexo A e B, Eixo Monumental, Brasilia, DF","VIA S. DOIS OESTE, ASA SUL, BRASILIA - DF, BRASIL",-15.79955,-47.85925,-15.79543,-47.86689,-15.80204,-47.86575,,,,,2024,2024,,SSH-**60,,
TAXIGOV_DF_3,1360110,Ministério da Saúde,304,DIRETA,DESF/SAPS/MS,,CANCELADA,Reunião,,,,,2024-07-10 13:06:39.987,2024-07-10 13:11:01.077,,2024-07-10 13:11:01.077,2024-07-10 13:11:01.843,2024-07-10 13:11:01.843,FUNDACAO OSWALDO CRUZ - DISTRITO FEDERAL,,BRASILIA,DF,"Anexo do Ministerio da Saude, Eixo Monumental, G, Brasilia, DF",,-15.77097,-47.87113,-15.80181,-47.86856,,,,,,,2019,2020,,QXG-**52,,
TAXIGOV_DF_3,1360102,Ministério da Saúde,304,DIRETA,DECOOP,,CONCLUÍDA,Reunião,,11.75,10.666,45.59,2024-07-10 13:04:37.630,2024-07-10 13:04:47.377,2024-07-10 13:07:20.007,2024-07-10 13:10:09.293,2024-07-10 13:25:27.740,,"MINISTERIO DA SAUDE (MS), ESPLANADA DOS MINISTERIOS, BL. G",ZONA CIVICOADMINISTRATIVA,BRASILIA,DF,"Escola Nacional de Administracao Publica - Enap, Asa Sul, Brasilia, Distrito Federal","Escola Nacional de Administracao Publica - Enap, Asa Sul, Brasilia, Distrito Federal",-15.80055,-47.86855,-15.83033,-47.93057,-15.83025,-47.93133,,,,,2023,2023,,SGT-**00,,
TAXIGOV_DF_3,1360088,Ministério da Saúde,304,DIRETA,GAB/SECTICS,,CANCELADA,Reunião,,,,7.76,2024-07-10 12:57:05.243,2024-07-10 13:02:39.580,,2024-07-10 12:57:05.243,2024-07-10 13:02:39.580,2024-07-10 13:02:39.580,"SEN, LT. 19",ASA NORTE,BRASILIA,DF,"Ministerio da Saude - Bloco G, Brasilia, DF",,-15.78239,-47.86783,-15.80024,-47.86838,,,,,,,,,,,,
TAXIGOV_DF_ENTIDADES,1360073,Fundação Oswaldo Cruz,315,INDIRETA,NEVS/FIOCRUZ-BSB,,CONCLUÍDA,Reunião,,32.32,32.207,119.58,2024-07-10 12:49:14.230,2024-07-10 12:49:20.560,2024-07-10 12:49:41.167,2024-07-10 12:55:07.947,2024-07-10 13:27:00.333,,"QR 308 CONJUNTO 11, CASA 11",SAMAMBAIA SUL SAMAMBAIA,BRASILIA,DF,"HOSPITAL HUB, - PA 15","HOSPITAL HUB, - PA 15",-15.8773,-48.07482,-15.77154,-47.87384,-15.77175,-47.87294,,,,COROLLA,2024,2024,PRATA,SSH-**37,,
TAXIGOV_DF_3,1360069,Ministério da Saúde,304,DIRETA,DAPSI,,CONCLUÍDA,Reunião,,7.11,5.121,27.59,2024-07-10 12:47:12.783,2024-07-10 12:49:43.133,2024-07-10 12:54:59.717,2024-07-10 12:55:24.150,2024-07-10 13:07:30.760,,FUNDACAO OSWALDO CRUZ - DISTRITO FEDERAL,,BRASILIA,DF,"PO 700, SRTVN, Asa Norte, Brasilia, Distrito Federal","PO 700, SRTVN, Asa Norte, Brasilia, Distrito Federal",-15.77097,-47.87113,-15.78456,-47.88949,-15.78413,-47.89047,,,,,2021,2021,,REN-**75,,
TAXIGOV_DF_3,1360068,Ministério da Saúde,304,DIRETA,DGCI,,CONCLUÍDA,Reunião,,5.97,5.123,23.16,2024-07-10 12:47:04.780,2024-07-10 12:49:54.220,2024-07-10 12:56:10.723,2024-07-10 12:56:49.520,2024-07-10 13:08:40.550,,FUNDACAO OSWALDO CRUZ - DISTRITO FEDERAL,,BRASILIA,DF,"PO 700, SRTVN, Asa Norte, Brasilia, DF","VIA W. CINCO NORTE, ASA NORTE, BRASILIA - DF, 70790-010, BRASIL",-15.77097,-47.87113,-15.78456,-47.88949,-15.78401,-47.89068,,,,,2023,2024,,SSF-**10,,
TAXIGOV_DF_ENTIDADES,1360067,Fundação Oswaldo Cruz,315,INDIRETA,NEVS/FIOCRUZ-BSB,,CONCLUÍDA,Reunião,,22.42,22.628,82.95,2024-07-10 12:47:02.627,2024-07-10 12:47:17.287,2024-07-10 12:50:30.990,2024-07-10 12:51:44.393,2024-07-10 13:13:32.633,,HOSPITAL UNIVERSITARIO DE BRASILIA - EMERGENCIA,ASA NORTE,BRASILIA,DF,"Hospital Regional de Sobradinho, Q 12, Brasilia, Distrito Federal","RUA CINCO, SOBRADINHO - DF, 73010-508, BRASIL",-15.77171,-47.87302,-15.64827,-47.79261,-15.6494,-47.79285,,,,VIRTUS,2024,2024,BRANCA,SSH-**20,,
TAXIGOV_DF_3,1360050,Advocacia-Geral da União,46,DIRETA,ACS/GAB/AGU,,CONCLUÍDA,Reunião,,2.79,3.179,10.83,2024-07-10 12:40:54.450,2024-07-10 12:41:01.220,2024-07-10 12:44:06.513,2024-07-10 12:45:51.850,2024-07-10 12:51:43.150,,PALACIO DO PLANALTO,,BRASILIA,DF,"AGU - Advocacia-Geral da Uniao, SAUS Qd. 3, Lt. 5/6, ASA SUL, BRASILIA, DF","AGU - Advocacia-Geral da Uniao, SAUS Qd. 3, Lt. 5/6, ASA SUL, BRASILIA, DF",-15.79905,-47.86077,-15.80235,-47.88043,-15.80279,-47.88043,,,,,2021,2022,,RET-**80,,
TAXIGOV_DF_3,1360046,Ministério da Saúde,304,DIRETA,CGSB/DESF/SAPS/MS,,CONCLUÍDA,Reunião,,5.44,5.022,21.11,2024-07-10 12:37:22.270,2024-07-10 12:40:14.477,2024-07-10 12:45:30.107,2024-07-10 12:45:51.837,2024-07-10 12:54:08.383,,FUNDACAO OSWALDO CRUZ - DISTRITO FEDERAL,,BRASILIA,DF,"Ministerio da Saude - Anexo B, Esplanada dos Ministerios, ZONA CIVICOADMINISTRATIVA, BRASILIA, DF","Ministerio da Saude - Anexo B, Esplanada dos Ministerios, ZONA CIVICOADMINISTRATIVA, BRASILIA, DF",-15.77097,-47.87113,-15.802,-47.86917,-15.80163,-47.86923,,,,,2019,2019,,PBP-**59,,
TAXIGOV_DF_3,1360043,Ministério da Saúde,304,DIRETA,GAB/SE/MS,,CONCLUÍDA,Reunião,,1.69,1.305,7.76,2024-07-10 12:36:18.963,2024-07-10 12:36:32.467,2024-07-10 12:40:11.437,2024-07-10 12:40:20.693,2024-07-10 12:43:56.750,,PALACIO DO PLANALTO,,BRASILIA,DF,"Ministerio da Saude - Bloco G, Brasilia, DF","Ministerio da Saude - Bloco G, Brasilia, DF",-15.79905,-47.86077,-15.80024,-47.86838,-15.80029,-47.86832,,,,,2020,2020,,QXT-**92,,
TAXIGOV_DF_ENTIDADES,1360039,Fundação Oswaldo Cruz,315,INDIRETA,NEVS/FIOCRUZ-BSB,,CONCLUÍDA,Reunião,,32.25,30.751,119.33,2024-07-10 12:34:25.613,2024-07-10 12:34:42.387,2024-07-10 12:39:47.690,2024-07-10 12:41:50.183,2024-07-10 13:17:12.993,,HOSPITAL UNIVERSITARIO DE BRASILIA - EMERGENCIA,ASA NORTE,BRASILIA,DF,"Hospital Regional de Ceilandia, Brasilia, Distrito Federal","Hospital Regional de Ceilandia, Brasilia, Distrito Federal",-15.77171,-47.87302,-15.81533,-48.09638,-15.816,-48.09645,,,,COROLLA,2023,2023,BRANCA,SGT-**48,,
TAXIGOV_DF_3,1360038,Ministério da Saúde,304,DIRETA,DPNI,,CONCLUÍDA,Reunião,,6.58,5.507,25.53,2024-07-10 12:33:57.723,2024-07-10 12:34:08.790,2024-07-10 12:41:32.953,2024-07-10 12:43:41.437,2024-07-10 12:55:40.407,,FUNDACAO OSWALDO CRUZ - DISTRITO FEDERAL,,BRASILIA,DF,"Edificio PO 700, Via W 5 Norte, Asa Norte, Brasilia, Distrito Federal","Edificio PO 700, Via W 5 Norte, Asa Norte, Brasilia, Distrito Federal",-15.77097,-47.87113,-15.78364,-47.89034,-15.78444,-47.89047,,,,,2019,20,,PBY-**66,,
TAXIGOV_DF_3,1360036,Ministério da Saúde,304,DIRETA,GM/MS,,CONCLUÍDA,Reunião,,2.93,3.033,11.37,2024-07-10 12:33:50.320,2024-07-10 12:33:57.890,2024-07-10 12:37:55.583,2024-07-10 12:38:02.510,2024-07-10 12:46:41.517,,SGAN,BRASILIA,BRASILIA,DF,"Ministerio da Saude - Bloco G, Brasilia, DF","Ministerio da Saude - Bloco G, Brasilia, DF",-15.78247,-47.86823,-15.80024,-47.86838,-15.80006,-47.86821,,,,,2022,2023,,SGQ-**06,,
TAXIGOV_DF_ENTIDADES,1360035,Fundação Oswaldo Cruz,315,INDIRETA,NEVS/FIOCRUZ-BSB,,CONCLUÍDA,Reunião,,4.43,4.543,16.39,2024-07-10 12:32:15.983,2024-07-10 12:32:22.973,2024-07-10 12:32:35.527,2024-07-10 12:35:13.423,2024-07-10 12:46:33.433,,"QR 402,",SAMAMBAIA NORTE SAMAMBAIA,BRASILIA,DF,"QR 308 CONJUNTO 11, CASA 11 - SAMAMBAIA SUL SAMAMBAIA","QUADRA QR 508 CONJUNTO 11, QDR508 CJ 11 LT10, SAMAMBAIA - DF, 72312-314, BRASIL",-15.86646,-48.08911,-15.8773,-48.07482,-15.88487,-48.07386,,,,COROLLA,2024,2024,PRATA,SSH-**37,,
TAXIGOV_DF_3,1360032,Ministério da Educação,244,DIRETA,ASSCER/GM,,CONCLUÍDA,Reunião,,2.14,2.137,8.3,2024-07-10 12:29:30.577,2024-07-10 13:21:00.660,2024-07-10 13:28:13.317,2024-07-10 13:28:30.883,2024-07-10 13:34:34.203,,MINISTERIO DA EDUCACAO,PA 2,BRASILIA,DF,"Palacio do Planalto, Brasilia, Distrito Federal","Palacio do Planalto, Brasilia, Distrito Federal",-15.79501,-47.87305,-15.79905,-47.86077,-15.79928,-47.86179,,,,,2022,2023,,SGQ-**49,,
TAXIGOV_DF_3,1360027,Ministério da Saúde,304,DIRETA,GAB/SGTES,,CONCLUÍDA,Reunião,,15.14,15.101,58.74,2024-07-10 12:26:02.080,2024-07-10 12:26:12.090,2024-07-10 12:35:34.060,2024-07-10 12:36:23.197,2024-07-10 12:56:01.763,,"AER. INTERNACIONAL DE BRASILIA, S/N",SETOR DE HABITACOES INDIVIDUAIS SUL,LAGO SUL,DF,"PO700 - Ministerio da Saude, SRTVN, 701, Asa Norte, Brasilia, DF","PO700 - Ministerio da Saude, SRTVN, 701, Asa Norte, Brasilia, DF",-15.87019,-47.9204,-15.78407,-47.89045,-15.78414,-47.89044,,,,,2024,2024,,SSL-**29,,
TAXIGOV_DF_3,1360022,Presidência da República,26,DIRETA,SNPS/SG/PR,,CONCLUÍDA,Reunião,,5.05,5.139,19.59,2024-07-10 12:24:12.437,2024-07-10 12:24:26.220,2024-07-10 12:30:23.240,2024-07-10 12:30:50.657,2024-07-10 12:38:18.997,,SEN,ASA NORTE,BRASILIA,DF,"Presidencia da Republica - Anexo I, Brasilia, Brasilia, Brasilia, DF","Presidencia da Republica - Anexo I, Brasilia, Brasilia, Brasilia, DF",-15.78274,-47.86835,-15.79944,-47.85939,-15.79974,-47.85934,,,,,2021,2022,,RET-**80,,
TAXIGOV_DF_3,1360021,Ministério da Saúde,304,DIRETA,DECOOP,,CANCELADA,Reunião,,,,,2024-07-10 12:23:15.193,2024-07-10 12:25:39.107,,2024-07-10 12:25:39.107,2024-07-10 12:25:52.030,2024-07-10 12:25:52.030,"MINISTERIO DA SAUDE (MS), ESPLANADA DOS MINISTERIOS, BL. G",ZONA CIVICOADMINISTRATIVA,BRASILIA,DF,"Escola Nacional de Administracao Publica - Enap, Asa Sul, Brasilia, Distrito Federal",,-15.80055,-47.86855,-15.83033,-47.93057,,,,,,,2024,2024,,SSK-**27,,
TAXIGOV_DF_ENTIDADES,1360020,Agência Nacional de Transportes Aquaviários,54843,INDIRETA,SGE/ANTAQ,,CONCLUÍDA,Reunião,,9.78,9.699,36.19,2024-07-10 12:22:57.143,2024-07-10 14:20:13.220,2024-07-10 14:26:07.183,2024-07-10 14:31:03.503,2024-07-10 14:45:51.540,,AGENCIA NACIONAL DE TRANSPORTES AQUAVIARIOS,ASA NORTE,BRASILIA,DF,"Camara dos Deputados Anexo IV, Anexo IV, Brasilia, DF","Camara dos Deputados Anexo IV, Anexo IV, Brasilia, DF",-15.74526,-47.89653,-15.80264,-47.86511,-15.80202,-47.86515,,,,COROLLA,2019,2020,PRETA,PBV-**72,,
TAXIGOV_DF_3,1360017,Ministério das Comunicações,264359,DIRETA,CGCE/MCOM,,CONCLUÍDA,Outros,,4.84,4.87,18.78,2024-07-10 12:21:36.240,2024-07-10 12:23:04.060,2024-07-10 12:34:24.647,2024-07-10 12:35:04.000,2024-07-10 12:41:45.603,,BRASILIA PALACE HOTEL,ASA NORTE,BRASILIA,DF,"Ministerio das Comunicacoes e dos Transportes, Brasilia, Distrito Federal","Ministerio das Comunicacoes e dos Transportes, Brasilia, Distrito Federal",-15.78832,-47.83075,-15.79691,-47.86715,-15.79688,-47.86693,,,,,2023,2024,,SGV-**43,,
TAXIGOV_DF_ENTIDADES,1360013,Fundação Oswaldo Cruz,315,INDIRETA,NEVS/FIOCRUZ-BSB,,CONCLUÍDA,Reunião,,1.55,1.088,7.4,2024-07-10 12:18:35.617,2024-07-10 12:18:42.677,2024-07-10 12:18:57.500,2024-07-10 12:19:08.907,2024-07-10 12:29:22.613,,"QR 401,",SAMAMBAIA NORTE SAMAMBAIA,BRASILIA,DF,"QR 402, - SAMAMBAIA NORTE SAMAMBAIA","QUADRA QR 402 CONJUNTO 10, 13, SAMAMBAIA - DF, 72318-010, BRASIL",-15.86892,-48.09392,-15.86646,-48.08911,-15.86806,-48.08976,,,,COROLLA,2024,2024,PRATA,SSH-**37,,
TAXIGOV_DF_ENTIDADES,1360006,Banco Central do Brasil,89,INDIRETA,DEMAP/INFRA,,CONCLUÍDA,Reunião,,5.9,4.851,22.07,2024-07-10 12:15:21.967,2024-07-10 12:30:33.937,2024-07-10 12:36:39.163,2024-07-10 12:37:15.733,2024-07-10 12:45:48.787,,SCES TRECHO 2,PA 4,BRASILIA,DF,"Banco Central do Brasil (BCB), SBS Qd. 3 Bl. B, Brasilia, Brasilia, DF","Banco Central do Brasil (BCB), SBS Qd. 3 Bl. B, Brasilia, Brasilia, DF",-15.81722,-47.86786,-15.80308,-47.88529,-15.80345,-47.88503,,,,VIRTUS,2024,2024,PRETA,SSI-**69,,
TAXIGOV_DF_3,1360005,Ministério das Comunicações,264359,DIRETA,CGCE/MCOM,,CANCELADA,Reunião,,,,7.76,2024-07-10 12:15:20.570,2024-07-10 12:21:20.480,,2024-07-10 12:21:20.480,2024-07-10 12:21:30.190,2024-07-10 12:21:30.190,BRASILIA PALACE HOTEL,ASA NORTE,BRASILIA,DF,"Ministerio das Comunicacoes e dos Transportes, Brasilia, Distrito Federal",,-15.78832,-47.83075,-15.79691,-47.86715,,,,,,,2023,2024,,SGV-**43,,
TAXIGOV_DF_3,1359993,Presidência da República,26,DIRETA,SNJ/SG/PR,,CONCLUÍDA,Reunião,,11.51,11.57,44.66,2024-07-10 12:10:35.843,2024-07-10 12:11:00.423,2024-07-10 12:20:09.960,2024-07-10 12:20:28.123,2024-07-10 12:36:50.167,,"SPO. 15,",BRASILIA,BRASILIA,DF,"Arco do Anexo do Palacio do Planalto, Via N1, Brasilia, Distrito Federal","Arco do Anexo do Palacio do Planalto, Via N1, Brasilia, Distrito Federal",-15.83052,-47.93145,-15.79967,-47.85931,-15.79979,-47.8597,,,,,2018,2019,,PBK-**34,,
TAXIGOV_DF_3,1359987,Ministério da Saúde,304,DIRETA,DGAP,,CONCLUÍDA,Reunião,,4.69,4.481,18.2,2024-07-10 12:07:49.807,2024-07-10 12:08:10.050,2024-07-10 12:13:36.743,2024-07-10 12:14:01.837,2024-07-10 12:26:30.213,,SRTVN,ASA NORTE,BRASILIA,DF,"Anexo do Ministerio da Saude, Eixo Monumental, G, Brasilia, DF","Anexo do Ministerio da Saude, Eixo Monumental, G, Brasilia, DF",-15.78456,-47.88949,-15.80181,-47.86856,-15.80161,-47.86919,,,,,2019,2020,,REF-**82,,
TAXIGOV_DF_ENTIDADES,1359983,Agência Espacial Brasileira,4243,INDIRETA,DPEI/AEB,,CONCLUÍDA,Reunião,,24.83,23.585,92.12,2024-07-10 12:07:11.420,2024-07-10 12:47:46.390,2024-07-10 13:03:28.473,2024-07-10 13:16:02.370,2024-07-10 13:45:04.343,,"DF-001, KM 27",JARDIM BOTANICO,BRASILIA,DF,"AEB Agencia Espacial Brasileira, Brasilia, DF","AEB Agencia Espacial Brasileira, Brasilia, DF",-15.86728,-47.82376,-15.81587,-47.94311,-15.81586,-47.94311,,,,SIENA,2018,2019,PRATA,PBO-**89,,
TAXIGOV_DF_3,1359980,Ministério das Relações Exteriores,263,DIRETA,SGAD/SG/MRE,,CONCLUÍDA,Reunião,,10.14,10.09,39.34,2024-07-10 12:06:02.513,2024-07-10 12:06:26.290,2024-07-10 12:12:01.020,2024-07-10 12:12:05.850,2024-07-10 12:28:48.410,,SAAN QUADRA 1,SAAN,BRASILIA,DF,"Ministerio das Relacoes Exteriores   Anexo I, Eixo Monumental, Brasilia, DF","Ministerio das Relacoes Exteriores   Anexo I, Eixo Monumental, Brasilia, DF",-15.76826,-47.93901,-15.80123,-47.86757,-15.80129,-47.86753,,,,,2018,2019,,PBN-**94,,
TAXIGOV_DF_3,1359963,Ministério da Saúde,304,DIRETA,CGSH/SAES/MS,,CONCLUÍDA,Reunião,,4.12,4.135,15.99,2024-07-10 12:01:03.350,2024-07-10 12:02:28.780,2024-07-10 12:03:21.617,2024-07-10 12:04:15.193,2024-07-10 12:14:05.227,,MINISTERIO DA SAUDE - BLOCO G,,BRASILIA,DF,"PO 700, SRTVN Quadra 03, ASA NORTE, BRASILIA, DF","PO 700, SRTVN Quadra 03, ASA NORTE, BRASILIA, DF",-15.80024,-47.86838,-15.78354,-47.8903,-15.7842,-47.89048,,,,,2021,2022,,RES-**04,,
TAXIGOV_DF_ENTIDADES,1359955,Fundação Nacional do Índio,173,INDIRETA,SETEP/FUNAI,,CONCLUÍDA,Reunião,,24.88,25.115,88.32,2024-07-10 11:58:27.953,2024-07-10 11:58:39.897,2024-07-10 12:03:21.370,2024-07-10 12:03:38.323,2024-07-10 12:25:20.280,,EDIFICIO PARQUE CIDADE CORPORATE,ASA SUL,BRASILIA,DF,"Centro de Formacao em Politica Indigenista - FUNAI, Q 2 Q 3, Sobradinho, Brasilia, DF","Centro de Formacao em Politica Indigenista - FUNAI, Q 2 Q 3, Sobradinho, Brasilia, DF",-15.7951,-47.89345,-15.65223,-47.81456,-15.65231,-47.81411,,,,SPIN,2023,2023,BRANCA,SGS-**72,,
TAXIGOV_DF_3,1359945,Ministério da Saúde,304,DIRETA,DAPSI,,CONCLUÍDA,Reunião,,4.1,4.12,15.91,2024-07-10 11:55:50.323,2024-07-10 11:59:39.277,2024-07-10 12:00:47.060,2024-07-10 12:01:37.147,2024-07-10 12:09:53.700,,MINISTERIO DA SAUDE - BLOCO G,,BRASILIA,DF,"PO700 - Ministerio da Saude, SRTVN, 701, Asa Norte, Brasilia, DF","PO700 - Ministerio da Saude, SRTVN, 701, Asa Norte, Brasilia, DF",-15.80024,-47.86838,-15.78407,-47.89045,-15.78407,-47.89046,,,,,2022,2022,,REU-**98,,
TAXIGOV_DF_ENTIDADES,1359940,Fundação Oswaldo Cruz,315,INDIRETA,NEVS/FIOCRUZ-BSB,,CONCLUÍDA,Reunião,,10.7,5.833,39.59,2024-07-10 11:51:15.630,2024-07-10 11:51:21.510,2024-07-10 11:51:39.060,2024-07-10 11:51:47.013,2024-07-10 12:15:44.547,,"TAGUATINGA SUL, QNC 13 LOTE 01 CASA 2",PA 36,BRASILIA,DF,SAMAMBAIA NORTE QR 401 CONJUNTO 13 CASA 25,"QUADRA QR 401 CONJUNTO 2, QDR401 CJ 13 LT24, SAMAMBAIA - DF, 72319-013, BRASIL",-15.84079,-48.10105,,,-15.87061,-48.09457,,,,COROLLA,2024,2024,PRATA,SSH-**37,,
TAXIGOV_DF_3,1359935,Ministério da Educação,244,DIRETA,SEXEC/MEC,,CONCLUÍDA,Reunião,,1.03,0.417,7.76,2024-07-10 11:48:16.270,2024-07-10 13:24:23.513,2024-07-10 13:29:51.390,2024-07-10 13:33:02.107,2024-07-10 13:37:31.013,,MINISTERIO DA EDUCACAO,PA 2,BRASILIA,DF,"Palacio do Planalto, Brasilia, DF","VIA N. DOIS LESTE, ASA NORTE, BRASILIA - DF, BRASIL",-15.79501,-47.87305,-15.79905,-47.86077,-15.79404,-47.87254,,,,,2018,2018,,PBM-**57,,
TAXIGOV_DF_3,1359934,Ministério do Meio Ambiente,1927,DIRETA,ASCOM/GM/MMA,,CONCLUÍDA,Reunião,,1.99,1.886,7.76,2024-07-10 11:47:25.043,2024-07-10 11:50:22.183,2024-07-10 11:51:06.573,2024-07-10 11:51:25.270,2024-07-10 11:55:53.877,,PALACIO DO PLANALTO,,BRASILIA,DF,"Ministerio do Meio Ambiente, Eixo Monumental, Brasilia, DF","Ministerio do Meio Ambiente, Eixo Monumental, Brasilia, DF",-15.79905,-47.86077,-15.79859,-47.87243,-15.79954,-47.8727,,,,,2018,2018,,PBJ-**25,,
TAXIGOV_DF_ENTIDADES,1359931,Empresa de Tecnologia e Informações da Previdência,303,INDIRETA,SGDF/DATAPREV,,CONCLUÍDA,Reunião,,12.83,11.633,47.47,2024-07-10 11:45:31.917,2024-07-10 11:45:42.953,2024-07-10 11:54:23.427,2024-07-10 11:55:11.033,2024-07-10 12:14:55.190,,ITATIAIA ATACADISTA,ZONA INDUSTRIAL GUARA,BRASILIA,DF,"DATAPREV - Empresa de Tecnologia e Informacoes da Previdencia Social, Via L2 Sul, Asa Sul, Brasilia, DF","DATAPREV - Empresa de Tecnologia e Informacoes da Previdencia Social, Via L2 Sul, Asa Sul, Brasilia, DF",-15.8026,-47.95608,-15.80034,-47.87811,-15.8002,-47.87812,,,,ONIX,2022,2023,BRANCA,SGO-**28,,
TAXIGOV_DF_3,1359929,Ministério das Relações Exteriores,263,DIRETA,ABC/SPECE/MRE,,CONCLUÍDA,Transporte de documentos / materiais,,5.92,6.102,22.97,2024-07-10 11:45:07.247,2024-07-10 11:46:55.747,2024-07-10 11:50:19.680,2024-07-10 11:50:25.967,2024-07-10 11:57:18.950,,"CASA DA ONU - COMPLEXO SERGIO VIEIRA DE MELLO, SEN",ASA NORTE,BRASILIA,DF,"Agencia Brasileira de Cooperacao, SAFS Qd. 2 Lt. 2 Bl. B, ZONA CIVICOADMINISTRATIVA, BRASILIA, DF","Agencia Brasileira de Cooperacao, SAFS Qd. 2 Lt. 2 Bl. B, ZONA CIVICOADMINISTRATIVA, BRASILIA, DF",-15.78163,-47.86534,-15.80409,-47.86801,-15.80424,-47.86801,,,,,2021,2022,,REQ-**58,,
TAXIGOV_DF_3,1359924,Ministério da Saúde,304,DIRETA,DAPSI,,CONCLUÍDA,Reunião,,4.12,4.12,15.99,2024-07-10 11:44:01.633,2024-07-10 11:46:44.863,2024-07-10 11:49:17.360,2024-07-10 11:50:13.303,2024-07-10 11:57:49.380,,MINISTERIO DA SAUDE - BLOCO G,,BRASILIA,DF,"PO 700, SRTVN Quadra 03, ASA NORTE, BRASILIA, DF","PO 700, SRTVN Quadra 03, ASA NORTE, BRASILIA, DF",-15.80024,-47.86838,-15.78354,-47.8903,-15.78407,-47.89043,,,,,2024,2024,,SSK-**66,,
TAXIGOV_DF_3,1359918,Ministério do Desenvolvimento Agrário e Agricultura Familiar,308794,DIRETA,CGLOG / SPOA / SE / MDA,,CONCLUÍDA,Reunião,,2.29,2.441,8.89,2024-07-10 11:42:46.340,2024-07-10 11:52:54.467,2024-07-10 11:56:10.533,2024-07-10 11:57:16.427,2024-07-10 12:02:17.203,,SBN QD. 1 BL. D,BRASILIA,BRASILIA,DF,"Ministerio da Agricultura e Pecuaria, Brasilia, DF","Ministerio da Agricultura e Pecuaria, Brasilia, DF",-15.79096,-47.8794,-15.79953,-47.87093,-15.79952,-47.87071,,,,,2021,2022,,RES-**04,,
TAXIGOV_DF_3,1359917,Ministério da Saúde,304,DIRETA,CGDEP/DAEVS/SVS/MS,,CONCLUÍDA,Reunião,,4.09,4.082,15.87,2024-07-10 11:42:14.837,2024-07-10 11:44:42.793,2024-07-10 11:47:44.007,2024-07-10 11:48:20.323,2024-07-10 11:55:52.543,,"ESPLANADA DOS MINISTERIOS, BL. G",ASA SUL,BRASILIA,DF,"PO700 - Ministerio da Saude, SRTVN, 701, Asa Norte, Brasilia, DF","PO700 - Ministerio da Saude, SRTVN, 701, Asa Norte, Brasilia, DF",-15.80055,-47.86855,-15.78407,-47.89045,-15.78424,-47.89046,,,,,2018,2019,,QOI-**68,,
TAXIGOV_DF_3,1359915,Ministério da Saúde,304,DIRETA,GAB/SAPS,,CANCELADA,Reunião,,,,7.76,2024-07-10 11:40:39.173,2024-07-10 11:45:45.683,,2024-07-10 11:40:39.173,2024-07-10 11:45:45.683,2024-07-10 11:45:45.683,"INSTITUTO SERZEDELLO CORREA, SCES TRECHO 3 POLO 8, 4",,BRASILIA,DF,"Ministerio da Saude - Bloco G, Brasilia, Distrito Federal",,-15.80607,-47.84357,-15.80024,-47.86838,,,,,,,,,,,,
TAXIGOV_DF_3,1359906,Ministério da Saúde,304,DIRETA,DPNI,,CONCLUÍDA,Reunião,,4.02,4.384,15.6,2024-07-10 11:38:28.303,2024-07-10 11:40:09.157,2024-07-10 11:41:47.747,2024-07-10 11:43:50.780,2024-07-10 11:53:52.753,,"ANEXO DO MINISTERIO DA SAUDE, EIXO MONUMENTAL",G,BRASILIA,DF,"Edificio PO 700, Via W 5 Norte, Asa Norte, Brasilia, Distrito Federal","Edificio PO 700, Via W 5 Norte, Asa Norte, Brasilia, Distrito Federal",-15.80181,-47.86856,-15.78364,-47.89034,-15.78414,-47.89049,,,,,2024,2024,,SSI-**69,,
TAXIGOV_DF_3,1359899,Ministério da Justiça e Segurança Pública,235881,DIRETA,ASEI /MJSP,,CANCELADA,Reunião,,,,7.76,2024-07-10 11:36:02.283,2024-07-10 11:41:53.670,2024-07-10 11:42:08.837,2024-07-10 11:41:53.670,2024-07-10 11:50:04.763,2024-07-10 11:50:04.763,"ESPLANADA DOS MINISTERIOS, BL. T",ASA NORTE,BRASILIA,DF,"Ministerio da Saude - Bloco G, Brasilia, DF",,-15.79711,-47.86591,-15.80024,-47.86838,,,,,,,2018,2018,,PBJ-**25,,
TAXIGOV_DF_3,1359887,Ministério do Desenvolvimento Agrário e Agricultura Familiar,308794,DIRETA,CGLOG / SPOA / SE / MDA,,CONCLUÍDA,Reunião,,2.3,2.51,8.92,2024-07-10 11:29:27.080,2024-07-10 11:31:43.157,2024-07-10 11:34:36.427,2024-07-10 11:35:15.033,2024-07-10 11:39:57.897,,PALACIO DO DESENVOLVIMENTO,ASA NORTE,BRASILIA,DF,"Ministerio da Agricultura e Pecuaria, Brasilia, DF","Ministerio da Agricultura e Pecuaria, Brasilia, DF",-15.79075,-47.87953,-15.79953,-47.87093,-15.79956,-47.87069,,,,,2024,2024,,SSI-**69,,
TAXIGOV_DF_ENTIDADES,1359879,Instituto Brasileiro do Meio Ambiente e dos Recursos Naturais Renováveis,1812,INDIRETA,DAI/IBAMA,,CONCLUÍDA,Reunião,,5.54,5.637,20.5,2024-07-10 11:28:32.693,2024-07-10 11:31:07.487,2024-07-10 11:34:00.867,2024-07-10 11:35:36.877,2024-07-10 11:45:16.783,,"ANEXO I DO MINISTERIO DAS RELACOES EXTERIORES, ESPLANADA DOS MINISTERIOS, BLOCO H",ZONA CIVICOADMINISTRATIVA,BRASILIA,DF,"Ibama, Brasilia, Brasilia, DF","Ibama, Brasilia, Brasilia, DF",-15.80129,-47.8677,-15.76718,-47.86158,-15.76754,-47.8614,,,,COROLLA,2024,2024,PRATA,SSH-**27,,
TAXIGOV_DF_3,1359873,Ministério da Saúde,304,DIRETA,GAB/SGTES,,CONCLUÍDA,Reunião,,4.98,4.147,19.32,2024-07-10 11:26:07.920,2024-07-10 11:26:23.167,2024-07-10 11:34:57.537,2024-07-10 11:36:09.543,2024-07-10 11:46:22.480,,"ORGANIZACAO MUNDIAL DA SAUDE, SEN",ASA NORTE,BRASILIA,DF,"PO 700, SRTVN, Asa Norte, Brasilia, Distrito Federal","PO 700, SRTVN, Asa Norte, Brasilia, Distrito Federal",-15.78274,-47.86835,-15.78456,-47.88949,-15.78404,-47.89044,,,,,,,,PBP-**75,,
TAXIGOV_DF_ENTIDADES,1359872,Agência Nacional de Vigilância Sanitária,36687,INDIRETA,AINTE/ANVISA,,CONCLUÍDA,Reunião,,13.34,13.456,46.96,2024-07-10 11:25:56.620,2024-07-10 11:26:06.710,2024-07-10 11:30:22.747,2024-07-10 11:30:56.477,2024-07-10 11:50:43.483,,"MINISTERIO DA SAUDE (MS), ESPLANADA DOS MINISTERIOS, BL. G",ZONA CIVICOADMINISTRATIVA,BRASILIA,DF,"ANVISA Agencia Nacional de Vigilancia Sanitaria - Sede, Brasilia, Distrito Federal","ANVISA Agencia Nacional de Vigilancia Sanitaria - Sede, Brasilia, Distrito Federal",-15.80055,-47.86855,-15.79912,-47.95372,-15.79944,-47.95363,,,,VIRTUS,2023,2023,BRANCA,SGT-**86,,
TAXIGOV_DF_3,1359870,Ministério do Turismo,72084,DIRETA,CGCE/GM,,CONCLUÍDA,Reunião,,5.1,4.949,19.79,2024-07-10 11:25:51.507,2024-07-10 11:26:11.010,2024-07-10 11:31:07.663,2024-07-10 11:31:37.080,2024-07-10 11:38:55.047,,BRASILIA PALACE HOTEL,ASA NORTE,BRASILIA,DF,"Ministerio do Turismo, n bl U, Brasilia, DF","Ministerio do Turismo, n bl U, Brasilia, DF",-15.78832,-47.83075,-15.79689,-47.86823,-15.79678,-47.86789,,,,,2023,2023,,SGR-**55,,
TAXIGOV_DF_3,1359865,Ministério do Desenvolvimento Agrário e Agricultura Familiar,308794,DIRETA,GAB / SFTS / MDA,,CANCELADA,Reunião,,,,,2024-07-10 11:23:24.097,2024-07-10 11:26:39.353,,2024-07-10 11:26:39.353,2024-07-10 11:26:42.057,2024-07-10 11:26:42.057,SBN QD. 1 BL. D,BRASILIA,BRASILIA,DF,"Ministerio da Economia - Bloco C, Esplanada dos Ministerios, Zona Civico-Administrativa, Brasilia, DF",,-15.79096,-47.8794,-15.79906,-47.87167,,,,,,,2023,24,,SSF-**66,,
TAXIGOV_DF_3,1359862,Ministério das Relações Exteriores,263,DIRETA,ABC/SPECE/MRE,,CONCLUÍDA,Transporte de documentos / materiais,,6.46,5.446,25.06,2024-07-10 11:22:37.813,2024-07-10 11:22:51.973,2024-07-10 11:29:00.790,2024-07-10 11:29:06.887,2024-07-10 11:36:16.830,,"AGENCIA BRASILEIRA DE COOPERACAO, SAFS QD. 2 LT. 2 BL. B",ZONA CIVICOADMINISTRATIVA,BRASILIA,DF,"Casa da ONU - Complexo Sergio Vieira de Mello, SEN, Asa Norte, Brasilia, Distrito Federal","Casa da ONU - Complexo Sergio Vieira de Mello, SEN, Asa Norte, Brasilia, Distrito Federal",-15.80409,-47.86801,-15.78163,-47.86534,-15.78173,-47.8652,,,,,2021,2022,,REQ-**58,,
TAXIGOV_DF_3,1359858,Presidência da República,26,DIRETA,SNJ/SG/PR,,CONCLUÍDA,Reunião,,0.64,0.645,7.76,2024-07-10 11:21:05.797,2024-07-10 11:21:16.983,2024-07-10 11:25:38.110,2024-07-10 11:26:39.053,2024-07-10 11:31:47.507,,"PAVILHAO DAS METAS, VIA N1",,BRASILIA,DF,"Anexo I (Palacio do Planalto   Presidencia da Republica), Praca dos Tres Poderes, Brasilia, Distrito Federal","Anexo I (Palacio do Planalto   Presidencia da Republica), Praca dos Tres Poderes, Brasilia, Distrito Federal",-15.80202,-47.85426,-15.79955,-47.85925,-15.79977,-47.85936,,,,,2018,2019,,QOI-**68,,
TAXIGOV_DF_3,1359857,Ministério do Desenvolvimento Agrário e Agricultura Familiar,308794,DIRETA,CGLOG / SPOA / SE / MDA,,CONCLUÍDA,Reunião,,1.72,2.488,7.76,2024-07-10 11:20:41.463,2024-07-10 11:24:57.303,2024-07-10 11:30:57.953,2024-07-10 11:31:04.223,2024-07-10 11:37:39.627,,INSTITUTO NACIONAL DE COLONIZACAO E REFORMA AGRARIA - SEDE,ASA NORTE,BRASILIA,DF,"Ministerio do Desenvolvimento Agrario e Agricultura Familiar (MDA), Brasilia, DF","Ministerio do Desenvolvimento Agrario e Agricultura Familiar (MDA), Brasilia, DF",-15.79089,-47.87956,-15.79937,-47.87084,-15.7995,-47.87071,,,,,2022,2022,,SGN-**25,,
TAXIGOV_DF_ENTIDADES,1359856,Fundação Oswaldo Cruz,315,INDIRETA,NEVS/FIOCRUZ-BSB,,CONCLUÍDA,Reunião,,9.61,6.277,35.56,2024-07-10 11:20:40.213,2024-07-10 11:20:57.877,2024-07-10 11:21:17.670,2024-07-10 11:21:33.923,2024-07-10 11:45:42.920,,"TAGUATINGA SUL, QS 11 CONJUNTO A",PA 36,BRASILIA,DF,TAGUATINGA SUL QNC 13 LOTE 01 CASA 2,"QNC 13, QDNC13 LT1 CS 01, SETOR C NORTE, TAGUATINGA - DF, 77320-000, BRASIL",-15.84079,-48.10105,,,-15.82565,-48.06533,,,,COROLLA,2024,2024,PRATA,SSH-**37,,
TAXIGOV_DF_3,1359853,Ministério da Saúde,304,DIRETA,DEPPROS,,CANCELADA,Reunião,,,,7.76,2024-07-10 11:20:34.097,2024-07-10 11:21:02.080,2024-07-10 11:30:32.257,2024-07-10 11:21:02.080,2024-07-10 11:36:44.690,2024-07-10 11:36:44.690,VIA S. DOIS OESTE,ASA SUL,BRASILIA,DF,"Anexo do Ministerio da Saude, Eixo Monumental, G, Brasilia, DF",,-15.80193,-47.86671,-15.80181,-47.86856,,,,,,,2022,2023,,SGO-**98,,
TAXIGOV_DF_ENTIDADES,1359851,Fundação Universidade de Brasília,470,INDIRETA,IH,,CONCLUÍDA,Reunião,,26.72,27.244,98.33,2024-07-10 11:20:16.743,2024-07-10 11:20:22.780,2024-07-10 12:06:52.850,2024-07-10 12:07:18.280,2024-07-10 12:38:32.543,,"QNA 32, LOTE 2 CASA 2",TAGUATINGA NORTE TAGUATINGA,BRASILIA,DF,"214 NORTE, - PA 17","SQN 214 BLOCO E, BLOCO E, ASA NORTE, BRASILIA - DF, 70873-050, BRASIL",-15.82315,-48.0602,-15.74374,-47.88639,-15.74343,-47.88799,,,,COROLLA,2019,2020,PRETA,PBV-**72,,
TAXIGOV_DF_3,1359848,Ministério da Educação,244,DIRETA,ASSCER/GM,,CONCLUÍDA,Reunião,,0.95,1.345,7.76,2024-07-10 11:19:32.903,2024-07-10 11:19:50.963,2024-07-10 11:23:38.277,2024-07-10 11:23:53.727,2024-07-10 11:25:07.730,,PALACIO DO PLANALTO,,BRASILIA,DF,"Ministerio da Educacao, Brasilia, Distrito Federal","VIA N. UM LESTE, EIXO MONUMENTAL, BRASILIA - DF, BRASIL",-15.79905,-47.86077,-15.79501,-47.87305,-15.79651,-47.87071,,,,,2023,2023,,SGT-**97,,
TAXIGOV_DF_ENTIDADES,1359831,Fundação Cultural Palmares,1782,INDIRETA,CNIRC/FCP,,CONCLUÍDA,Reunião,,4.79,3.928,15.18,2024-07-10 11:12:32.923,2024-07-10 11:12:46.367,2024-07-10 11:18:05.010,2024-07-10 11:19:10.143,2024-07-10 11:28:13.187,,"JUNTA COMERCIAL, INDUSTRIAL E DE SERVICOS DO DISTRITO FEDERAL",ASA SUL,BRASILIA,DF,"Fundacao Cultural Palmares - FCP, Asa Sul, Brasilia, DF","SHCGN 702/703 BLOCO C, QD N702 BL B 52, ASA NORTE, BRASILIA - DF, 70720-620, BRASIL",-15.80168,-47.87925,-15.80111,-47.87922,-15.78135,-47.88855,,,,TRACKER,2022,2023,BRANCA,REU-**34,,
TAXIGOV_DF_3,1359829,Presidência da República,26,DIRETA,SPP/SECOM/PR,,CONCLUÍDA,Reunião,,16.86,14.969,65.42,2024-07-10 11:11:59.367,2024-07-10 11:13:48.777,2024-07-10 11:25:03.027,2024-07-10 11:25:59.067,2024-07-10 11:41:39.720,,AEROPORTO INTERNACIONAL DE BRASILIA - PRESIDENTE JUSCELINO KUBITSCHEK,,BRASILIA,DF,"Ministerio dos Transportes - Anexo A e B, Eixo Monumental, Brasilia, Distrito Federal","Ministerio dos Transportes - Anexo A e B, Eixo Monumental, Brasilia, Distrito Federal",-15.87069,-47.91935,-15.79543,-47.86689,-15.79534,-47.86701,,,,,2018,2018,,PBJ-**25,,
TAXIGOV_DF_3,1359827,Ministério da Saúde,304,DIRETA,DAHU/SAES/MS,,CONCLUÍDA,Reunião,,5.65,4.918,21.92,2024-07-10 11:10:35.273,2024-07-10 11:10:47.460,2024-07-10 11:15:53.820,2024-07-10 11:18:39.010,2024-07-10 11:31:39.193,,PALACIO DO PLANALTO,,BRASILIA,DF,- ASA SUL - BRASILIA,- ASA SUL - BRASILIA,-15.79905,-47.86077,-15.7951,-47.89345,-15.79521,-47.89387,,,,,2024,2025,,SSL-**49,,
TAXIGOV_DF_3,1359826,Ministério da Saúde,304,DIRETA,ASPAR/GM/MS,,CONCLUÍDA,Reunião,,1.71,1.449,7.76,2024-07-10 11:10:27.357,2024-07-10 11:10:40.120,2024-07-10 11:15:42.490,2024-07-10 11:17:31.957,2024-07-10 11:22:31.903,,BIBLIOTECA DO SENADO FEDERAL,,BRASILIA,DF,"Ministerio da Saude - Bloco G, Brasilia, DF","Ministerio da Saude - Bloco G, Brasilia, DF",-15.79775,-47.86342,-15.80024,-47.86838,-15.80032,-47.86816,,,,,,,,REL-**24,,
TAXIGOV_DF_ENTIDADES,1359821,Departamento Nacional de Infraestrutura de Transportes,54844,INDIRETA,DNIT/MINFRA,,CONCLUÍDA,Reunião,,4.78,4.852,17.78,2024-07-10 11:08:36.360,2024-07-10 11:11:15.973,2024-07-10 11:15:13.990,2024-07-10 11:15:53.263,2024-07-10 11:24:45.530,,SESC ESTACAO 504 SUL (DF),ASA SUL,BRASILIA,DF,"DNIT - Departamento Nacional de Infraestrutura de Transportes, Asa Norte, Brasilia, DF","SAUN, ASA NORTE, BRASILIA - DF, 70040-230, BRASIL",-15.8064,-47.89845,-15.78999,-47.87497,-15.78839,-47.8746,,,,KICKS,2022,2022,BRANCA,SGN-**25,,
TAXIGOV_DF_ENTIDADES,1359814,Instituto Brasileiro de Museus,100584,INDIRETA,DDFEM/IBRAM,,CONCLUÍDA,Reunião,,1.4,1.473,7.4,2024-07-10 11:06:40.453,2024-07-10 11:06:50.647,2024-07-10 11:12:29.367,2024-07-10 11:13:06.503,2024-07-10 11:16:55.107,,"ERL S, 1",ASA SUL,BRASILIA,DF,"Edificio CNC III, Asa Norte, Brasilia, DF","Edificio CNC III, Asa Norte, Brasilia, DF",-15.79625,-47.88264,-15.78875,-47.87842,-15.78857,-47.87856,,,,HB20S,2019,20,PRATA,PBY-**66,,
TAXIGOV_DF_3,1359811,Ministério da Educação,244,DIRETA,SECADI,,CONCLUÍDA,Reunião,,0.85,0.87,7.76,2024-07-10 11:05:18.730,2024-07-10 11:05:27.330,2024-07-10 11:09:57.020,2024-07-10 11:11:41.073,2024-07-10 11:14:41.820,,MINISTERIO DA EDUCACAO,PA 2,BRASILIA,DF,"Ministerio da Cultura, Eixo Monumental, S/N, Zona Civico-Administrativa, Brasilia, DF","Ministerio da Cultura, Eixo Monumental, S/N, Zona Civico-Administrativa, Brasilia, DF",-15.79501,-47.87305,-15.79876,-47.87259,-15.79902,-47.87236,,,,,2018,2019,,QOI-**68,,
TAXIGOV_DF_ENTIDADES,1359805,Banco Central do Brasil,89,INDIRETA,DEINF/BACEN,,CONCLUÍDA,Reunião,,5.93,4.999,22.18,2024-07-10 11:03:25.403,2024-07-10 11:06:20.750,2024-07-10 11:10:41.777,2024-07-10 11:11:20.327,2024-07-10 11:21:04.900,,SCES TRECHO 2,PA 4,BRASILIA,DF,"Banco Central do Brasil (BCB), SBS Qd. 3 Bl. B, Brasilia, Brasilia, DF","Banco Central do Brasil (BCB), SBS Qd. 3 Bl. B, Brasilia, Brasilia, DF",-15.81722,-47.86786,-15.80308,-47.88529,-15.80324,-47.88463,,,,SPIN ACT,2022,2023,PRATA,SGR-**00,,
TAXIGOV_DF_3,1359803,Ministério da Saúde,304,DIRETA,GAB/SAPS,,CONCLUÍDA,Reunião,,3.77,2.942,14.63,2024-07-10 11:02:38.063,2024-07-10 11:02:47.587,2024-07-10 11:05:04.083,2024-07-10 11:05:19.183,2024-07-10 11:13:13.677,,"ORGANIZACAO MUNDIAL DA SAUDE, SEN",ASA NORTE,BRASILIA,DF,"Ministerio da Saude (MS), Esplanada dos Ministerios, Bl. G, ZONA CIVICOADMINISTRATIVA, BRASILIA, DF","Ministerio da Saude (MS), Esplanada dos Ministerios, Bl. G, ZONA CIVICOADMINISTRATIVA, BRASILIA, DF",-15.78274,-47.86835,-15.80055,-47.86855,-15.80001,-47.86815,,,,,2023,2023,,SGS-**72,,
TAXIGOV_DF_ENTIDADES,1359797,Instituto de Pesquisa Econômica Aplicada,7,INDIRETA,SEAGE/IPEA,,CONCLUÍDA,Transporte de documentos / materiais,,2.82,2.865,10.38,2024-07-10 10:58:47.463,2024-07-10 10:59:03.830,2024-07-10 11:05:58.543,2024-07-10 11:06:25.427,2024-07-10 11:14:18.473,,SECRETARIA DE FAZENDA DO DISTRITO FEDERAL,ASA NORTE,BRASÍLIA,DF,INSTITUTO DE PESQUISA ECONÔMICA APLICADA - ASA SUL - BRASÍLIA / DF,INSTITUTO DE PESQUISA ECONÔMICA APLICADA - ASA SUL - BRASÍLIA / DF,-15.78399,-47.89018,-15.79916,-47.89699,-15.79929,-47.89709,,,,SIENA,2018,2018,ATTRACTV-BRANCA,PBP-**75,,
TAXIGOV_DF_3,1359787,Ministério da Saúde,304,DIRETA,DEPPROS,,CONCLUÍDA,Reunião,,4.91,5.117,19.05,2024-07-10 10:56:14.170,2024-07-10 10:56:23.697,2024-07-10 11:00:45.043,2024-07-10 11:01:47.390,2024-07-10 11:09:36.977,,ESPLANADA DOS MINISTERIOS,BRASILIA,BRASILIA,DF,"Instituto Serzedello Correa, SCES Trecho 3 Polo 8, 4, Brasilia, DF","Instituto Serzedello Correa, SCES Trecho 3 Polo 8, 4, Brasilia, DF",-15.802,-47.86917,-15.80607,-47.84357,-15.80605,-47.84305,,,,,2024,2024,,SSK-**66,,
TAXIGOV_DF_ENTIDADES,1359778,Instituto Chico Mendes de Conservação da Biodiversidade,91842,INDIRETA,GABIN/ICMBIO,,CONCLUÍDA,Reunião,,9.12,9.541,32.38,2024-07-10 10:52:51.383,2024-07-10 10:53:08.767,2024-07-10 10:57:47.320,2024-07-10 10:58:14.600,2024-07-10 11:10:46.217,,PALACIO DO PLANALTO,,BRASILIA,DF,"Instituto Chico Mendes de Conservacao da Biodiversidade, Brasilia, DF","Instituto Chico Mendes de Conservacao da Biodiversidade, Brasilia, DF",-15.79905,-47.86077,-15.80329,-47.92629,-15.80319,-47.9263,,,,PRISMA,2017,2017,BRANCA,PAQ-**53,,
TAXIGOV_DF_3,1359777,Ministério da Justiça e Segurança Pública,235881,DIRETA,ASCOM/GM/MJSP,,CONCLUÍDA,Reunião,,17.98,12.053,69.76,2024-07-10 10:52:47.943,2024-07-10 12:52:32.860,2024-07-10 13:04:33.807,2024-07-10 13:05:05.523,2024-07-10 13:38:59.267,,"MINISTERIO DA JUSTICA E SEGURANCA PUBLICA (MJ), ESPLANADA DOS MINISTERIOS, BL. T",ZONA CIVICOADMINISTRATIVA,BRASILIA,DF,"CETOP Centro de Treinamento Operacional CBMDF, Estrada Setor Policial Militar, Asa Sul, Brasilia, Distrito Federal","SPO, ASA SUL, BRASILIA - DF, 70610-200, BRASIL",-15.79711,-47.86591,-15.83028,-47.92821,-15.83448,-47.93698,,,,,2024,2025,,SSJ-**86,,
TAXIGOV_DF_3,1359773,Ministério da Saúde,304,DIRETA,DAHU/SAES/MS,,CONCLUÍDA,Reunião,,4.25,4.083,16.49,2024-07-10 10:52:03.467,2024-07-10 10:52:20.623,2024-07-10 10:52:45.120,2024-07-10 10:53:43.770,2024-07-10 11:02:04.660,,"MINISTERIO DA SAUDE (MS), ESPLANADA DOS MINISTERIOS, BL. G",ZONA CIVICOADMINISTRATIVA,BRASILIA,DF,"PO700 - Ministerio da Saude, SRTVN, 701, Asa Norte, Brasilia, Distrito Federal","PO700 - Ministerio da Saude, SRTVN, 701, Asa Norte, Brasilia, Distrito Federal",-15.80055,-47.86855,-15.78407,-47.89045,-15.78424,-47.89047,,,,,2023,2024,,SGV-**43,,
TAXIGOV_DF_3,1359767,Advocacia-Geral da União,46,DIRETA,GAB/PGF/AGU,,CONCLUÍDA,Reunião,,6.09,5.813,23.63,2024-07-10 10:48:29.163,2024-07-10 10:50:52.613,2024-07-10 10:58:55.063,2024-07-10 10:58:56.050,2024-07-10 11:10:49.973,,SIG QUADRA 6,CRUZEIRO,BRASILIA,DF,"Advocacia-Geral da Uniao, 6, Asa Sul, Brasilia, DF","Advocacia-Geral da Uniao, 6, Asa Sul, Brasilia, DF",-15.79215,-47.9124,-15.80231,-47.88046,-15.80268,-47.88071,,,,,2022,2023,,REU-**34,,
TAXIGOV_DF_3,1359761,Advocacia-Geral da União,46,DIRETA,ACS/GAB/AGU,,CONCLUÍDA,Reunião,,2.89,3.192,11.21,2024-07-10 10:45:43.957,2024-07-10 10:45:54.073,2024-07-10 10:47:50.693,2024-07-10 10:49:04.573,2024-07-10 10:55:49.330,,"ADVOCACIA-GERAL DA UNIAO, 6",ASA SUL,BRASILIA,DF,"Palacio do Planalto, Brasilia, Distrito Federal","Palacio do Planalto, Brasilia, Distrito Federal",-15.80231,-47.88046,-15.79905,-47.86077,-15.79927,-47.86178,,,,,2024,2024,,SSK-**66,,
TAXIGOV_DF_ENTIDADES,1359759,Banco Central do Brasil,89,INDIRETA,DEINF/BACEN,,CANCELADA,Reunião,,,,7.48,2024-07-10 10:44:40.763,2024-07-10 11:03:13.547,,2024-07-10 10:44:40.763,2024-07-10 11:03:13.547,2024-07-10 11:03:13.547,SCES TRECHO 2,PA 4,BRASILIA,DF,"Banco Central do Brasil (BCB), SBS Qd. 3 Bl. B, Brasilia, Brasilia, DF",,-15.81722,-47.86786,-15.80308,-47.88529,,,,,,,,,,,,
TAXIGOV_DF_3,1359756,Ministério da Saúde,304,DIRETA,DENASUS/SE/MS,,CONCLUÍDA,Reunião,,4.22,,16.37,2024-07-10 10:41:45.697,2024-07-10 10:43:36.393,2024-07-10 10:44:46.163,2024-07-10 10:46:36.153,2024-07-10 10:56:55.800,,MINISTERIO DA SAUDE - BLOCO G,,BRASILIA,DF,"PO700-Ministerio da Saude, Asa Norte, Brasilia, Distrito Federal","PO700-Ministerio da Saude, Asa Norte, Brasilia, Distrito Federal",-15.80024,-47.86838,-15.78363,-47.89034,,,5.0,,,,2019,2020,,PBR-**50,,
TAXIGOV_DF_3,1359755,Ministério da Educação,244,DIRETA,SPOA/SEXEC/MEC,,CONCLUÍDA,Reunião,,2.99,3.063,11.6,2024-07-10 10:41:30.407,2024-07-10 10:41:42.617,2024-07-10 10:47:13.207,2024-07-10 10:47:18.310,2024-07-10 10:53:14.933,,CONIF,ASA SUL,BRASÍLIA,DF,MINISTÉRIO DA EDUCAÇÃO - ANEXO I - BRASÍLIA / DF,MINISTÉRIO DA EDUCAÇÃO - ANEXO I - BRASÍLIA / DF,-15.79685,-47.88649,-15.79362,-47.87239,-15.79348,-47.87288,,,,,2022,2022,,SGQ-**32,,
TAXIGOV_DF_3,1359746,Ministério do Turismo,72084,DIRETA,CGCE/GM,,CONCLUÍDA,Reunião,,6.78,0.033,26.31,2024-07-10 10:39:49.913,2024-07-10 10:41:38.427,2024-07-10 10:46:24.360,2024-07-10 10:50:21.533,2024-07-10 10:50:22.413,,N BL U,PA 2,BRASILIA,DF,"Brasilia Palace Hotel, Asa Norte, Brasilia, DF","EM BLOCO U, BLOCO U, ASA NORTE, BRASILIA - DF, BRASIL",-15.79689,-47.86823,-15.78832,-47.83075,-15.79668,-47.86788,,,,,2023,2024,,SGW-**21,,
TAXIGOV_DF_ENTIDADES,1359743,Fundação Nacional do Índio,173,INDIRETA,NUPAR/FUNAI,,CONCLUÍDA,Reunião,,3.89,3.945,13.81,2024-07-10 10:39:06.823,2024-07-10 10:39:57.760,2024-07-10 10:56:46.887,2024-07-10 10:57:08.510,2024-07-10 11:05:18.803,,ARQUIVO NACIONAL,ZONA INDUSTRIAL,BRASILIA,DF,"Edificio Parque Cidade Corporate, Asa Sul, Brasilia, Distrito Federal","Edificio Parque Cidade Corporate, Asa Sul, Brasilia, Distrito Federal",-15.79156,-47.91331,-15.7951,-47.89345,-15.79507,-47.89371,,,,KICKS,2022,2022,BRANCA,SGN-**25,,
TAXIGOV_DF_ENTIDADES,1359732,Agência Nacional de Vigilância Sanitária,36687,INDIRETA,AINTE/ANVISA,,CONCLUÍDA,Reunião,,12.63,11.859,44.46,2024-07-10 10:34:54.313,2024-07-10 10:35:02.130,2024-07-10 10:44:58.030,2024-07-10 10:45:39.463,2024-07-10 11:02:17.543,,"ANVISA AGENCIA NACIONAL DE VIGILANCIA SANITARIA - SEDE, 57",ZONA INDUSTRIAL GUARA,BRASILIA,DF,"Ministerio das Relacoes Exteriores   Anexo I, Eixo Monumental, Brasilia, Distrito Federal","Ministerio das Relacoes Exteriores   Anexo I, Eixo Monumental, Brasilia, Distrito Federal",-15.79912,-47.95372,-15.80123,-47.86757,-15.80092,-47.8681,,,,ONIX,2018,2018,PRATA,SGT-**90,,
TAXIGOV_DF_3,1359731,Ministério das Comunicações,264359,DIRETA,CGCE/MCOM,,CONCLUÍDA,Reunião,,6.72,5.679,26.07,2024-07-10 10:34:13.030,2024-07-10 10:37:15.617,2024-07-10 10:42:30.907,2024-07-10 10:46:46.100,2024-07-10 10:56:52.910,,MINISTERIO DAS COMUNICACOES E DOS TRANSPORTES,PA 2,BRASILIA,DF,"Brasilia Palace Hotel, Asa Norte, Brasilia, Distrito Federal","Brasilia Palace Hotel, Asa Norte, Brasilia, Distrito Federal",-15.79691,-47.86715,-15.78832,-47.83075,-15.78836,-47.83071,,,,,2019,2019,,PBU-**76,,
TAXIGOV_DF_3,1359728,Ministério da Saúde,304,DIRETA,GAB/SVS,,CONCLUÍDA,Reunião,,4.25,4.221,16.49,2024-07-10 10:33:26.753,2024-07-10 10:34:06.847,2024-07-10 10:40:05.643,2024-07-10 10:46:26.467,2024-07-10 10:54:25.613,,"OPAS/OMS, SEN, LT. 19",ASA NORTE,BRASILIA,DF,"PO700 - Ministerio da Saude, SRTVN, 701, Asa Norte, Brasilia, Distrito Federal","PO700 - Ministerio da Saude, SRTVN, 701, Asa Norte, Brasilia, Distrito Federal",-15.78239,-47.86783,-15.78407,-47.89045,-15.78412,-47.89045,,,,,2024,2025,,SSL-**49,,
TAXIGOV_DF_3,1359724,Ministério da Saúde,304,DIRETA,ASCOM/GM/MS,,CONCLUÍDA,Reunião,,0.92,0.962,7.76,2024-07-10 10:32:18.197,2024-07-10 10:32:26.217,2024-07-10 10:35:17.360,2024-07-10 10:36:11.407,2024-07-10 10:37:57.180,,MINISTERIO DA SAUDE - BLOCO G,,BRASILIA,DF,"Palacio do Planalto, Brasilia, Distrito Federal","Palacio do Planalto, Brasilia, Distrito Federal",-15.80024,-47.86838,-15.79905,-47.86077,-15.7993,-47.86178,,,,,2021,2022,,RER-**20,,
TAXIGOV_DF_3,1359722,Ministério do Meio Ambiente,1927,DIRETA,GM/MMA,,CONCLUÍDA,Reunião,,2.22,2.975,8.61,2024-07-10 10:31:53.343,2024-07-10 10:32:00.973,2024-07-10 10:37:45.950,2024-07-10 10:38:49.890,2024-07-10 10:43:25.287,,"ANEXO I (PALACIO DO PLANALTO   PRESIDENCIA DA REPUBLICA), PRACA DOS TRES PODERES",PA 1,BRASILIA,DF,"Ministerio do Meio Ambiente, Eixo Monumental, Brasilia, Distrito Federal","Ministerio do Meio Ambiente, Eixo Monumental, Brasilia, Distrito Federal",-15.79955,-47.85925,-15.79859,-47.87243,-15.79871,-47.87224,,,,,2019,2020,,PBR-**50,,
TAXIGOV_DF_3,1359712,Presidência da República,26,DIRETA,SECOI/SECOM/PR,,CONCLUÍDA,Reunião,,2.35,1.695,9.12,2024-07-10 10:28:07.853,2024-07-10 10:28:25.437,2024-07-10 10:29:59.930,2024-07-10 10:34:07.120,2024-07-10 10:41:30.130,,EM,BRASILIA,BRASILIA,DF,"Embaixada da Autoridade Palestina, Brasilia, DF","Embaixada da Autoridade Palestina, Brasilia, DF",-15.79854,-47.86095,-15.79193,-47.8614,-15.79178,-47.86153,,,,,2023,2024,,SGW-**21,,
TAXIGOV_DF_3,1359699,Ministério do Desenvolvimento Agrário e Agricultura Familiar,308794,DIRETA,SAF / MDA,,CANCELADA,Reunião,,,,7.76,2024-07-10 10:24:57.350,2024-07-10 10:25:49.297,,2024-07-10 10:25:49.297,2024-07-10 10:53:55.903,2024-07-10 10:53:55.903,PALACIO DO DESENVOLVIMENTO,ASA NORTE,BRASILIA,DF,"Ministerio da Economia - Bloco C, Esplanada dos Ministerios, Zona Civico-Administrativa, Brasilia, DF",,-15.79075,-47.87953,-15.79906,-47.87167,,,,,,,2019,2020,,QWT-**02,,
TAXIGOV_DF_ENTIDADES,1359694,Instituto Nacional de Colonização e Reforma Agrária,1799,INDIRETA,DAA-2/INCRA,,CONCLUÍDA,Reunião,,4.84,5.729,17.91,2024-07-10 10:22:11.323,2024-07-10 10:22:19.240,2024-07-10 10:22:29.880,2024-07-10 10:24:34.050,2024-07-10 10:35:26.653,,"SGON GARAGEM DO INCRA,",SGON,BRASILIA,DF,"SBN INCRA, - ASA NORTE","SBN INCRA, - ASA NORTE",-15.78009,-47.91323,-15.79085,-47.87956,-15.79124,-47.88011,,,,KICKS,2023,2024,PRATA,SGV-**61,,
TAXIGOV_DF_ENTIDADES,1359692,Fundação Oswaldo Cruz,315,INDIRETA,NEVS/FIOCRUZ-BSB,,CONCLUÍDA,Reunião,,26.07,24.756,96.46,2024-07-10 10:21:47.663,2024-07-10 10:22:03.363,2024-07-10 10:30:21.070,2024-07-10 10:38:05.573,2024-07-10 11:13:54.407,,"HOSPITAL UNIVERSITARIO DE BRASILIA, 604/605",ASA NORTE,BRASILIA,DF,"Qs 11 Conjunto A, Brasilia, DF","QS 11 CONJUNTO A, QDS9 CJA LT 14Q, VILA AREAL, TAGUATINGA - DF, 77320-000, BRASIL",-15.77091,-47.87361,-15.87254,-48.01772,-15.86835,-48.02067,,,,COROLLA,2024,2024,PRATA,SSH-**37,,
TAXIGOV_DF_3,1359690,Ministério da Saúde,304,DIRETA,CGVAM/DSASTE/SVS/MS,,CONCLUÍDA,Reunião,,0.91,1.453,7.76,2024-07-10 10:21:22.777,2024-07-10 10:21:52.310,2024-07-10 10:23:09.000,2024-07-10 10:23:43.717,2024-07-10 10:26:36.913,,"PO700 - MINISTERIO DA SAUDE, SRTVN, 701",ASA NORTE,BRASILIA,DF,"B Hotel Brasilia, Asa Norte, Brasilia, Distrito Federal","B Hotel Brasilia, Asa Norte, Brasilia, Distrito Federal",-15.78407,-47.89045,-15.7887,-47.89162,-15.78899,-47.89174,,,,,2022,2023,,SGO-**28,,
TAXIGOV_DF_3,1359688,Ministério da Saúde,304,DIRETA,GAB/SGTES,,CANCELADA,Reunião,,,,7.76,2024-07-10 10:21:11.040,2024-07-10 10:26:26.987,,2024-07-10 10:26:26.987,2024-07-10 10:26:39.413,2024-07-10 10:26:39.413,"SRTVN, 701",ASA NORTE,BRASILIA,DF,"Organizacao Mundial da Saude, SEN, Asa Norte, Brasilia, DF",,-15.78407,-47.89045,-15.78274,-47.86835,,,,,,,2020,2021,,REI-**76,,
TAXIGOV_DF_ENTIDADES,1359687,Fundação Universidade de Brasília,470,INDIRETA,IH,,CONCLUÍDA,Reunião,,15.17,13.784,55.83,2024-07-10 10:21:05.487,2024-07-10 10:21:12.163,2024-07-10 10:25:59.790,2024-07-10 10:26:27.623,2024-07-10 10:52:25.273,,"RECANTO DAS EMAS, UPA",PA 37,BRASILIA,DF,"QNA 32, LOTE 2 CASA 2 - TAGUATINGA NORTE TAGUATINGA","QNA 32, LOTE 2 CASA 2 - TAGUATINGA NORTE TAGUATINGA",-15.9208,-48.05281,-15.82315,-48.0602,-15.82274,-48.05998,,,,COROLLA,2019,2020,PRETA,PBV-**72,,
TAXIGOV_DF_3,1359682,Ministério do Desenvolvimento Agrário e Agricultura Familiar,308794,DIRETA,CGFIN / DEFIP / SAF / MDA,,CONCLUÍDA,Reunião,,2.74,3.115,10.63,2024-07-10 10:19:46.030,2024-07-10 10:19:53.400,2024-07-10 10:22:34.540,2024-07-10 10:22:54.517,2024-07-10 10:30:48.220,,MINISTERIO DA AGRICULTURA E PECUARIA,PA 2,BRASILIA,DF,"Palacio do Desenvolvimento, Brasilia, DF","Palacio do Desenvolvimento, Brasilia, DF",-15.79953,-47.87093,-15.79075,-47.87953,-15.79119,-47.87958,,,,,2024,2025,,SSL-**49,,
TAXIGOV_DF_ENTIDADES,1359681,Instituto de Pesquisa Econômica Aplicada,7,INDIRETA,SEAGE/IPEA,,CONCLUÍDA,Transporte de documentos / materiais,,3.18,3.481,11.7,2024-07-10 10:19:33.803,2024-07-10 10:24:56.493,2024-07-10 10:30:33.167,2024-07-10 10:31:50.080,2024-07-10 10:48:49.337,,INSTITUTO DE PESQUISA ECONÔMICA APLICADA,ASA SUL,BRASÍLIA,DF,SECRETARIA DE FAZENDA DO DISTRITO FEDERAL - ASA NORTE - BRASÍLIA / DF,SECRETARIA DE FAZENDA DO DISTRITO FEDERAL - ASA NORTE - BRASÍLIA / DF,-15.79916,-47.89699,-15.78399,-47.89018,-15.78419,-47.89046,,,,SIENA,2018,2019,BRANCA,PBL-**03,,
TAXIGOV_DF_3,1359676,Ministério da Saúde,304,DIRETA,DEGES/SGTES/MS,,CONCLUÍDA,Reunião,,2.31,2.431,8.96,2024-07-10 10:18:27.150,2024-07-10 10:18:34.790,2024-07-10 10:22:01.550,2024-07-10 10:22:34.920,2024-07-10 10:27:25.047,,PO700 - MINISTERIO DA SAUDE,ASA NORTE,BRASILIA,DF,"Edificio Parque Cidade Corporate, Asa Sul, Brasilia, DF","Edificio Parque Cidade Corporate, Asa Sul, Brasilia, DF",-15.78406,-47.89043,-15.7951,-47.89345,-15.79511,-47.89384,,,,,2018,2018,,SGX-**20,,
TAXIGOV_DF_3,1359673,Presidência da República,26,DIRETA,SNDSAPP/SG/PR,,CONCLUÍDA,Reunião,,1.29,0.125,7.76,2024-07-10 10:18:12.213,2024-07-10 10:18:38.620,2024-07-10 10:22:47.850,2024-07-10 10:23:06.057,2024-07-10 10:23:31.660,,"PRESIDENCIA DA REPUBLICA - ANEXO I, BRASILIA",ZONA CIVICOADMINISTRATIVA,BRASILIA,DF,"Ministerio das Comunicacoes e dos Transportes, Brasilia, Distrito Federal","VIA N. UM LESTE, ASA SUL, BRASILIA - DF, BRASIL",-15.79944,-47.85939,-15.79691,-47.86715,-15.79985,-47.85957,,,,,2021,22,,REN-**88,,
TAXIGOV_DF_3,1359661,Ministério da Saúde,304,DIRETA,DPNI,,CONCLUÍDA,Reunião,,4.46,4.397,17.3,2024-07-10 10:15:28.130,2024-07-10 10:15:51.277,2024-07-10 10:19:27.877,2024-07-10 10:20:45.310,2024-07-10 10:31:21.100,,"SRTVN, 701",ASA NORTE,BRASILIA,DF,"Anexo do Ministerio da Saude, Eixo Monumental, G, Brasilia, DF","Anexo do Ministerio da Saude, Eixo Monumental, G, Brasilia, DF",-15.78407,-47.89045,-15.80181,-47.86856,-15.8016,-47.86922,,,,,2021,2022,,RER-**20,,
TAXIGOV_DF_ENTIDADES,1359657,Fundação Universidade de Brasília,470,INDIRETA,CPD/UNB,,CONCLUÍDA,Reunião,,2.22,2.316,8.17,2024-07-10 10:14:09.333,2024-07-10 10:14:17.953,2024-07-10 10:17:48.397,2024-07-10 10:17:59.440,2024-07-10 10:21:33.347,,UNB AREA 1,ASA NORTE,BRASILIA,DF,"STI - Antigo CPD, Brasilia, DF","STI - Antigo CPD, Brasilia, DF",-15.7584,-47.86974,-15.77274,-47.86602,-15.77285,-47.86613,,,,VOYAGE,2019,2020,BRANCA,PBR-**59,,
TAXIGOV_DF_3,1359656,Ministério da Saúde,304,DIRETA,DGCI,,CONCLUÍDA,Reunião,,4.07,4.221,15.79,2024-07-10 10:13:39.763,2024-07-10 10:13:48.757,2024-07-10 10:19:24.990,2024-07-10 10:20:03.690,2024-07-10 10:27:02.837,,"SRTVN, 701",ASA NORTE,BRASILIA,DF,"Ministerio da Saude - Bloco G, Brasilia, DF","Ministerio da Saude - Bloco G, Brasilia, DF",-15.78407,-47.89045,-15.80024,-47.86838,-15.80029,-47.86823,,,,,2023,2024,,SGW-**21,,
TAXIGOV_DF_ENTIDADES,1359655,Agência Nacional de Aviação Civil,86144,INDIRETA,SAF/ANAC,,CONCLUÍDA,Reunião,,1.85,2.5,7.4,2024-07-10 10:13:25.143,2024-07-10 10:13:33.173,2024-07-10 10:18:09.593,2024-07-10 10:24:54.173,2024-07-10 10:29:18.567,,TRIBUNAL REGIONAL FEDERAL DA 1  REGIAO,ASA SUL,BRASILIA,DF,"Edificio Parque Cidade Corporate, Asa Sul, Brasilia, Distrito Federal","Edificio Parque Cidade Corporate, Asa Sul, Brasilia, Distrito Federal",-15.80018,-47.88018,-15.7951,-47.89345,-15.79521,-47.8941,,,,COROLLA,2021,2022,PRETA,REQ-**58,,
TAXIGOV_DF_3,1359651,Ministério do Desenvolvimento Agrário e Agricultura Familiar,308794,DIRETA,CGLOG / SPOA / SE / MDA,,CONCLUÍDA,Reunião,,3.15,2.597,12.22,2024-07-10 10:12:37.047,2024-07-10 10:12:47.817,2024-07-10 10:15:37.497,2024-07-10 10:15:55.967,2024-07-10 10:23:37.630,,"ESPLANADA DOS MINISTERIOS, BL. D",BRASILIA,BRASILIA,DF,"Palacio do Desenvolvimento, Brasilia, DF","Palacio do Desenvolvimento, Brasilia, DF",-15.79961,-47.87095,-15.79075,-47.87953,-15.79111,-47.87975,,,,,2019,2020,,PBX-**23,,
TAXIGOV_DF_3,1359642,Presidência da República,26,DIRETA,DITEC/SA/CC/PR,,CONCLUÍDA,Serviço externo / técnico,,11.08,12.983,42.99,2024-07-10 10:09:05.387,2024-07-10 10:09:15.620,2024-07-10 10:16:40.890,2024-07-10 10:21:14.650,2024-07-10 10:35:20.240,,"RESTAURANTE, PRESIDENCIA DA REPUBLICA",ZONA CIVICOADMINISTRATIVA,BRASILIA,DF,"Residencia Oficial da Granja do Torto, Brasilia, Distrito Federal","PARQUE NACIONAL DE BRASILIA, BRASILIA - DF, 70636-000, BRASIL",-15.79885,-47.85897,-15.70542,-47.90573,-15.71194,-47.90069,,,,,2022,2023,,SGQ-**74,,
TAXIGOV_DF_3,1359641,Presidência da República,26,DIRETA,SPP/SECOM/PR,,CONCLUÍDA,Reunião,,17.57,15.236,68.17,2024-07-10 10:09:02.863,2024-07-10 10:10:58.243,2024-07-10 10:12:42.253,2024-07-10 10:14:31.800,2024-07-10 10:36:36.810,,"MINISTERIO DOS TRANSPORTES - ANEXO A E B, EIXO MONUMENTAL",PA 2,BRASILIA,DF,"Aeroporto Internacional de Brasilia - Presidente Juscelino Kubitschek, Brasilia, Distrito Federal","ESTRADA PARQUE AEROPORTO, SETOR DE HABITACOES INDIVIDUAIS SUL, LAGO SUL - DF, 71608-900, BRASIL",-15.79543,-47.86689,-15.87069,-47.91935,-15.87037,-47.92164,,,,,,,,REU-**33,,
TAXIGOV_DF_ENTIDADES,1359633,Instituto Brasileiro do Meio Ambiente e dos Recursos Naturais Renováveis,1812,INDIRETA,DAP/IBAMA,,CONCLUÍDA,Reunião,,5.66,5.602,20.94,2024-07-10 10:06:11.770,2024-07-10 10:08:11.890,2024-07-10 10:13:01.967,2024-07-10 10:13:26.653,2024-07-10 10:21:09.673,,"SENADO FEDERAL BLOCO DE APOIO IV, VIA N2",ASA SUL,BRASILIA,DF,"Ibama, Brasilia, Distrito Federal","IBAMA, ASA NORTE, BRASILIA - DF, BRASIL",-15.79776,-47.86341,-15.76624,-47.86238,-15.76751,-47.86142,,,,COROLLA,2024,2024,PRATA,SSH-**37,,
TAXIGOV_DF_3,1359629,Ministério da Saúde,304,DIRETA,CGSH/SAES/MS,,CONCLUÍDA,Reunião,,4.1,4.158,15.91,2024-07-10 10:05:03.043,2024-07-10 10:05:42.157,2024-07-10 10:08:28.963,2024-07-10 10:09:40.173,2024-07-10 10:18:33.390,,"PO 700, SRTVN QUADRA 03",ASA NORTE,BRASILIA,DF,"Ministerio da Saude - Bloco G, Brasilia, Distrito Federal","Ministerio da Saude - Bloco G, Brasilia, Distrito Federal",-15.78354,-47.8903,-15.80024,-47.86838,-15.80027,-47.86822,,,,,2020,2021,,REI-**76,,
TAXIGOV_DF_3,1359622,Ministério do Desenvolvimento Agrário e Agricultura Familiar,308794,DIRETA,CGLOG / SPOA / SE / MDA,,CANCELADA,Reunião,,,,7.76,2024-07-10 10:03:20.487,2024-07-10 10:05:14.933,,2024-07-10 10:05:14.933,2024-07-10 10:12:14.880,2024-07-10 10:12:14.880,VIA S UM LESTE,BRASILIA,BRASILIA,DF,"Palacio do Desenvolvimento, Brasilia, DF",,-15.79664,-47.87737,-15.79075,-47.87953,,,,,,,,,,PBP-**75,,
TAXIGOV_DF_ENTIDADES,1359620,Instituto Nacional de Colonização e Reforma Agrária,1799,INDIRETA,DAA-2/INCRA,,CONCLUÍDA,Reunião,,5.05,5.564,18.68,2024-07-10 10:02:29.933,2024-07-10 10:04:25.810,2024-07-10 10:09:22.487,2024-07-10 10:09:59.210,2024-07-10 10:20:59.010,,"INSTITUTO NACIONAL DE COLONIZACAO E REFORMA AGRARIA (INCRA), SBN QD. 1 BL. D",ASA NORTE,BRASILIA,DF,"Sgon Q 4, SGO Q 1 Ae, 1, Brasilia, Distrito Federal","SGO, 13, ASA NORTE, BRASILIA - DF, 70610-650, BRASIL",-15.79096,-47.8794,-15.77651,-47.91079,-15.77723,-47.91168,,,,KICKS,2023,2024,PRATA,SGV-**61,,
TAXIGOV_DF_3,1359619,Ministério da Saúde,304,DIRETA,CGSPD/DAET/SAES/MS,,CONCLUÍDA,Reunião,,3.96,4.182,15.36,2024-07-10 10:02:22.007,2024-07-10 10:02:30.057,2024-07-10 10:03:41.237,2024-07-10 10:05:07.823,2024-07-10 10:15:45.727,,PO700 - MINISTERIO DA SAUDE,ASA NORTE,BRASILIA,DF,"Ministerio da Saude - Bloco G, Brasilia, Distrito Federal","Ministerio da Saude - Bloco G, Brasilia, Distrito Federal",-15.78406,-47.89043,-15.80024,-47.86838,-15.79997,-47.86811,,,,,2022,2023,,REV-**05,,
TAXIGOV_DF_3,1359617,Ministério da Saúde,304,DIRETA,DECEIIS,,CONCLUÍDA,Reunião,,3.43,3.184,13.31,2024-07-10 10:01:49.450,2024-07-10 10:02:10.773,2024-07-10 10:06:51.063,2024-07-10 10:07:18.583,2024-07-10 10:16:42.440,,MINISTERIO DA SAUDE - BLOCO G,,BRASILIA,DF,"Organizacao Mundial da Saude, SEN, Asa Norte, Brasilia, Distrito Federal","Organizacao Mundial da Saude, SEN, Asa Norte, Brasilia, Distrito Federal",-15.80024,-47.86838,-15.78274,-47.86835,-15.78298,-47.86839,,,,,2021,2022,,RET-**80,,
TAXIGOV_DF_ENTIDADES,1359616,Departamento Nacional de Infraestrutura de Transportes,54844,INDIRETA,DNIT/MINFRA,,CONCLUÍDA,Reunião,,5.57,4.734,20.72,2024-07-10 10:01:33.903,2024-07-10 10:01:48.053,2024-07-10 10:06:01.713,2024-07-10 10:10:33.983,2024-07-10 10:22:20.440,,SAN QD. 3 BL. A,ASA NORTE,BRASILIA,DF,"Sesc Estacao 504 Sul (DF), Asa Sul, Brasilia, DF","Sesc Estacao 504 Sul (DF), Asa Sul, Brasilia, DF",-15.79071,-47.87523,-15.8064,-47.89845,-15.80588,-47.89843,,,,KICKS,2022,2022,BRANCA,SGN-**25,,
TAXIGOV_DF_ENTIDADES,1359605,Fundação Nacional do Índio,173,INDIRETA,COGEN/FUNAI,,CONCLUÍDA,Reunião,,4.5,4.772,15.97,2024-07-10 09:58:45.810,2024-07-10 09:58:56.940,2024-07-10 09:59:13.370,2024-07-10 09:59:18.943,2024-07-10 10:08:14.547,,"PALACIO DO PLANALTO, CASA CIVIL",PA 1,BRASILIA,DF,"SCS ED PARQUE CIDADE CORPORATE, - ASA SUL","SCS ED PARQUE CIDADE CORPORATE, - ASA SUL",-15.79869,-47.86138,-15.79431,-47.89336,-15.79513,-47.89372,,,,VOYAGE,2021,2022,BRANCA,RTG-**03,,
TAXIGOV_DF_ENTIDADES,1359600,Instituto Nacional de Colonização e Reforma Agrária,1799,INDIRETA,DAA-2.2/INCRA,,CONCLUÍDA,Reunião,,5.3,5.989,19.61,2024-07-10 09:57:22.440,2024-07-10 09:57:32.570,2024-07-10 10:03:05.120,2024-07-10 10:03:15.330,2024-07-10 10:16:16.613,,SGO Q 1 AE,SETORES COMPLEMENTARES,BRASILIA,DF,"Instituto Nacional de Colonizacao e Reforma Agraria - Sede, Asa Norte, Brasilia, DF","Instituto Nacional de Colonizacao e Reforma Agraria - Sede, Asa Norte, Brasilia, DF",-15.77651,-47.91079,-15.79089,-47.87956,-15.79112,-47.8797,,,,COROLLA,2019,2019,PRETA,PBU-**76,,
TAXIGOV_DF_3,1359597,Ministério da Saúde,304,DIRETA,DAHU/SAES/MS,,CANCELADA,Reunião,,,,7.76,2024-07-10 09:56:15.127,2024-07-10 10:05:03.733,,2024-07-10 10:05:03.733,2024-07-10 10:05:41.020,2024-07-10 10:05:41.020,MINISTERIO DA SAUDE - BLOCO G,,BRASILIA,DF,"Palacio do Planalto, Brasilia, Distrito Federal",,-15.80024,-47.86838,-15.79905,-47.86077,,,,,,,2018,2019,,PBO-**89,,
TAXIGOV_DF_3,1359594,Presidência da República,26,DIRETA,SNJ/SG/PR,,CANCELADA,Reunião,,,,,2024-07-10 09:55:22.483,2024-07-10 09:59:14.303,,2024-07-10 09:59:14.303,2024-07-10 09:59:21.190,2024-07-10 09:59:21.190,PALACIO DO PLANALTO,,BRASILIA,DF,"Escola Nacional de Administracao Publica - Enap, Asa Sul, Brasilia, Distrito Federal",,-15.79905,-47.86077,-15.83033,-47.93057,,,,,,,,,,REU-**33,,
TAXIGOV_DF_3,1359591,Ministério da Saúde,304,DIRETA,GAB/SE/MS,,CONCLUÍDA,Reunião,,1.03,1.139,7.76,2024-07-10 09:54:41.623,2024-07-10 10:00:27.180,2024-07-10 10:06:44.600,2024-07-10 10:07:08.653,2024-07-10 10:09:51.910,,"ESPLANADA DOS MINISTERIOS, BL. G",BRASILIA,BRASILIA,DF,"Palacio do Planalto, Brasilia, DF","Palacio do Planalto, Brasilia, DF",-15.80055,-47.86855,-15.79905,-47.86077,-15.79928,-47.8618,,,,,,,,REU-**33,,
TAXIGOV_DF_ENTIDADES,1359585,Banco Central do Brasil,89,INDIRETA,DEINF/BACEN,,CONCLUÍDA,Reunião,,4.12,4.191,15.41,2024-07-10 09:53:23.873,2024-07-10 09:55:42.940,2024-07-10 10:01:05.190,2024-07-10 10:02:07.577,2024-07-10 10:09:29.180,,SBS QD. 3 BL. B,BRASILIA,BRASILIA,DF,"Universidade do Banco Central, SCES Trecho 2, Brasilia, DF","Universidade do Banco Central, SCES Trecho 2, Brasilia, DF",-15.80308,-47.88529,-15.81722,-47.86786,-15.81744,-47.86795,,,,COROLLA,2021,2022,PRETA,REQ-**45,,
TAXIGOV_DF_3,1359582,Ministério das Comunicações,264359,DIRETA,GSTEL/MCOM,,CONCLUÍDA,Reunião,,76.69,80.551,297.56,2024-07-10 09:52:40.307,2024-07-10 09:52:53.467,2024-07-10 10:00:48.363,2024-07-10 10:08:17.353,2024-07-10 11:10:15.760,,"MINISTERIO DA INFRAESTRUTURA - ANEXOS A E B, EIXO MONUMENTAL",,BRASILIA,DF,"R. 19, 1400, Rua 19, 1400, Formosinha, Formosa, Goias","AVENIDA BRASILIA, 1400B, FORMOSA - GO, 73813-010, BRASIL",-15.79521,-47.86691,-15.55999,-47.33055,-15.55221,-47.3266,,,,,2018,2018,,PBJ-**32,,
TAXIGOV_DF_3,1359580,Ministério da Saúde,304,DIRETA,GAB/SE/MS,,CANCELADA,Reunião,,,,7.76,2024-07-10 09:52:20.503,2024-07-10 10:00:03.400,,2024-07-10 09:52:20.503,2024-07-10 10:00:03.400,2024-07-10 10:00:03.400,EMI BLOCO G,ASA SUL,BRASILIA,DF,"Palacio do Planalto, Brasilia, DF",,-15.79998,-47.86839,-15.79905,-47.86077,,,,,,,,,,,,
TAXIGOV_DF_3,1359569,Advocacia-Geral da União,46,DIRETA,GAB/PGF/AGU,,CONCLUÍDA,Reunião,,6.34,6.144,24.6,2024-07-10 09:49:04.160,2024-07-10 09:53:57.410,2024-07-10 09:58:25.643,2024-07-10 09:59:05.007,2024-07-10 10:09:11.617,,"SAUS QD. 3, LT. 5/6",ASA SUL,BRASILIA,DF,"Advocacia-Geral da Uniao - Sede III, Brasilia, DF","Advocacia-Geral da Uniao - Sede III, Brasilia, DF",-15.80235,-47.88043,-15.79215,-47.9124,-15.7921,-47.9124,,,,,2024,2024,,SSH-**13,,
TAXIGOV_DF_ENTIDADES,1359567,Instituto Brasileiro do Meio Ambiente e dos Recursos Naturais Renováveis,1812,INDIRETA,DAI/IBAMA,,CONCLUÍDA,Reunião,,7.36,5.91,27.23,2024-07-10 09:48:49.043,2024-07-10 09:48:59.743,2024-07-10 09:55:58.660,2024-07-10 09:55:59.290,2024-07-10 10:06:13.963,,"IBAMA,",BRASILIA,BRASILIA,DF,"Ministerio da Saude - Bloco G, Brasilia, Distrito Federal","VIA S. DOIS OESTE, 13, ASA SUL, BRASILIA - DF, BRASIL",-15.76718,-47.86158,-15.80024,-47.86838,-15.80137,-47.86756,,,,CRONOS,2022,2022,PRATA,REU-**98,,
TAXIGOV_DF_3,1359561,Ministério das Comunicações,264359,DIRETA,CGCE/MCOM,,CONCLUÍDA,Reunião,,0.81,0.721,7.76,2024-07-10 09:47:13.720,2024-07-10 09:47:23.337,2024-07-10 09:56:23.067,2024-07-10 09:56:56.310,2024-07-10 10:00:28.743,,"MINISTERIO DOS TRANSPORTES, ESPLANADA DOS MINISTERIOS, BL. R",ZONA CIVICOADMINISTRATIVA,BRASILIA,DF,"Ministerio da Educacao, Brasilia, Distrito Federal","Ministerio da Educacao, Brasilia, Distrito Federal",-15.79677,-47.86721,-15.79501,-47.87305,-15.79567,-47.8731,,,,,2022,2022,,SGN-**25,,
TAXIGOV_DF_3,1359555,Ministério do Desenvolvimento Agrário e Agricultura Familiar,308794,DIRETA,CGLOG / SPOA / SE / MDA,,CONCLUÍDA,Reunião,,2.85,3.023,11.06,2024-07-10 09:45:37.093,2024-07-10 09:49:19.373,2024-07-10 09:52:31.663,2024-07-10 09:52:36.317,2024-07-10 10:01:23.310,,ESPLANADA DOS MINISTERIOS,ZONA CIVICO-ADMINISTRATIVA,BRASILIA,DF,"Instituto Nacional de Colonizacao e Reforma Agraria (INCRA), SBN Qd. 1 Bl. D, Brasilia, Brasilia, DF","Instituto Nacional de Colonizacao e Reforma Agraria (INCRA), SBN Qd. 1 Bl. D, Brasilia, Brasilia, DF",-15.79906,-47.87167,-15.79096,-47.8794,-15.79114,-47.87975,,,,,2022,2023,,SGO-**63,,
TAXIGOV_DF_ENTIDADES,1359552,Banco Central do Brasil,89,INDIRETA,DEMAP/INFRA,,CONCLUÍDA,Reunião,,4.86,4.18,18.18,2024-07-10 09:44:53.030,2024-07-10 09:56:19.700,2024-07-10 10:01:04.953,2024-07-10 10:01:30.620,2024-07-10 10:09:39.780,,SBS QD. 3 BL. B,BRASILIA,BRASILIA,DF,"Universidade do Banco Central, SCES Trecho 2, Brasilia, DF","Universidade do Banco Central, SCES Trecho 2, Brasilia, DF",-15.80308,-47.88529,-15.81722,-47.86786,-15.8175,-47.86786,,,,SIENA,2019,2020,PRATA,PBQ-**36,,
TAXIGOV_DF_3,1359550,Ministério da Saúde,304,DIRETA,DPNI,,CONCLUÍDA,Reunião,,4.99,4.215,19.36,2024-07-10 09:44:27.180,2024-07-10 09:44:51.587,2024-07-10 09:55:58.903,2024-07-10 09:56:20.757,2024-07-10 10:05:10.630,,"EDIFICIO PO 700, VIA W 5 NORTE",ASA NORTE,BRASILIA,DF,"Fundacao Oswaldo Cruz - Distrito Federal, Brasilia, Distrito Federal","CAMPUS DARCY RIBEIRO UNB, ASA NORTE, BRASILIA - DF, 70910-900, BRASIL",-15.78364,-47.89034,-15.77097,-47.87113,-15.76838,-47.8684,,,,,2024,2024,,SSI-**84,,
TAXIGOV_DF_3,1359547,Presidência da República,26,DIRETA,SNPS/SG/PR,,CONCLUÍDA,Reunião,,3.5,3.602,13.58,2024-07-10 09:44:03.217,2024-07-10 09:48:04.513,2024-07-10 09:55:43.340,2024-07-10 09:56:16.637,2024-07-10 10:04:15.613,,"BRASILIA - DF, 70833-520, BRASIL",BRASILIA,BRASILIA,DF,"Organizacao Mundial da Saude, SEN, Asa Norte, Brasilia, DF","Organizacao Mundial da Saude, SEN, Asa Norte, Brasilia, DF",-15.7998,-47.85873,-15.78274,-47.86835,-15.78297,-47.86839,,,,,2023,2024,,SGV-**61,,
TAXIGOV_DF_3,1359544,Ministério da Saúde,304,DIRETA,DEPPROS,,CONCLUÍDA,Reunião,,4.19,4.553,16.26,2024-07-10 09:43:28.080,2024-07-10 09:44:36.977,2024-07-10 09:55:02.263,2024-07-10 09:55:36.507,2024-07-10 10:02:04.813,,EIXO MONUMENTAL,G,BRASILIA,DF,"Fundacao Oswaldo Cruz - Distrito Federal, Brasilia, DF","Fundacao Oswaldo Cruz - Distrito Federal, Brasilia, DF",-15.80181,-47.86856,-15.77097,-47.87113,-15.77155,-47.87093,,,,,2022,2023,,SGO-**98,,
TAXIGOV_DF_ENTIDADES,1359543,Fundação Nacional do Índio,173,INDIRETA,DPT/FUNAI,,CONCLUÍDA,Reunião,,3.97,4.151,14.09,2024-07-10 09:43:27.693,2024-07-10 09:44:00.453,2024-07-10 09:52:56.350,2024-07-10 09:54:29.287,2024-07-10 10:04:50.727,,FUNDACAO NACIONAL DOS POVOS INDIGENAS - FUNAI,ASA SUL,BRASILIA,DF,"Senado Federal, Praca dos Tres Poderes, s/n, Brasilia, DF","VIA N. DOIS LESTE, ASA NORTE, BRASILIA - DF, BRASIL",-15.79521,-47.89352,-15.79929,-47.86407,-15.79734,-47.86369,,,,ONIX,2020,2021,BRANCA,REI-**33,,
TAXIGOV_DF_ENTIDADES,1359542,Fundação Universidade de Brasília,470,INDIRETA,DAC,,CONCLUÍDA,Reunião,,37.07,32.475,136.42,2024-07-10 09:43:27.327,2024-07-10 09:43:38.597,2024-07-10 09:48:32.373,2024-07-10 09:50:42.430,2024-07-10 10:33:20.883,,UNB CAMPUS DARCY RIBEIRO,ASA NORTE,BRASILIA,DF,"Universidade de Brasilia - Campus Ceilandia, Brasilia, DF","Universidade de Brasilia - Campus Ceilandia, Brasilia, DF",-15.76433,-47.87036,-15.84408,-48.1016,-15.84381,-48.10147,,,,COROLLA,2022,23,PRATA,RET-**85,,
TAXIGOV_DF_ENTIDADES,1359539,Empresa de Tecnologia e Informações da Previdência,303,INDIRETA,MANUTENÇÃO/DATAPREV,,CONCLUÍDA,Reunião,,12.61,12.235,46.66,2024-07-10 09:41:15.570,2024-07-10 09:42:25.193,2024-07-10 09:45:08.183,2024-07-10 09:46:09.127,2024-07-10 10:04:23.890,,VIA L2 SUL,ASA SUL,BRASILIA,DF,"Itatiaia Atacadista, Brasilia, DF","Itatiaia Atacadista, Brasilia, DF",-15.80034,-47.87811,-15.8026,-47.95608,-15.80252,-47.95603,,,,KICKS,2023,2023,PRATA,SGT-**97,,
TAXIGOV_DF_ENTIDADES,1359537,Fundação Universidade de Brasília,470,INDIRETA,IH,,CONCLUÍDA,Reunião,,6.1,2.242,22.45,2024-07-10 09:40:58.860,2024-07-10 09:41:06.410,2024-07-10 09:41:16.657,2024-07-10 09:41:54.583,2024-07-10 09:55:12.730,,"RIACHO FUNDO 2, UPA",RIACHO FUNDO 2,BRASILIA,DF,"RECANTO DAS EMAS, UPA - PA 37","AVENIDA PONTE ALTA, RECANTO DAS EMAS - DF, 72630-218, BRASIL",-15.90384,-48.0716,-15.9208,-48.05281,-15.91124,-48.0575,,,,COROLLA,2019,2020,PRETA,PBV-**72,,
TAXIGOV_DF_3,1359532,Ministério do Desenvolvimento Agrário e Agricultura Familiar,308794,DIRETA,DECOOP / SEAB / MDA,,CANCELADA,Serviço externo / técnico,,,,,2024-07-10 09:40:18.720,2024-07-10 09:45:00.453,,2024-07-10 09:40:18.720,2024-07-10 09:45:00.443,2024-07-10 09:45:00.443,BANCA PALÁCIO DO DESENVOLVIMENTO,ASA NORTE,BRASÍLIA,DF,18 - BRASÍLIA / DF,,-15.79111,-47.87962,-15.70563,-47.9148,,,,,,,,,,SSL-**39,,
TAXIGOV_DF_ENTIDADES,1359531,Agência Nacional de Energia Elétrica,21089,INDIRETA,AID/ANEEL,,CONCLUÍDA,Reunião,,4.94,4.229,18.28,2024-07-10 09:40:08.837,2024-07-10 09:43:24.013,2024-07-10 09:46:25.247,2024-07-10 09:47:51.060,2024-07-10 09:55:03.570,,VIA S2,,BRASILIA,DF,"Agencia Nacional de Energia Eletrica - Sede, Asa Norte, Brasilia, DF","Agencia Nacional de Energia Eletrica - Sede, Asa Norte, Brasilia, DF",-15.80156,-47.8655,-15.77833,-47.87238,-15.77839,-47.8722,,,,COROLLA,2024,2024,PRATA,SSH-**37,,
TAXIGOV_DF_3,1359528,Ministério do Desenvolvimento Agrário e Agricultura Familiar,308794,DIRETA,DECOOP / SEAB / MDA,,CONCLUÍDA,Reunião,,14.15,12.502,54.9,2024-07-10 09:39:53.080,2024-07-10 09:42:58.680,2024-07-10 09:49:05.483,2024-07-10 09:51:12.517,2024-07-10 10:19:53.757,,PALACIO DO DESENVOLVIMENTO,ASA NORTE,BRASILIA,DF,"Parque de Exposicoes da Granja do Torto, Pqeat, Brasilia, DF","PARQUE NACIONAL DE BRASILIA, BRASILIA - DF, 70635-800, BRASIL",-15.79075,-47.87953,-15.70583,-47.91437,-15.70343,-47.91339,,,,,2024,2025,,SSK-**24,,
TAXIGOV_DF_ENTIDADES,1359523,Agência Nacional de Aviação Civil,86144,INDIRETA,SAF/ANAC,,CONCLUÍDA,Reunião,,2.44,2.205,9.03,2024-07-10 09:38:39.993,2024-07-10 09:38:59.150,2024-07-10 09:49:36.090,2024-07-10 09:49:48.283,2024-07-10 09:56:04.207,,EDIFICIO PARQUE CIDADE CORPORATE,ASA SUL,BRASILIA,DF,"Tribunal Regional Federal da 1  Regiao, Asa Sul, Brasilia, Distrito Federal","Tribunal Regional Federal da 1  Regiao, Asa Sul, Brasilia, Distrito Federal",-15.7951,-47.89345,-15.80018,-47.88018,-15.80033,-47.88026,,,,SIENA,2019,2020,PRATA,PBQ-**36,,
TAXIGOV_DF_ENTIDADES,1359522,Fundação Oswaldo Cruz,315,INDIRETA,NEVS/FIOCRUZ-BSB,,CANCELADA,Reunião,,,,7.4,2024-07-10 09:38:30.623,2024-07-10 09:40:36.113,,2024-07-10 09:50:36.113,2024-07-10 09:44:45.367,2024-07-10 09:44:45.370,HOSPITAL UNIVERSITARIO DE BRASILIA - EMERGENCIA,ASA NORTE,BRASILIA,DF,"Riacho Fundo I, Brasilia, DF",,-15.77171,-47.87302,-15.88332,-48.01752,,,,,,CRONOS,2022,2022,PRATA,REU-**98,,
TAXIGOV_DF_3,1359518,Presidência da República,26,DIRETA,SNJ/SG/PR,,CANCELADA,Reunião,,,,,2024-07-10 09:38:03.793,2024-07-10 09:38:48.173,,2024-07-10 09:38:48.173,2024-07-10 09:41:54.450,2024-07-10 09:41:54.450,"ANEXO I (PALACIO DO PLANALTO   PRESIDENCIA DA REPUBLICA), PRACA DOS TRES PODERES",PA 1,BRASILIA,DF,"Ministerio do Trabalho e Previdencia - Bloco F, Brasilia, Distrito Federal",,-15.79955,-47.85925,-15.79963,-47.86908,,,,,,,2018,2018,,QOB-**36,,
TAXIGOV_DF_3,1359512,Ministério da Saúde,304,DIRETA,DGCI,,CONCLUÍDA,Reunião,,3.66,3.991,14.2,2024-07-10 09:36:00.527,2024-07-10 09:36:09.240,2024-07-10 09:42:22.637,2024-07-10 09:42:56.947,2024-07-10 09:51:46.813,,SRTVN 701 BLOCO C,ASA NORTE,BRASILIA,DF,"Fundacao Oswaldo Cruz - Distrito Federal, Brasilia, DF","Fundacao Oswaldo Cruz - Distrito Federal, Brasilia, DF",-15.78431,-47.89019,-15.77097,-47.87113,-15.77151,-47.87089,,,,,2019,2020,,PBR-**59,,
TAXIGOV_DF_3,1359511,Ministério da Saúde,304,DIRETA,GAB/SGTES,,CONCLUÍDA,Reunião,,14.65,14.725,56.84,2024-07-10 09:35:57.090,2024-07-10 09:36:08.940,2024-07-10 09:39:18.550,2024-07-10 09:40:38.020,2024-07-10 09:55:13.910,,SRTVN QUADRA 03,ASA NORTE,BRASILIA,DF,"Aeroporto Internacional de Brasilia - Presidente Juscelino Kubitschek, Brasilia, DF","ESTRADA PARQUE AEROPORTO, SETOR DE HABITACOES INDIVIDUAIS SUL, LAGO SUL - DF, 71608-000, BRASIL",-15.78354,-47.8903,-15.87069,-47.91935,-15.87042,-47.92149,,,,,2023,2023,,SGT-**48,,
TAXIGOV_DF_3,1359506,Ministério da Saúde,304,DIRETA,DAPSI,,CONCLUÍDA,Reunião,,4.62,4.442,17.93,2024-07-10 09:34:03.937,2024-07-10 09:34:13.323,2024-07-10 09:40:04.140,2024-07-10 09:40:07.760,2024-07-10 09:48:34.983,,"PO 700, SRTVN",ASA NORTE,BRASILIA,DF,"Fundacao Oswaldo Cruz - Distrito Federal, Brasilia, Distrito Federal","Fundacao Oswaldo Cruz - Distrito Federal, Brasilia, Distrito Federal",-15.78456,-47.88949,-15.77097,-47.87113,-15.77156,-47.87093,,,,,2023,2024,,SGW-**21,,
TAXIGOV_DF_3,1359504,Ministério do Desenvolvimento Agrário e Agricultura Familiar,308794,DIRETA,CGLOG / SPOA / SE / MDA,,CANCELADA,Reunião,,,,7.76,2024-07-10 09:33:40.527,2024-07-10 09:44:39.710,,2024-07-10 09:33:40.527,2024-07-10 09:44:39.710,2024-07-10 09:44:39.710,ESPLANADA DOS MINISTERIOS,ZONA CIVICO-ADMINISTRATIVA,BRASILIA,DF,"Instituto Nacional de Colonizacao e Reforma Agraria (INCRA), SBN Qd. 1 Bl. D, Brasilia, Brasilia, DF",,-15.79906,-47.87167,-15.79096,-47.8794,,,,,,,,,,,,
TAXIGOV_DF_ENTIDADES,1359500,Fundação Nacional do Índio,173,INDIRETA,COGEN/FUNAI,,CONCLUÍDA,Reunião,,4.34,4.429,15.41,2024-07-10 09:32:03.750,2024-07-10 09:32:18.370,2024-07-10 09:37:22.493,2024-07-10 09:46:29.960,2024-07-10 09:56:02.813,,SCS BLOCO C,BRASILIA,BRASILIA,DF,"Casa Civil, Brasilia, DF","VIA N. UM LESTE, EIXO MONUMENTAL, BRASILIA - DF, BRASIL",-15.79498,-47.89326,-15.79911,-47.86021,-15.79922,-47.86181,,,,VOYAGE,2021,2022,BRANCA,RTG-**03,,
TAXIGOV_DF_3,1359497,Ministério da Saúde,304,DIRETA,DENASUS/SE/MS,,CONCLUÍDA,Reunião,,4.12,4.174,15.99,2024-07-10 09:31:34.720,2024-07-10 09:31:45.157,2024-07-10 09:35:56.093,2024-07-10 09:36:49.313,2024-07-10 09:43:11.273,,PO700-MINISTERIO DA SAUDE,ASA NORTE,BRASILIA,DF,"Ministerio da Saude - Bloco G, Brasilia, Distrito Federal","Ministerio da Saude - Bloco G, Brasilia, Distrito Federal",-15.78363,-47.89034,-15.80024,-47.86838,-15.80032,-47.86824,,,,,2021,2022,,RER-**20,,
TAXIGOV_DF_3,1359495,Ministério das Relações Exteriores,263,DIRETA,SGAD/SG/MRE,,CONCLUÍDA,Reunião,,10.34,10.472,40.12,2024-07-10 09:31:10.797,2024-07-10 09:31:23.130,2024-07-10 09:33:50.183,2024-07-10 09:35:14.650,2024-07-10 09:48:38.690,,"ESPLANADA DOS MINISTERIOS, BLOCO H",ASA SUL,BRASILIA,DF,"Unitrans International, SAAN Quadra 1, SAAN, Brasilia, DF","Unitrans International, SAAN Quadra 1, SAAN, Brasilia, DF",-15.80129,-47.8677,-15.76826,-47.93901,-15.76797,-47.93902,,,,,2023,2024,,SGV-**13,,
TAXIGOV_DF_3,1359481,Ministério do Desenvolvimento Agrário e Agricultura Familiar,308794,DIRETA,CGFIN / DEFIP / SAF / MDA,,CONCLUÍDA,Reunião,,2.08,2.509,8.07,2024-07-10 09:27:21.427,2024-07-10 09:28:59.133,2024-07-10 09:34:57.843,2024-07-10 09:38:14.197,2024-07-10 09:45:52.747,,PALACIO DO DESENVOLVIMENTO,ASA NORTE,BRASILIA,DF,"ESPLANADA DOS MINISTERIOS, BL. D - ASA SUL - BRASILIA","ESPLANADA DOS MINISTERIOS, BL. D - ASA SUL - BRASILIA",-15.79075,-47.87953,-15.79958,-47.87092,-15.79955,-47.87071,,,,,2020,2021,,RFW-**64,,
TAXIGOV_DF_ENTIDADES,1359478,Instituto Nacional de Estudos e Pesquisas Educacionais Anísio Teixeira,249,INDIRETA,GAB/INEP,,CONCLUÍDA,Reunião,,5.19,5.158,19.15,2024-07-10 09:25:24.307,2024-07-10 09:26:35.180,2024-07-10 09:32:08.177,2024-07-10 09:32:31.930,2024-07-10 09:49:52.640,,FUNDACAO ESCOLA SUPERIOR DO MINISTERIO PUBLICO DO DISTRITO FEDERAL E DOS TERRITORIOS,ASA SUL,BRASILIA,DF,"Instituto Nacional de Estudos e Pesquisas Educacionais, Brasilia, DF","Instituto Nacional de Estudos e Pesquisas Educacionais, Brasilia, DF",-15.80039,-47.89346,-15.788,-47.91424,-15.78777,-47.91437,,,,VIRTUS,2022,2022,PRATA,SGQ-**29,,
TAXIGOV_DF_3,1359475,Ministério da Saúde,304,DIRETA,DEPPROS,,CONCLUÍDA,Reunião,,4.53,4.335,17.58,2024-07-10 09:24:52.300,2024-07-10 09:27:07.470,2024-07-10 09:27:10.633,2024-07-10 09:39:37.400,2024-07-10 09:46:14.920,,"SCES TRECHO 3 POLO 8, 4",,BRASILIA,DF,"Anexo do Ministerio da Saude, Eixo Monumental, G, Brasilia, DF","Anexo do Ministerio da Saude, Eixo Monumental, G, Brasilia, DF",-15.80607,-47.84357,-15.80181,-47.86856,-15.80163,-47.86927,,,,,2018,2018,,PBJ-**25,,
TAXIGOV_DF_ENTIDADES,1359474,Instituto Nacional de Colonização e Reforma Agrária,1799,INDIRETA,DAA-2.2/INCRA,,CONCLUÍDA,Reunião,,5.24,5.61,19.39,2024-07-10 09:24:48.847,2024-07-10 09:28:59.443,2024-07-10 09:36:03.280,2024-07-10 09:36:03.587,2024-07-10 09:47:42.373,,INSTITUTO NACIONAL DE COLONIZACAO E REFORMA AGRARIA - SEDE,ASA NORTE,BRASILIA,DF,"Sgon Q 4, SGO Q 1 Ae, 1, Brasilia, DF","SGO, 13, ASA NORTE, BRASILIA - DF, 70610-650, BRASIL",-15.79089,-47.87956,-15.77651,-47.91079,-15.7772,-47.9117,,,,KICKS,2023,2024,BRANCA,SGY-**29,,
TAXIGOV_DF_3,1359471,Ministério da Saúde,304,DIRETA,CGSB/DESF/SAPS/MS,,CONCLUÍDA,Reunião,,4.23,4.272,16.41,2024-07-10 09:23:34.843,2024-07-10 09:29:10.250,2024-07-10 09:26:38.660,2024-07-10 09:33:43.353,2024-07-10 09:40:22.463,,"MINISTERIO DA SAUDE - ANEXO B, ESPLANADA DOS MINISTERIOS",ZONA CIVICOADMINISTRATIVA,BRASILIA,DF,"Fundacao Oswaldo Cruz - Distrito Federal, Brasilia, Distrito Federal","Fundacao Oswaldo Cruz - Distrito Federal, Brasilia, Distrito Federal",-15.802,-47.86917,-15.77097,-47.87113,-15.77153,-47.87095,,,,,2024,2025,,SSK-**24,,
TAXIGOV_DF_3,1359457,Ministério da Saúde,304,DIRETA,DAPSI,,CANCELADA,Reunião,,,,,2024-07-10 09:20:25.830,2024-07-10 09:21:17.607,,2024-07-10 09:21:17.607,2024-07-10 09:22:13.657,2024-07-10 09:22:13.657,PO700 - MINISTERIO DA SAUDE,ASA NORTE,BRASILIA,DF,"Ministerio da Saude - Bloco G, Brasilia, DF",,-15.78406,-47.89043,-15.80024,-47.86838,,,,,,,2023,2023,,SGT-**38,,
TAXIGOV_DF_3,1359455,Ministério das Comunicações,264359,DIRETA,CGCE/MCOM,,CANCELADA,Reunião,,,,7.76,2024-07-10 09:19:56.027,2024-07-10 09:28:21.337,,2024-07-10 09:28:21.337,2024-07-10 09:28:33.130,2024-07-10 09:28:33.130,"MINISTERIO DOS TRANSPORTES, ESPLANADA DOS MINISTERIOS, BL. R",ZONA CIVICOADMINISTRATIVA,BRASILIA,DF,"Ministerio da Educacao, Brasilia, Distrito Federal",,-15.79677,-47.86721,-15.79501,-47.87305,,,,,,,2023,2024,,SGV-**13,,
TAXIGOV_DF_ENTIDADES,1359453,Agência Nacional de Energia Elétrica,21089,INDIRETA,AID/ANEEL,,CONCLUÍDA,Reunião,,4.3,4.34,15.91,2024-07-10 09:19:28.083,2024-07-10 09:21:57.090,2024-07-10 09:27:39.050,2024-07-10 09:27:40.320,2024-07-10 09:35:44.223,,AGENCIA NACIONAL DE ENERGIA ELETRICA - SEDE,ASA NORTE,BRASILIA,DF,"Estacionamento do Anexo II Camara dos Deputados, Via S2, Brasilia, DF","Estacionamento do Anexo II Camara dos Deputados, Via S2, Brasilia, DF",-15.77833,-47.87238,-15.80156,-47.8655,-15.80155,-47.86486,,,,SIENA,2017,2017,BRANCA,PAX-**23,,
TAXIGOV_DF_3,1359449,Ministério da Saúde,304,DIRETA,GAB/SAPS,,CONCLUÍDA,Reunião,,3.08,3.13,11.95,2024-07-10 09:18:33.217,2024-07-10 09:19:24.580,2024-07-10 09:21:53.450,2024-07-10 09:23:30.580,2024-07-10 09:30:08.560,,"MINISTERIO DA SAUDE (MS), ESPLANADA DOS MINISTERIOS, BL. G",ZONA CIVICOADMINISTRATIVA,BRASILIA,DF,"Organizacao Mundial da Saude, SEN, Asa Norte, Brasilia, Distrito Federal","Organizacao Mundial da Saude, SEN, Asa Norte, Brasilia, Distrito Federal",-15.80055,-47.86855,-15.78274,-47.86835,-15.78294,-47.8684,,,,,2018,2019,,PBO-**89,,
TAXIGOV_DF_3,1359447,Ministério da Saúde,304,DIRETA,DAPSI,,CONCLUÍDA,Reunião,,4.15,4.193,16.1,2024-07-10 09:18:03.680,2024-07-10 09:18:11.467,2024-07-10 09:25:34.737,2024-07-10 09:25:36.810,2024-07-10 09:35:24.330,,"BRASILIA - DF, 70719-040, BRASIL",BRASILIA,BRASILIA,DF,"Ministerio da Saude - Bloco G, Brasilia, DF","Ministerio da Saude - Bloco G, Brasilia, DF",-15.78408,-47.89018,-15.80024,-47.86838,-15.80006,-47.86816,,,,,2018,2018,,PBJ-**32,,
TAXIGOV_DF_3,1359439,Ministério da Saúde,304,DIRETA,GAB/SGTES,,CONCLUÍDA,Reunião,,5.3,4.177,20.56,2024-07-10 09:15:23.863,2024-07-10 09:15:33.300,2024-07-10 09:19:17.597,2024-07-10 09:20:20.403,2024-07-10 09:33:44.420,,"PO 700, SRTVN",ASA NORTE,BRASILIA,DF,SEN - ASA NORTE - BRASILIA,SEN - ASA NORTE - BRASILIA,-15.78456,-47.88949,-15.78274,-47.86835,-15.78293,-47.86832,,,,,2017,2017,,PAQ-**13,,
TAXIGOV_DF_3,1359427,Ministério da Saúde,304,DIRETA,DEPPROS,,CANCELADA,Reunião,,,,7.76,2024-07-10 09:11:51.853,2024-07-10 09:24:35.650,,2024-07-10 09:11:51.853,2024-07-10 09:24:35.650,2024-07-10 09:24:35.650,"SCES TRECHO 3 POLO 8, 4",,BRASILIA,DF,"Anexo do Ministerio da Saude, Eixo Monumental, G, Brasilia, DF",,-15.80607,-47.84357,-15.80181,-47.86856,,,,,,,,,,,,
TAXIGOV_DF_3,1359421,Ministério da Saúde,304,DIRETA,GAB/SVS,,CONCLUÍDA,Reunião,,3.76,3.895,14.59,2024-07-10 09:10:51.713,2024-07-10 09:14:02.127,2024-07-10 09:17:24.843,2024-07-10 09:21:47.670,2024-07-10 09:28:50.467,,SRTVN QUADRA 03,ASA NORTE,BRASILIA,DF,"Organizacao Mundial da Saude, SEN, Asa Norte, Brasilia, DF","Organizacao Mundial da Saude, SEN, Asa Norte, Brasilia, DF",-15.78354,-47.8903,-15.78274,-47.86835,-15.78299,-47.86832,,,,,2020,2021,,RFW-**64,,
TAXIGOV_DF_3,1359418,Ministério da Saúde,304,DIRETA,DGCI,,CONCLUÍDA,Reunião,,4.59,4.187,17.81,2024-07-10 09:09:58.913,2024-07-10 09:16:55.970,2024-07-10 09:22:00.260,2024-07-10 09:22:17.493,2024-07-10 09:30:42.627,,VIA W. CINCO NORTE,BRASILIA,BRASILIA,DF,"Fundacao Oswaldo Cruz - Distrito Federal, Brasilia, DF","Fundacao Oswaldo Cruz - Distrito Federal, Brasilia, DF",-15.78621,-47.89137,-15.77097,-47.87113,-15.77142,-47.87084,,,,,2019,2020,,REF-**82,,
TAXIGOV_DF_ENTIDADES,1359414,Fundação Oswaldo Cruz,315,INDIRETA,NEVS/FIOCRUZ-BSB,,CANCELADA,Reunião,,,,,2024-07-10 09:07:47.247,2024-07-10 09:30:26.637,,2024-07-10 09:30:26.637,2024-07-10 09:32:02.990,2024-07-10 09:32:02.990,HOSPITAL UNIVERSITARIO DE BRASILIA - EMERGENCIA,ASA NORTE,BRASILIA,DF,"Riacho Fundo I, Brasilia, DF",,-15.77171,-47.87302,-15.88332,-48.01752,,,,,,COROLLA,2022,23,PRATA,RET-**85,,
TAXIGOV_DF_3,1359408,Ministério da Saúde,304,DIRETA,DAPSI,,CONCLUÍDA,Reunião,,4.09,4.304,15.87,2024-07-10 09:05:47.233,2024-07-10 09:08:20.917,2024-07-10 09:13:58.147,2024-07-10 09:15:56.393,2024-07-10 09:26:53.917,,"PO 700, SRTVN",ASA NORTE,BRASILIA,DF,"Ministerio da Saude - Bloco G, Brasilia, Distrito Federal","Ministerio da Saude - Bloco G, Brasilia, Distrito Federal",-15.78456,-47.88949,-15.80024,-47.86838,-15.80029,-47.8682,,,,,2023,2024,,SGV-**13,,
TAXIGOV_DF_ENTIDADES,1359403,Fundação Nacional do Índio,173,INDIRETA,SETEP/FUNAI,,CONCLUÍDA,Reunião,,24.92,25.231,88.47,2024-07-10 09:03:48.250,2024-07-10 09:08:02.533,2024-07-10 09:30:20.860,2024-07-10 09:32:40.607,2024-07-10 09:58:55.420,,Q 2 Q 3,SOBRADINHO,BRASILIA,DF,"Edificio Parque Cidade Corporate, Asa Sul, Brasilia, DF","Edificio Parque Cidade Corporate, Asa Sul, Brasilia, DF",-15.65223,-47.81456,-15.7951,-47.89345,-15.79512,-47.89379,,,,ONIX ,2022,2023,PRATA,SGN-**94,,
TAXIGOV_DF_3,1359400,Ministério do Meio Ambiente,1927,DIRETA,ASPAR/GM/MMA,,CONCLUÍDA,Reunião,,1.54,1.739,7.76,2024-07-10 09:03:17.283,2024-07-10 09:03:25.390,2024-07-10 09:10:29.673,2024-07-10 09:11:45.037,2024-07-10 09:16:35.793,,"MINISTERIO DO MEIO AMBIENTE, EIXO MONUMENTAL",,BRASILIA,DF,"Biblioteca do Senado Federal, Brasilia, Distrito Federal","Biblioteca do Senado Federal, Brasilia, Distrito Federal",-15.79859,-47.87243,-15.79775,-47.86342,-15.79746,-47.86359,,,,,2024,2024,,SSK-**66,,
TAXIGOV_DF_3,1359396,Ministério de Minas e Energia,2852,DIRETA,GM/MME,,CONCLUÍDA,Reunião,,2.83,2.865,10.98,2024-07-10 09:02:47.233,2024-07-10 09:04:14.080,2024-07-10 09:08:10.453,2024-07-10 09:09:12.643,2024-07-10 09:14:15.353,,"ESPLANADA DOS MINISTERIOS, BL. U",ASA NORTE,BRASILIA,DF,"B Hotel Brasilia, Asa Norte, Brasilia, DF","B Hotel Brasilia, Asa Norte, Brasilia, DF",-15.79661,-47.86804,-15.7887,-47.89162,-15.7889,-47.89173,,,,,2017,2017,,PAQ-**13,,
TAXIGOV_DF_3,1359395,Ministério da Saúde,304,DIRETA,DEDT,,CONCLUÍDA,Reunião,,4.89,4.157,18.97,2024-07-10 09:02:29.850,2024-07-10 09:02:43.840,2024-07-10 09:11:44.023,2024-07-10 09:12:11.323,2024-07-10 09:23:44.433,,SRTVN QUADRA 03,ASA NORTE,BRASILIA,DF,"Ministerio da Saude - Bloco G, Brasilia, DF","Ministerio da Saude - Bloco G, Brasilia, DF",-15.78354,-47.8903,-15.80024,-47.86838,-15.80025,-47.86826,,,,,2022,2023,,SGQ-**56,,
TAXIGOV_DF_3,1359393,Ministério do Desenvolvimento Agrário e Agricultura Familiar,308794,DIRETA,DATER / SAF / MDA,,CONCLUÍDA,Reunião,,2.78,2.908,10.79,2024-07-10 09:00:43.480,2024-07-10 09:01:01.207,2024-07-10 09:08:15.390,2024-07-10 09:08:18.593,2024-07-10 09:18:38.133,,INSTITUTO NACIONAL DE COLONIZACAO E REFORMA AGRARIA - SEDE,ASA NORTE,BRASILIA,DF,"Complexo Brasil 21, Asa Sul, Brasilia, Distrito Federal","VIA S. UM OESTE, EIXO MONUMENTAL, BRASILIA - DF, BRASIL",-15.79089,-47.87956,-15.79367,-47.89317,-15.79194,-47.89447,,,,,2022,2022,,SGQ-**29,,
TAXIGOV_DF_3,1359392,Ministério da Saúde,304,DIRETA,DEPPROS,,CANCELADA,Reunião,,,,7.76,2024-07-10 09:00:24.900,2024-07-10 09:04:10.247,,2024-07-10 09:04:10.247,2024-07-10 09:09:47.110,2024-07-10 09:09:47.110,VIA W 5 NORTE,ASA NORTE,BRASILIA,DF,"Instituto Serzedello Correa, SCES Trecho 3 Polo 8, 4, Brasilia, DF",,-15.78364,-47.89034,-15.80607,-47.84357,,,,,,,2022,2023,,SGQ-**66,,
TAXIGOV_DF_3,1359382,Ministério das Relações Exteriores,263,DIRETA,SGAD/SG/MRE,,CONCLUÍDA,Serviço externo / técnico,,6.1,6.377,23.67,2024-07-10 08:56:18.737,2024-07-10 08:57:30.620,2024-07-10 09:07:11.703,2024-07-10 09:07:30.080,2024-07-10 09:21:43.653,,SQN 108 BLOCO A,ASA NORTE,BRASILIA,DF,"Ministerio da Saude - Bloco G, Brasilia, DF","Ministerio da Saude - Bloco G, Brasilia, DF",-15.76381,-47.88656,-15.80024,-47.86838,-15.80031,-47.86823,,,,,2023,2023,,SGT-**97,,
TAXIGOV_DF_3,1359379,Ministério da Saúde,304,DIRETA,CGESCO,,CONCLUÍDA,Reunião,,4.54,4.475,17.62,2024-07-10 08:55:47.630,2024-07-10 08:56:46.850,2024-07-10 09:03:24.877,2024-07-10 09:03:29.073,2024-07-10 09:11:24.913,,"ANEXO DO MINISTERIO DA SAUDE, EIXO MONUMENTAL",G,BRASILIA,DF,"Fundacao Oswaldo Cruz - Distrito Federal, Brasilia, Distrito Federal","Fundacao Oswaldo Cruz - Distrito Federal, Brasilia, Distrito Federal",-15.80181,-47.86856,-15.77097,-47.87113,-15.7715,-47.87074,,,,,2017,2017,,PAX-**23,,
TAXIGOV_DF_3,1359372,Ministério da Saúde,304,DIRETA,DGCI,,CANCELADA,Reunião,,,,,2024-07-10 08:51:34.813,2024-07-10 08:52:04.817,,2024-07-10 08:52:04.817,2024-07-10 08:52:32.093,2024-07-10 08:52:32.093,SRTVN 701 BLOCO C,ASA NORTE,BRASILIA,DF,"Fundacao Oswaldo Cruz - Distrito Federal, Brasilia, DF",,-15.78431,-47.89019,-15.77097,-47.87113,,,,,,,2024,2024,,SSI-**69,,
TAXIGOV_DF_3,1359370,Ministério da Educação,244,DIRETA,GPIS/DAF/SETEC,,CANCELADA,Reunião,,,,,2024-07-10 08:51:22.887,2024-07-10 08:54:34.577,,2024-07-10 08:54:34.577,2024-07-10 08:54:56.127,2024-07-10 08:54:56.127,"EM BLOCO L,",BRASILIA,BRASILIA,DF,"CONIF, Asa Sul, Brasilia, Distrito Federal",,-15.79487,-47.87299,-15.79685,-47.8865,,,,,,,2021,2021,,REK-**22,,
TAXIGOV_DF_3,1359369,Presidência da República,26,DIRETA,SNJ/SG/PR,,CONCLUÍDA,Reunião,,12.0,12.331,46.56,2024-07-10 08:51:04.707,2024-07-10 08:52:36.027,2024-07-10 08:56:24.397,2024-07-10 08:58:26.893,2024-07-10 09:14:39.973,,VIA N1,,BRASILIA,DF,"Escola Nacional de Administracao Publica - Enap, Asa Sul, Brasilia, DF","Escola Nacional de Administracao Publica - Enap, Asa Sul, Brasilia, DF",-15.79967,-47.85931,-15.83033,-47.93057,-15.83024,-47.93134,,,,,2023,2023,,SGT-**38,,
TAXIGOV_DF_3,1359368,Ministério da Educação,244,DIRETA,GPIS/DAF/SETEC,,CONCLUÍDA,Reunião,,3.35,2.726,13.0,2024-07-10 08:50:43.793,2024-07-10 08:51:45.830,2024-07-10 08:56:29.300,2024-07-10 08:56:31.413,2024-07-10 09:03:26.397,,MINISTERIO DA EDUCACAO,PA 2,BRASILIA,DF,"BL D, Asa Sul, Brasilia, DF","BL D, Asa Sul, Brasilia, DF",-15.79501,-47.87305,-15.7969,-47.88665,-15.79695,-47.88642,,,,,2019,2020,,EZA-**21,,
TAXIGOV_DF_3,1359364,Ministério da Saúde,304,DIRETA,CGSPD/DAET/SAES/MS,,CONCLUÍDA,Reunião,,3.89,4.039,15.09,2024-07-10 08:49:16.960,2024-07-10 08:49:25.807,2024-07-10 08:53:01.870,2024-07-10 08:55:20.147,2024-07-10 09:03:24.920,,"SRTVN, 701",ASA NORTE,BRASILIA,DF,"Ministerio da Ciencia, Tecnologia e Inovacao - MCTI, Brasilia, DF","Ministerio da Ciencia, Tecnologia e Inovacao - MCTI, Brasilia, DF",-15.78407,-47.89045,-15.79986,-47.87005,-15.7998,-47.86991,,,,,2022,2022,,SGN-**25,,
TAXIGOV_DF_3,1359356,Ministério das Relações Exteriores,263,DIRETA,SGAD/SG/MRE,,CANCELADA,Serviço externo / técnico,,,,7.76,2024-07-10 08:45:59.917,2024-07-10 08:55:59.887,,2024-07-10 08:45:59.917,2024-07-10 08:55:59.887,2024-07-10 08:55:59.887,BL B,ASA NORTE,BRASILIA,DF,"Anexo II do Itamaraty (Bolo de Noiva), Via S2, Brasilia, DF",,-15.7676,-47.88665,-15.80205,-47.868,,,,,,,,,,,,
TAXIGOV_DF_ENTIDADES,1359352,Instituto Nacional de Estudos e Pesquisas Educacionais Anísio Teixeira,249,INDIRETA,GAB/INEP,,CONCLUÍDA,Reunião,,4.64,4.3,17.12,2024-07-10 08:44:33.563,2024-07-10 08:44:43.737,2024-07-10 08:47:48.380,2024-07-10 08:48:16.573,2024-07-10 09:00:01.440,,"SIG QD. 4, LT. 327",CRUZEIRO,BRASILIA,DF,"Fundacao Escola Superior do Ministerio Publico do Distrito Federal e dos Territorios, Asa Sul, Brasilia, DF","Fundacao Escola Superior do Ministerio Publico do Distrito Federal e dos Territorios, Asa Sul, Brasilia, DF",-15.78816,-47.91414,-15.80039,-47.89346,-15.80069,-47.89312,,,,SPIN,2023,2023,BRANCA,SGS-**72,,
TAXIGOV_DF_3,1359350,Ministério da Saúde,304,DIRETA,DATHI,,CONCLUÍDA,Reunião,,3.75,3.869,14.55,2024-07-10 08:43:28.860,2024-07-10 08:45:38.690,2024-07-10 08:53:44.227,2024-07-10 08:56:24.223,2024-07-10 09:04:28.693,,VIA W 5 NORTE,ASA NORTE,BRASILIA,DF,"Fundacao Oswaldo Cruz - Distrito Federal, Brasilia, DF","Fundacao Oswaldo Cruz - Distrito Federal, Brasilia, DF",-15.78364,-47.89034,-15.77097,-47.87113,-15.77158,-47.87094,,,,,2023,2024,,SGV-**13,,
TAXIGOV_DF_3,1359349,Ministério do Desenvolvimento Agrário e Agricultura Familiar,308794,DIRETA,CGLOG / SPOA / SE / MDA,,CONCLUÍDA,Reunião,,2.77,2.676,10.75,2024-07-10 08:42:47.233,2024-07-10 08:45:38.383,2024-07-10 08:50:35.623,2024-07-10 08:55:02.443,2024-07-10 09:02:48.873,,MINISTERIO DO DESENVOLVIMENTO AGRARIO E AGRICULTURA FAMILIAR (MDA),PA 2,BRASILIA,DF,"Instituto Nacional de Colonizacao e Reforma Agraria - Sede, Asa Norte, Brasilia, DF","Instituto Nacional de Colonizacao e Reforma Agraria - Sede, Asa Norte, Brasilia, DF",-15.79937,-47.87084,-15.79089,-47.87956,-15.79118,-47.87942,,,,,2017,2017,,PAQ-**13,,
TAXIGOV_DF_ENTIDADES,1359340,Fundação Universidade de Brasília,470,INDIRETA,CPD/UNB,,CONCLUÍDA,Reunião,,1.99,2.118,7.36,2024-07-10 08:39:44.437,2024-07-10 08:39:56.207,2024-07-10 08:47:48.030,2024-07-10 08:47:57.580,2024-07-10 08:51:35.047,,"BRASILIA - DF, 70910-900, BRASIL",BRASILIA,BRASILIA,DF,"Instituto de Ciencia Politica (IPOL), UNB Area 1, Asa Norte, Brasilia, DF","Instituto de Ciencia Politica (IPOL), UNB Area 1, Asa Norte, Brasilia, DF",-15.77281,-47.8658,-15.7584,-47.86974,-15.75902,-47.86968,,,,CRONOS,2022,2022,PRATA,REU-**98,,
TAXIGOV_DF_3,1359339,Ministério da Saúde,304,DIRETA,CGIAD,,CONCLUÍDA,Reunião,,5.08,0.001,19.71,2024-07-10 08:39:08.673,2024-07-10 08:44:43.447,2024-07-10 08:46:05.387,2024-07-10 08:46:07.830,2024-07-10 08:46:13.560,,MINISTERIO DA SAUDE - BLOCO G,,BRASILIA,DF,"Instituto Serzedello Correa, SCES Trecho 3 Polo 8, 4, Brasilia, DF","EMI BLOCO G, ASA SUL, BRASILIA - DF, 70058-900, BRASIL",-15.80024,-47.86838,-15.80607,-47.84357,-15.80029,-47.86826,,,,,2020,2021,,RFW-**64,,
TAXIGOV_DF_3,1359337,Ministério da Saúde,304,DIRETA,DGAP,,CONCLUÍDA,Reunião,,5.08,5.125,19.71,2024-07-10 08:37:21.663,2024-07-10 08:39:08.950,2024-07-10 08:40:18.663,2024-07-10 08:40:41.940,2024-07-10 08:47:17.863,,MINISTERIO DA SAUDE - BLOCO G,,BRASILIA,DF,"Instituto Serzedello Correa, SCES Trecho 3 Polo 8, 4, Brasilia, Distrito Federal","Instituto Serzedello Correa, SCES Trecho 3 Polo 8, 4, Brasilia, Distrito Federal",-15.80024,-47.86838,-15.80607,-47.84357,-15.80606,-47.84303,,,,,2019,2020,,EZA-**21,,
TAXIGOV_DF_3,1359334,Ministério da Saúde,304,DIRETA,GAB/SVS,,CANCELADA,Reunião,,,,,2024-07-10 08:35:54.550,2024-07-10 08:36:22.490,,2024-07-10 08:36:22.490,2024-07-10 08:40:45.313,2024-07-10 08:40:45.313,SRTVN QUADRA 03,ASA NORTE,BRASILIA,DF,"Organizacao Mundial da Saude, SEN, Asa Norte, Brasilia, DF",,-15.78354,-47.8903,-15.78274,-47.86835,,,,,,,2022,2023,,SGR-**08,,
TAXIGOV_DF_ENTIDADES,1359332,Agência Nacional de Aviação Civil,86144,INDIRETA,SFI/ANAC,,CONCLUÍDA,Reunião,,3.54,3.481,13.1,2024-07-10 08:35:02.213,2024-07-10 08:38:01.357,2024-07-10 08:42:12.560,2024-07-10 08:43:19.560,2024-07-10 08:54:21.367,,"SCS QD. 9, LT. C",ASA SUL,BRASILIA,DF,"Comando da Marinha do Brasil, Bloco E, Asa Norte, Brasilia, DF","SGO, ASA NORTE, BRASILIA - DF, BRASIL",-15.79533,-47.89348,-15.79559,-47.87131,-15.79411,-47.87049,,,,SIENA,2021,2021,BRANCA,REK-**22,,
TAXIGOV_DF_3,1359329,Ministério de Minas e Energia,2852,DIRETA,GM/MME,,CANCELADA,Reunião,,,,7.76,2024-07-10 08:33:25.830,2024-07-10 08:41:39.210,,2024-07-10 08:33:25.830,2024-07-10 08:41:39.210,2024-07-10 08:41:39.210,MINISTERIO DE MINAS E ENERGIA - BLOCO U,PA 2,BRASILIA,DF,"Senado Federal, Praca dos Tres Poderes, s/n, Brasilia, DF",,-15.79648,-47.86802,-15.79929,-47.86407,,,,,,,,,,,,
TAXIGOV_DF_3,1359328,Ministério da Educação,244,DIRETA,GPIS/DAF/SETEC,,CANCELADA,Reunião,,,,7.76,2024-07-10 08:33:21.420,2024-07-10 08:42:47.537,,2024-07-10 08:33:21.420,2024-07-10 08:42:47.537,2024-07-10 08:42:47.537,"MINISTERIO DA EDUCACAO (MEC), ESPLANADA DOS MINISTERIOS, BL. L",ZONA CIVICOADMINISTRATIVA,BRASILIA,DF,"CONIF, Asa Sul, Brasilia, Distrito Federal",,-15.7949,-47.87322,-15.79685,-47.8865,,,,,,,,,,,,
TAXIGOV_DF_3,1359327,Ministério das Relações Exteriores,263,DIRETA,SGAD/SG/MRE,,CANCELADA,Serviço externo / técnico,,,,7.76,2024-07-10 08:33:17.620,2024-07-10 08:40:40.470,,2024-07-10 08:33:17.620,2024-07-10 08:40:40.470,2024-07-10 08:40:40.470,BL D,ASA NORTE,BRASILIA,DF,"Anexo II do Itamaraty (Bolo de Noiva), Via S2, Brasilia, DF",,-15.76811,-47.88747,-15.80205,-47.868,,,,,,,,,,,,
TAXIGOV_DF_3,1359323,Ministério do Desenvolvimento Agrário e Agricultura Familiar,308794,DIRETA,CGLOG / SPOA / SE / MDA,,CONCLUÍDA,Reunião,,2.69,3.093,10.44,2024-07-10 08:32:02.500,2024-07-10 08:37:29.227,2024-07-10 08:41:11.500,2024-07-10 08:42:18.470,2024-07-10 08:48:56.787,,BLOCO D - ESPLANADA DOS MINISTERIOS,PA 2,BRASILIA,DF,"Instituto Nacional de Colonizacao e Reforma Agraria - Sede, Asa Norte, Brasilia, DF","Instituto Nacional de Colonizacao e Reforma Agraria - Sede, Asa Norte, Brasilia, DF",-15.79944,-47.87087,-15.79089,-47.87956,-15.79112,-47.87966,,,,,2024,2024,,SSK-**66,,
TAXIGOV_DF_3,1359320,Ministério da Saúde,304,DIRETA,DEPPROS,,CONCLUÍDA,Reunião,,3.88,,21.57,2024-07-10 08:31:51.120,2024-07-10 08:35:45.423,2024-07-10 08:37:28.897,2024-07-10 08:39:57.733,2024-07-10 08:49:49.250,,ESPLANADA DOS MINISTERIOS,BRASILIA,BRASILIA,DF,"Instituto Serzedello Correa, SCES Trecho 3 Polo 8, 4, Brasilia, DF","Instituto Serzedello Correa, SCES Trecho 3 Polo 8, 4, Brasilia, DF",-15.802,-47.86917,-15.80607,-47.84357,,,5.0,,,,2023,2023,,SGT-**38,,
TAXIGOV_DF_ENTIDADES,1359317,Instituto Nacional de Colonização e Reforma Agrária,1799,INDIRETA,CAMARA DE CONCILIACAO AGRARIA,,CONCLUÍDA,Reunião,,5.08,5.07,18.8,2024-07-10 08:30:39.460,2024-07-10 08:30:49.120,2024-07-10 08:36:43.607,2024-07-10 08:37:36.420,2024-07-10 08:46:57.997,,SBN QD. 1 BL. D,BRASILIA,BRASILIA,DF,"Superintendencia Regional do Incra, SGO Q 1 Ae, Asa Norte, Brasilia, DF","Superintendencia Regional do Incra, SGO Q 1 Ae, Asa Norte, Brasilia, DF",-15.79096,-47.8794,-15.78032,-47.91313,-15.78029,-47.91286,,,,VIRTUS,2019,2019,PRETA,PBP-**59,,
TAXIGOV_DF_ENTIDADES,1359309,"Instituto Nacional de Metrologia, Qualidade e Tecnologia",240,INDIRETA,GABIN/INMETRO,,CONCLUÍDA,Reunião,,1.26,1.199,7.4,2024-07-10 08:27:03.033,2024-07-10 08:28:51.493,2024-07-10 08:39:31.133,2024-07-10 08:40:15.997,2024-07-10 08:45:09.493,,HOTEL EM BRASILIA - MULTIPARQUE HPLUS LONG STAY,SETOR SUDOESTE,BRASILIA,DF,"Instituto Nacional de Metrologia, Qualidade e Tecnologia, Brasilia, DF","Instituto Nacional de Metrologia, Qualidade e Tecnologia, Brasilia, DF",-15.79447,-47.91809,-15.79429,-47.9117,-15.79504,-47.91172,,,,VERSA,2019,2020,PRATA,PBX-**23,,
TAXIGOV_DF_3,1359308,Ministério da Saúde,304,DIRETA,GAB/SGTES,,CONCLUÍDA,Reunião,,2.1,1.946,8.15,2024-07-10 08:26:04.517,2024-07-10 08:26:13.887,2024-07-10 08:31:55.067,2024-07-10 08:32:29.940,2024-07-10 08:37:31.697,,MERCURE BRASILIA LIDER HOTEL,ASA NORTE,BRASILIA,DF,"CONASS - Conselho Nacional de Secretarios de Saude, Asa Sul, Brasilia, DF","CONASS - Conselho Nacional de Secretarios de Saude, Asa Sul, Brasilia, DF",-15.78898,-47.89104,-15.7956,-47.89385,-15.79515,-47.89382,,,,,2019,2020,,PBR-**59,,
TAXIGOV_DF_ENTIDADES,1359304,Fundação Universidade de Brasília,470,INDIRETA,DIVGP,16205,CONCLUÍDA,Reunião,,5.8,6.266,22.27,2024-07-10 08:23:38.387,2024-07-10 08:23:46.050,2024-07-10 08:28:51.270,2024-07-10 08:29:24.127,2024-07-10 08:37:56.170,,"VIA W3 NORTE,",BRASILIA,BRASILIA,DF,"HUB Hospital Universitario de Brasilia - Pediatria, Asa Norte, Brasilia, Distrito Federal","HUB Hospital Universitario de Brasilia - Pediatria, Asa Norte, Brasilia, Distrito Federal",-15.74959,-47.89519,-15.77182,-47.87393,-15.77278,-47.8743,,,,YARES,2022,2023,BRANCA,SGP-**69,,
TAXIGOV_DF_3,1359301,Ministério da Saúde,304,DIRETA,AISA/GM/MS,,CONCLUÍDA,Reunião,,6.06,5.552,23.51,2024-07-10 08:23:00.267,2024-07-10 08:23:09.990,2024-07-10 08:25:35.920,2024-07-10 08:26:28.223,2024-07-10 08:36:21.600,,"MINISTERIO DA SAUDE (MS), ESPLANADA DOS MINISTERIOS, BL. G",ZONA CIVICOADMINISTRATIVA,BRASILIA,DF,"Brasilia Palace Hotel, Asa Norte, Brasilia, Distrito Federal","Brasilia Palace Hotel, Asa Norte, Brasilia, Distrito Federal",-15.80055,-47.86855,-15.78832,-47.83075,-15.78844,-47.83097,,,,,2022,2022,,SGQ-**29,,
TAXIGOV_DF_ENTIDADES,1359297,Instituto do Patrimônio Histórico e Artístico Nacional,2045,INDIRETA,CNA/IPHAN,,CONCLUÍDA,Reunião,,3.93,,14.54,2024-07-10 08:18:53.910,2024-07-10 08:19:05.247,2024-07-10 08:27:23.000,2024-07-10 08:27:25.577,2024-07-10 08:41:45.170,,"SEPS 702/902,",BRASILIA,BRASILIA,DF,"Edificio CNC III, Asa Norte, Brasilia, Distrito Federal","Edificio CNC III, Asa Norte, Brasilia, Distrito Federal",-15.79921,-47.89705,-15.78875,-47.87842,,,5.0,,,COROLLA,2024,2024,PRETA,SSJ-**46,,
TAXIGOV_DF_ENTIDADES,1359295,Fundação Universidade de Brasília,470,INDIRETA,IH,,CONCLUÍDA,Reunião,,35.39,31.053,130.24,2024-07-10 08:17:35.877,2024-07-10 08:18:40.180,2024-07-10 08:27:06.520,2024-07-10 08:27:38.737,2024-07-10 09:07:25.757,,SQN 214 BL. E,BRASILIA,BRASILIA,DF,"UPA Riacho Fundo II, Brasilia, DF","UPA Riacho Fundo II, Brasilia, DF",-15.74315,-47.88827,-15.89994,-48.04013,-15.90006,-48.04027,,,,COROLLA,2019,2020,PRETA,PBV-**72,,
TAXIGOV_DF_3,1359288,Ministério da Saúde,304,DIRETA,DGAP,,CONCLUÍDA,Reunião,,4.19,4.264,16.26,2024-07-10 08:12:41.797,2024-07-10 08:12:51.990,2024-07-10 08:14:12.720,2024-07-10 08:15:05.613,2024-07-10 08:22:44.057,,EMI BLOCO G,ASA SUL,BRASILIA,DF,"Fundacao Oswaldo Cruz - Distrito Federal, Brasilia, DF","Fundacao Oswaldo Cruz - Distrito Federal, Brasilia, DF",-15.80032,-47.86823,-15.77097,-47.87113,-15.77155,-47.87093,,,,,2022,2022,,REU-**98,,
TAXIGOV_DF_3,1359287,Ministério da Saúde,304,DIRETA,CGAH,,CONCLUÍDA,Reunião,,4.09,4.144,15.87,2024-07-10 08:12:17.190,2024-07-10 08:13:06.433,2024-07-10 08:19:35.483,2024-07-10 08:19:57.547,2024-07-10 08:27:32.307,,EDIFICIO PO 700,ASA NORTE,BRASILIA,DF,"Ministerio da Saude - Bloco G, Brasilia, DF","Ministerio da Saude - Bloco G, Brasilia, DF",-15.78364,-47.89034,-15.80024,-47.86838,-15.80004,-47.86818,,,,,2022,2023,,SGN-**94,,
TAXIGOV_DF_3,1359278,Ministério da Saúde,304,DIRETA,SECNS/CNS/MS,,CONCLUÍDA,Reunião,,3.16,3.265,12.26,2024-07-10 08:06:08.480,2024-07-10 08:06:13.337,2024-07-10 08:08:02.693,2024-07-10 08:11:45.550,2024-07-10 08:16:28.527,,FUNDACAO OSWALDO CRUZ - DISTRITO FEDERAL,,BRASILIA,DF,"Organizacao Mundial da Saude, SEN, Asa Norte, Brasilia, DF","Organizacao Mundial da Saude, SEN, Asa Norte, Brasilia, DF",-15.77097,-47.87113,-15.78274,-47.86835,-15.78297,-47.86838,,,,,2019,2019,,PBP-**59,,
TAXIGOV_DF_3,1359270,Ministério da Defesa,41066,DIRETA,SEORI/MD,,CONCLUÍDA,Reunião,,12.35,12.455,47.92,2024-07-10 08:01:17.100,2024-07-10 08:27:14.117,2024-07-10 08:32:13.857,2024-07-10 08:34:41.227,2024-07-10 08:49:45.823,,EIXO MONUMENTAL,PA 2,BRASILIA,DF,"Escola Superior de Defesa, DF-001, km 27, Jardim Botanico, Brasilia, DF","Escola Superior de Defesa, DF-001, km 27, Jardim Botanico, Brasilia, DF",-15.79605,-47.86885,-15.86728,-47.82376,-15.86704,-47.82301,,,,,2018,2019,,PBO-**89,,
TAXIGOV_DF_ENTIDADES,1359256,Fundação Universidade de Brasília,470,INDIRETA,DIVGP,16205,CONCLUÍDA,Reunião,,4.57,5.022,17.55,2024-07-10 07:43:43.300,2024-07-10 07:43:57.693,2024-07-10 07:49:29.220,2024-07-10 07:49:38.077,2024-07-10 07:56:39.063,,HUB ADMINISTRACAO,ASA NORTE,BRASILIA,DF,"Foro Trabalhista de Brasilia, SEPN, 513, Asa Norte, Brasilia, Distrito Federal","Foro Trabalhista de Brasilia, SEPN, 513, Asa Norte, Brasilia, Distrito Federal",-15.77337,-47.87411,-15.7495,-47.89527,-15.74967,-47.89482,,,,ETIOS,2019,2020,PRATA,REF-**82,,
TAXIGOV_DF_ENTIDADES,1359251,Agência Espacial Brasileira,4243,INDIRETA,DPEI/AEB,,CONCLUÍDA,Reunião,,22.11,22.238,82.03,2024-07-10 07:33:21.497,2024-07-10 07:34:43.343,2024-07-10 07:44:51.043,2024-07-10 07:44:57.737,2024-07-10 08:08:29.237,,AEB AGENCIA ESPACIAL BRASILEIRA,SETOR POLICIAL SUL,BRASILIA,DF,"Escola Superior de Defesa, DF-001, km 27, Jardim Botanico, Brasilia, DF","ESAF, LAGO SUL - DF, BRASIL",-15.81587,-47.94311,-15.86728,-47.82376,-15.86738,-47.82202,,,,COROLLA,2024,2024,PRATA,SSH-**37,,
TAXIGOV_DF_3,1359249,Ministério das Relações Exteriores,263,DIRETA,SGAD/SG/MRE,,CONCLUÍDA,Serviço externo / técnico,,6.22,6.172,24.13,2024-07-10 07:28:28.807,2024-07-10 07:28:34.587,2024-07-10 07:31:16.390,2024-07-10 07:34:07.223,2024-07-10 07:43:07.413,,VIA S2,ASA SUL,BRASILIA,DF,"BL H, Asa Norte, Brasilia, DF","BL H, Asa Norte, Brasilia, DF",-15.80205,-47.868,-15.76676,-47.88798,-15.76648,-47.88766,,,,,2024,2024,,SSK-**66,,
TAXIGOV_DF_3,1359221,Presidência da República,26,DIRETA,DITEC/SA/CC/PR,,CANCELADA,Reunião,,,,7.76,2024-07-10 01:55:09.333,2024-07-10 02:32:48.920,,2024-07-10 01:55:09.333,2024-07-10 02:32:48.920,2024-07-10 02:32:48.920,PRACA DOS TRES PODERES,PA 1,BRASILIA,DF,"Jardins Mangueiral, Brasilia, DF",,-15.79955,-47.85925,-15.89405,-47.80076,,,,,,,,,,,,
TAXIGOV_DF_3,1359220,Presidência da República,26,DIRETA,DITEC/SA/CC/PR,,CONCLUÍDA,Reunião,,47.71,32.28,185.11,2024-07-10 01:52:06.010,2024-07-10 02:18:13.630,2024-07-10 02:25:34.280,2024-07-10 02:33:13.363,2024-07-10 03:27:25.987,,ANEXO III DO PALACIO DO PLANALTO,ASA SUL,BRASILIA,DF,"QBR 2 BLOCO M, Santa Maria, Brasilia, Distrito Federal","QBR 2 BLOCO M, Santa Maria, Brasilia, Distrito Federal",-15.799,-47.85901,-15.9964,-47.99548,-15.9961,-47.99533,,,,,2022,2023,,REU-**34,,
TAXIGOV_DF_3,1359219,Presidência da República,26,DIRETA,SEAUD/SECOM/PR,,CANCELADA,Reunião,,,,7.76,2024-07-10 01:39:06.443,2024-07-10 01:47:16.077,,2024-07-10 01:39:06.443,2024-07-10 01:47:16.077,2024-07-10 01:47:16.077,BASE AEREA DE BRASILIA,,BRASILIA,DF,"SQS 103 Bl. F, Asa Sul, Brasilia, Distrito Federal",,-15.87127,-47.9087,-15.80474,-47.89198,,,,,,,,,,,,
TAXIGOV_DF_3,1359218,Presidência da República,26,DIRETA,COSAU/DIGEP/SA/CC/PR,,EM ANDAMENTO,Reunião,,,,,2024-07-10 01:21:28.750,2024-07-10 01:24:46.383,2024-07-10 01:35:15.650,2024-07-10 01:48:11.757,,,BASE AEREA DE BRASILIA,,BRASILIA,DF,"Residencial Vinicius Serrao, Avenida Flamboyant, 6, Brasilia, Distrito Federal",,-15.87127,-47.9087,-15.83712,-48.0288,,,,,,,2022,2023,,SGP-**66,,
TAXIGOV_DF_3,1359216,Presidência da República,26,DIRETA,DCEV/GSI/PR,,CONCLUÍDA,Reunião,,21.32,20.649,82.72,2024-07-10 00:39:12.303,2024-07-10 00:39:23.100,2024-07-10 00:51:47.400,2024-07-10 00:51:49.213,2024-07-10 01:17:10.113,,BASE AEREA DE BRASILIA,,BRASILIA,DF,"Residencial You LifeStyle, Av. Jacaranda, SUL AGUAS CLARAS, BRASILIA, DF","Residencial You LifeStyle, Av. Jacaranda, SUL AGUAS CLARAS, BRASILIA, DF",-15.87127,-47.9087,-15.84689,-48.03184,-15.84642,-48.03198,,,,,2023,2024,,SGY-**09,,
TAXIGOV_DF_3,1359209,Presidência da República,26,DIRETA,AEPR/PR,,CANCELADA,Reunião,,,,7.76,2024-07-09 23:08:58.030,2024-07-10 01:38:50.543,,2024-07-09 23:08:58.030,2024-07-10 01:38:50.543,2024-07-10 01:38:50.543,BASE AEREA DE BRASILIA,,BRASILIA,DF,"SQN 109 Bl. L, Asa Norte, Brasilia, Distrito Federal",,-15.87127,-47.9087,-15.75967,-47.88743,,,,,,,,,,,,
TAXIGOV_DF_3,1359208,Presidência da República,26,DIRETA,DCEV/GSI/PR,,CONCLUÍDA,Reunião,,32.21,30.658,124.97,2024-07-09 23:08:21.650,2024-07-09 23:09:18.633,2024-07-09 23:19:34.513,2024-07-09 23:21:55.063,2024-07-09 23:56:35.230,,BASE AEREA DE BRASILIA,,BRASILIA,DF,"Q 30, Brasilia, DF","SETOR LESTE QUADRA 30, QD30 CQ LT 72, GAMA - DF, 72460-300, BRASIL",-15.87127,-47.9087,-16.02698,-48.05184,-16.02836,-48.052,,,,,2017,2018,,QMT-**88,,
TAXIGOV_DF_3,1359207,Presidência da República,26,DIRETA,SIMP/SECOM/PR,,EM ANDAMENTO,Reunião,,,,,2024-07-09 23:07:58.193,2024-07-10 01:42:16.080,,,,,BASE AEREA DE BRASILIA,,BRASILIA,DF,"Life Resort, Brasilia, Distrito Federal",,-15.87127,-47.9087,-15.78829,-47.85021,,,,,,,2022,2023,,REU-**34,,
TAXIGOV_DF_3,1359206,Presidência da República,26,DIRETA,DECADI/SECOI/SECOM/PR,,EM ANDAMENTO,Reunião,,,,,2024-07-09 23:07:48.727,2024-07-10 01:20:15.573,2024-07-10 01:39:46.920,2024-07-10 01:49:07.420,,,BASE AEREA DE BRASILIA,,BRASILIA,DF,"Estancia Quintas da Alvorada, Brasilia, Distrito Federal",,-15.87127,-47.9087,-15.82411,-47.79232,,,,,,,2023,2023,,SGS-**70,,
TAXIGOV_DF_3,1359205,Presidência da República,26,DIRETA,DCEV/GSI/PR,,EM ANDAMENTO,Reunião,,,,,2024-07-09 23:06:21.093,2024-07-10 01:23:15.690,2024-07-10 01:45:57.070,2024-07-10 01:48:53.507,,,BASE AEREA DE BRASILIA,,BRASILIA,DF,"BL G, Asa Norte, Brasilia, DF",,-15.87127,-47.9087,-15.74851,-47.89072,,,,,,,2023,2024,,SGY-**09,,
TAXIGOV_DF_3,1359203,Presidência da República,26,DIRETA,DCEV/GSI/PR,,CONCLUÍDA,Reunião,,10.88,11.264,42.21,2024-07-09 23:05:55.227,2024-07-09 23:06:08.420,2024-07-09 23:15:42.760,2024-07-09 23:20:11.063,2024-07-09 23:33:21.240,,BASE AEREA DE BRASILIA,LAGO SUL,BRASILIA,DF,"SQS 414 Bloco C, SQS 414 Bl. C, Brasilia, Brasilia, DF","SQS 414 Bloco C, SQS 414 Bl. C, Brasilia, Brasilia, DF",-15.86698,-47.90518,-15.83324,-47.91549,-15.83304,-47.91564,,,,,2024,2024,,SSH-**60,,
TAXIGOV_DF_3,1359201,Presidência da República,26,DIRETA,CERIMONIAL/GP/PR,,EM ANDAMENTO,Reunião,,,,,2024-07-09 23:04:57.463,2024-07-10 01:20:23.347,2024-07-10 01:24:57.180,2024-07-10 01:48:07.087,,,BASE AEREA DE BRASILIA,,BRASILIA,DF,"Condominio Parque Norte Brasilia, Asa Norte, Brasilia, Distrito Federal",,-15.87127,-47.9087,-15.74326,-47.90143,,,,,,,2017,2018,,PBB-**38,,
TAXIGOV_DF_3,1359199,Presidência da República,26,DIRETA,CERIMONIAL/GP/PR,,EM ANDAMENTO,Reunião,,,,,2024-07-09 23:01:58.290,2024-07-10 01:10:11.383,2024-07-10 01:31:37.977,2024-07-10 01:48:16.437,,,BASE AEREA DE BRASILIA,,BRASILIA,DF,"SQNW 309, Bloco F - Ed. Villa Lobos, Brasilia, Distrito Federal",,-15.87127,-47.9087,-15.74669,-47.91214,,,,,,,2020,2020,,REC-**41,,
TAXIGOV_DF_3,1359196,Presidência da República,26,DIRETA,DCEV/GSI/PR,,CONCLUÍDA,Reunião,,14.02,14.048,54.4,2024-07-09 22:52:07.797,2024-07-09 22:53:10.737,2024-07-09 23:03:53.420,2024-07-09 23:09:21.767,2024-07-09 23:27:25.997,,SPP,ASA NORTE,BRASILIA,DF,"BL B1113, Cruzeiro Novo, Brasilia, DF","BL B1113, Cruzeiro Novo, Brasilia, DF",-15.79287,-47.82612,-15.79166,-47.9356,-15.79204,-47.93562,,,,,2018,2019,,PBK-**99,,
TAXIGOV_DF_3,1359191,Presidência da República,26,DIRETA,DCEV/GSI/PR,,EM ANDAMENTO,Reunião,,,,,2024-07-09 22:42:05.897,2024-07-10 01:10:15.230,2024-07-10 01:25:22.900,2024-07-10 01:47:39.277,,,BASE AEREA DE BRASILIA,,BRASILIA,DF,"Edificio Mitri Moufarrege, CCSW 1, Lt. 2, Cruzeiro, Brasilia, DF",,-15.87127,-47.9087,-15.79666,-47.92722,,,,,,,2019,2020,,LVE-**42,,
TAXIGOV_DF_3,1359190,Presidência da República,26,DIRETA,DCEV/GSI/PR,,EM ANDAMENTO,Reunião,,,,,2024-07-09 22:41:56.577,2024-07-10 01:20:19.510,2024-07-10 01:34:52.410,2024-07-10 01:48:43.120,,,BASE AEREA DE BRASILIA,,BRASILIA,DF,"SQN 116 Bloco C, Brasilia, Brasilia, DF",,-15.87127,-47.9087,-15.73891,-47.89429,,,,,,,2024,25,,SSK-**89,,
TAXIGOV_DF_3,1359185,Presidência da República,26,DIRETA,GP/PR,,CONCLUÍDA,Reunião,,19.92,18.743,77.29,2024-07-09 22:31:19.533,2024-07-09 22:32:59.123,2024-07-09 22:46:55.143,2024-07-09 22:52:34.687,2024-07-09 23:14:57.027,,BASE AEREA DE BRASILIA,,BRASILIA,DF,"BL G, Asa Norte, Brasilia, DF","BL G, Asa Norte, Brasilia, DF",-15.87127,-47.9087,-15.7663,-47.88775,-15.76627,-47.88747,,,,,2023,2024,,SGY-**09,,
TAXIGOV_DF_3,1359183,Presidência da República,26,DIRETA,COSAU/DIGEP/SA/CC/PR,,CONCLUÍDA,Reunião,,21.08,20.231,81.79,2024-07-09 22:08:52.293,2024-07-09 22:35:05.850,2024-07-09 22:46:24.797,2024-07-09 22:56:32.470,2024-07-09 23:22:35.457,,BASE AEREA DE BRASILIA,,BRASILIA,DF,"Residencial Vinicius Serrao, Avenida Flamboyant, 6, Brasilia, Distrito Federal","Residencial Vinicius Serrao, Avenida Flamboyant, 6, Brasilia, Distrito Federal",-15.87127,-47.9087,-15.83696,-48.02886,-15.83708,-48.02884,,,,,2019,2020,,LVE-**42,,
TAXIGOV_DF_3,1359182,Presidência da República,26,DIRETA,COTRAN/DILOG/SA/SE/CC/PR,,EM ANDAMENTO,Reunião,,,,,2024-07-09 22:05:45.327,2024-07-10 00:20:55.033,2024-07-10 00:32:23.280,2024-07-10 01:46:39.093,,,BABR - BASE AEREA DE BRASILIA,,BRASILIA,DF,"CASA 44, Quadra Sres Quadra 10 Bloco E, 44, Cruzeiro Velho, Brasilia, DF",,-15.87127,-47.9087,-15.78335,-47.93373,,,,,,,2023,2023,,SGU-**95,,
TAXIGOV_DF_3,1359166,Presidência da República,26,DIRETA,DCEV/GSI/PR,,CONCLUÍDA,Reunião,,13.89,13.811,53.89,2024-07-09 20:45:30.983,2024-07-09 21:30:41.497,2024-07-09 21:42:46.830,2024-07-09 21:43:11.017,2024-07-09 21:59:50.153,,SHCES QUADRA 1113 BLOCO B,CRUZEIRO,BRASILIA,DF,"Palacio da Alvorada, Via Palacio Presidencial, Brasilia, DF","SPP, ASA NORTE, BRASILIA - DF, 70150-000, BRASIL",-15.7916,-47.93575,-15.79262,-47.82213,-15.79374,-47.82611,,,,,2023,2023,,SGV-**00,,
TAXIGOV_DF_3,1359160,Ministério da Educação,244,DIRETA,AP/GM/MEC,,CONCLUÍDA,Reunião,,1.18,1.265,7.76,2024-07-09 20:29:41.150,2024-07-09 20:33:09.143,2024-07-09 20:36:50.340,2024-07-09 20:37:22.480,2024-07-09 20:40:39.260,,"CHAPELARIA DO CONGRESSO, PALACIO NEREU RAMOS",ZONA CIVICOADMINISTRATIVA,BRASILIA,DF,"Ministerio da Educacao, Brasilia, Distrito Federal","Ministerio da Educacao, Brasilia, Distrito Federal",-15.80004,-47.86414,-15.79501,-47.87305,-15.79506,-47.87289,,,,,2019,2020,,REF-**82,,
TAXIGOV_DF_3,1359157,Presidência da República,26,DIRETA,GP/PR,,CONCLUÍDA,Reunião,,22.99,21.545,89.2,2024-07-09 20:24:06.830,2024-07-09 22:30:19.360,2024-07-09 22:41:39.443,2024-07-09 22:51:10.153,2024-07-09 23:16:00.870,,BASE AEREA DE BRASILIA,,BRASILIA,DF,"BL A, Asa Norte, Brasilia, Distrito Federal","BL A, Asa Norte, Brasilia, Distrito Federal",-15.87127,-47.9087,-15.73831,-47.8894,-15.73799,-47.8889,,,,,2017,2018,,PBB-**38,,
TAXIGOV_DF_3,1359156,Presidência da República,26,DIRETA,DIARO/SA/SE/CC/PR,,CONCLUÍDA,Outros,,26.63,24.867,103.32,2024-07-09 20:21:43.640,2024-07-09 22:36:23.550,2024-07-09 22:52:10.407,2024-07-09 23:14:08.657,2024-07-09 23:41:11.793,,BASE AEREA DE BRASILIA,,BRASILIA,DF,"Condominio do Edificio Varandas do Lago Norte II, Brasilia, Distrito Federal","Condominio do Edificio Varandas do Lago Norte II, Brasilia, Distrito Federal",-15.87127,-47.9087,-15.71536,-47.88441,-15.71556,-47.88455,,,,,2020,2020,,REC-**41,,
TAXIGOV_DF_ENTIDADES,1359155,Fundação Nacional do Índio,173,INDIRETA,NUPAR/FUNAI,,CONCLUÍDA,Reunião,,4.14,4.271,14.7,2024-07-09 20:20:46.303,2024-07-10 08:20:13.760,2024-07-10 08:31:15.967,2024-07-10 08:32:41.153,2024-07-10 08:42:54.970,,EDIFICIO PARQUE CIDADE CORPORATE,ASA SUL,BRASILIA,DF,"Arquivo Nacional, Brasilia, Distrito Federal","Arquivo Nacional, Brasilia, Distrito Federal",-15.7951,-47.89345,-15.79156,-47.91331,-15.79136,-47.91297,,,,SPIN,2023,2023,BRANCA,SGS-**72,,
TAXIGOV_DF_3,1359149,Ministério da Saúde,304,DIRETA,GAB/SESAI,,CONCLUÍDA,Reunião,,4.41,4.242,17.11,2024-07-09 20:01:32.070,2024-07-09 20:01:47.310,2024-07-09 20:02:55.113,2024-07-09 20:03:40.923,2024-07-09 20:15:26.243,,"MINISTERIO DA ECONOMIA - BLOCO C, ESPLANADA DOS MINISTERIOS",ZONA CIVICO-ADMINISTRATIVA,BRASILIA,DF,"PO 700, SRTVN, Asa Norte, Brasilia, Distrito Federal","PO 700, SRTVN, Asa Norte, Brasilia, Distrito Federal",-15.79906,-47.87167,-15.78456,-47.88949,-15.78406,-47.89049,,,,,2021,2022,,RES-**48,,
TAXIGOV_DF_ENTIDADES,1359137,Fundo Nacional de Desenvolvimento da Educação,253,INDIRETA,GABIN/FNDE,,CONCLUÍDA,Reunião,,2.27,2.618,8.4,2024-07-09 18:51:02.057,2024-07-09 18:51:13.280,2024-07-09 18:51:59.930,2024-07-09 18:59:30.057,2024-07-09 19:06:26.260,,MINISTERIO DA EDUCACAO,PA 2,BRASILIA,DF,"Fundo Nacional de Desenvolvimento da Educacao, Sbs, 12, Asa Sul, Brasilia, Distrito Federal","Fundo Nacional de Desenvolvimento da Educacao, Sbs, 12, Asa Sul, Brasilia, Distrito Federal",-15.79501,-47.87305,-15.80089,-47.88341,-15.8013,-47.88358,,,,ONIX,2021,2022,BRANCA,RES-**48,,
TAXIGOV_DF_3,1359136,Ministério da Saúde,304,DIRETA,DEGES/SGTES/MS,,CONCLUÍDA,Reunião,,6.78,5.13,26.31,2024-07-09 18:49:25.353,2024-07-09 18:59:41.030,2024-07-09 19:05:51.560,2024-07-09 19:08:54.953,2024-07-09 19:20:02.153,,FUNDACAO OSWALDO CRUZ - DISTRITO FEDERAL,,BRASILIA,DF,"PO700 - Ministerio da Saude, SRTVN, 701, Asa Norte, Brasilia, Distrito Federal","PO700 - Ministerio da Saude, SRTVN, 701, Asa Norte, Brasilia, Distrito Federal",-15.77097,-47.87113,-15.78407,-47.89045,-15.78421,-47.89045,,,,,2022,2022,,REU-**98,,
TAXIGOV_DF_ENTIDADES,1359130,Agência Nacional do Cinema,57682,INDIRETA,ESCRITÓRIO SEDE BSB,,CONCLUÍDA,Reunião,,18.7,15.487,69.0,2024-07-09 18:44:57.583,2024-07-09 18:47:06.030,2024-07-09 18:50:46.863,2024-07-09 18:50:53.597,2024-07-09 19:15:44.103,,CAMARA DOS DEPUTADOS,,BRASILIA,DF,"Aeroporto Internacional de Brasilia, Brasilia, Distrito Federal","ESTRADA PARQUE AEROPORTO, SETOR DE HABITACOES INDIVIDUAIS SUL, LAGO SUL - DF, 71608-000, BRASIL",-15.80006,-47.86436,-15.86974,-47.91723,-15.8694,-47.92148,,,,SIENA,2018,2019,BRANCA,PBK-**34,,
TAXIGOV_DF_3,1359127,Ministério da Saúde,304,DIRETA,OUVSUS,,CONCLUÍDA,Reunião,,4.11,4.141,15.95,2024-07-09 18:43:39.067,2024-07-09 18:44:03.643,2024-07-09 18:48:18.837,2024-07-09 18:49:16.157,2024-07-09 18:59:55.307,,MINISTERIO DA SAUDE - BLOCO G,,BRASILIA,DF,"PO700 - Ministerio da Saude, SRTVN, 701, Asa Norte, Brasilia, DF","PO700 - Ministerio da Saude, SRTVN, 701, Asa Norte, Brasilia, DF",-15.80024,-47.86838,-15.78407,-47.89045,-15.78425,-47.8905,,,,,2019,2020,,QUB-**43,,
TAXIGOV_DF_3,1359123,Ministério da Saúde,304,DIRETA,OUVSUS,,CANCELADA,Reunião,,,,,2024-07-09 18:41:35.750,2024-07-09 18:41:47.217,,2024-07-09 18:41:47.217,2024-07-09 18:43:24.500,2024-07-09 18:43:24.500,"BRASILIA - DF, 70719-040, BRASIL",BRASILIA,BRASILIA,DF,"PO700 - Ministerio da Saude, SRTVN, 701, Asa Norte, Brasilia, DF",,-15.78428,-47.89038,-15.78407,-47.89045,,,,,,,2020,2021,,REI-**33,,
TAXIGOV_DF_3,1359102,Ministério da Educação,244,DIRETA,SPOA/SEXEC/MEC,,CONCLUÍDA,Reunião,,2.94,3.065,11.41,2024-07-09 18:18:01.100,2024-07-09 18:18:09.150,2024-07-09 18:21:18.847,2024-07-09 18:25:18.430,2024-07-09 18:29:29.327,,CONIF,ASA SUL,BRASÍLIA,DF,MINISTÉRIO DA EDUCAÇÃO - ANEXO I - BRASÍLIA / DF,MINISTÉRIO DA EDUCAÇÃO - ANEXO I - BRASÍLIA / DF,-15.79685,-47.88649,-15.79362,-47.87239,-15.79347,-47.87284,,,,,2023,204,,SSF-**01,,
TAXIGOV_DF_3,1359092,Ministério de Minas e Energia,2852,DIRETA,GM/MME,,CONCLUÍDA,Reunião,,2.05,2.09,7.95,2024-07-09 18:09:25.010,2024-07-09 18:09:33.050,2024-07-09 18:14:51.540,2024-07-09 18:15:16.243,2024-07-09 18:21:11.693,,CAMARA DOS DEPUTADOS ANEXO III,ASA SUL,BRASILIA,DF,"Ministerio de Minas e Energia - Bloco U, Brasilia, Distrito Federal","Ministerio de Minas e Energia - Bloco U, Brasilia, Distrito Federal",-15.80118,-47.86618,-15.79648,-47.86802,-15.79663,-47.8679,,,,,2022,2023,,SGQ-**04,,
TAXIGOV_DF_ENTIDADES,1359091,Fundo Nacional de Desenvolvimento da Educação,253,INDIRETA,CGDME,,CONCLUÍDA,Reunião,,6.09,3.677,22.53,2024-07-09 18:08:37.653,2024-07-09 18:08:50.407,2024-07-09 18:24:21.940,2024-07-09 18:31:44.117,2024-07-09 18:54:07.167,,CENTRO DE EVENTOS E CONVENÇÕES BRASIL 21,ASA SUL,BRASÍLIA,DF,17 - ASA SUL - BRASÍLIA / DF,"VIA AF5 SUL, ASA SUL, BRASILIA - DF, BRASIL",-15.79267,-47.89454,-15.80094,-47.8836,-15.80381,-47.87165,,,,COROLLA,2022,2023,PRATA,SGO-**74,,
TAXIGOV_DF_3,1359088,Ministério da Educação,244,DIRETA,AP/GM/MEC,,CANCELADA,Reunião,,,,,2024-07-09 18:06:57.893,2024-07-09 18:10:51.160,,2024-07-09 18:10:51.160,2024-07-09 18:10:57.023,2024-07-09 18:10:57.023,MINISTERIO DA EDUCACAO,ASA SUL,BRASILIA,DF,"Estacionamento do Anexo II Camara dos Deputados, Via S2, Brasilia, Distrito Federal",,-15.79501,-47.87305,-15.80156,-47.8655,,,,,,,2023,2023,,SGR-**55,,
TAXIGOV_DF_3,1359086,Ministério da Educação,244,DIRETA,SECADI,,CONCLUÍDA,Reunião,,2.17,2.247,8.42,2024-07-09 18:04:44.263,2024-07-09 18:06:30.903,2024-07-09 18:09:40.507,2024-07-09 18:13:03.927,2024-07-09 18:17:18.780,,"ANEXO I (PALACIO DO PLANALTO   PRESIDENCIA DA REPUBLICA), PRACA DOS TRES PODERES",PA 1,BRASILIA,DF,"Ministerio da Educacao, Brasilia, Distrito Federal","Ministerio da Educacao, Brasilia, Distrito Federal",-15.79955,-47.85925,-15.79501,-47.87305,-15.7951,-47.87291,,,,,2021,2022,,RES-**48,,
TAXIGOV_DF_ENTIDADES,1359083,Instituto Nacional do Seguro Social,1934,INDIRETA,DGPA/INSS/AC,,CONCLUÍDA,Reunião,,2.1,1.487,7.77,2024-07-09 18:02:44.383,2024-07-09 18:02:53.793,2024-07-09 18:05:15.780,2024-07-09 18:05:56.570,2024-07-09 18:11:17.007,,DNIT - DEPARTAMENTO NACIONAL DE INFRAESTRUTURA DE TRANSPORTES,ASA NORTE,BRASILIA,DF,"INSS - Instituto Nacional do Seguro Social, SAUS Qd. 2, Bl. O, Brasilia, Brasilia, DF","INSS - Instituto Nacional do Seguro Social, SAUS Qd. 2, Bl. O, Brasilia, Brasilia, DF",-15.78999,-47.87497,-15.80176,-47.87902,-15.80182,-47.87888,,,,SPACEFOX,2018,2019,BRANCA,PBR-**65,,
TAXIGOV_DF_ENTIDADES,1359079,Agência Nacional do Cinema,57682,INDIRETA,ESCRITÓRIO SEDE BSB,,CONCLUÍDA,Reunião,,3.43,3.597,12.66,2024-07-09 17:59:53.413,2024-07-09 18:00:04.547,2024-07-09 18:03:44.363,2024-07-09 18:04:17.677,2024-07-09 18:20:51.763,,"OUTBACK STEAKHOUSE, VENANCIO SHOPPING",ASA SUL,BRASILIA,DF,"Camara dos Deputados, Brasilia, Distrito Federal","Camara dos Deputados, Brasilia, Distrito Federal",-15.79473,-47.89223,-15.80006,-47.86436,-15.79964,-47.86429,,,,SIENA,2018,2019,PRATA,PBK-**99,,
TAXIGOV_DF_3,1359069,Ministério da Saúde,304,DIRETA,DAF/SCTIE/MS,,CONCLUÍDA,Reunião,,4.08,2.959,15.83,2024-07-09 17:49:32.990,2024-07-09 17:50:16.170,2024-07-09 17:55:09.877,2024-07-09 17:55:42.397,2024-07-09 18:09:50.480,,EDIFICIO PARQUE CIDADE CORPORATE,ASA SUL,BRASILIA,DF,"Ministerio da Saude - Bloco G, Brasilia, DF","Ministerio da Saude - Bloco G, Brasilia, DF",-15.7951,-47.89345,-15.80024,-47.86838,-15.80128,-47.86865,,,,,2019,2020,,PBR-**94,,
TAXIGOV_DF_3,1359068,Ministério da Saúde,304,DIRETA,OUVSUS,,CONCLUÍDA,Reunião,,4.11,4.244,15.95,2024-07-09 17:49:05.180,2024-07-09 17:49:22.360,2024-07-09 17:53:22.927,2024-07-09 17:54:10.280,2024-07-09 18:06:00.620,,"BRASILIA - DF, 70719-040, BRASIL",BRASILIA,BRASILIA,DF,"Ministerio da Saude - Bloco G, Brasilia, DF","Ministerio da Saude - Bloco G, Brasilia, DF",-15.78428,-47.89038,-15.80024,-47.86838,-15.8003,-47.86821,,,,,2021,2022,,RES-**48,,
TAXIGOV_DF_3,1359063,Ministério da Saúde,304,DIRETA,CGSPD/DAET/SAES/MS,,CONCLUÍDA,Reunião,,4.13,4.121,16.02,2024-07-09 17:44:41.350,2024-07-09 17:44:51.270,2024-07-09 17:45:53.067,2024-07-09 17:46:29.397,2024-07-09 17:57:04.167,,MINISTERIO DA SAUDE - BLOCO G,,BRASILIA,DF,"PO700 - Ministerio da Saude, Asa Norte, Brasilia, Distrito Federal","PO700 - Ministerio da Saude, Asa Norte, Brasilia, Distrito Federal",-15.80024,-47.86838,-15.78406,-47.89043,-15.78408,-47.89043,,,,,2018,2019,,PBR-**65,,
TAXIGOV_DF_3,1359062,Presidência da República,26,DIRETA,SEPAR/SRI/PR,,CONCLUÍDA,Reunião,,1.73,1.949,7.76,2024-07-09 17:44:02.093,2024-07-09 17:50:08.827,2024-07-09 17:52:33.790,2024-07-09 17:52:46.857,2024-07-09 17:59:31.573,,ESPLANADA DOS MINISTERIOS,BRASILIA,BRASILIA,DF,"SECRETARIA ESPECIAL DE ASSUNTOS ESTRATEGICOS DA PRESIDENCIA DA REPUBLICA (SAE/PR), Brasilia, DF","SECRETARIA ESPECIAL DE ASSUNTOS ESTRATEGICOS DA PRESIDENCIA DA REPUBLICA (SAE/PR), Brasilia, DF",-15.802,-47.86917,-15.79968,-47.85921,-15.79979,-47.85923,,,,,2018,2018,,QOB-**36,,
TAXIGOV_DF_ENTIDADES,1359057,Instituto do Patrimônio Histórico e Artístico Nacional,2045,INDIRETA,CNA/IPHAN,,CONCLUÍDA,Reunião,,4.02,4.009,14.87,2024-07-09 17:40:40.950,2024-07-09 17:46:32.110,2024-07-09 17:50:00.133,2024-07-09 17:50:08.367,2024-07-09 18:00:28.450,,EDIFICIO CNC III,ASA NORTE,BRASILIA,DF,"SEPS 702/902, Brasilia, Brasilia, DF","SEPS 702/902, Brasilia, Brasilia, DF",-15.78875,-47.87842,-15.79921,-47.89705,-15.79935,-47.89704,,,,CRONOS,2022,2022,PRATA,REU-**98,,
TAXIGOV_DF_3,1359053,Ministério da Justiça e Segurança Pública,235881,DIRETA,DINT/SEOPI/MJSP,,CONCLUÍDA,Reunião,,4.58,4.693,17.77,2024-07-09 17:39:51.200,2024-07-09 17:44:58.723,2024-07-09 17:50:21.347,2024-07-09 17:50:50.253,2024-07-09 17:59:09.383,,MINISTERIO DA JUSTICA E CIDADANIA - ANEXO II,,BRASILIA,DF,"Conselho Federal de Enfermagem - Cofen, Asa Norte, Brasilia, Distrito Federal","Conselho Federal de Enfermagem - Cofen, Asa Norte, Brasilia, Distrito Federal",-15.796570000000001,-47.86601,-15.77486,-47.88679,-15.77489,-47.88697,,,,,2022,2022,,SGN-**25,,
TAXIGOV_DF_ENTIDADES,1359046,Fundação Oswaldo Cruz,315,INDIRETA,NUSMAD/FIOCRUZ-BSB,,CONCLUÍDA,Reunião,,62.31,53.841,230.55,2024-07-09 17:37:06.807,2024-07-09 17:37:15.433,2024-07-09 17:37:17.283,2024-07-09 17:37:23.490,2024-07-09 18:58:07.387,,QUADRA 1 CONJUNTO H,VEREDAS,BRASILIA,DF,"Centro de Saude n 15, Brasilia, DF","Centro de Saude n 15, Brasilia, DF",-15.67227,-48.20036,-15.79517,-47.84814,-15.79546,-47.84807,,,,KICKS,2023,2023,PRETA,SGT-**78,,
TAXIGOV_DF_3,1359038,Ministério da Saúde,304,DIRETA,GAB/SESAI,,CONCLUÍDA,Reunião,,3.72,3.85,14.43,2024-07-09 17:30:57.237,2024-07-09 17:31:34.587,2024-07-09 17:37:18.463,2024-07-09 17:40:00.727,2024-07-09 17:53:30.607,,"PO700 - MINISTERIO DA SAUDE, SRTVN, 701",ASA NORTE,BRASILIA,DF,"Ministerio da Economia - Bloco C, Esplanada dos Ministerios, Zona Civico-Administrativa, Brasilia, Distrito Federal","Ministerio da Economia - Bloco C, Esplanada dos Ministerios, Zona Civico-Administrativa, Brasilia, Distrito Federal",-15.78407,-47.89045,-15.79906,-47.87167,-15.79925,-47.87151,,,,,2023,2024,,SGV-**13,,
TAXIGOV_DF_3,1359033,Ministério da Saúde,304,DIRETA,GM/MS,,CONCLUÍDA,Reunião,,3.93,4.256,15.25,2024-07-09 17:29:41.450,2024-07-09 17:29:54.080,2024-07-09 17:30:39.503,2024-07-09 17:33:23.897,2024-07-09 17:44:00.057,,MINISTERIO DA SAUDE - BLOCO G,,BRASILIA,DF,"Fundacao Oswaldo Cruz (FIOCRUZ), UnB Campus Darcy Ribeiro, CAMPUS UNIVERSITARIO DARCY RIBEIRO, BRASILIA, DF","Fundacao Oswaldo Cruz (FIOCRUZ), UnB Campus Darcy Ribeiro, CAMPUS UNIVERSITARIO DARCY RIBEIRO, BRASILIA, DF",-15.80024,-47.86838,-15.77112,-47.87152,-15.77155,-47.87086,,,,,2022,2022,,REU-**98,,
TAXIGOV_DF_ENTIDADES,1359028,Fundação Oswaldo Cruz,315,INDIRETA,NEVS/FIOCRUZ-BSB,,CONCLUÍDA,Reunião,,6.84,6.878,25.31,2024-07-09 17:27:33.180,2024-07-09 18:02:42.450,2024-07-09 18:08:31.750,2024-07-09 18:15:02.860,2024-07-09 18:29:32.827,,HOSPITAL MATERNO INFANTIL DE BRASILIA,ASA SUL,BRASILIA,DF,"Hospital Universitario de Brasilia - Emergencia, Asa Norte, Brasilia, Distrito Federal","Hospital Universitario de Brasilia - Emergencia, Asa Norte, Brasilia, Distrito Federal",-15.82353,-47.89727,-15.77171,-47.87302,-15.77175,-47.87297,,,,COROLLA,2021,2022,PRETA,REQ-**58,,
TAXIGOV_DF_ENTIDADES,1359021,Fundo Nacional de Desenvolvimento da Educação,253,INDIRETA,PRESI/FNDE,,CONCLUÍDA,Reunião,,2.31,2.871,8.55,2024-07-09 17:24:24.133,2024-07-09 17:26:33.647,2024-07-09 17:33:10.337,2024-07-09 17:34:18.007,2024-07-09 17:44:49.977,,"FUNDO NACIONAL DE DESENVOLVIMENTO DA EDUCACAO, SBS, 12",ASA SUL,BRASILIA,DF,"Ministerio da Educacao, Brasilia, Distrito Federal","Ministerio da Educacao, Brasilia, Distrito Federal",-15.80089,-47.88341,-15.79501,-47.87305,-15.79571,-47.87312,,,,KICKS,2022,2022,BRANCA,SGN-**25,,
TAXIGOV_DF_ENTIDADES,1359016,Fundo Nacional de Desenvolvimento da Educação,253,INDIRETA,PRESI/FNDE,,CANCELADA,Reunião,,,,,2024-07-09 17:20:49.160,2024-07-09 17:24:14.100,,2024-07-09 17:24:14.100,2024-07-09 17:24:26.797,2024-07-09 17:24:26.797,"FUNDO NACIONAL DE DESENVOLVIMENTO DA EDUCACAO, SBS, 12",ASA SUL,BRASILIA,DF,"Ministerio da Educacao, Brasilia, Distrito Federal",,-15.80089,-47.88341,-15.79501,-47.87305,,,,,,LOGAN,2019,2020,BRANCA,QWT-**02,,
TAXIGOV_DF_ENTIDADES,1359011,Banco Central do Brasil,89,INDIRETA,Demap/Diate,,CANCELADA,Reunião,,,,7.48,2024-07-09 17:17:57.467,2024-07-09 17:28:31.067,,2024-07-09 17:28:31.067,2024-07-09 17:28:35.267,2024-07-09 17:28:35.267,ANEXO 02 DO SENADO,,BRASILIA,DF,"Banco Central do Brasil - BCB, Asa Sul, Brasilia, Distrito Federal",,-15.79768,-47.86373,-15.80332,-47.8851,,,,,,KICKS,2023,2024,PRATA,SGV-**61,,
TAXIGOV_DF_ENTIDADES,1359009,Banco Central do Brasil,89,INDIRETA,DEMAP/INFRA,,CANCELADA,Reunião,,,,7.48,2024-07-09 17:17:24.367,2024-07-09 18:12:22.220,,2024-07-09 17:17:24.367,2024-07-09 18:12:22.220,2024-07-09 18:12:22.220,SCES TRECHO 2,PA 4,BRASILIA,DF,"Banco Central do Brasil (BCB), SBS Qd. 3 Bl. B, Brasilia, Brasilia, DF",,-15.81722,-47.86786,-15.80308,-47.88529,,,,,,,,,,,,
TAXIGOV_DF_3,1359007,Ministério das Relações Exteriores,263,DIRETA,SGAD/SG/MRE,,CONCLUÍDA,Serviço externo / técnico,,6.53,6.744,25.34,2024-07-09 17:14:10.307,2024-07-09 17:14:17.920,2024-07-09 17:18:01.620,2024-07-09 17:18:03.003,2024-07-09 17:33:15.883,,"SQN 108 BLOCO D,",ASA NORTE,BRASILIA,DF,"ITAMARATY, - PA 1","ITAMARATY, - PA 1",-15.76285,-47.88622,-15.80048,-47.86723,-15.80139,-47.86756,,,,,,,,PBB-**73,,
TAXIGOV_DF_ENTIDADES,1359001,Agência Nacional de Telecomunicações,25064,INDIRETA,SCO/ANATEL,,CONCLUÍDA,Reunião,,2.93,2.972,10.78,2024-07-09 17:10:59.960,2024-07-09 17:17:54.890,2024-07-09 17:18:35.207,2024-07-09 17:20:05.383,2024-07-09 17:30:11.930,,MINISTERIO DE MINAS E ENERGIA - BLOCO U,PA 2,BRASILIA,DF,"Agencia Nacional de Telecomunicacoes - Sede, Asa Sul, Brasilia, DF","Agencia Nacional de Telecomunicacoes - Sede, Asa Sul, Brasilia, DF",-15.79648,-47.86802,-15.80553,-47.8825,-15.80495,-47.88233,,,,KICKS,2023,2024,BRANCA,SGY-**29,,
TAXIGOV_DF_3,1358989,Ministério do Turismo,72084,DIRETA,GM,,CONCLUÍDA,Reunião,,1.36,1.662,7.76,2024-07-09 17:05:47.047,2024-07-09 17:06:06.207,2024-07-09 17:12:18.867,2024-07-09 17:13:31.927,2024-07-09 17:16:20.590,,"ANEXO I (PALACIO DO PLANALTO   PRESIDENCIA DA REPUBLICA), PRACA DOS TRES PODERES",PA 1,BRASILIA,DF,"Ministerio do Turismo (MTur), Esplanada dos Ministerios, Bl. U, ZONA CIVICOADMINISTRATIVA, BRASILIA, DF","Ministerio do Turismo (MTur), Esplanada dos Ministerios, Bl. U, ZONA CIVICOADMINISTRATIVA, BRASILIA, DF",-15.79955,-47.85925,-15.79631,-47.86798,-15.79696,-47.86794,,,,,2023,2024,,SGY-**29,,
TAXIGOV_DF_3,1358985,Ministério das Relações Exteriores,263,DIRETA,SGAD/SG/MRE,,CONCLUÍDA,Serviço externo / técnico,,0.59,0.671,7.76,2024-07-09 17:05:23.487,2024-07-09 17:05:44.063,2024-07-09 17:09:36.680,2024-07-09 17:10:12.770,2024-07-09 17:13:07.200,,BL H,ASA NORTE,BRASILIA,DF,"SQN 108 Bloco D, SQN 108 Bl. D, Asa Norte, Brasilia, DF","SQN 108 Bloco D, SQN 108 Bl. D, Asa Norte, Brasilia, DF",-15.76676,-47.88798,-15.76284,-47.88621,-15.76287,-47.88656,,,,,,,,PBB-**73,,
TAXIGOV_DF_3,1358976,Ministério da Educação,244,DIRETA,AP/GM/MEC,,CANCELADA,Reunião,,,,7.76,2024-07-09 17:00:19.137,2024-07-09 17:08:19.340,,2024-07-09 17:00:19.137,2024-07-09 17:08:19.340,2024-07-09 17:08:19.340,BIBLIOTECA DO SENADO FEDERAL,,BRASILIA,DF,"Ministerio da Educacao, Brasilia, DF",,-15.79775,-47.86342,-15.79501,-47.87305,,,,,,,,,,,,
TAXIGOV_DF_3,1358971,Ministério da Saúde,304,DIRETA,DGIP/SE,,CANCELADA,Reunião,,,,7.76,2024-07-09 16:57:07.400,2024-07-09 17:02:28.567,,2024-07-09 16:57:07.400,2024-07-09 17:02:28.567,2024-07-09 17:02:28.567,MINISTERIO DA ECONOMIA - BLOCO J,,BRASILIA,DF,"Ministerio da Saude - Bloco G, Brasilia, Distrito Federal",,-15.79487,-47.87475,-15.80024,-47.86838,,,,,,,,,,,,
TAXIGOV_DF_ENTIDADES,1358962,Instituto Nacional de Estudos e Pesquisas Educacionais Anísio Teixeira,249,INDIRETA,CGSNAEB/INEP,,CONCLUÍDA,Reunião,,6.94,6.715,25.61,2024-07-09 16:55:36.740,2024-07-09 16:56:25.270,2024-07-09 17:03:12.307,2024-07-09 17:04:57.037,2024-07-09 17:16:49.677,,"PRACA DOS TRES PODERES, S/N",,BRASILIA,DF,"CASSI - CliniCASSI Brasilia, Brasilia, DF","CASSI - CliniCASSI Brasilia, Brasilia, DF",-15.79929,-47.86407,-15.78876,-47.91432,-15.78824,-47.91404,,,,CRONOS,2022,2022,PRATA,REU-**98,,
TAXIGOV_DF_ENTIDADES,1358961,Instituto Nacional de Estudos e Pesquisas Educacionais Anísio Teixeira,249,INDIRETA,GAB/DAEB/INEP,,CANCELADA,Reunião,,,,7.38,2024-07-09 16:54:57.350,2024-07-09 16:55:23.230,2024-07-09 16:59:39.580,2024-07-09 16:55:23.230,2024-07-09 17:16:22.443,2024-07-09 17:16:22.443,"SENADO FEDERAL, PRACA DOS TRES PODERES, S/N",,BRASILIA,DF,"Instituto Nacional de Estudos e Pesquisas Educacionais, Brasilia, Distrito Federal",,-15.79929,-47.86407,-15.788,-47.91424,,,,,,VIRTUS,2024,2024,PRETA,SSI-**99,,
TAXIGOV_DF_3,1358960,Ministério da Educação,244,DIRETA,AP/GM/MEC,,CANCELADA,Reunião,,,,7.76,2024-07-09 16:54:00.440,2024-07-09 16:59:48.660,,2024-07-09 16:54:00.440,2024-07-09 16:59:48.660,2024-07-09 16:59:48.660,BIBLIOTECA DO SENADO FEDERAL,,BRASILIA,DF,"Ministerio da Educacao, Brasilia, DF",,-15.79775,-47.86342,-15.79501,-47.87305,,,,,,,,,,,,
TAXIGOV_DF_3,1358958,Ministério da Saúde,304,DIRETA,CGURG/DAHU/SAES/MS,,CONCLUÍDA,Reunião,,4.3,4.119,16.68,2024-07-09 16:53:14.610,2024-07-09 17:02:12.620,2024-07-09 17:08:44.060,2024-07-09 17:08:48.777,2024-07-09 17:21:38.057,,MINISTERIO DA SAUDE - BLOCO G,,BRASILIA,DF,"PO 700, SRTVN, Asa Norte, Brasilia, DF","PO 700, SRTVN, Asa Norte, Brasilia, DF",-15.80024,-47.86838,-15.78456,-47.88949,-15.78406,-47.89048,,,,,2022,2023,,SGO-**98,,
TAXIGOV_DF_ENTIDADES,1358942,Instituto Nacional de Estudos e Pesquisas Educacionais Anísio Teixeira,249,INDIRETA,CGSNAEB/INEP,,CONCLUÍDA,Reunião,,10.56,5.758,38.97,2024-07-09 16:47:13.980,2024-07-09 16:50:15.533,2024-07-09 17:08:50.110,2024-07-09 17:13:17.503,2024-07-09 17:29:29.703,,"PRACA DOS TRES PODERES, S/N",,BRASILIA,DF,- BRASILIA,"VIA S. UM OESTE, EIXO MONUMENTAL, BRASILIA - DF, BRASIL",-15.79929,-47.86407,-15.78972,-47.91394,-15.78553,-47.91249,,,,COBALT,2018,2019,BRANCO,PBS-**80,,
TAXIGOV_DF_3,1358934,Ministério da Saúde,304,DIRETA,DGCI,,CONCLUÍDA,Reunião,,3.98,4.195,15.44,2024-07-09 16:44:42.833,2024-07-09 16:44:51.160,2024-07-09 16:53:51.160,2024-07-09 16:54:51.160,2024-07-09 17:03:04.763,,"SRTVN, 701",ASA NORTE,BRASILIA,DF,"Ministerio da Saude - Bloco G, Brasilia, DF","Ministerio da Saude - Bloco G, Brasilia, DF",-15.78407,-47.89045,-15.80024,-47.86838,-15.80006,-47.86817,,,,,2023,2023,,SGV-**39,,
TAXIGOV_DF_ENTIDADES,1358933,Instituto Nacional de Estudos e Pesquisas Educacionais Anísio Teixeira,249,INDIRETA,CGEI/INEP,,CONCLUÍDA,Reunião,,12.9,6.779,47.6,2024-07-09 16:44:32.107,2024-07-09 16:44:40.080,2024-07-09 16:44:49.330,2024-07-09 16:52:49.140,2024-07-09 17:09:25.863,,ANEXO 02 DO SENADO,,BRASILIA,DF,- BRASILIA,- BRASILIA,-15.79768,-47.86372,-15.788,-47.91424,-15.78826,-47.91387,,,,VIRTUS,2023,2023,PRATA,SGU-**95,,
TAXIGOV_DF_ENTIDADES,1358924,Fundo Nacional de Desenvolvimento da Educação,253,INDIRETA,PRESI/FNDE,,CONCLUÍDA,Reunião,,3.19,3.078,11.8,2024-07-09 16:40:30.107,2024-07-09 16:40:38.350,2024-07-09 16:44:25.837,2024-07-09 16:49:21.103,2024-07-09 16:56:14.533,,"GRAFICA DO SENADO FEDERAL, VIA N2, S/N",,BRASILIA,DF,"Fundo Nacional de Desenvolvimento da Educacao, Sbs, 12, Asa Sul, Brasilia, Distrito Federal","Fundo Nacional de Desenvolvimento da Educacao, Sbs, 12, Asa Sul, Brasilia, Distrito Federal",-15.79671,-47.86426,-15.80089,-47.88341,-15.80077,-47.88352,,,,YARIS,2021,2022,PRATA,RET-**80,,
TAXIGOV_DF_ENTIDADES,1358920,Fundação Coordenação de Aperfeiçoamento de Pessoal de Nível Superior,250,INDIRETA,CAFI/CGPCA/DGES/CAPES,,CONCLUÍDA,Reunião,,2.22,2.438,8.19,2024-07-09 16:36:21.950,2024-07-09 16:36:29.433,2024-07-09 16:41:03.237,2024-07-09 16:42:14.877,2024-07-09 16:48:13.470,,"SRTVN, LT. P",BRASILIA,BRASILIA,DF,"Edificio Capes, Asa Norte, Brasilia, DF","Edificio Capes, Asa Norte, Brasilia, DF",-15.78391,-47.88836,-15.78799,-47.87818,-15.78809,-47.87829,,,,VIRTUS,2021,2022,BRANCA,REO-**84,,
TAXIGOV_DF_3,1358901,Presidência da República,26,DIRETA,DITEC/SA/CC/PR,,CANCELADA,Outros,,,,7.76,2024-07-09 16:24:21.880,2024-07-09 16:41:09.900,,2024-07-09 16:24:21.880,2024-07-09 16:41:09.900,2024-07-09 16:41:09.900,"PALACIO DA ALVORADA, VIA PALACIO PRESIDENCIAL",,BRASILIA,DF,"Restaurante, Presidencia da Republica, ZONA CIVICOADMINISTRATIVA, BRASILIA, DF",,-15.79262,-47.82213,-15.79885,-47.85897,,,,,,,,,,,,
TAXIGOV_DF_ENTIDADES,1358891,Banco Central do Brasil,89,INDIRETA,DEMAP/INFRA,,CONCLUÍDA,Reunião,,5.87,4.854,21.95,2024-07-09 16:16:33.747,2024-07-09 16:19:42.687,2024-07-09 16:25:08.417,2024-07-09 16:25:33.477,2024-07-09 16:35:12.653,,SCES TRECHO 2,PA 4,BRASILIA,DF,"Banco Central do Brasil (BCB), SBS Qd. 3 Bl. B, Brasilia, Brasilia, DF","Banco Central do Brasil (BCB), SBS Qd. 3 Bl. B, Brasilia, Brasilia, DF",-15.81722,-47.86786,-15.80308,-47.88529,-15.80346,-47.88506,,,,ONIX ,2022,2023,PRATA,SGN-**94,,
TAXIGOV_DF_3,1358884,Ministério da Saúde,304,DIRETA,SPO/SE,,CONCLUÍDA,Reunião,,4.08,4.061,15.83,2024-07-09 16:14:28.577,2024-07-09 16:14:49.923,2024-07-09 16:19:17.807,2024-07-09 16:20:11.340,2024-07-09 16:29:45.190,,"MINISTERIO DA SAUDE (MS), ESPLANADA DOS MINISTERIOS, BL. G",ZONA CIVICOADMINISTRATIVA,BRASILIA,DF,"Edificio PO 700, Asa Norte, Brasilia, Distrito Federal","Edificio PO 700, Asa Norte, Brasilia, Distrito Federal",-15.80055,-47.86855,-15.78364,-47.89034,-15.78405,-47.89046,,,,,2017,2017,,PAQ-**53,,
TAXIGOV_DF_ENTIDADES,1358882,Fundo Nacional de Desenvolvimento da Educação,253,INDIRETA,DIRAE/FNDE,,CONCLUÍDA,Reunião,,3.26,3.168,12.06,2024-07-09 16:11:37.540,2024-07-09 16:11:46.890,2024-07-09 16:13:32.797,2024-07-09 16:14:12.580,2024-07-09 16:22:21.687,,CAMARA DOS DEPUTADOS,,BRASILIA,DF,"Fundo Nacional de Desenvolvimento da Educacao, Sbs, 12, Asa Sul, Brasilia, DF","Fundo Nacional de Desenvolvimento da Educacao, Sbs, 12, Asa Sul, Brasilia, DF",-15.80006,-47.86436,-15.80089,-47.88341,-15.80083,-47.88287,,,,KICKS,2022,2022,BRANCA,SGN-**25,,
TAXIGOV_DF_3,1358878,Presidência da República,26,DIRETA,SAM/CC/PR,,CONCLUÍDA,Reunião,,1.88,1.886,7.76,2024-07-09 16:10:55.277,2024-07-09 16:11:13.897,2024-07-09 16:13:51.600,2024-07-09 16:14:04.557,2024-07-09 16:18:22.640,,MINISTERIO DE MINAS E ENERGIA - BLOCO U,,BRASILIA,DF,"Palacio do Planalto, Brasilia, Distrito Federal","Palacio do Planalto, Brasilia, Distrito Federal",-15.79648,-47.86802,-15.79905,-47.86077,-15.7993,-47.86181,,,,,2022,2023,,SGO-**30,,
TAXIGOV_DF_3,1358876,Ministério da Educação,244,DIRETA,SECADI,,CONCLUÍDA,Reunião,,3.97,3.669,15.4,2024-07-09 16:09:35.370,2024-07-09 16:09:48.040,2024-07-09 16:22:57.940,2024-07-09 16:24:07.277,2024-07-09 16:31:36.983,,COMPLEXO BRASIL 21,ASA SUL,BRASILIA,DF,"Senado Federal, Praca dos Tres Poderes, s/n, Brasilia, DF","Senado Federal, Praca dos Tres Poderes, s/n, Brasilia, DF",-15.79367,-47.89317,-15.79929,-47.86407,-15.79997,-47.86451,,,,,2023,2024,,SSF-**61,,
TAXIGOV_DF_3,1358874,Ministério da Defesa,41066,DIRETA,SEORI/MD,,CONCLUÍDA,Reunião,,15.88,15.563,61.61,2024-07-09 16:09:07.563,2024-07-09 16:09:21.497,2024-07-09 16:13:25.617,2024-07-09 16:13:37.730,2024-07-09 16:32:50.970,,HOTEL IBIS STYLES AEROPORTO DE BRASILIA,,BRASILIA,DF,"Ministerio da Defesa - Anexo, Asa Norte, Brasilia, Distrito Federal","VIA N. DOIS LESTE, ASA NORTE, BRASILIA - DF, BRASIL",-15.87107,-47.9267,-15.79442,-47.87028,-15.79562,-47.86756,5.0,,,,2017,2018,,PBB-**38,,
TAXIGOV_DF_3,1358866,Ministério das Relações Exteriores,263,DIRETA,SGAD/SG/MRE,,CONCLUÍDA,Serviço externo / técnico,,6.36,6.236,24.68,2024-07-09 16:03:26.553,2024-07-09 16:07:26.187,2024-07-09 16:10:36.027,2024-07-09 16:10:52.053,2024-07-09 16:21:05.353,,VIA S2,ASA SUL,BRASILIA,DF,"BL H, Asa Norte, Brasilia, DF","BL H, Asa Norte, Brasilia, DF",-15.80205,-47.868,-15.76676,-47.88798,-15.76661,-47.88824,,,,,2024,2024,,SSH-**27,,
TAXIGOV_DF_3,1358864,Ministério da Saúde,304,DIRETA,CGSPD/DAET/SAES/MS,,CONCLUÍDA,Reunião,,4.69,4.844,18.2,2024-07-09 16:02:46.903,2024-07-09 16:02:57.890,2024-07-09 16:06:42.370,2024-07-09 16:08:59.447,2024-07-09 16:19:55.170,,PO700 - MINISTERIO DA SAUDE,ASA NORTE,BRASILIA,DF,"Estacionamento do Anexo II Camara dos Deputados, Via S2, Brasilia, Distrito Federal","Estacionamento do Anexo II Camara dos Deputados, Via S2, Brasilia, Distrito Federal",-15.78406,-47.89043,-15.80156,-47.8655,-15.80162,-47.86485,,,,,2021,2022,,REQ-**00,,
TAXIGOV_DF_ENTIDADES,1358848,Instituto Chico Mendes de Conservação da Biodiversidade,91842,INDIRETA,CGPRO/ICMBIO,,CONCLUÍDA,Reunião,,4.14,5.082,14.7,2024-07-09 15:54:18.130,2024-07-09 15:54:39.240,2024-07-09 16:06:38.243,2024-07-09 16:06:39.220,2024-07-09 16:13:09.383,,CENSIPAM,SETOR POLICIAL SUL,BRASILIA,DF,"Instituto Chico Mendes de Conservacao da Biodiversidade, Brasilia, DF","Instituto Chico Mendes de Conservacao da Biodiversidade, Brasilia, DF",-15.81448,-47.94116,-15.80329,-47.92629,-15.8032,-47.92629,,,,CRONOS,2023,2023,PRATA,SGS-**24,,
TAXIGOV_DF_3,1358843,Controladoria-Geral da União,214460,DIRETA,CGTIC/SFC/CGU,,CONCLUÍDA,Reunião,,3.22,3.256,12.49,2024-07-09 15:52:18.650,2024-07-09 15:54:28.403,2024-07-09 15:57:09.210,2024-07-09 15:57:16.907,2024-07-09 16:06:17.037,,EMI BLOCO E,BRASILIA,BRASILIA,DF,"CGU - Controladoria-Geral da Uniao - SAUS - MultiBrasil, Asa Sul, Brasilia, DF","CGU - Controladoria-Geral da Uniao - SAUS - MultiBrasil, Asa Sul, Brasilia, DF",-15.79971,-47.87007,-15.80367,-47.88256,-15.80424,-47.88274,,,,,,,,REU-**12,,
TAXIGOV_DF_3,1358836,Ministério da Saúde,304,DIRETA,DPNI,,CONCLUÍDA,Reunião,,4.17,4.155,16.18,2024-07-09 15:49:28.317,2024-07-09 15:49:38.410,2024-07-09 15:49:52.317,2024-07-09 15:54:43.227,2024-07-09 16:04:49.397,,SEN,ASA NORTE,BRASILIA,DF,"PO700 - Ministerio da Saude, SRTVN, 701, Asa Norte, Brasilia, DF","PO700 - Ministerio da Saude, SRTVN, 701, Asa Norte, Brasilia, DF",-15.78274,-47.86835,-15.78407,-47.89045,-15.78411,-47.89047,,,,,2021,2022,,RMO-**95,,
TAXIGOV_DF_ENTIDADES,1358834,Conselho Administrativo de Defesa Econômica,322,INDIRETA,CGP/CADE,,CONCLUÍDA,Reunião,,7.56,7.974,27.97,2024-07-09 15:48:14.610,2024-07-09 15:48:31.293,2024-07-09 16:01:06.497,2024-07-09 16:02:41.273,2024-07-09 16:16:19.780,,"IRON MOUNTAIN, 1370",ZONA INDUSTRIAL,BRASILIA,DF,"Conselho Administrativo de Defesa Economica (CADE), SEPN 515 Conj. D Lote 4, ASA NORTE, BRASILIA, DF","Conselho Administrativo de Defesa Economica (CADE), SEPN 515 Conj. D Lote 4, ASA NORTE, BRASILIA, DF",-15.75848,-47.93392,-15.7423,-47.8975,-15.74243,-47.89723,,,,VIRTUS,2018,2019,PRATA,PBN-**94,,
TAXIGOV_DF_3,1358829,Presidência da República,26,DIRETA,SEPAR/SRI/PR,,CONCLUÍDA,Reunião,,2.19,1.628,8.5,2024-07-09 15:45:41.003,2024-07-09 15:47:12.450,2024-07-09 15:49:29.380,2024-07-09 15:49:54.403,2024-07-09 15:56:16.603,,PCA. DOS TRES PODERES,ASA NORTE,BRASILIA,DF,"Camara dos Deputados Anexo IV, Anexo IV, Brasilia, DF","Camara dos Deputados Anexo IV, Anexo IV, Brasilia, DF",-15.79941,-47.86088,-15.80264,-47.86511,-15.80251,-47.86512,,,,,2023,2023,,SGU-**46,,
TAXIGOV_DF_ENTIDADES,1358828,Fundação Universidade de Brasília,470,INDIRETA,USM,16205,CONCLUÍDA,Reunião,,51.07,42.863,196.11,2024-07-09 15:45:07.920,2024-07-09 15:45:13.047,2024-07-09 15:45:39.293,2024-07-09 15:45:41.653,2024-07-09 16:35:44.783,,"NOVO GAMA, VILA UNIÃO",PA 48,BRASILIA,DF,"HOSPITAL HUB, - PA 15","HOSPITAL HUB, - PA 15",-16.0788,-48.00783,-15.77154,-47.87384,-15.77159,-47.87377,,,,SIENA,2018,2018,BRANCA,PBF-**58,,
TAXIGOV_DF_3,1358826,Ministério da Saúde,304,DIRETA,COASS/COGEP/SAA/SE/MS,,CANCELADA,Reunião,,,,,2024-07-09 15:44:28.103,2024-07-09 15:44:34.317,,2024-07-09 15:44:34.317,2024-07-09 15:44:40.340,2024-07-09 15:44:40.340,SRTVN QUADRA 03,BRASILIA,BRASILIA,DF,"Ministerio da Saude - Anexo B, Esplanada dos Ministerios, Brasilia, Brasilia, DF",,-15.78354,-47.8903,-15.802,-47.86917,,,,,,,2019,2020,,EZA-**21,,
TAXIGOV_DF_3,1358824,Ministério da Saúde,304,DIRETA,COMAP,,CONCLUÍDA,Reunião,,4.18,4.396,16.22,2024-07-09 15:44:16.087,2024-07-09 15:44:29.933,2024-07-09 15:47:35.143,2024-07-09 15:48:29.277,2024-07-09 15:58:44.600,,"SRTVN, 701",ASA NORTE,BRASILIA,DF,"Anexo do Ministerio da Saude, Eixo Monumental, G, Brasilia, DF","Anexo do Ministerio da Saude, Eixo Monumental, G, Brasilia, DF",-15.78407,-47.89045,-15.80181,-47.86856,-15.80159,-47.86923,,,,,2023,2024,,SSG-**11,,
TAXIGOV_DF_ENTIDADES,1358820,Agência Nacional de Telecomunicações,25064,INDIRETA,SCO/ANATEL,,CANCELADA,Reunião,,,,7.36,2024-07-09 15:43:12.120,2024-07-09 15:49:24.563,,2024-07-09 15:43:12.120,2024-07-09 15:49:24.563,2024-07-09 15:49:24.563,"AGENCIA NACIONAL DE TELECOMUNICACOES (ANATEL), SAUS QD. 6, BL. C, E, F E H",ASA SUL,BRASILIA,DF,"Ministerio de Minas e Energia - Bloco U, Brasilia, Distrito Federal",,-15.80553,-47.88278,-15.79648,-47.86802,,,,,,,,,,,,
TAXIGOV_DF_3,1358818,Ministério da Saúde,304,DIRETA,DGIP/SE,,CONCLUÍDA,Reunião,,1.39,1.392,7.76,2024-07-09 15:41:21.470,2024-07-09 15:41:32.867,2024-07-09 15:43:41.797,2024-07-09 15:43:48.467,2024-07-09 15:47:50.963,,MINISTERIO DA SAUDE - BLOCO G,,BRASILIA,DF,"Ministerio da Economia - Bloco J, Brasilia, Distrito Federal","Ministerio da Economia - Bloco J, Brasilia, Distrito Federal",-15.80024,-47.86838,-15.79487,-47.87475,-15.79466,-47.87445,,,,,2022,2023,,SGR-**08,,
TAXIGOV_DF_3,1358817,Ministério da Educação,244,DIRETA,SAA/SEXEC/MEC,,CONCLUÍDA,Reunião,,1.32,1.656,7.76,2024-07-09 15:41:19.017,2024-07-09 15:41:57.993,2024-07-09 15:45:55.380,2024-07-09 15:45:56.337,2024-07-09 15:48:04.130,,PALACIO DO PLANALTO,,BRASILIA,DF,"Ministerio da Educacao - Anexo, Esplanada dos Ministerios, Bl. L, Brasilia, Brasilia, DF","EM BLOCO L, ASA NORTE, BRASILIA - DF, BRASIL",-15.79905,-47.86077,-15.79331,-47.87215,-15.79538,-47.87286,,,,,2021,2022,,RET-**80,,
TAXIGOV_DF_3,1358809,Presidência da República,26,DIRETA,SECOI/SECOM/PR,,CANCELADA,Reunião,,,,7.76,2024-07-09 15:38:34.550,2024-07-09 15:43:56.757,,2024-07-09 15:43:56.757,2024-07-09 15:44:00.917,2024-07-09 15:44:00.917,"VIA N. DOIS LESTE,",BRASILIA,BRASILIA,DF,"Embaixada da Autoridade Palestina, Brasilia, Distrito Federal",,-15.79808,-47.86112,-15.79193,-47.8614,,,,,,,2023,2023,,SGU-**46,,
TAXIGOV_DF_ENTIDADES,1358806,Instituto Nacional do Seguro Social,1934,INDIRETA,DGPA/INSS/AC,,CANCELADA,Reunião,,,,7.4,2024-07-09 15:37:33.453,2024-07-09 15:44:25.147,,2024-07-09 15:44:25.147,2024-07-09 15:44:27.113,2024-07-09 15:44:27.113,"INSS - INSTITUTO NACIONAL DO SEGURO SOCIAL, SAUS QD. 2, BL. O",BRASILIA,BRASILIA,DF,"DNIT - Departamento Nacional de Infraestrutura de Transportes, Asa Norte, Brasilia, Distrito Federal",,-15.80176,-47.87902,-15.78999,-47.87497,,,,,,COROLLA,2018,2019,PRETO,PBE-**50,,
TAXIGOV_DF_3,1358805,Ministério da Justiça e Segurança Pública,235881,DIRETA,AFEPAR/MJSP,,CONCLUÍDA,Reunião,,1.81,1.958,7.76,2024-07-09 15:36:58.147,2024-07-09 15:38:33.693,2024-07-09 15:43:59.477,2024-07-09 15:45:21.137,2024-07-09 15:49:12.610,,"ESTACIONAMENTO DO ANEXO II CAMARA DOS DEPUTADOS, VIA S2",ASA SUL,BRASILIA,DF,"Palacio da Justica - Ministerio da Justica e Seguranca Publica, Brasilia, Distrito Federal","Palacio da Justica - Ministerio da Justica e Seguranca Publica, Brasilia, Distrito Federal",-15.80156,-47.8655,-15.79669,-47.86591,-15.79673,-47.86606,,,,,2022,2023,,SGO-**30,,
TAXIGOV_DF_3,1358803,Ministério da Educação,244,DIRETA,ASSCER/GM,,CONCLUÍDA,Reunião,,3.89,3.218,15.09,2024-07-09 15:36:30.743,2024-07-09 15:36:38.467,2024-07-09 15:39:17.870,2024-07-09 15:39:26.310,2024-07-09 15:49:00.363,,"HUB HOSPITAL UNIVERSITARIO DE BRASILIA - PEDIATRIA, S/N",ASA NORTE,BRASILIA,DF,"Ministerio da Educacao, Brasilia, Distrito Federal","Ministerio da Educacao, Brasilia, Distrito Federal",-15.77182,-47.87393,-15.79501,-47.87305,-15.79504,-47.87286,,,,,2022,2023,,SGR-**00,,
TAXIGOV_DF_ENTIDADES,1358798,Agência Nacional de Aviação Civil,86144,INDIRETA,SFI/ANAC,,CONCLUÍDA,Reunião,,4.04,3.951,14.95,2024-07-09 15:35:33.723,2024-07-09 15:35:43.300,2024-07-09 15:39:52.383,2024-07-09 15:39:56.183,2024-07-09 15:48:47.283,,"MIN. DA DEFESA, ANX. I, BL. O",ASA NORTE,BRASILIA,DF,"Agencia Nacional de Aviacao Civil, Asa Sul, Brasilia, DF","Agencia Nacional de Aviacao Civil, Asa Sul, Brasilia, DF",-15.79428,-47.87035,-15.79456,-47.89348,-15.79513,-47.8937,,,,CRONOS,2023,2024,PRATA,SSG-**83,,
TAXIGOV_DF_3,1358796,Ministério da Saúde,304,DIRETA,DECOOP,,CONCLUÍDA,Reunião,,4.74,4.797,18.39,2024-07-09 15:34:27.243,2024-07-09 15:35:17.743,2024-07-09 15:38:47.180,2024-07-09 15:39:13.440,2024-07-09 15:47:14.670,,EMI BLOCO G,BRASILIA,BRASILIA,DF,"Casa da ONU - Complexo Sergio Vieira de Mello, SEN, Asa Norte, Brasilia, DF","Casa da ONU - Complexo Sergio Vieira de Mello, SEN, Asa Norte, Brasilia, DF",-15.80039,-47.86829,-15.78163,-47.86534,-15.7817,-47.86523,,,,,2021,2022,,RMO-**95,,
TAXIGOV_DF_ENTIDADES,1358793,Empresa de Tecnologia e Informações da Previdência,303,INDIRETA,SGDF/DATAPREV,,CONCLUÍDA,Reunião,,1.0,,7.4,2024-07-09 15:33:30.793,2024-07-09 15:33:40.547,2024-07-09 15:39:08.263,2024-07-09 15:39:19.867,2024-07-09 15:43:17.970,,"SCS, CORREIOS",PA 4,BRASILIA,DF,"SAUS QD 1 DATAPREV, - SAUS","SAUS QD 1 DATAPREV, - SAUS",-15.79915,-47.89631,-15.80016,-47.87798,,,5.0,,,COROLLA,2018,2019,PRETO,PBE-**50,,
TAXIGOV_DF_3,1358792,Ministério da Saúde,304,DIRETA,GAB/SESAI,,CONCLUÍDA,Reunião,,4.01,4.139,15.56,2024-07-09 15:33:23.100,2024-07-09 15:33:43.350,2024-07-09 15:36:47.797,2024-07-09 15:37:46.223,2024-07-09 15:45:25.897,,MINISTERIO DA SAUDE - BLOCO G,,BRASILIA,DF,"PO700 - Ministerio da Saude, SRTVN, 701, Asa Norte, Brasilia, DF","PO700 - Ministerio da Saude, SRTVN, 701, Asa Norte, Brasilia, DF",-15.80024,-47.86838,-15.78407,-47.89045,-15.78424,-47.89046,,,,,2023,2023,,SGS-**35,,
TAXIGOV_DF_ENTIDADES,1358777,Fundação Coordenação de Aperfeiçoamento de Pessoal de Nível Superior,250,INDIRETA,CASE/CGPCI/DRI/CAPES,,CONCLUÍDA,Outros,,2.48,2.249,9.15,2024-07-09 15:26:30.693,2024-07-09 15:26:42.693,2024-07-09 15:29:10.907,2024-07-09 15:30:13.700,2024-07-09 15:37:33.923,,"SBN QD. 2 BL. L, LT. 6",ASA NORTE,BRASILIA,DF,"Edificio Brasilia Radio Center, Asa Norte, Brasilia, DF","Edificio Brasilia Radio Center, Asa Norte, Brasilia, DF",-15.78802,-47.87826,-15.78403,-47.88812,-15.78442,-47.88775,,,,COROLLA,2024,2024,BRANCA,SSL-**39,,
TAXIGOV_DF_ENTIDADES,1358772,Banco Central do Brasil,89,INDIRETA,DEMAP/INFRA,,CONCLUÍDA,Outros,,15.67,13.14,58.61,2024-07-09 15:24:09.247,2024-07-09 15:24:16.907,2024-07-09 15:24:39.823,2024-07-09 15:29:20.850,2024-07-09 16:08:15.507,,"SIA, TRECHO 17 RETEC",SIA,BRASILIA,DF,"BANCO CENTRAL, - PA 3","CLS 201, QD 3 BL A, ASA SUL, BRASILIA - DF, 70232-550, BRASIL",-15.7897,-47.96733,-15.80147,-47.88527,-15.8034,-47.88499,,,,KICKS,2023,204,PRETA,SSF-**01,,
TAXIGOV_DF_3,1358766,Ministério da Justiça e Segurança Pública,235881,DIRETA,SENACON/MJSP,,CONCLUÍDA,Reunião,,1.2,1.175,7.76,2024-07-09 15:20:58.397,2024-07-09 15:21:06.360,2024-07-09 15:26:09.150,2024-07-09 15:26:27.800,2024-07-09 15:28:13.807,,"MINISTERIO DA JUSTICA E SEGURANCA PUBLICA (MJ), ESPLANADA DOS MINISTERIOS, BL. T",ZONA CIVICOADMINISTRATIVA,BRASILIA,DF,"Ministerio da Economia - Bloco K, Brasilia, Distrito Federal","Ministerio da Economia - Bloco K, Brasilia, Distrito Federal",-15.79711,-47.86591,-15.794740000000001,-47.87379,-15.79505,-47.87373,,,,,2022,2023,,SGR-**08,,
TAXIGOV_DF_ENTIDADES,1358763,Fundo Nacional de Desenvolvimento da Educação,253,INDIRETA,CGDME,,CONCLUÍDA,Reunião,,1.91,2.666,7.4,2024-07-09 15:19:21.170,2024-07-09 15:26:28.413,2024-07-09 15:30:53.777,2024-07-09 15:34:35.173,2024-07-09 15:42:02.510,,17,ASA SUL,BRASÍLIA,DF,CENTRO DE EVENTOS E CONVENÇÕES BRASIL 21 - ASA SUL - BRASÍLIA / DF,CENTRO DE EVENTOS E CONVENÇÕES BRASIL 21 - ASA SUL - BRASÍLIA / DF,-15.80094,-47.8836,-15.79267,-47.89454,-15.79206,-47.89451,,,,KICKS,2022,2022,BRANCA,SGN-**25,,
TAXIGOV_DF_3,1358760,Ministério da Saúde,304,DIRETA,CGURG/DAHU/SAES/MS,,CONCLUÍDA,Reunião,,4.76,4.159,18.47,2024-07-09 15:19:14.883,2024-07-09 15:19:24.803,2024-07-09 15:27:00.357,2024-07-09 15:27:21.197,2024-07-09 15:35:37.680,,SRTVN QUADRA 03,ASA NORTE,BRASILIA,DF,"Ministerio da Saude - Bloco G, Brasilia, DF","Ministerio da Saude - Bloco G, Brasilia, DF",-15.78354,-47.8903,-15.80024,-47.86838,-15.80029,-47.8682,,,,,2023,2024,,SGV-**13,,
TAXIGOV_DF_3,1358754,Ministério da Saúde,304,DIRETA,DEPPROS,,CONCLUÍDA,Reunião,,2.85,2.445,11.06,2024-07-09 15:15:08.217,2024-07-09 15:15:23.660,2024-07-09 15:22:32.183,2024-07-09 15:28:30.293,2024-07-09 15:34:19.770,,"AUDITORIO DO ANEXO I DO PALACIO DO PLANALTO, PALACIO DO PLANALTO - ANEXO I",ZONA CIVICOADMINISTRATIVA,BRASILIA,DF,"Ministerio da Saude - Anexo B, Esplanada dos Ministerios, ZONA CIVICOADMINISTRATIVA, BRASILIA, DF","Ministerio da Saude - Anexo B, Esplanada dos Ministerios, ZONA CIVICOADMINISTRATIVA, BRASILIA, DF",-15.79958,-47.85946,-15.802,-47.86917,-15.80157,-47.8692,,,,,2023,2024,,SSG-**88,,
TAXIGOV_DF_ENTIDADES,1358752,Empresa de Tecnologia e Informações da Previdência,303,INDIRETA,SGDF/DATAPREV,,CONCLUÍDA,Reunião,,2.28,2.351,8.44,2024-07-09 15:14:56.440,2024-07-09 15:15:38.170,2024-07-09 15:22:38.103,2024-07-09 15:22:40.543,2024-07-09 15:30:19.703,,VIA L2 SUL,ASA SUL,BRASILIA,DF,"AGF SETOR COMERCIAL SUL - CORREIOS, Asa Sul, Brasilia, DF","AGF SETOR COMERCIAL SUL - CORREIOS, Asa Sul, Brasilia, DF",-15.80034,-47.87811,-15.79613,-47.89056,-15.79606,-47.89059,,,,COROLLA,2018,2019,PRETO,PBE-**50,,
TAXIGOV_DF_3,1358751,Ministério de Minas e Energia,2852,DIRETA,GM/MME,,CONCLUÍDA,Reunião,,1.8,1.824,7.76,2024-07-09 15:14:53.607,2024-07-09 15:15:05.660,2024-07-09 15:16:29.487,2024-07-09 15:19:20.300,2024-07-09 15:28:46.463,,MINISTERIO DE MINAS E ENERGIA - BLOCO U,,BRASILIA,DF,"Camara dos Deputados Anexo III, Brasilia, Distrito Federal","Camara dos Deputados Anexo III, Brasilia, Distrito Federal",-15.79648,-47.86802,-15.80118,-47.86618,-15.79174,-47.87877,5.0,,,,2020,2020,,RED-**83,,
TAXIGOV_DF_ENTIDADES,1358750,Fundação Universidade de Brasília,470,INDIRETA,SPI,,CONCLUÍDA,Reunião,,4.16,4.362,15.31,2024-07-09 15:13:59.107,2024-07-09 15:14:18.037,2024-07-09 15:21:40.860,2024-07-09 15:21:42.080,2024-07-09 15:28:09.963,,SQN 214 BL. E,ASA NORTE,BRASILIA,DF,"APOSFUB - Associacao dos Aposentados da FUB, Unb, Brasilia, DF","APOSFUB - Associacao dos Aposentados da FUB, Unb, Brasilia, DF",-15.7434,-47.88798,-15.76649,-47.87246,-15.76661,-47.8724,,,,VIRTUS,2024,2025,PRATA,SSJ-**86,,
TAXIGOV_DF_3,1358748,Ministério da Educação,244,DIRETA,SAA/SEXEC/MEC,,CONCLUÍDA,Reunião,,2.61,1.979,10.13,2024-07-09 15:12:10.233,2024-07-09 15:12:48.250,2024-07-09 15:16:48.360,2024-07-09 15:17:25.690,2024-07-09 15:26:08.710,,"ESPLANADA DOS MINISTERIOS, BL. L",BRASILIA,BRASILIA,DF,"Palacio do Planalto, Brasilia, DF","Palacio do Planalto, Brasilia, DF",-15.79331,-47.87215,-15.79905,-47.86077,-15.7992,-47.86176,,,,,2021,2022,,RMO-**95,,
TAXIGOV_DF_3,1358746,Ministério da Educação,244,DIRETA,SAA/SEXEC/MEC,,CANCELADA,Reunião,,,,,2024-07-09 15:11:31.200,2024-07-09 15:11:35.987,,2024-07-09 15:11:35.987,2024-07-09 15:11:44.933,2024-07-09 15:11:44.933,"ESPLANADA DOS MINISTERIOS, BL. L",BRASILIA,BRASILIA,DF,"Palacio do Planalto, Brasilia, DF",,-15.79331,-47.87215,-15.79905,-47.86077,,,,,,,,,,REL-**24,,
TAXIGOV_DF_3,1358745,Presidência da República,26,DIRETA,SAM/CC/PR,,CONCLUÍDA,Reunião,,3.9,4.302,15.13,2024-07-09 15:11:02.477,2024-07-09 15:11:46.597,2024-07-09 15:16:40.960,2024-07-09 15:16:41.290,2024-07-09 15:23:57.037,,EDIFICIO PARQUE CIDADE CORPORATE,ASA SUL,BRASILIA,DF,"Palacio do Planalto, Brasilia, DF","Palacio do Planalto, Brasilia, DF",-15.7951,-47.89345,-15.79905,-47.86077,-15.79927,-47.86183,,,,,2021,2021,,REK-**22,,
TAXIGOV_DF_3,1358741,Presidência da República,26,DIRETA,SEPPI/CC/PR,,CONCLUÍDA,Reunião,,3.77,3.847,14.63,2024-07-09 15:09:43.620,2024-07-09 15:09:51.483,2024-07-09 15:15:34.050,2024-07-09 15:15:42.847,2024-07-09 15:23:07.667,,ALMOXARIFADO CENTRAL   PRESIDENCIA DA REPUBLICA,,BRASILIA,DF,"Centro Empresarial CNC, SAUN Qd. 5, Lt. C, ASA NORTE, BRASILIA, DF","Centro Empresarial CNC, SAUN Qd. 5, Lt. C, ASA NORTE, BRASILIA, DF",-15.79641,-47.85824,-15.78649,-47.87531,-15.78565,-47.87535,,,,,2019,2020,,QWT-**02,,
TAXIGOV_DF_ENTIDADES,1358726,Agência Nacional de Aviação Civil,86144,INDIRETA,SAF/ANAC,,CONCLUÍDA,Reunião,,12.3,12.376,45.51,2024-07-09 15:03:09.573,2024-07-09 15:03:26.670,2024-07-09 15:33:36.840,2024-07-09 15:34:32.190,2024-07-09 15:50:48.593,,"AEROPORTO ANAC,",AEROPORTO,BRASILIA,DF,"SCS ANAC, - SCS","SCS ANAC, - SCS",-15.8696,-47.93225,-15.79448,-47.89349,-15.79512,-47.89378,,,,COROLLA,2021,2022,PRETA,RES-**04,,
TAXIGOV_DF_ENTIDADES,1358722,Fundação Oswaldo Cruz,315,INDIRETA,NEVS/FIOCRUZ-BSB,,CONCLUÍDA,Reunião,,24.98,22.836,92.43,2024-07-09 15:01:14.793,2024-07-09 15:01:27.550,2024-07-09 15:01:49.547,2024-07-09 15:02:06.240,2024-07-09 15:29:55.047,,UBS 1 - SOBRADINHO II,SETOR OESTE SOBRADINHO II,BRASILIA,DF,"Hospital Universitario de Brasilia - Emergencia, Asa Norte, Brasilia, Distrito Federal","Hospital Universitario de Brasilia - Emergencia, Asa Norte, Brasilia, Distrito Federal",-15.64388,-47.82431,-15.77171,-47.87302,-15.77174,-47.87298,,,,ETIOS,2019,2020,PRATA,REF-**82,,
TAXIGOV_DF_3,1358720,Ministério das Relações Exteriores,263,DIRETA,SGAD/SG/MRE,,CONCLUÍDA,Serviço externo / técnico,,5.83,5.205,22.62,2024-07-09 15:00:32.133,2024-07-09 15:00:39.847,2024-07-09 15:00:44.043,2024-07-09 15:00:49.880,2024-07-09 15:09:06.030,,BL E,ASA SUL,BRASILIA,DF,"Anexo II do Itamaraty (Bolo de Noiva), Via S2, Brasilia, DF","Anexo II do Itamaraty (Bolo de Noiva), Via S2, Brasilia, DF",-15.81689,-47.89862,-15.80205,-47.868,-15.80153,-47.86765,,,,,2019,20,,QUT-**63,,
TAXIGOV_DF_3,1358707,Ministério da Educação,244,DIRETA,SECADI,,CONCLUÍDA,Reunião,,3.34,3.352,12.96,2024-07-09 14:53:38.800,2024-07-09 14:53:57.827,2024-07-09 14:55:41.910,2024-07-09 14:57:21.250,2024-07-09 15:03:50.813,,MINISTERIO DA EDUCACAO,PA 2,BRASILIA,DF,"Complexo Brasil 21, Asa Sul, Brasilia, DF","Complexo Brasil 21, Asa Sul, Brasilia, DF",-15.79501,-47.87305,-15.79367,-47.89317,-15.79295,-47.89267,,,,,2022,2022,,REU-**79,,
TAXIGOV_DF_3,1358702,Ministério da Saúde,304,DIRETA,GAB/SE/MS,,CONCLUÍDA,Reunião,,4.05,4.08,15.71,2024-07-09 14:52:19.950,2024-07-09 14:52:31.110,2024-07-09 14:52:34.100,2024-07-09 14:53:20.830,2024-07-09 15:02:12.070,,"MINISTERIO DA SAUDE (MS), ESPLANADA DOS MINISTERIOS, BL. G",ZONA CIVICOADMINISTRATIVA,BRASILIA,DF,"PO 700, Via W 5 Norte, Asa Norte, Brasilia, Distrito Federal","PO 700, Via W 5 Norte, Asa Norte, Brasilia, Distrito Federal",-15.80055,-47.86855,-15.78364,-47.89034,-15.78422,-47.89043,,,,,2021,21,,REO-**09,,
TAXIGOV_DF_ENTIDADES,1358696,Instituto Nacional de Estudos e Pesquisas Educacionais Anísio Teixeira,249,INDIRETA,CRL/INEP,,CONCLUÍDA,Outros,,8.16,9.201,30.11,2024-07-09 14:50:43.140,2024-07-09 14:50:49.917,2024-07-09 14:51:03.837,2024-07-09 14:51:10.820,2024-07-09 15:02:27.787,,"SIA,",SIA,BRASILIA,DF,"SIG QD 4 INEP, - SIG","SIG QD 4 INEP, - SIG",-15.7897,-47.96733,-15.78765,-47.91411,-15.78825,-47.91385,,,,YARIS,2023,2024,PRATA,SGX-**80,,
TAXIGOV_DF_3,1358693,Ministério da Saúde,304,DIRETA,CGSAT/DSASTE/SVS/MS,,CONCLUÍDA,Reunião,,5.49,4.376,21.3,2024-07-09 14:50:15.283,2024-07-09 14:56:20.040,2024-07-09 15:01:07.637,2024-07-09 15:02:49.187,2024-07-09 15:10:59.173,,EIXO MONUMENTAL,G,BRASILIA,DF,"PO700 - Ministerio da Saude, SRTVN, 701, Asa Norte, Brasilia, DF","PO700 - Ministerio da Saude, SRTVN, 701, Asa Norte, Brasilia, DF",-15.80181,-47.86856,-15.78407,-47.89045,-15.78407,-47.89043,,,,,2023,24,,SGU-**60,,
TAXIGOV_DF_ENTIDADES,1358690,Agência Nacional do Cinema,57682,INDIRETA,ESCRITÓRIO SEDE BSB,,CONCLUÍDA,Reunião,,1.98,2.992,7.38,2024-07-09 14:49:36.287,2024-07-09 14:56:19.750,2024-07-09 15:00:17.953,2024-07-09 15:00:34.360,2024-07-09 15:06:27.237,,BL F,ASA SUL,BRASILIA,DF,"Venancio Shopping, Setor Comercial Sul, Q. 6, Asa Sul, Brasilia, Distrito Federal","Venancio Shopping, Setor Comercial Sul, Q. 6, Asa Sul, Brasilia, Distrito Federal",-15.80543,-47.88249,-15.79599,-47.89293,-15.796570000000001,-47.89301,,,,SIENA,2019,2020,PRATA,PBQ-**36,,
TAXIGOV_DF_3,1358689,Ministério da Justiça e Segurança Pública,235881,DIRETA,DPDC/SENACON/MJSP,,CONCLUÍDA,Reunião,,4.09,4.078,15.87,2024-07-09 14:49:35.677,2024-07-09 14:49:48.333,2024-07-09 14:57:17.813,2024-07-09 14:57:57.823,2024-07-09 15:08:49.133,,POLICIA FEDERAL - SEDE,ASA NORTE,BRASILIA,DF,"Palacio da Justica - Ministerio da Justica e Seguranca Publica, Brasilia, DF","Palacio da Justica - Ministerio da Justica e Seguranca Publica, Brasilia, DF",-15.78769,-47.88659,-15.79668,-47.86591,-15.79675,-47.86603,,,,,2021,2022,,RMO-**95,,
TAXIGOV_DF_3,1358688,Presidência da República,26,DIRETA,SEPPI/CC/PR,,CONCLUÍDA,Reunião,,3.61,3.944,14.01,2024-07-09 14:49:32.183,2024-07-09 14:52:47.463,2024-07-09 14:55:44.500,2024-07-09 15:00:04.137,2024-07-09 15:05:10.987,,"CENTRO EMPRESARIAL CNC, SAUN QD. 5, LT. C",ASA NORTE,BRASILIA,DF,"Almoxarifado Central   Presidencia da Republica, Brasilia, Distrito Federal","Almoxarifado Central   Presidencia da Republica, Brasilia, Distrito Federal",-15.78649,-47.87531,-15.79641,-47.85824,-15.79687,-47.85822,,,,,2022,2023,,SGR-**08,,
TAXIGOV_DF_ENTIDADES,1358683,Fundação Universidade de Brasília,470,INDIRETA,SPI,,CONCLUÍDA,Reunião,,5.09,5.206,18.73,2024-07-09 14:48:58.830,2024-07-09 14:49:10.790,2024-07-09 14:52:04.107,2024-07-09 14:52:19.917,2024-07-09 15:00:58.103,,UNB,,BRASILIA,DF,"SQN 214 Bl. E, Asa Norte, Brasilia, DF","SQN 214 Bl. E, Asa Norte, Brasilia, DF",-15.76649,-47.87246,-15.7434,-47.88798,-15.74339,-47.88792,,,,VERSA,2019,2019,BRANCA,PBU-**52,,
TAXIGOV_DF_3,1358679,Presidência da República,26,DIRETA,SAM/CC/PR,,CANCELADA,Reunião,,,,7.76,2024-07-09 14:48:30.080,2024-07-09 14:53:57.203,,2024-07-09 14:48:30.080,2024-07-09 14:53:57.200,2024-07-09 14:53:57.200,EM,ASA NORTE,BRASILIA,DF,"Ministerio de Minas e Energia - Bloco U, Brasilia, DF",,-15.79793,-47.85941,-15.79648,-47.86802,,,,,,,,,,,,
TAXIGOV_DF_ENTIDADES,1358675,Conselho Administrativo de Defesa Econômica,322,INDIRETA,CGP/CADE,,CONCLUÍDA,Reunião,,8.92,8.94,33.0,2024-07-09 14:47:35.373,2024-07-09 14:47:42.930,2024-07-09 14:47:53.630,2024-07-09 15:01:18.140,2024-07-09 15:12:49.813,,"PALACIO DA JUSTIÇA,",PA 1,BRASILIA,DF,"515 NORTE CADE, - ASA NORTE","515 NORTE CADE, - ASA NORTE",-15.79735,-47.86613,-15.74194,-47.89732,-15.74241,-47.89717,,,,COROLLA,2020,2021,BRANCA,REH-**48,,
TAXIGOV_DF_3,1358664,Ministério da Saúde,304,DIRETA,CGDI/SAA/SE/MS,,CONCLUÍDA,Reunião,,4.85,4.389,18.82,2024-07-09 14:43:20.823,2024-07-09 14:43:49.790,2024-07-09 14:48:39.957,2024-07-09 14:48:59.213,2024-07-09 14:57:39.637,,"SRTVN, 701",ASA NORTE,BRASILIA,DF,"Ministerio da Saude - Anexo B, Esplanada dos Ministerios, Asa Sul, Brasilia, DF","Ministerio da Saude - Anexo B, Esplanada dos Ministerios, Asa Sul, Brasilia, DF",-15.78407,-47.89045,-15.802,-47.86917,-15.80151,-47.86928,,,,,2020,2020,,REF-**69,,
TAXIGOV_DF_3,1358663,Vice-Presidência da República,1408,DIRETA,ASSDIPLO/VPR,,CONCLUÍDA,Reunião,,2.07,2.421,8.03,2024-07-09 14:42:36.533,2024-07-09 14:44:46.800,2024-07-09 14:49:57.450,2024-07-09 14:50:48.640,2024-07-09 14:56:11.057,,"PALACIO DO PLANALTO - ANEXO I, PRACA DOS TRES PODERES",ZONA CIVICOADMINISTRATIVA,BRASILIA,DF,"Ministerio do Desenvolvimento, Industria, Comercio e Servicos - MDIC, Brasilia, Distrito Federal","Ministerio do Desenvolvimento, Industria, Comercio e Servicos - MDIC, Brasilia, Distrito Federal",-15.79955,-47.85965,-15.79448,-47.87468,-15.79441,-47.87451,,,,,2021,2022,,RTG-**03,,
TAXIGOV_DF_ENTIDADES,1358661,Agência Nacional de Aviação Civil,86144,INDIRETA,SAF/ANAC,,CONCLUÍDA,Reunião,,13.43,12.594,49.69,2024-07-09 14:41:36.313,2024-07-09 14:42:15.250,2024-07-09 14:42:54.913,2024-07-09 14:44:32.310,2024-07-09 15:01:39.730,,"SCS QD. 9, LT. C",ASA SUL,BRASILIA,DF,"Centro de Treinamento da Agencia Nacional de Aviacao Civil, Estrada Parque Aeroporto, 1471, Brasilia, DF","Centro de Treinamento da Agencia Nacional de Aviacao Civil, Estrada Parque Aeroporto, 1471, Brasilia, DF",-15.79533,-47.89348,-15.86967,-47.9325,-15.86974,-47.93238,,,,COROLLA,2021,2022,PRETA,RES-**04,,
TAXIGOV_DF_ENTIDADES,1358656,Fundo Nacional de Desenvolvimento da Educação,253,INDIRETA,PRESI/FNDE,,CONCLUÍDA,Reunião,,3.35,3.715,12.4,2024-07-09 14:41:01.103,2024-07-09 14:41:09.883,2024-07-09 14:42:38.460,2024-07-09 14:42:44.167,2024-07-09 14:50:09.710,,VIA N. DOIS LESTE,BRASILIA,BRASILIA,DF,"Fundo Nacional de Desenvolvimento da Educacao, Sbs, 12, Asa Sul, Brasilia, DF","Fundo Nacional de Desenvolvimento da Educacao, Sbs, 12, Asa Sul, Brasilia, DF",-15.79776,-47.86362,-15.80089,-47.88341,-15.80126,-47.88361,,,,CRONOS,2023,2024,PRATA,SSG-**83,,
TAXIGOV_DF_3,1358654,Ministério da Saúde,304,DIRETA,DEMAS,,CANCELADA,Reunião,,,,,2024-07-09 14:40:25.573,2024-07-09 14:43:13.757,2024-07-09 14:44:33.653,2024-07-09 14:43:13.757,2024-07-09 14:45:08.697,2024-07-09 14:45:08.697,"ESPLANADA DOS MINISTERIOS, BL. G",ASA SUL,BRASILIA,DF,"PO 700, SRTVN, Asa Norte, Brasilia, DF",,-15.80055,-47.86855,-15.78456,-47.88949,,,,,,,,,,REU-**33,,
TAXIGOV_DF_3,1358653,Ministério do Meio Ambiente,1927,DIRETA,DPG/SBIO,,CONCLUÍDA,Reunião,,1.8,,7.76,2024-07-09 14:40:13.240,2024-07-09 14:59:06.720,2024-07-09 14:59:47.417,2024-07-09 14:59:47.417,2024-07-09 15:06:25.097,,VIA AF5 SUL,ASA SUL,BRASILIA,DF,"Ministerio do Meio Ambiente, Eixo Monumental, Brasilia, DF","Ministerio do Meio Ambiente, Eixo Monumental, Brasilia, DF",-15.80347,-47.87404,-15.79859,-47.87243,,,5.0,,,,2023,2023,,SGU-**95,,
TAXIGOV_DF_3,1358651,Ministério da Saúde,304,DIRETA,CGURG/DAHU/SAES/MS,,CANCELADA,Reunião,,,,7.76,2024-07-09 14:39:01.180,2024-07-09 14:39:15.113,,2024-07-09 14:39:15.113,2024-07-09 14:44:15.923,2024-07-09 14:44:15.923,"SRTVN, 701",ASA NORTE,BRASILIA,DF,"Ministerio da Saude - Bloco G, Brasilia, DF",,-15.78407,-47.89045,-15.80024,-47.86838,,,,,,,2021,2022,,RMO-**95,,
TAXIGOV_DF_3,1358650,Ministério da Saúde,304,DIRETA,COASS/COGEP/SAA/SE/MS,,CONCLUÍDA,Reunião,,4.11,4.096,15.95,2024-07-09 14:38:49.537,2024-07-09 14:40:19.937,2024-07-09 14:46:27.293,2024-07-09 14:48:08.410,2024-07-09 14:58:39.553,,ESPLANADA DOS MINISTERIOS,ASA SUL,BRASILIA,DF,"PO 700, SRTVN Quadra 03, Brasilia, Brasilia, DF","PO 700, SRTVN Quadra 03, Brasilia, Brasilia, DF",-15.802,-47.86917,-15.78354,-47.8903,-15.78407,-47.89044,,,,,2024,2025,,SSK-**04,,
TAXIGOV_DF_ENTIDADES,1358649,Banco Central do Brasil,89,INDIRETA,DEMAP/INFRA,,CONCLUÍDA,Reunião,,11.93,4.189,44.62,2024-07-09 14:38:41.130,2024-07-09 14:38:53.260,2024-07-09 14:41:18.683,2024-07-09 14:59:04.837,2024-07-09 15:07:31.403,,SBS QD. 3 BL. B,BRASILIA,BRASILIA,DF,"Universidade do Banco Central, SCES Trecho 2, Brasilia, DF","Universidade do Banco Central, SCES Trecho 2, Brasilia, DF",-15.80308,-47.88529,-15.81722,-47.86786,-15.81744,-47.86792,,,,VIRTUS,2018,2018,PRATA,PBJ-**77,,
TAXIGOV_DF_3,1358648,Ministério da Saúde,304,DIRETA,DECEIIS,,CONCLUÍDA,Reunião,,5.31,4.206,20.6,2024-07-09 14:38:38.200,2024-07-09 14:38:49.450,2024-07-09 14:38:56.910,2024-07-09 14:39:13.063,2024-07-09 14:47:23.473,,"ESPLANADA DOS MINISTERIOS, BL. G",ASA SUL,BRASILIA,DF,"Fundacao Oswaldo Cruz - Distrito Federal, Brasilia, DF","Fundacao Oswaldo Cruz - Distrito Federal, Brasilia, DF",-15.80055,-47.86855,-15.77097,-47.87113,-15.77157,-47.87094,,,,,,,,PBU-**52,,
TAXIGOV_DF_ENTIDADES,1358645,Agência Espacial Brasileira,4243,INDIRETA,DPOA/AEB,,CONCLUÍDA,Outros,,14.7,10.49,54.54,2024-07-09 14:37:54.980,2024-07-09 14:38:06.420,2024-07-09 14:38:19.277,2024-07-09 14:40:02.770,2024-07-09 15:06:33.840,,"704/705 NORTE,",PA 16,BRASILIA,DF,"SPO, - SETOR POLICIAL SUL","SPO. 15, ASA SUL, BRASILIA - DF, 70610-200, BRASIL",-15.77452,-47.88883,-15.82425,-47.93895,-15.81581,-47.94316,,,,COROLLA,2023,2023,PRATA,SGT-**00,,
TAXIGOV_DF_3,1358638,Ministério da Saúde,304,DIRETA,DESID,,CONCLUÍDA,Reunião,,7.95,4.768,30.85,2024-07-09 14:34:59.867,2024-07-09 14:35:13.627,2024-07-09 14:41:46.380,2024-07-09 14:42:03.637,2024-07-09 14:52:21.380,,FUNDACAO OSWALDO CRUZ - DISTRITO FEDERAL,,BRASILIA,DF,"Ministerio da Saude - Bloco G, Brasilia, Distrito Federal","Ministerio da Saude - Bloco G, Brasilia, Distrito Federal",-15.77097,-47.87113,-15.80024,-47.86838,-15.80033,-47.86819,,,,,2021,21,,REO-**09,,
TAXIGOV_DF_ENTIDADES,1358635,Comissão de Valores Mobiliários,478,INDIRETA,CVM/BSB,,CONCLUÍDA,Reunião,,3.19,3.135,11.8,2024-07-09 14:34:15.467,2024-07-09 14:34:26.123,2024-07-09 14:37:10.473,2024-07-09 14:38:38.763,2024-07-09 14:44:49.730,,VIA S2,ASA SUL,BRASILIA,DF,"Condominio Corporate Financial Center, Asa Norte, Brasilia, DF","Condominio Corporate Financial Center, Asa Norte, Brasilia, DF",-15.80242,-47.8655,-15.78882,-47.88416,-15.78862,-47.88452,,,,COROLLA,2022,23,PRETA,SGQ-**57,,
TAXIGOV_DF_3,1358632,Ministério da Educação,244,DIRETA,GPIS/DAF/SETEC,,CONCLUÍDA,Reunião,,2.69,2.739,10.44,2024-07-09 14:32:19.813,2024-07-09 14:32:28.873,2024-07-09 14:33:51.930,2024-07-09 14:34:53.880,2024-07-09 14:41:00.600,,"MINISTERIO DA EDUCACAO (MEC), ESPLANADA DOS MINISTERIOS, BL. L",ZONA CIVICOADMINISTRATIVA,BRASILIA,DF,"CONIF, Asa Sul, Brasilia, Distrito Federal","CONIF, Asa Sul, Brasilia, Distrito Federal",-15.7949,-47.87322,-15.79685,-47.8865,-15.797,-47.88645,,,,,2023,2023,,SGU-**95,,
TAXIGOV_DF_ENTIDADES,1358624,Agência Nacional de Telecomunicações,25064,INDIRETA,SCO/ANATEL,,CONCLUÍDA,Reunião,,3.21,3.166,11.81,2024-07-09 14:28:22.527,2024-07-09 14:38:34.527,2024-07-09 14:44:04.300,2024-07-09 14:44:25.790,2024-07-09 14:53:02.267,,AGENCIA NACIONAL DE TELECOMUNICACOES - SEDE,ASA SUL,BRASILIA,DF,"Ministerio de Minas e Energia - Bloco U, Brasilia, DF","Ministerio de Minas e Energia - Bloco U, Brasilia, DF",-15.80553,-47.8825,-15.79648,-47.86802,-15.79663,-47.86787,,,,CITY,2022,2022,PRATA,REU-**79,,
TAXIGOV_DF_3,1358623,Presidência da República,26,DIRETA,SEPPI/CC/PR,,CONCLUÍDA,Reunião,,3.84,4.086,14.9,2024-07-09 14:28:13.863,2024-07-09 14:28:25.240,2024-07-09 14:35:37.943,2024-07-09 14:38:12.573,2024-07-09 14:44:20.663,,CENTRO EMPRESARIAL CNC,ASA NORTE,BRASILIA,DF,"Camara dos Deputados, Brasilia, DF","VIA S. DOIS OESTE, ASA SUL, BRASILIA - DF, BRASIL",-15.78591,-47.87546,-15.80006,-47.86436,-15.802,-47.86508,,,,,2023,2023,,SGR-**14,,
TAXIGOV_DF_3,1358622,Ministério da Saúde,304,DIRETA,CGDI/SAA/SE/MS,,CONCLUÍDA,Reunião,,4.05,4.108,15.71,2024-07-09 14:27:58.570,2024-07-09 14:28:14.060,2024-07-09 14:30:49.313,2024-07-09 14:30:55.617,2024-07-09 14:39:46.527,,ESPLANADA DOS MINISTERIOS,BRASILIA,BRASILIA,DF,"PO700 - Ministerio da Saude, SRTVN, 701, Asa Norte, Brasilia, DF","PO700 - Ministerio da Saude, SRTVN, 701, Asa Norte, Brasilia, DF",-15.802,-47.86917,-15.78407,-47.89045,-15.78418,-47.89044,,,,,2023,2023,,SGS-**35,,
TAXIGOV_DF_3,1358620,Ministério da Saúde,304,DIRETA,DAENT,,CONCLUÍDA,Reunião,,4.09,4.309,15.87,2024-07-09 14:27:31.170,2024-07-09 14:27:39.303,2024-07-09 14:27:42.597,2024-07-09 14:30:39.300,2024-07-09 14:38:39.410,,"PO 700, SRTVN",ASA NORTE,BRASILIA,DF,"Ministerio da Saude - Bloco G, Brasilia, Distrito Federal","Ministerio da Saude - Bloco G, Brasilia, Distrito Federal",-15.78456,-47.88949,-15.80024,-47.86838,-15.80031,-47.86826,,,,,,,,PBU-**52,,
TAXIGOV_DF_ENTIDADES,1358616,Banco Central do Brasil,89,INDIRETA,Demap/Diate,,CONCLUÍDA,Reunião,,3.42,3.631,12.79,2024-07-09 14:26:57.290,2024-07-09 14:27:51.380,2024-07-09 14:31:03.757,2024-07-09 14:31:06.123,2024-07-09 14:37:27.063,,BANCO CENTRAL DO BRASIL - BCB,ASA SUL,BRASILIA,DF,"Anexo 02 do Senado, Brasilia, Distrito Federal","Anexo 02 do Senado, Brasilia, Distrito Federal",-15.80332,-47.8851,-15.79768,-47.86373,-15.79746,-47.86358,,,,CRONOS,2023,2024,PRATA,SSG-**83,,
TAXIGOV_DF_3,1358615,Ministério do Meio Ambiente,1927,DIRETA,DPG/SBIO,,CANCELADA,Reunião,,,,7.76,2024-07-09 14:26:13.643,2024-07-09 14:39:40.230,,2024-07-09 14:26:13.643,2024-07-09 14:39:40.230,2024-07-09 14:39:40.230,VIA AF5 SUL,ASA SUL,BRASILIA,DF,"Ministerio do Meio Ambiente, Eixo Monumental, Brasilia, DF",,-15.80347,-47.87404,-15.79859,-47.87243,,,,,,,,,,,,
TAXIGOV_DF_ENTIDADES,1358614,Banco Central do Brasil,89,INDIRETA,DEMAP/INFRA,,CONCLUÍDA,Outros,,14.73,13.803,55.09,2024-07-09 14:26:00.147,2024-07-09 14:36:15.340,2024-07-09 14:42:26.443,2024-07-09 14:52:08.507,2024-07-09 15:22:26.993,,BANCO CENTRAL DO BRASIL - SEDE,ASA SUL,BRASÍLIA,DF,"SIA, TRECHO 17 RETEC - SIA","SETOR SIA TRECHO 17 RUA 17, 1360, SIA, GUARA - DF, 71200-249, BRASIL",-15.80332,-47.8851,-15.7897,-47.96733,-15.79879,-47.97029,,,,KICKS,2023,204,PRETA,SSF-**01,,
TAXIGOV_DF_ENTIDADES,1358606,Fundação Oswaldo Cruz,315,INDIRETA,NEVS/FIOCRUZ-BSB,,CONCLUÍDA,Reunião,,27.96,27.122,103.45,2024-07-09 14:22:59.920,2024-07-09 14:24:00.633,2024-07-09 14:36:01.033,2024-07-09 14:36:48.433,2024-07-09 15:13:44.370,,"AMBULATORIO - HOSPITAL REGIONAL DE TAGUATINGA, SETOR C NORTE QNC",ASA SUL,BRASILIA,DF,"Hospital Universitario de Brasilia - Emergencia, Asa Norte, Brasilia, Distrito Federal","Hospital Universitario de Brasilia - Emergencia, Asa Norte, Brasilia, Distrito Federal",-15.822,-48.06879,-15.77171,-47.87302,-15.77176,-47.87301,,,,COROLLA,2022,2023,PRETA,RET-**66,,
TAXIGOV_DF_3,1358605,Ministério das Relações Exteriores,263,DIRETA,SGAD/SG/MRE,,CONCLUÍDA,Serviço externo / técnico,,6.06,5.501,23.51,2024-07-09 14:22:13.163,2024-07-09 14:23:52.207,2024-07-09 14:25:45.273,2024-07-09 14:27:22.160,2024-07-09 14:37:56.327,,VIA S2,ASA SUL,BRASILIA,DF,"BL I, Asa Sul, Brasilia, DF","SQS 207, ASA SUL, BRASILIA - DF, 70252-400, BRASIL",-15.80205,-47.868,-15.81847,-47.89918,-15.81659,-47.89859,,,,,2019,20,,QUT-**63,,
TAXIGOV_DF_ENTIDADES,1358601,Empresa de Tecnologia e Informações da Previdência,303,INDIRETA,APOIO/DATAPREV,,CANCELADA,Transporte de documentos / materiais,,,,7.4,2024-07-09 14:21:17.527,2024-07-09 14:59:10.663,2024-07-09 14:46:00.847,2024-07-09 14:42:35.833,2024-07-09 14:59:30.730,2024-07-09 14:59:30.730,EMBAIXADA DOS ESTADOS UNIDOS DA AMÉRICA,ASA SUL,BRASÍLIA,DF,7 - ASA SUL - BRASÍLIA / DF,,-15.80411,-47.87322,-15.80041,-47.87811,,,,,,VIRTUS,2023,2023,PRATA,SGU-**95,,
TAXIGOV_DF_3,1358599,Ministério da Saúde,304,DIRETA,GM/MS,,CONCLUÍDA,Reunião,,7.82,4.723,30.34,2024-07-09 14:20:25.140,2024-07-09 14:20:30.120,2024-07-09 14:24:30.027,2024-07-09 14:25:02.190,2024-07-09 14:34:43.687,,"BRASILIA - DF, 70833-520, BRASIL",BRASILIA,BRASILIA,DF,"Ministerio da Saude - Bloco G, Brasilia, DF","Ministerio da Saude - Bloco G, Brasilia, DF",-15.77136,-47.87101,-15.80024,-47.86838,-15.80006,-47.86824,,,,,2023,2023,,SGU-**46,,
TAXIGOV_DF_ENTIDADES,1358594,Banco Central do Brasil,89,INDIRETA,DEMAP/INFRA,,CONCLUÍDA,Reunião,,4.88,4.2,18.25,2024-07-09 14:19:38.973,2024-07-09 14:20:21.850,2024-07-09 14:27:07.110,2024-07-09 14:27:33.993,2024-07-09 14:34:37.583,,SBS QD. 3 BL. B,BRASILIA,BRASILIA,DF,"Universidade do Banco Central, SCES Trecho 2, Brasilia, DF","Universidade do Banco Central, SCES Trecho 2, Brasilia, DF",-15.80308,-47.88529,-15.81722,-47.86786,-15.81738,-47.868,,,,SIENA,2019,2020,PRATA,PBQ-**36,,
TAXIGOV_DF_ENTIDADES,1358590,Banco Central do Brasil,89,INDIRETA,Demap/Diate,,CANCELADA,Reunião,,,,7.48,2024-07-09 14:18:37.920,2024-07-09 14:19:25.000,,2024-07-09 14:19:25.000,2024-07-09 14:26:42.507,2024-07-09 14:26:42.507,BANCO CENTRAL DO BRASIL - BCB,ASA SUL,BRASILIA,DF,"Anexo 02 do Senado, Brasilia, Distrito Federal",,-15.80332,-47.8851,-15.79768,-47.86373,,,,,,KICKS,2020,2021,PRATA,REI-**95,,
TAXIGOV_DF_3,1358589,Ministério da Justiça e Segurança Pública,235881,DIRETA,SAA/SE/MJSP,,CONCLUÍDA,Reunião,,2.53,2.759,9.82,2024-07-09 14:18:30.063,2024-07-09 14:18:38.327,2024-07-09 14:20:42.287,2024-07-09 14:20:45.393,2024-07-09 14:26:49.500,,STJ - PORTARIA ADM (GOLF 3),PA 1,BRASILIA,DF,"Ministerio da Justica e Seguranca Publica (MJ), Esplanada dos Ministerios, Bl. T, Brasilia, Brasilia, DF","Ministerio da Justica e Seguranca Publica (MJ), Esplanada dos Ministerios, Bl. T, Brasilia, Brasilia, DF",-15.80699,-47.8668,-15.79711,-47.86591,-15.79673,-47.86606,,,,,,,,REU-**33,,
TAXIGOV_DF_ENTIDADES,1358587,Agência Nacional de Transportes Aquaviários,54843,INDIRETA,SGE/ANTAQ,,CONCLUÍDA,Reunião,,19.96,20.824,73.85,2024-07-09 14:18:15.620,2024-07-09 14:18:57.943,2024-07-09 14:36:56.803,2024-07-09 14:39:52.033,2024-07-09 15:03:09.947,,"SHIS QL 26 CONJUNTO 7,",SETOR DE HABITACOES INDIVIDUAIS SUL,BRASILIA,DF,"ANTAQ - Agencia Nacional de Transportes Aquaviarios, Asa Norte, Brasilia, Distrito Federal","ANTAQ - Agencia Nacional de Transportes Aquaviarios, Asa Norte, Brasilia, Distrito Federal",-15.8244,-47.81941,-15.74526,-47.89653,-15.74495,-47.89634,,,,VIRTUS,2021,2022,BRANCA,REO-**84,,
TAXIGOV_DF_3,1358586,Presidência da República,26,DIRETA,ITI/CC/PR,,CONCLUÍDA,Reunião,,5.03,4.02,19.52,2024-07-09 14:18:08.140,2024-07-09 14:35:13.927,2024-07-09 14:42:16.710,2024-07-09 14:45:07.633,2024-07-09 14:56:09.753,,INSTITUTO NACIONAL DE TECNOLOGIA DA INFORMAÇÃO,ASA NORTE,BRASÍLIA,DF,PAVILHÃO DAS METAS - BRASÍLIA / DF,PAVILHÃO DAS METAS - BRASÍLIA / DF,-15.78794,-47.88458,-15.80202,-47.85426,-15.80243,-47.85368,,,,,2023,24,,SGU-**60,,
TAXIGOV_DF_ENTIDADES,1358578,Comissão de Valores Mobiliários,478,INDIRETA,CVM/BSB,,CONCLUÍDA,Reunião,,3.44,3.42,12.73,2024-07-09 14:15:14.120,2024-07-09 14:15:44.797,2024-07-09 14:17:21.073,2024-07-09 14:17:31.853,2024-07-09 14:23:41.900,,CONDOMINIO CORPORATE FINANCIAL CENTER,ASA NORTE,BRASILIA,DF,"Estacionamento do Anexo II Camara dos Deputados, Via S2, Brasilia, DF","Estacionamento do Anexo II Camara dos Deputados, Via S2, Brasilia, DF",-15.78882,-47.88416,-15.80242,-47.8655,-15.80169,-47.86489,,,,SIENA,2019,20,PRATA,QUT-**63,,
TAXIGOV_DF_ENTIDADES,1358577,Conselho Administrativo de Defesa Econômica,322,INDIRETA,CGP/CADE,,CONCLUÍDA,Reunião,,10.32,10.603,38.18,2024-07-09 14:15:07.440,2024-07-09 14:15:44.500,2024-07-09 14:26:22.500,2024-07-09 14:28:55.937,2024-07-09 14:46:24.120,,"CONSELHO ADMINISTRATIVO DE DEFESA ECONOMICA (CADE), SEPN 515 CONJ. D LOTE 4",ASA NORTE,BRASILIA,DF,"Palacio da Justica - Ministerio da Justica e Seguranca Publica, Brasilia, Distrito Federal","Palacio da Justica - Ministerio da Justica e Seguranca Publica, Brasilia, Distrito Federal",-15.7423,-47.8975,-15.79765,-47.86583,-15.7968,-47.86589,,,,COROLLA,2020,2021,BRANCA,REH-**48,,
TAXIGOV_DF_3,1358576,Ministério da Saúde,304,DIRETA,COMAP,,CONCLUÍDA,Reunião,,4.51,4.093,17.5,2024-07-09 14:14:43.090,2024-07-09 14:15:25.903,2024-07-09 14:18:37.987,2024-07-09 14:18:49.463,2024-07-09 14:31:20.240,,ESPLANADA DOS MINISTERIOS,ASA SUL,BRASILIA,DF,"PO700 - Ministerio da Saude, SRTVN, 701, Asa Norte, Brasilia, DF","PO700 - Ministerio da Saude, SRTVN, 701, Asa Norte, Brasilia, DF",-15.802,-47.86917,-15.78407,-47.89045,-15.78405,-47.89044,,,,,2023,2023,,SGS-**70,,
TAXIGOV_DF_3,1358575,Ministério da Justiça e Segurança Pública,235881,DIRETA,GM/MJSP,,CONCLUÍDA,Reunião,,2.81,2.119,10.9,2024-07-09 14:14:13.377,2024-07-09 14:17:03.387,2024-07-09 14:22:43.173,2024-07-09 14:23:00.080,2024-07-09 14:30:22.990,,"MINISTERIO DA JUSTICA E SEGURANCA PUBLICA (MJ), ESPLANADA DOS MINISTERIOS, BL. T",ZONA CIVICOADMINISTRATIVA,BRASILIA,DF,"Anexo I (Palacio do Planalto   Presidencia da Republica), Praca dos Tres Poderes, Brasilia, Distrito Federal","Anexo I (Palacio do Planalto   Presidencia da Republica), Praca dos Tres Poderes, Brasilia, Distrito Federal",-15.79711,-47.86591,-15.79955,-47.85925,-15.80006,-47.85838,,,,,2024,2025,,SSK-**04,,
TAXIGOV_DF_3,1358574,Ministério do Desenvolvimento Agrário e Agricultura Familiar,308794,DIRETA,ASPAD / GM / MDA,,CONCLUÍDA,Reunião,,2.04,1.913,7.92,2024-07-09 14:14:09.447,2024-07-09 14:17:10.720,2024-07-09 14:22:13.707,2024-07-09 14:23:19.033,2024-07-09 14:28:05.650,,ESPLANADA DOS MINISTERIOS - BLOCO C,BRASILIA,BRASILIA,DF,"Anexo I (Palacio do Planalto   Presidencia da Republica), Praca dos Tres Poderes, Brasilia, DF","Anexo I (Palacio do Planalto   Presidencia da Republica), Praca dos Tres Poderes, Brasilia, DF",-15.79905,-47.87173,-15.79955,-47.85925,-15.80008,-47.8584,,,,,2023,2024,,SSF-**09,,
TAXIGOV_DF_ENTIDADES,1358567,Fundação Oswaldo Cruz,315,INDIRETA,NEVS/FIOCRUZ-BSB,,CONCLUÍDA,Reunião,,33.43,29.545,123.69,2024-07-09 14:11:42.453,2024-07-09 14:22:31.270,2024-07-09 14:37:31.587,2024-07-09 14:38:11.437,2024-07-09 15:15:06.393,,HOSPITAL REGIONAL DE CEILANDIA,,BRASILIA,DF,"Hospital Universitario de Brasilia - Emergencia, Asa Norte, Brasilia, DF","Hospital Universitario de Brasilia - Emergencia, Asa Norte, Brasilia, DF",-15.81533,-48.09637,-15.77171,-47.87302,-15.77184,-47.87292,,,,SIENA,2021,2021,BRANCA,REN-**79,,
TAXIGOV_DF_3,1358559,Ministério das Comunicações,264359,DIRETA,AECI/MCOM,,CONCLUÍDA,Reunião,,1.61,2.436,7.76,2024-07-09 14:08:45.263,2024-07-09 14:11:13.203,2024-07-09 14:13:43.203,2024-07-09 14:14:15.917,2024-07-09 14:19:11.613,,"SAFS QD. 4, LT. 1",ASA SUL,BRASILIA,DF,"Ministerio das Comunicacoes e dos Transportes, Brasilia, DF","Ministerio das Comunicacoes e dos Transportes, Brasilia, DF",-15.80453,-47.86276,-15.79691,-47.86715,-15.79689,-47.86701,,,,,2023,2024,,SGV-**61,,
TAXIGOV_DF_3,1358558,Ministério da Educação,244,DIRETA,AP/GM/MEC,,CONCLUÍDA,Reunião,,2.59,2.441,10.05,2024-07-09 14:08:38.973,2024-07-09 14:09:30.517,2024-07-09 14:12:32.123,2024-07-09 14:15:12.693,2024-07-09 14:20:42.440,,"ESTACIONAMENTO DO ANEXO II CAMARA DOS DEPUTADOS, VIA S2",ASA SUL,BRASILIA,DF,"Ministerio da Educacao, Brasilia, Distrito Federal","Ministerio da Educacao, Brasilia, Distrito Federal",-15.80242,-47.8655,-15.79501,-47.87305,-15.79505,-47.87284,,,,,2023,2023,,SGT-**97,,
TAXIGOV_DF_ENTIDADES,1358549,Conselho Administrativo de Defesa Econômica,322,INDIRETA,CGP/CADE,,CONCLUÍDA,Reunião,,8.84,8.362,32.71,2024-07-09 14:04:21.350,2024-07-09 14:04:33.820,2024-07-09 14:11:04.480,2024-07-09 14:11:42.923,2024-07-09 14:25:11.430,,"VIA W3 NORTE,",BRASILIA,BRASILIA,DF,"Iron Mountain, Brasilia, Distrito Federal","Iron Mountain, Brasilia, Distrito Federal",-15.74328,-47.89738,-15.75848,-47.93392,-15.75773,-47.93389,,,,COROLLA,2019,2020,PRETA,PBV-**72,,
TAXIGOV_DF_3,1358546,Presidência da República,26,DIRETA,ITI/CC/PR,,CONCLUÍDA,Reunião,,3.37,3.337,13.08,2024-07-09 14:03:21.940,2024-07-09 14:03:33.553,2024-07-09 14:08:57.533,2024-07-09 14:09:22.227,2024-07-09 14:18:24.600,,INSTITUTO NACIONAL DE TECNOLOGIA DA INFORMACAO,ASA NORTE,BRASILIA,DF,"Anexo III do Palacio do Planalto, Brasilia, DF","Anexo III do Palacio do Planalto, Brasilia, DF",-15.78794,-47.88458,-15.799,-47.85901,-15.799,-47.85826,,,,,2022,2022,,REU-**79,,
TAXIGOV_DF_3,1358540,Ministério da Justiça e Segurança Pública,235881,DIRETA,DIROP/PRF,704,CONCLUÍDA,Reunião,,4.48,2.392,17.38,2024-07-09 14:02:28.743,2024-07-09 14:05:57.433,2024-07-09 14:15:05.310,2024-07-09 14:15:46.697,2024-07-09 14:24:13.183,,"BRASILIA - DF, 70610-200, BRASIL",BRASILIA,BRASILIA,DF,"Lava a Jato Loto Car, SOFS Qd. 9, Guara, Brasilia, DF","Lava a Jato Loto Car, SOFS Qd. 9, Guara, Brasilia, DF",-15.81521,-47.94873,-15.82312,-47.95795,-15.82324,-47.95777,,,,,2023,2023,,SGS-**54,,
TAXIGOV_DF_3,1358536,Ministério do Meio Ambiente,1927,DIRETA,DPG/SBIO,,CONCLUÍDA,Reunião,,2.25,2.907,8.73,2024-07-09 14:01:08.653,2024-07-09 14:01:17.390,2024-07-09 14:06:23.847,2024-07-09 14:06:59.200,2024-07-09 14:15:52.270,,"ESPLANADA DOS MINISTERIOS, BL. B",ASA SUL,BRASILIA,DF,"Embaixada dos Estados Unidos da America, DF-002, 1509, Asa Sul, Brasilia, DF","VIA AF5 SUL, ASA SUL, BRASILIA - DF, BRASIL",-15.7989,-47.87262,-15.80411,-47.87322,-15.80346,-47.87418,,,,,,,,REU-**33,,
TAXIGOV_DF_ENTIDADES,1358529,Agência Espacial Brasileira,4243,INDIRETA,DPOA/AEB,,CONCLUÍDA,Outros,,14.75,10.672,54.72,2024-07-09 13:59:40.767,2024-07-09 14:00:17.717,2024-07-09 14:07:50.330,2024-07-09 14:12:24.290,2024-07-09 14:36:49.260,,"BRASILIA - DF, 70610-200, BRASIL",BRASILIA,BRASILIA,DF,"Comercio Residencial Norte 704/705, Asa Norte, Brasilia, DF","Comercio Residencial Norte 704/705, Asa Norte, Brasilia, DF",-15.8159,-47.94314,-15.775,-47.88983,-15.77501,-47.89051,,,,COROLLA,2023,2023,PRATA,SGT-**00,,
TAXIGOV_DF_3,1358528,Ministério da Justiça e Segurança Pública,235881,DIRETA,DIROP/PRF,704,CANCELADA,Reunião,,,,,2024-07-09 13:59:40.453,2024-07-09 14:02:14.410,,2024-07-09 14:02:14.410,2024-07-09 14:02:21.753,2024-07-09 14:02:21.753,"BRASILIA - DF, 70610-200, BRASIL",BRASILIA,BRASILIA,DF,"Lava a Jato Loto Car, SOFS Qd. 9, Guara, Brasilia, DF",,-15.81521,-47.94873,-15.82312,-47.95795,,,,,,,2019,2020,,PBR-**50,,
TAXIGOV_DF_3,1358524,Ministério da Justiça e Segurança Pública,235881,DIRETA,SAA/SE/MJSP,,CONCLUÍDA,Reunião,,2.29,2.407,8.89,2024-07-09 13:57:08.007,2024-07-09 13:57:19.107,2024-07-09 14:04:56.130,2024-07-09 14:05:58.293,2024-07-09 14:09:50.850,,VIA AS DOIS,BRASILIA,BRASILIA,DF,"STJ - Portaria Adm (golf 3), Brasilia, DF","STJ - Portaria Adm (golf 3), Brasilia, DF",-15.80022,-47.88035,-15.80699,-47.8668,-15.8069,-47.86679,,,,,2023,2024,,SGV-**61,,
TAXIGOV_DF_3,1358515,Ministério da Saúde,304,DIRETA,DPNI,,CONCLUÍDA,Reunião,,4.54,4.516,17.62,2024-07-09 13:54:20.783,2024-07-09 13:55:44.697,2024-07-09 14:03:24.533,2024-07-09 14:04:54.107,2024-07-09 14:15:18.447,,CAMARA DOS DEPUTADOS ANEXO IV,ANEXO IV,BRASILIA,DF,"PO 700, Via W 5 Norte, Asa Norte, Brasilia, Distrito Federal","PO 700, Via W 5 Norte, Asa Norte, Brasilia, Distrito Federal",-15.80264,-47.86511,-15.78364,-47.89034,-15.78405,-47.89047,,,,,2017,2017,,PAQ-**53,,
TAXIGOV_DF_ENTIDADES,1358505,Instituto Chico Mendes de Conservação da Biodiversidade,91842,INDIRETA,CGPRO/ICMBIO,,CONCLUÍDA,Reunião,,3.63,3.777,12.89,2024-07-09 13:50:16.193,2024-07-09 13:50:26.383,2024-07-09 13:56:06.007,2024-07-09 13:56:21.657,2024-07-09 14:03:42.143,,EQSW 103 104,SUDOESTE/OCTOGONAL,CRUZEIRO,DF,"Censipam, Brasilia, DF","Censipam, Brasilia, DF",-15.80336,-47.92615,-15.81448,-47.94116,-15.81513,-47.94103,,,,ONIX,2024,2025,PRATA,SSL-**37,,
TAXIGOV_DF_ENTIDADES,1358498,Fundo Nacional de Desenvolvimento da Educação,253,INDIRETA,CGPAE/FNDE,,CONCLUÍDA,Reunião,,2.85,3.197,10.55,2024-07-09 13:48:10.670,2024-07-09 13:48:24.100,2024-07-09 13:50:31.323,2024-07-09 13:52:16.697,2024-07-09 13:58:29.053,,CAMARA DOS DEPUTADOS ANEXO III,PA 1,BRASILIA,DF,"Fundo Nacional de Desenvolvimento da Educacao, Sbs, 12, Asa Sul, Brasilia, DF","Fundo Nacional de Desenvolvimento da Educacao, Sbs, 12, Asa Sul, Brasilia, DF",-15.80118,-47.86618,-15.80089,-47.88341,-15.80138,-47.88337,,,,SIENA ,2021,2021,BRANCA,REK-**58,,
TAXIGOV_DF_3,1358497,Ministério da Saúde,304,DIRETA,DPNI,,CONCLUÍDA,Reunião,,3.8,3.907,14.74,2024-07-09 13:47:23.340,2024-07-09 13:47:33.040,2024-07-09 13:51:31.290,2024-07-09 13:54:37.020,2024-07-09 14:03:22.910,,"EDIFICIO PO 700, VIA W 5 NORTE",ASA NORTE,BRASILIA,DF,"Organizacao Mundial da Saude, SEN, Asa Norte, Brasilia, Distrito Federal","Organizacao Mundial da Saude, SEN, Asa Norte, Brasilia, Distrito Federal",-15.78364,-47.89034,-15.78274,-47.86835,-15.78299,-47.86835,,,,,2022,2023,,SGR-**08,,
TAXIGOV_DF_ENTIDADES,1358496,Empresa de Tecnologia e Informações da Previdência,303,INDIRETA,APOIO/DATAPREV,,CONCLUÍDA,Transporte de documentos / materiais,,3.59,1.473,13.28,2024-07-09 13:46:59.700,2024-07-09 13:49:56.127,2024-07-09 13:54:54.907,2024-07-09 13:56:51.110,2024-07-09 14:04:30.327,,7,ASA SUL,BRASÍLIA,DF,EMBAIXADA DOS ESTADOS UNIDOS DA AMÉRICA - ASA SUL - BRASÍLIA / DF,EMBAIXADA DOS ESTADOS UNIDOS DA AMÉRICA - ASA SUL - BRASÍLIA / DF,-15.80041,-47.87811,-15.80411,-47.87322,-15.80358,-47.87408,,,,COROLLA,2021,2022,PRETA,RES-**04,,
TAXIGOV_DF_3,1358494,Ministério do Turismo,72084,DIRETA,GM,,CONCLUÍDA,Reunião,,2.51,2.58,9.74,2024-07-09 13:46:50.950,2024-07-09 13:51:09.363,2024-07-09 13:52:57.263,2024-07-09 13:53:51.040,2024-07-09 13:59:52.190,,"MINISTERIO DO TURISMO (MTUR), ESPLANADA DOS MINISTERIOS, BL. U",ZONA CIVICOADMINISTRATIVA,BRASILIA,DF,"Anexo I (Palacio do Planalto   Presidencia da Republica), Praca dos Tres Poderes, Brasilia, Distrito Federal","Anexo I (Palacio do Planalto   Presidencia da Republica), Praca dos Tres Poderes, Brasilia, Distrito Federal",-15.79631,-47.86798,-15.79955,-47.85925,-15.80007,-47.85847,,,,,2023,2024,,SSF-**09,,
TAXIGOV_DF_3,1358491,Ministério da Saúde,304,DIRETA,DAF/SCTIE/MS,,CONCLUÍDA,Reunião,,4.31,4.43,16.72,2024-07-09 13:45:35.160,2024-07-09 13:47:36.953,2024-07-09 13:51:46.067,2024-07-09 13:53:20.413,2024-07-09 14:02:59.053,,MINISTERIO DA SAUDE - BLOCO G,,BRASILIA,DF,"CONASS - Conselho Nacional de Secretarios de Saude, Asa Sul, Brasilia, Distrito Federal","CONASS - Conselho Nacional de Secretarios de Saude, Asa Sul, Brasilia, Distrito Federal",-15.80024,-47.86838,-15.79587,-47.89372,-15.79524,-47.89392,,,,,2022,2023,,SGN-**40,,
TAXIGOV_DF_3,1358481,Ministério das Comunicações,264359,DIRETA,AECI/MCOM,,CONCLUÍDA,Transporte de documentos / materiais,,2.08,1.401,8.07,2024-07-09 13:42:16.017,2024-07-09 13:42:39.400,2024-07-09 13:45:15.233,2024-07-09 13:50:20.110,2024-07-09 13:55:27.687,,0,ASA NORTE,BRASÍLIA,DF,TCU SEDE RAMPA TÁXIGOV - BRASÍLIA / DF,TCU SEDE RAMPA TÁXIGOV - BRASÍLIA / DF,-15.79703,-47.86716,-15.80411,-47.86246,-15.80412,-47.86245,,,,,2017,2017,,PAQ-**53,,
TAXIGOV_DF_ENTIDADES,1358476,Instituto Nacional de Estudos e Pesquisas Educacionais Anísio Teixeira,249,INDIRETA,CGEI/INEP,,CONCLUÍDA,Reunião,,6.3,6.847,23.25,2024-07-09 13:40:31.030,2024-07-09 13:40:43.527,2024-07-09 13:42:50.910,2024-07-09 13:43:22.450,2024-07-09 14:00:41.510,,"SIG QD. 4, LT. 327",SUDOESTE/OCTOGONAL,CRUZEIRO,DF,"Anexo 02 do Senado, Brasilia, DF","Anexo 02 do Senado, Brasilia, DF",-15.78816,-47.91414,-15.79768,-47.86372,-15.7975,-47.8635,,,,SIENA,2021,2021,BRANCA,RTM-**81,,
TAXIGOV_DF_3,1358473,Ministério da Justiça e Segurança Pública,235881,DIRETA,DPDC/SENACON/MJSP,,CONCLUÍDA,Reunião,,3.2,3.119,12.42,2024-07-09 13:39:53.967,2024-07-09 13:40:04.310,2024-07-09 13:45:33.790,2024-07-09 13:46:24.867,2024-07-09 13:54:04.963,,PALACIO DA JUSTICA - MINISTERIO DA JUSTICA E SEGURANCA PUBLICA,PA 2,BRASILIA,DF,"Policia Federal - Sede, Asa Norte, Brasilia, DF","Policia Federal - Sede, Asa Norte, Brasilia, DF",-15.79668,-47.86591,-15.78769,-47.88659,-15.78778,-47.88732,,,,,2022,2023,,REV-**05,,
TAXIGOV_DF_3,1358469,Presidência da República,26,DIRETA,SAM/CC/PR,,CONCLUÍDA,Reunião,,4.4,4.677,17.07,2024-07-09 13:39:16.937,2024-07-09 13:40:00.170,2024-07-09 13:43:45.377,2024-07-09 13:43:55.673,2024-07-09 13:51:19.770,,PCA. DOS TRES PODERES,ASA NORTE,BRASILIA,DF,"Edificio Parque Cidade Corporate, Asa Sul, Brasilia, DF","Edificio Parque Cidade Corporate, Asa Sul, Brasilia, DF",-15.79941,-47.86088,-15.7951,-47.89345,-15.79521,-47.89382,,,,,2020,2021,,REI-**48,,
TAXIGOV_DF_ENTIDADES,1358463,Fundação Oswaldo Cruz,315,INDIRETA,PECS/FIOCRUZ-BSB,,CANCELADA,Reunião,,,,7.4,2024-07-09 13:37:14.793,2024-07-09 13:46:39.723,,2024-07-09 13:37:14.793,2024-07-09 13:46:39.723,2024-07-09 13:46:39.723,FUNDACAO OSWALDO CRUZ - DISTRITO FEDERAL,,BRASILIA,DF,"Brasilia Palace Hotel, Asa Norte, Brasilia, DF",,-15.77097,-47.87113,-15.78832,-47.83075,,,,,,,,,,,,
TAXIGOV_DF_3,1358459,Ministério da Saúde,304,DIRETA,CGSAT/DSASTE/SVS/MS,,CONCLUÍDA,Reunião,,4.2,4.405,16.3,2024-07-09 13:36:08.027,2024-07-09 13:36:20.930,2024-07-09 13:39:03.567,2024-07-09 13:40:38.507,2024-07-09 13:48:12.050,,"SRTVN, 701",ASA NORTE,BRASILIA,DF,"Anexo do Ministerio da Saude, Eixo Monumental, G, Brasilia, DF","Anexo do Ministerio da Saude, Eixo Monumental, G, Brasilia, DF",-15.78407,-47.89045,-15.80181,-47.86856,-15.80166,-47.86926,,,,,,,,REK-**58,,
TAXIGOV_DF_ENTIDADES,1358454,Fundo Nacional de Desenvolvimento da Educação,253,INDIRETA,PRESI/FNDE,,CANCELADA,Reunião,,,,7.4,2024-07-09 13:35:21.377,2024-07-09 13:46:31.630,2024-07-09 13:50:23.980,2024-07-09 13:46:31.630,2024-07-09 14:06:30.770,2024-07-09 14:06:30.770,"SBS QD. 2, BL. F",BRASILIA,BRASILIA,DF,"Senado Federal, Praca dos Tres Poderes, s/n, Brasilia, DF",,-15.80104,-47.88336,-15.79929,-47.86407,,,,,,SPIN,2023,2024,PRATA,SGX-**39,,
TAXIGOV_DF_ENTIDADES,1358448,Instituto Nacional de Estudos e Pesquisas Educacionais Anísio Teixeira,249,INDIRETA,CGEI/INEP,,CANCELADA,Reunião,,,,,2024-07-09 13:34:12.493,2024-07-09 13:34:20.683,,2024-07-09 13:34:20.683,2024-07-09 13:37:30.343,2024-07-09 13:37:30.343,INSTITUTO NACIONAL DE ESTUDOS E PESQUISAS EDUCACIONAIS,ZONA INDUSTRIAL,BRASILIA,DF,"Anexo 02 do Senado, Brasilia, DF",,-15.788,-47.91424,-15.79768,-47.86372,,,,,,COROLLA,2024,2024,PRETA,SSL-**29,,
TAXIGOV_DF_3,1358441,Ministério da Defesa,41066,DIRETA,SEORI/MD,,CONCLUÍDA,Reunião,,1.47,1.533,7.76,2024-07-09 13:31:28.070,2024-07-09 13:32:19.497,2024-07-09 13:40:27.997,2024-07-09 13:40:32.013,2024-07-09 13:46:52.000,,EIXO MONUMENTAL,,BRASILIA,DF,"Estacionamento do Anexo II Camara dos Deputados, Via S2, Brasilia, DF","Estacionamento do Anexo II Camara dos Deputados, Via S2, Brasilia, DF",-15.79622,-47.86886,-15.80242,-47.8655,-15.80173,-47.86489,,,,,2022,2023,,SGR-**88,,
TAXIGOV_DF_ENTIDADES,1358438,Instituto Nacional de Estudos e Pesquisas Educacionais Anísio Teixeira,249,INDIRETA,CGDI/INEP,,CONCLUÍDA,Reunião,,6.0,6.058,22.14,2024-07-09 13:30:42.420,2024-07-09 13:30:58.017,2024-07-09 13:33:46.970,2024-07-09 13:34:51.133,2024-07-09 13:47:27.380,,"SIG QD. 4, LT. 327",CRUZEIRO,BRASILIA,DF,"Senado Federal, Praca dos Tres Poderes, s/n, Brasilia, DF","Senado Federal, Praca dos Tres Poderes, s/n, Brasilia, DF",-15.78816,-47.91414,-15.79929,-47.86407,-15.7996,-47.86435,,,,ONIX,2022,2023,PRATA,SGN-**40,,
TAXIGOV_DF_3,1358431,Ministério da Justiça e Segurança Pública,235881,DIRETA,SAA/SE/MJSP,,CONCLUÍDA,Reunião,,4.8,4.539,18.62,2024-07-09 13:29:38.573,2024-07-09 13:29:47.410,2024-07-09 13:37:45.360,2024-07-09 13:38:27.287,2024-07-09 13:49:36.790,,PRACA DO BURITI,ZONA INDUSTRIAL,BRASILIA,DF,"Superior Tribunal Militar, Asa Sul, Brasilia, DF","VIA BS S UM, ASA SUL, BRASILIA - DF, BRASIL",-15.78701,-47.91129,-15.79977,-47.87924,-15.79927,-47.88037,,,,,2021,2022,,RES-**04,,
TAXIGOV_DF_ENTIDADES,1358429,Fundação Universidade de Brasília,470,INDIRETA,USM,16205,CONCLUÍDA,Reunião,,50.39,,193.49,2024-07-09 13:29:05.480,2024-07-09 13:29:14.983,2024-07-09 13:41:06.800,2024-07-09 13:41:09.623,2024-07-09 15:44:48.103,,"HUB HOSPITAL UNIVERSITARIO DE BRASILIA - PEDIATRIA, S/N",ASA NORTE,BRASILIA,DF,"Vila Uniao, Vila Uniao, Novo Gama, Goias","Vila Uniao, Vila Uniao, Novo Gama, Goias",-15.77182,-47.87393,-16.07561,-48.04439,,,5.0,,,SIENA,2018,2018,BRANCA,PBF-**58,,
TAXIGOV_DF_ENTIDADES,1358424,Fundação Cultural Palmares,1782,INDIRETA,CGI/FCP/FCP,,CONCLUÍDA,Reunião,,3.32,3.353,10.52,2024-07-09 13:28:14.973,2024-07-09 13:29:18.800,2024-07-09 13:33:58.747,2024-07-09 13:34:13.563,2024-07-09 13:40:57.590,,"JUNTA COMERCIAL, INDUSTRIAL E SERVICOS DO DISTRITO FEDERAL",ASA SUL,BRASILIA,DF,"Fundacao Cultural Palmares - FCP, Asa Norte, Brasilia, DF","Fundacao Cultural Palmares - FCP, Asa Norte, Brasilia, DF",-15.80168,-47.87925,-15.78123,-47.88853,-15.78189,-47.88766,,,,SPIN ACT,2022,2023,PRATA,SGR-**00,,
TAXIGOV_DF_3,1358422,Ministério da Educação,244,DIRETA,AP/GM/MEC,,CONCLUÍDA,Reunião,,1.82,1.873,7.76,2024-07-09 13:27:58.550,2024-07-09 13:28:06.693,2024-07-09 13:33:09.583,2024-07-09 13:33:49.297,2024-07-09 13:39:48.413,,MINISTERIO DA EDUCACAO,PA 2,BRASILIA,DF,"Estacionamento do Anexo II Camara dos Deputados, Via S2, Brasilia, Distrito Federal","Estacionamento do Anexo II Camara dos Deputados, Via S2, Brasilia, Distrito Federal",-15.79501,-47.87305,-15.80242,-47.8655,-15.80179,-47.86492,,,,,2020,2021,,REI-**48,,
TAXIGOV_DF_3,1358418,Ministério da Saúde,304,DIRETA,DGIP/SE,,CONCLUÍDA,Reunião,,4.34,4.452,16.84,2024-07-09 13:24:22.180,2024-07-09 13:25:02.583,2024-07-09 13:30:21.603,2024-07-09 13:30:44.313,2024-07-09 13:39:16.850,,MINISTERIO DA SAUDE - BLOCO G,,BRASILIA,DF,"CONASS - Conselho Nacional de Secretarios de Saude, Asa Sul, Brasilia, Distrito Federal","CONASS - Conselho Nacional de Secretarios de Saude, Asa Sul, Brasilia, Distrito Federal",-15.80024,-47.86838,-15.79587,-47.89372,-15.79512,-47.89374,,,,,2022,2023,,SGQ-**75,,
TAXIGOV_DF_3,1358417,Ministério da Educação,244,DIRETA,ASSCER/GM,,CONCLUÍDA,Reunião,,2.95,3.057,11.45,2024-07-09 13:23:38.087,2024-07-09 13:54:30.077,2024-07-09 13:58:51.903,2024-07-09 14:00:38.497,2024-07-09 14:07:28.777,,"EM BLOCO L,",BRASILIA,BRASILIA,DF,"HUB Hospital Universitario de Brasilia - Pediatria, Asa Norte, Brasilia, Distrito Federal","HUB Hospital Universitario de Brasilia - Pediatria, Asa Norte, Brasilia, Distrito Federal",-15.79492,-47.87297,-15.77182,-47.87393,-15.7714,-47.87464,,,,,2023,2023,,SGU-**46,,
TAXIGOV_DF_ENTIDADES,1358413,Fundação Cultural Palmares,1782,INDIRETA,CGI/FCP/FCP,,CANCELADA,Reunião,,,,6.34,2024-07-09 13:22:39.677,2024-07-09 13:22:57.283,,2024-07-09 13:22:57.283,2024-07-09 13:28:07.517,2024-07-09 13:28:07.517,"JUNTA COMERCIAL, INDUSTRIAL E SERVICOS DO DISTRITO FEDERAL",ASA SUL,BRASILIA,DF,"Fundacao Cultural Palmares - FCP, Asa Norte, Brasilia, DF",,-15.80168,-47.87925,-15.78123,-47.88853,,,,,,YARIS,2022,2023,BRANCA,SGN-**25,,
TAXIGOV_DF_3,1358407,Ministério da Educação,244,DIRETA,AP/GM/MEC,,CONCLUÍDA,Reunião,,1.52,1.536,7.76,2024-07-09 13:21:36.417,2024-07-09 13:22:10.103,2024-07-09 13:26:08.307,2024-07-09 13:29:03.320,2024-07-09 13:32:47.380,,EM BLOCO L,BRASILIA,BRASILIA,DF,"Biblioteca do Senado Federal, Brasilia, DF","Biblioteca do Senado Federal, Brasilia, DF",-15.79484,-47.87296,-15.79775,-47.86342,-15.79745,-47.86358,,,,,2017,2017,,PAQ-**53,,
TAXIGOV_DF_ENTIDADES,1358406,Instituto Nacional de Estudos e Pesquisas Educacionais Anísio Teixeira,249,INDIRETA,GAB/DAEB/INEP,,CONCLUÍDA,Reunião,,6.56,6.818,24.21,2024-07-09 13:21:23.063,2024-07-09 13:21:33.417,2024-07-09 13:24:07.000,2024-07-09 13:25:13.973,2024-07-09 13:38:42.940,,INSTITUTO NACIONAL DE ESTUDOS E PESQUISAS EDUCACIONAIS,,BRASILIA,DF,"Senado Federal, Praca dos Tres Poderes, s/n, Brasilia, Distrito Federal","VIA N. DOIS LESTE, ASA NORTE, BRASILIA - DF, BRASIL",-15.788,-47.91424,-15.79929,-47.86407,-15.79745,-47.86361,,,,YARIS,2022,2023,PRATA,REV-**05,,
TAXIGOV_DF_3,1358378,Presidência da República,26,DIRETA,SIMP/SECOM/PR,,CONCLUÍDA,Reunião,,1.08,1.509,7.76,2024-07-09 13:05:33.753,2024-07-09 13:06:13.870,2024-07-09 13:09:08.670,2024-07-09 13:11:01.143,2024-07-09 13:13:16.017,,PALACIO DO PLANALTO,,BRASILIA,DF,"Ministerio da Educacao - Anexo I, Brasilia, Distrito Federal","VIA N. UM LESTE, EIXO MONUMENTAL, BRASILIA - DF, BRASIL",-15.79905,-47.86077,-15.79362,-47.87239,-15.79609,-47.87217,,,,,2018,2019,,PBO-**89,,
TAXIGOV_DF_3,1358367,Ministério da Justiça e Segurança Pública,235881,DIRETA,SE/MJSP,,CONCLUÍDA,Reunião,,2.01,1.055,7.8,2024-07-09 13:02:02.813,2024-07-09 13:02:16.277,2024-07-09 13:10:04.877,2024-07-09 13:11:43.447,2024-07-09 13:16:55.753,,"MINISTERIO DA JUSTICA, BL. T",BRASILIA,BRASILIA,DF,"Camara dos Deputados Anexo III, Brasilia, DF","VIA S. DOIS OESTE, ASA SUL, BRASILIA - DF, BRASIL",-15.79757,-47.86594,-15.80118,-47.86618,-15.80251,-47.86506,,,,,2023,2023,,SGS-**70,,
TAXIGOV_DF_ENTIDADES,1358365,Fundação Universidade de Brasília,470,INDIRETA,SAA/UNB,,CONCLUÍDA,Reunião,,2.23,2.239,8.21,2024-07-09 12:57:30.333,2024-07-09 12:57:40.297,2024-07-09 13:02:08.577,2024-07-09 13:06:03.953,2024-07-09 13:09:39.537,,SECRETARIA DE ADMINISTRACAO ACADEMICA,,BRASILIA,DF,"HUB Hospital Universitario de Brasilia - Pediatria, Asa Norte, Brasilia, DF","VIA L. DOIS NORTE, ASA NORTE, BRASILIA - DF, BRASIL",-15.76498,-47.86943,-15.77182,-47.87393,-15.77306,-47.87431,,,,ONIX,2022,2023,PRATA,SGN-**40,,
TAXIGOV_DF_3,1358357,Ministério da Educação,244,DIRETA,STIC/MEC,,CONCLUÍDA,Reunião,,3.35,3.142,13.0,2024-07-09 12:51:31.590,2024-07-09 13:02:20.133,2024-07-09 13:08:37.870,2024-07-09 13:09:58.050,2024-07-09 13:14:07.893,,SGAS,ASA SUL,BRASILIA,DF,"Ministerio da Educacao - Anexo I, Brasilia, DF","Ministerio da Educacao - Anexo I, Brasilia, DF",-15.81501,-47.88775,-15.79362,-47.87239,-15.79346,-47.87287,,,,,2019,2020,,PBV-**72,,
TAXIGOV_DF_3,1358345,Ministério da Justiça e Segurança Pública,235881,DIRETA,SAA/SE/MJSP,,CONCLUÍDA,Reunião,,6.89,7.104,26.73,2024-07-09 12:44:12.587,2024-07-09 12:44:29.217,2024-07-09 12:56:19.840,2024-07-09 12:56:20.943,2024-07-09 13:10:21.840,,BIBLIOTECA PEDRO ALEIXO,BRASILIA,BRASILIA,DF,"Tribunal de Justica do Distrito Federal e dos Territorios, Brasilia, DF","Tribunal de Justica do Distrito Federal e dos Territorios, Brasilia, DF",-15.80147,-47.86436,-15.78723,-47.90902,-15.78774,-47.90855,,,,,2022,2023,,SGO-**76,,
TAXIGOV_DF_ENTIDADES,1358343,Banco Central do Brasil,89,INDIRETA,DEMAP/INFRA,,CONCLUÍDA,Reunião,,5.76,4.825,21.54,2024-07-09 12:44:10.280,2024-07-09 12:44:47.670,2024-07-09 12:47:07.340,2024-07-09 12:48:26.153,2024-07-09 12:58:15.893,,SCES TRECHO 2,PA 4,BRASILIA,DF,"Banco Central do Brasil (BCB), SBS Qd. 3 Bl. B, Brasilia, Brasilia, DF","Banco Central do Brasil (BCB), SBS Qd. 3 Bl. B, Brasilia, Brasilia, DF",-15.81722,-47.86786,-15.80308,-47.88529,-15.80328,-47.88485,,,,TOYOTA COROLLA,2022,23, PRETA,REV-**13,,
TAXIGOV_DF_3,1358336,Ministério do Meio Ambiente,1927,DIRETA,GM/MMA,,CONCLUÍDA,Reunião,,9.53,4.458,36.98,2024-07-09 12:41:37.907,2024-07-09 12:41:48.180,2024-07-09 12:47:56.517,2024-07-09 12:48:11.447,2024-07-09 12:59:25.967,,"CDS -CENTRO DE DESENVOLVIMENTO SUSTENTAVEL, CAMPUS DARCY RIBEIRO, UNB",ASA NORTE,BRASILIA,DF,"Ministerio do Meio Ambiente, Eixo Monumental, Brasilia, Distrito Federal","Ministerio do Meio Ambiente, Eixo Monumental, Brasilia, Distrito Federal",-15.76856,-47.86943,-15.79859,-47.87243,-15.79901,-47.87239,,,,,2019,20,,QUT-**63,,
TAXIGOV_DF_3,1358323,Ministério da Saúde,304,DIRETA,ASCER/GM/MS,,CONCLUÍDA,Reunião,,3.16,2.944,12.26,2024-07-09 12:33:33.310,2024-07-09 12:35:12.550,2024-07-09 12:44:09.803,2024-07-09 12:45:19.713,2024-07-09 12:52:01.393,,"ORGANIZACAO MUNDIAL DA SAUDE, SEN",ASA NORTE,BRASILIA,DF,"Ministerio da Saude - Bloco G, Brasilia, Distrito Federal","Ministerio da Saude - Bloco G, Brasilia, Distrito Federal",-15.78274,-47.86835,-15.80024,-47.86838,-15.80003,-47.86816,,,,,2023,2024,,SGW-**55,,
TAXIGOV_DF_3,1358314,Ministério da Saúde,304,DIRETA,GAB/SGTES,,CONCLUÍDA,Reunião,,11.74,5.135,45.55,2024-07-09 12:27:10.030,2024-07-09 12:27:18.003,2024-07-09 12:34:38.180,2024-07-09 12:35:30.367,2024-07-09 12:54:39.430,,FUNDACAO OSWALDO CRUZ - DISTRITO FEDERAL,,BRASILIA,DF,"PO700 - Ministerio da Saude, SRTVN, 701, Asa Norte, Brasilia, DF","PO700 - Ministerio da Saude, SRTVN, 701, Asa Norte, Brasilia, DF",-15.77097,-47.87113,-15.78407,-47.89045,-15.78426,-47.89044,,,,,,,,PBU-**52,,
TAXIGOV_DF_ENTIDADES,1358313,Agência Nacional de Telecomunicações,25064,INDIRETA,ARI/ANATEL,,CONCLUÍDA,Reunião,,3.44,3.105,12.66,2024-07-09 12:26:27.730,2024-07-09 12:27:10.360,2024-07-09 12:30:08.250,2024-07-09 12:30:42.430,2024-07-09 12:41:33.777,,CONGRESSO NACIONAL,,BRASILIA,DF,"Agencia Nacional de Telecomunicacoes - Sede, Asa Sul, Brasilia, DF","Agencia Nacional de Telecomunicacoes - Sede, Asa Sul, Brasilia, DF",-15.79971,-47.86416,-15.80553,-47.8825,-15.80549,-47.8823,,,,LOGAN,2022,2023,PRATA,RVU-**98,,
TAXIGOV_DF_3,1358310,Ministério da Justiça e Segurança Pública,235881,DIRETA,SAA/SE/MJSP,,CONCLUÍDA,Reunião,,1.19,1.212,7.76,2024-07-09 12:24:52.517,2024-07-09 12:27:21.803,2024-07-09 12:34:33.230,2024-07-09 12:34:56.323,2024-07-09 12:39:45.980,,STJ,ASA SUL,BRASILIA,DF,"Biblioteca Pedro Aleixo, Brasilia, Brasilia, DF","Biblioteca Pedro Aleixo, Brasilia, Brasilia, DF",-15.80715,-47.86657,-15.80147,-47.86436,-15.80175,-47.86508,,,,,2022,2023,,SGY-**51,,
TAXIGOV_DF_3,1358296,Ministério da Justiça e Segurança Pública,235881,DIRETA,SAA/SE/MJSP,,CONCLUÍDA,Reunião,,11.85,11.911,45.98,2024-07-09 12:17:48.370,2024-07-09 12:17:57.930,2024-07-09 12:29:28.523,2024-07-09 12:30:25.167,2024-07-09 12:47:55.987,,CICCN - CENTRO INTEGRADO DE COMANDO E CONTROLE NACIONAL,SETOR POLICIAL SUL,BRASILIA,DF,"Anexo II - Ministerio da Justica, Brasilia, DF","Anexo II - Ministerio da Justica, Brasilia, DF",-15.81449,-47.94658,-15.796570000000001,-47.866,-15.7967,-47.86597,,,,,2023,2024,,SGW-**30,,
TAXIGOV_DF_3,1358293,Presidência da República,26,DIRETA,SECOI/SECOM/PR,,CONCLUÍDA,Reunião,,4.05,4.148,15.71,2024-07-09 12:15:28.793,2024-07-09 12:15:46.110,2024-07-09 12:24:32.083,2024-07-09 12:25:04.547,2024-07-09 12:32:17.350,,AGENCIA TERRUA,ASA NORTE,BRASILIA,DF,"Palacio do Planalto, Brasilia, DF","Palacio do Planalto, Brasilia, DF",-15.79031,-47.88724,-15.79905,-47.86077,-15.79925,-47.86179,,,,,2023,2024,,SGV-**13,,
TAXIGOV_DF_3,1358285,Presidência da República,26,DIRETA,SIMP/SECOM/PR,,CONCLUÍDA,Transporte de documentos / materiais,,0.97,0.967,7.76,2024-07-09 12:12:25.503,2024-07-09 12:16:04.533,2024-07-09 12:20:03.783,2024-07-09 12:20:56.873,2024-07-09 12:23:45.730,,MINISTERIO DA SAUDE - BLOCO G,,BRASILIA,DF,"Palacio do Planalto, Brasilia, DF","Palacio do Planalto, Brasilia, DF",-15.80024,-47.86838,-15.79905,-47.86077,-15.79925,-47.86178,,,,,2018,2019,,PBR-**65,,
TAXIGOV_DF_3,1358273,Ministério do Meio Ambiente,1927,DIRETA,ASPAR/GM/MMA,,CONCLUÍDA,Reunião,,1.46,1.648,7.76,2024-07-09 12:09:12.690,2024-07-09 12:13:09.390,2024-07-09 12:15:22.963,2024-07-09 12:17:05.477,2024-07-09 12:20:20.447,,"ESTACIONAMENTO DO ANEXO II CAMARA DOS DEPUTADOS, VIA S2",ASA SUL,BRASILIA,DF,"Ministerio do Meio Ambiente, Esplanada dos Ministerios, Bl. B, ZONA CIVICOADMINISTRATIVA, BRASILIA, DF","Ministerio do Meio Ambiente, Esplanada dos Ministerios, Bl. B, ZONA CIVICOADMINISTRATIVA, BRASILIA, DF",-15.80156,-47.8655,-15.79957,-47.8729,-15.79873,-47.87233,,,,,2022,2023,,SGR-**00,,
TAXIGOV_DF_ENTIDADES,1358266,Banco Central do Brasil,89,INDIRETA,DEMAP/INFRA,,CONCLUÍDA,Reunião,,4.86,3.869,18.18,2024-07-09 12:06:57.747,2024-07-09 12:07:07.237,2024-07-09 12:17:46.227,2024-07-09 12:19:31.287,2024-07-09 12:27:07.070,,CLS 201,ASA SUL,BRASILIA,DF,"Universidade do Banco Central, SCES Trecho 2, Brasilia, DF","Universidade do Banco Central, SCES Trecho 2, Brasilia, DF",-15.80226,-47.88365,-15.81722,-47.86786,-15.81748,-47.86791,,,,DUSTER,2022,2023,BRANCA,SGY-**51,,
TAXIGOV_DF_ENTIDADES,1358265,Agência Espacial Brasileira,4243,INDIRETA,DPEI/AEB,,CONCLUÍDA,Reunião,,24.87,23.426,92.27,2024-07-09 12:06:42.247,2024-07-09 12:41:05.587,2024-07-09 12:56:38.650,2024-07-09 13:19:31.763,2024-07-09 13:49:15.893,,"DF-001, KM 27",JARDIM BOTANICO,BRASILIA,DF,"AEB Agencia Espacial Brasileira, Brasilia, DF","AEB Agencia Espacial Brasileira, Brasilia, DF",-15.86728,-47.82376,-15.81587,-47.94311,-15.81638,-47.94249,,,,KICKS,2022,2022,BRANCA,SGN-**25,,
TAXIGOV_DF_3,1358250,Ministério da Justiça e Segurança Pública,235881,DIRETA,SAA/SE/MJSP,,CONCLUÍDA,Reunião,,2.78,2.119,10.79,2024-07-09 12:01:17.277,2024-07-09 12:05:51.517,2024-07-09 12:11:05.807,2024-07-09 12:11:40.380,2024-07-09 12:17:33.203,,"ESPLANADA DOS MINISTERIOS, BL. T",BRASILIA,BRASILIA,DF,"Superior Tribunal de Justica, Setor de Administracao Federal Sul Quadra 06, Asa Sul, Brasilia, DF","STJ, ASA SUL, BRASILIA - DF, BRASIL",-15.79711,-47.86591,-15.8094,-47.86764,-15.80692,-47.86677,,,,,,,,SSH-**20,,
TAXIGOV_DF_ENTIDADES,1358243,Superintendência Nacional de Previdência Complementar,105915,INDIRETA,GABIN/PREVIC,,CONCLUÍDA,Reunião,,4.4,4.511,16.28,2024-07-09 11:59:27.167,2024-07-09 12:00:06.303,2024-07-09 12:02:31.170,2024-07-09 12:02:45.770,2024-07-09 12:12:37.723,,SHOPPING ID,BRASILIA,BRASILIA,DF,"Camara dos Deputados - Anexo II, Pca. dos Tres Poderes, Brasilia, Brasilia, DF","Camara dos Deputados - Anexo II, Pca. dos Tres Poderes, Brasilia, Brasilia, DF",-15.78726,-47.89082,-15.80113,-47.86541,-15.80164,-47.86487,,,,CITY,2022,2022,PRATA,REU-**79,,
TAXIGOV_DF_3,1358241,Presidência da República,26,DIRETA,SIMP/SECOM/PR,,CONCLUÍDA,Transporte de documentos / materiais,,1.77,1.341,7.76,2024-07-09 11:58:36.620,2024-07-09 11:58:46.850,2024-07-09 12:01:52.120,2024-07-09 12:02:28.067,2024-07-09 12:07:15.237,,PALACIO DO PLANALTO,,BRASILIA,DF,"Palacio Itamaraty, Brasilia, DF","Palacio Itamaraty, Brasilia, DF",-15.79905,-47.86077,-15.80068,-47.8673,-15.80064,-47.86827,,,,,2022,2023,,SGO-**98,,
TAXIGOV_DF_3,1358240,Ministério da Saúde,304,DIRETA,CGLAB/DAEVS/SVS/MS,,CONCLUÍDA,Reunião,,4.13,4.14,16.02,2024-07-09 11:57:50.310,2024-07-09 11:58:43.040,2024-07-09 12:00:00.003,2024-07-09 12:00:33.617,2024-07-09 12:10:12.130,,MINISTERIO DA SAUDE - BLOCO G,,BRASILIA,DF,"PO700 - Ministerio da Saude, SRTVN, 701, Asa Norte, Brasilia, DF","PO700 - Ministerio da Saude, SRTVN, 701, Asa Norte, Brasilia, DF",-15.80024,-47.86838,-15.78407,-47.89045,-15.78425,-47.89046,,,,,2019,2019,,PBR-**68,,
TAXIGOV_DF_3,1358238,Ministério da Saúde,304,DIRETA,DEPPROS,,CONCLUÍDA,Reunião,,5.99,5.022,23.24,2024-07-09 11:56:49.427,2024-07-09 11:57:03.507,2024-07-09 12:03:41.070,2024-07-09 12:04:22.537,2024-07-09 12:13:01.460,,FUNDACAO OSWALDO CRUZ - DISTRITO FEDERAL,,BRASILIA,DF,"ESPLANADA DOS MINISTERIOS, BL. G - ASA SUL - BRASILIA","ESPLANADA DOS MINISTERIOS, BL. G - ASA SUL - BRASILIA",-15.77097,-47.87113,-15.80203,-47.86871,-15.80163,-47.86925,,,,,2022,2023,,SGR-**00,,
TAXIGOV_DF_ENTIDADES,1358237,Instituto Nacional de Estudos e Pesquisas Educacionais Anísio Teixeira,249,INDIRETA,CGSNAEB/INEP,,CONCLUÍDA,Reunião,,6.03,6.037,22.25,2024-07-09 11:56:35.613,2024-07-09 13:15:16.833,2024-07-09 13:26:56.037,2024-07-09 13:34:07.413,2024-07-09 13:44:12.053,,INSTITUTO NACIONAL DE ESTUDOS E PESQUISAS EDUCACIONAIS,ZONA INDUSTRIAL,BRASILIA,DF,"Senado Federal, Praca dos Tres Poderes, s/n, Brasilia, DF","Senado Federal, Praca dos Tres Poderes, s/n, Brasilia, DF",-15.788,-47.91424,-15.79929,-47.86407,-15.79962,-47.86444,,,,ONIX,2022,23,PRATA,SGP-**61,,
TAXIGOV_DF_ENTIDADES,1358236,Instituto Nacional de Estudos e Pesquisas Educacionais Anísio Teixeira,249,INDIRETA,CGSNAEB/INEP,,CONCLUÍDA,Reunião,,6.25,6.286,23.06,2024-07-09 11:56:23.100,2024-07-09 13:15:12.960,2024-07-09 13:20:12.683,2024-07-09 13:30:59.293,2024-07-09 13:49:54.477,,"SIG QUADRA 4, 83",SUDOESTE/OCTOGONAL,CRUZEIRO,DF,"Senado Federal, Praca dos Tres Poderes, s/n, Brasilia, DF","EM, BL T, ASA NORTE, BRASILIA - DF, BRASIL",-15.78816,-47.91358,-15.79929,-47.86407,-15.79763,-47.8657,,,,SPIN,2023,2024,PRATA,SSF-**09,,
TAXIGOV_DF_ENTIDADES,1358233,Fundação Cultural Palmares,1782,INDIRETA,CGI/FCP/FCP,,CONCLUÍDA,Reunião,,3.73,3.836,11.82,2024-07-09 11:55:01.027,2024-07-09 11:55:14.067,2024-07-09 11:59:43.503,2024-07-09 11:59:52.573,2024-07-09 12:08:01.847,,FUNDACAO CULTURAL PALMARES - FCP,ASA NORTE,BRASILIA,DF,"Junta Comercial, Industrial e Servicos do Distrito Federal, Asa Sul, Brasilia, DF","Junta Comercial, Industrial e Servicos do Distrito Federal, Asa Sul, Brasilia, DF",-15.78123,-47.88853,-15.80168,-47.87925,-15.80182,-47.87943,,,,TRACKER,2021,2022,BRANCA,RES-**70,,
TAXIGOV_DF_ENTIDADES,1358230,Fundo Nacional de Desenvolvimento da Educação,253,INDIRETA,COGID/FNDE,,CONCLUÍDA,Reunião,,9.35,9.6,34.59,2024-07-09 11:53:35.627,2024-07-09 11:53:43.283,2024-07-09 11:57:28.990,2024-07-09 11:58:03.500,2024-07-09 12:14:16.040,,"MEC - FNDE DEPOSITO / ARQUIVO, SAAN QUADRA 1",ZONA INDUSTRIAL,BRASILIA,DF,"FNDE - Fundo Nacional de Desenvolvimento da Educacao, SBS Qd. 2, Bl. F, ASA SUL, BRASILIA, DF","FNDE - Fundo Nacional de Desenvolvimento da Educacao, SBS Qd. 2, Bl. F, ASA SUL, BRASILIA, DF",-15.7674,-47.93933,-15.80104,-47.88336,-15.80132,-47.88358,,,,SPIN,2022,2023,BRANCA,SGQ-**87,,
TAXIGOV_DF_3,1358228,Ministério da Educação,244,DIRETA,SAA/SEXEC/MEC,,CONCLUÍDA,Outros,,3.25,3.546,12.61,2024-07-09 11:51:27.507,2024-07-09 11:54:32.897,2024-07-09 11:59:45.630,2024-07-09 12:01:18.490,2024-07-09 12:05:12.307,,2358,ASA SUL,BRASÍLIA,DF,5 - BRASÍLIA / DF,5 - BRASÍLIA / DF,-15.81467,-47.88815,-15.79311,-47.87197,-15.79351,-47.8729,,,,,,,,SSH-**20,,
TAXIGOV_DF_3,1358218,Ministério da Educação,244,DIRETA,AP/GM/MEC,,CONCLUÍDA,Reunião,,1.54,1.355,7.76,2024-07-09 11:47:19.817,2024-07-09 11:47:27.210,2024-07-09 11:49:57.903,2024-07-09 11:50:35.140,2024-07-09 11:55:13.213,,BIBLIOTECA DO SENADO FEDERAL,,BRASILIA,DF,"Ministerio da Educacao, Brasilia, DF","Ministerio da Educacao, Brasilia, DF",-15.79775,-47.86342,-15.79501,-47.87305,-15.79501,-47.87281,,,,,2018,2019,,PBR-**65,,
TAXIGOV_DF_3,1358217,Ministério da Educação,244,DIRETA,SPOA/SEXEC/MEC,,CONCLUÍDA,Reunião,,1.99,3.496,7.76,2024-07-09 11:46:45.110,2024-07-09 14:00:51.997,2024-07-09 14:04:25.193,2024-07-09 14:09:49.060,2024-07-09 14:14:21.773,,MINISTÉRIO DA EDUCAÇÃO - ANEXO I,,BRASÍLIA,DF,CONIF - ASA SUL - BRASÍLIA / DF,CONIF - ASA SUL - BRASÍLIA / DF,-15.79362,-47.87239,-15.79685,-47.88649,-15.79709,-47.88647,,,,,2023,2024,,SSG-**83,,
TAXIGOV_DF_3,1358216,Ministério da Educação,244,DIRETA,SAA/SEXEC/MEC,,CONCLUÍDA,Reunião,,3.17,3.14,12.3,2024-07-09 11:45:34.230,2024-07-09 11:49:48.337,2024-07-09 11:56:51.713,2024-07-09 11:57:40.397,2024-07-09 12:02:43.913,,SGAS,ASA SUL,BRASILIA,DF,"Ministerio da Educacao - Anexo I, Brasilia, DF","Ministerio da Educacao - Anexo I, Brasilia, DF",-15.81501,-47.88775,-15.79362,-47.87239,-15.79348,-47.87289,,,,,2022,2022,,SGQ-**92,,
TAXIGOV_DF_3,1358211,Ministério da Justiça e Segurança Pública,235881,DIRETA,DPJUS/SNJ/MJSP,,CONCLUÍDA,Outros,,12.47,12.24,48.38,2024-07-09 11:44:14.700,2024-07-09 11:44:27.500,2024-07-09 11:49:06.010,2024-07-09 11:49:51.873,2024-07-09 12:06:24.507,,IGUATEMI BRASILIA,SETOR DE HABITACOES INDIVIDUAIS NORTE,BRASILIA,DF,"Anexo II - Ministerio da Justica, Brasilia, DF","Anexo II - Ministerio da Justica, Brasilia, DF",-15.72094,-47.88592,-15.796570000000001,-47.866,-15.79669,-47.86612,,,,,2023,2023,,SGV-**76,,
TAXIGOV_DF_3,1358208,Ministério da Saúde,304,DIRETA,DPNI,,CONCLUÍDA,Reunião,,4.92,4.806,19.09,2024-07-09 11:43:00.733,2024-07-09 11:43:14.500,2024-07-09 11:46:07.067,2024-07-09 11:49:22.397,2024-07-09 11:59:01.440,,"PO 700, VIA W 5 NORTE",ASA NORTE,BRASILIA,DF,"Anexo IV Congresso Nacional, Brasilia, Distrito Federal","Anexo IV Congresso Nacional, Brasilia, Distrito Federal",-15.78364,-47.89034,-15.80248,-47.86554,-15.8025,-47.86511,,,,,2023,2023,,SGS-**35,,
TAXIGOV_DF_3,1358206,Presidência da República,26,DIRETA,DITEC/SA/CC/PR,,CONCLUÍDA,Outros,,4.27,4.828,16.57,2024-07-09 11:41:53.347,2024-07-09 11:53:32.373,2024-07-09 12:02:31.783,2024-07-09 12:02:38.357,2024-07-09 12:07:02.227,,"PALACIO DA ALVORADA, VIA PALACIO PRESIDENCIAL",,BRASILIA,DF,"Restaurante, Presidencia da Republica, ZONA CIVICOADMINISTRATIVA, BRASILIA, DF","Restaurante, Presidencia da Republica, ZONA CIVICOADMINISTRATIVA, BRASILIA, DF",-15.79262,-47.82213,-15.79885,-47.85897,-15.79808,-47.8594,,,,,2022,2023,,SGO-**76,,
TAXIGOV_DF_3,1358201,Ministério da Saúde,304,DIRETA,ASPAR/GM/MS,,CONCLUÍDA,Reunião,,0.8,0.608,7.76,2024-07-09 11:37:17.647,2024-07-09 11:37:41.950,2024-07-09 11:41:00.773,2024-07-09 11:42:21.340,2024-07-09 11:45:53.817,,CAMARA DOS DEPUTADOS ANEXO IV,ANEXO IV,BRASILIA,DF,"Ministerio da Saude - Bloco G, Brasilia, DF","Ministerio da Saude - Bloco G, Brasilia, DF",-15.80264,-47.86511,-15.80024,-47.86838,-15.80028,-47.8682,,,,,2022,2023,,SGO-**98,,
TAXIGOV_DF_ENTIDADES,1358197,Banco Central do Brasil,89,INDIRETA,DEMAP/INFRA,,CANCELADA,Reunião,,,,7.48,2024-07-09 11:35:46.590,2024-07-09 11:39:49.490,2024-07-09 11:51:15.153,2024-07-09 11:49:49.490,2024-07-09 12:02:58.230,2024-07-09 12:02:58.230,34,,BRASÍLIA,DF,0 - SET MEDICO HOSP - BRASÍLIA / DF,,-15.81822,-47.86719,-15.80322,-47.88516,,,,,,VIRTUS ,2023,2023,PRATA,SGU-**46,,
TAXIGOV_DF_ENTIDADES,1358172,Banco Central do Brasil,89,INDIRETA,DEMAP/INFRA,,CONCLUÍDA,Serviço externo / técnico,,5.97,5.835,22.33,2024-07-09 11:27:54.437,2024-07-09 11:29:20.880,2024-07-09 11:33:36.967,2024-07-09 11:34:48.987,2024-07-09 11:42:19.980,,34,,BRASÍLIA,DF,0 - SET MEDICO HOSP - BRASÍLIA / DF,0 - SET MEDICO HOSP - BRASÍLIA / DF,-15.81822,-47.86719,-15.80322,-47.88516,-15.80347,-47.88501,5.0,,,GRAND SIENA,2018,2018,BRANCA,PBE-**25,,
TAXIGOV_DF_3,1358168,Ministério da Saúde,304,DIRETA,ASPAR/GM/MS,,CONCLUÍDA,Reunião,,4.49,1.448,17.42,2024-07-09 11:25:52.463,2024-07-09 11:26:06.780,2024-07-09 11:30:15.110,2024-07-09 11:31:39.560,2024-07-09 11:38:47.927,,BIBLIOTECA DO SENADO FEDERAL,,BRASILIA,DF,"Ministerio da Saude - Bloco G, Brasilia, Distrito Federal","Ministerio da Saude - Bloco G, Brasilia, Distrito Federal",-15.79775,-47.86342,-15.80024,-47.86838,-15.8003,-47.86822,,,,,2018,2018,,PBG-**53,,
TAXIGOV_DF_ENTIDADES,1358167,Fundação Oswaldo Cruz,315,INDIRETA,NEVS/FIOCRUZ-BSB,,CONCLUÍDA,Reunião,,7.79,7.276,28.82,2024-07-09 11:25:48.810,2024-07-09 12:50:21.420,2024-07-09 13:00:21.470,2024-07-09 13:00:30.427,2024-07-09 13:12:45.207,,HOSPITAL UNIVERSITARIO DE BRASILIA - EMERGENCIA,ASA NORTE,BRASILIA,DF,"Hospital Materno Infantil de Brasilia, Asa Sul, Brasilia, DF","Hospital Materno Infantil de Brasilia, Asa Sul, Brasilia, DF",-15.77171,-47.87302,-15.82353,-47.89727,-15.82343,-47.89758,,,,SIENA,2021,21,BRANCA,REO-**09,,
TAXIGOV_DF_3,1358163,Ministério da Saúde,304,DIRETA,CIMVAC,,CONCLUÍDA,Reunião,,3.39,3.204,13.15,2024-07-09 11:24:08.863,2024-07-09 11:26:29.923,2024-07-09 11:30:40.430,2024-07-09 11:30:47.500,2024-07-09 11:36:37.623,,ESPLANADA DOS MINISTERIOS,BRASILIA,BRASILIA,DF,"Organizacao Mundial da Saude, SEN, Asa Norte, Brasilia, DF","Organizacao Mundial da Saude, SEN, Asa Norte, Brasilia, DF",-15.802,-47.86917,-15.78274,-47.86835,-15.78295,-47.86845,,,,,,,,REL-**24,,
TAXIGOV_DF_3,1358153,Ministério da Saúde,304,DIRETA,ASPAR/GM/MS,,CONCLUÍDA,Reunião,,4.59,1.447,17.81,2024-07-09 11:20:37.173,2024-07-09 11:20:47.683,2024-07-09 11:24:15.210,2024-07-09 11:25:30.883,2024-07-09 11:32:17.463,,BIBLIOTECA DO SENADO FEDERAL,,BRASILIA,DF,"Ministerio da Saude - Bloco G, Brasilia, DF","Ministerio da Saude - Bloco G, Brasilia, DF",-15.79775,-47.86342,-15.80024,-47.86838,-15.80028,-47.86825,,,,,2022,2022,,RET-**80,,
TAXIGOV_DF_3,1358149,Ministério da Saúde,304,DIRETA,ASPAR/GM/MS,,CANCELADA,Reunião,,,,,2024-07-09 11:18:58.897,2024-07-09 11:19:15.830,,2024-07-09 11:19:15.830,2024-07-09 11:19:35.590,2024-07-09 11:19:35.590,BIBLIOTECA DO SENADO FEDERAL,,BRASILIA,DF,"Ministerio da Saude - Bloco G, Brasilia, DF",,-15.79775,-47.86342,-15.80024,-47.86838,,,,,,,2022,2022,,RET-**80,,
TAXIGOV_DF_ENTIDADES,1358145,Fundo Nacional de Desenvolvimento da Educação,253,INDIRETA,DIPOI/FNDE,,CONCLUÍDA,Reunião,,9.98,10.158,36.93,2024-07-09 11:16:15.433,2024-07-09 11:18:42.717,2024-07-09 11:25:37.683,2024-07-09 11:25:44.080,2024-07-09 11:40:00.273,,"SAAN QUADRA 1,",ASA SUL,BRASILIA,DF,"Fundo Nacional de Desenvolvimento da Educacao, Sbs, 12, Asa Sul, Brasilia, Distrito Federal","Fundo Nacional de Desenvolvimento da Educacao, Sbs, 12, Asa Sul, Brasilia, Distrito Federal",-15.76257,-47.93756,-15.80089,-47.88341,-15.80133,-47.88348,,,,COROLLA,2022,2023,PRETA,RET-**66,,
TAXIGOV_DF_ENTIDADES,1358142,Banco Central do Brasil,89,INDIRETA,DEMAP/INFRA,,CONCLUÍDA,Reunião,,5.82,4.838,21.77,2024-07-09 11:15:32.180,2024-07-09 11:19:20.020,2024-07-09 11:27:26.687,2024-07-09 11:28:19.317,2024-07-09 11:37:06.900,,"UNIBC - UNIVERSIDADE BANCO CENTRAL, SCES TRECHO 2",ASA SUL,BRASILIA,DF,"Banco Central do Brasil - Sede, Asa Sul, Brasilia, Distrito Federal","CLS 201, QD 3 BL A, ASA SUL, BRASILIA - DF, 70232-550, BRASIL",-15.81722,-47.86786,-15.80227,-47.88516,-15.80337,-47.88493,,,,PRISMA,2017,2017,BRANCA,PAQ-**53,,
TAXIGOV_DF_ENTIDADES,1358135,Fundação Universidade de Brasília,470,INDIRETA,SPI,,CONCLUÍDA,Reunião,,3.79,3.813,13.95,2024-07-09 11:11:20.343,2024-07-09 11:12:38.630,2024-07-09 11:25:22.713,2024-07-09 11:25:22.363,2024-07-09 11:32:09.100,,BL G,ASA NORTE,BRASILIA,DF,"APOSFUB - Associacao dos Aposentados da FUB, Unb, Brasilia, Distrito Federal","APOSFUB - Associacao dos Aposentados da FUB, Unb, Brasilia, Distrito Federal",-15.75798,-47.89041,-15.76649,-47.87246,-15.76635,-47.87202,,,,ONIX,2022,2023,PRATA,SGR-**88,,
TAXIGOV_DF_3,1358119,Presidência da República,26,DIRETA,DG/IN/CC/PR,,CONCLUÍDA,Reunião,,20.3,17.856,78.76,2024-07-09 11:02:39.123,2024-07-09 11:02:50.753,2024-07-09 11:08:37.037,2024-07-09 11:11:09.407,2024-07-09 11:31:37.680,,"ADE DE AGUAS CLARAS, ESPLANADA SERVIÇOS TERCEIRIZADOS",PA 23,BRASILIA,DF,"SIG IMPRENSA NACIONAL, - PA 31","SIG QUADRA 6, SUDOESTE/OCTOGONAL, CRUZEIRO - DF, 70610-460, BRASIL",-15.87582,-48.01526,-15.79845,-47.92963,-15.79301,-47.91424,,,,,2019,2020,,QWT-**02,,
TAXIGOV_DF_3,1358116,Ministério da Saúde,304,DIRETA,AECI,,CONCLUÍDA,Reunião,,4.47,3.591,17.34,2024-07-09 11:01:36.407,2024-07-09 11:01:48.153,2024-07-09 11:06:57.373,2024-07-09 11:08:20.213,2024-07-09 11:16:27.617,,EDIFÍCIO PO 700,ASA NORTE,BRASÍLIA,DF,CGU - CONTROLADORIA-GERAL DA UNIÃO - SAUS - MULTIBRASIL - ASA SUL - BRASÍLIA / DF,CGU - CONTROLADORIA-GERAL DA UNIÃO - SAUS - MULTIBRASIL - ASA SUL - BRASÍLIA / DF,-15.78364,-47.89034,-15.80367,-47.88256,-15.80373,-47.88235,,,,,2023,24,,SGU-**60,,
TAXIGOV_DF_ENTIDADES,1358111,Fundação Coordenação de Aperfeiçoamento de Pessoal de Nível Superior,250,INDIRETA,CAFI/CGPCA/DGES/CAPES,,CONCLUÍDA,Reunião,,2.22,2.31,8.19,2024-07-09 10:59:47.997,2024-07-09 11:00:02.923,2024-07-09 11:04:49.293,2024-07-09 11:05:06.990,2024-07-09 11:11:27.443,,EDIFICIO CAPES,ASA NORTE,BRASILIA,DF,"Edificio Brasilia Radio Center, Asa Norte, Brasilia, DF","Edificio Brasilia Radio Center, Asa Norte, Brasilia, DF",-15.78799,-47.87818,-15.78403,-47.88812,-15.78425,-47.88874,,,,YARIS,2023,2024,BRANCA,SGV-**13,,
TAXIGOV_DF_3,1358109,Ministério da Saúde,304,DIRETA,GAB/SESAI,,CONCLUÍDA,Reunião,,4.05,4.128,15.71,2024-07-09 10:57:59.930,2024-07-09 10:59:27.180,2024-07-09 11:06:46.190,2024-07-09 11:07:02.147,2024-07-09 11:15:35.073,,MINISTERIO DA SAUDE - BLOCO G,,BRASILIA,DF,"PO700 - Ministerio da Saude, SRTVN, 701, Asa Norte, Brasilia, Distrito Federal","PO700 - Ministerio da Saude, SRTVN, 701, Asa Norte, Brasilia, Distrito Federal",-15.80024,-47.86838,-15.78407,-47.89045,-15.78414,-47.89043,,,,,2020,2021,,REI-**48,,
TAXIGOV_DF_3,1358107,Ministério da Saúde,304,DIRETA,CAEQ,,CONCLUÍDA,Reunião,,7.68,4.83,29.8,2024-07-09 10:57:36.893,2024-07-09 10:57:42.160,2024-07-09 10:57:55.880,2024-07-09 10:58:16.813,2024-07-09 11:08:38.747,,"FIO CRUZ,",UNB,BRASILIA,DF,"ANEXO MINISTERIO DA SAÚDE, - PA 1","EM, ASA SUL, BRASILIA - DF, 70070-600, BRASIL",-15.77089,-47.87117,-15.80167,-47.86859,-15.80189,-47.87164,,,,,2021,2022,,RTG-**03,,
TAXIGOV_DF_3,1358106,Presidência da República,26,DIRETA,SECOI/SECOM/PR,,CANCELADA,Reunião,,,,,2024-07-09 10:57:27.777,2024-07-09 10:59:53.820,,2024-07-09 10:59:53.820,2024-07-09 10:59:56.443,2024-07-09 10:59:56.443,"PALACIO DO PLANALTO, PCA. DOS TRES PODERES",ZONA CIVICOADMINISTRATIVA,BRASILIA,DF,"Executive Office Tower, Asa Norte, Brasilia, Distrito Federal",,-15.79941,-47.86088,-15.78954,-47.88728,,,,,,,2023,2024,,SGV-**43,,
TAXIGOV_DF_3,1358101,Ministério da Saúde,304,DIRETA,CAEQ,,CANCELADA,Reunião,,,,,2024-07-09 10:56:34.877,2024-07-09 10:56:39.587,,2024-07-09 10:56:39.587,2024-07-09 10:57:06.290,2024-07-09 10:57:06.290,FUNDACAO OSWALDO CRUZ - DISTRITO FEDERAL,,BRASILIA,DF,"Anexo do Ministerio da Saude, Eixo Monumental, G, Brasilia, DF",,-15.77097,-47.87113,-15.80181,-47.86856,,,,,,,2022,2023,,SGR-**00,,
TAXIGOV_DF_3,1358094,Ministério da Saúde,304,DIRETA,ASPAR/GM/MS,,CONCLUÍDA,Reunião,,0.75,1.535,7.76,2024-07-09 10:54:58.993,2024-07-09 10:56:13.650,2024-07-09 10:59:22.607,2024-07-09 11:00:09.057,2024-07-09 11:03:26.293,,"ESPLANADA DOS MINISTERIOS, BL. G",BRASILIA,BRASILIA,DF,"Biblioteca do Senado Federal, Brasilia, DF","Biblioteca do Senado Federal, Brasilia, DF",-15.80055,-47.86855,-15.79775,-47.86342,-15.7972,-47.86392,,,,,2023,2023,,SGU-**46,,
TAXIGOV_DF_ENTIDADES,1358093,Agência Nacional do Cinema,57682,INDIRETA,ESCRITÓRIO SEDE BSB,,CONCLUÍDA,Reunião,,12.4,2.656,45.75,2024-07-09 10:54:57.200,2024-07-09 10:55:11.150,2024-07-09 11:00:07.630,2024-07-09 11:00:30.653,2024-07-09 11:03:20.163,,AEROPORTO INTERNACIONAL DE BRASILIA,,BRASILIA,DF,"Agencia Nacional de Telecomunicacoes (Anatel), SAUS Qd. 6, Bl. C, E, F e H, ASA SUL, BRASILIA, DF","Agencia Nacional de Telecomunicacoes (Anatel), SAUS Qd. 6, Bl. C, E, F e H, ASA SUL, BRASILIA, DF",-15.86974,-47.91723,-15.80553,-47.88278,-15.86179,-47.93512,5.0,,,SIENA,2017,2018,BRANCA,PBB-**38,,
TAXIGOV_DF_3,1358091,Ministério da Educação,244,DIRETA,GPIS/DAF/SETEC,,CONCLUÍDA,Reunião,,3.28,3.09,12.73,2024-07-09 10:54:08.577,2024-07-09 10:54:59.580,2024-07-09 10:57:34.760,2024-07-09 10:58:36.353,2024-07-09 11:03:56.957,,CENTRO DE EVENTOS E CONVENCOES BRASIL 21,ASA SUL,BRASILIA,DF,"Ministerio da Educacao (MEC), Esplanada dos Ministerios, Bl. L, ZONA CIVICOADMINISTRATIVA, BRASILIA, DF","Ministerio da Educacao (MEC), Esplanada dos Ministerios, Bl. L, ZONA CIVICOADMINISTRATIVA, BRASILIA, DF",-15.79267,-47.89454,-15.7949,-47.87322,-15.79542,-47.87293,,,,,2022,2022,,RET-**80,,
TAXIGOV_DF_3,1358082,Ministério da Saúde,304,DIRETA,DEPPROS,,CONCLUÍDA,Reunião,,5.47,4.272,21.22,2024-07-09 10:53:00.260,2024-07-09 10:53:30.010,2024-07-09 10:59:55.527,2024-07-09 10:59:59.620,2024-07-09 11:08:56.210,,ESPLANADA DOS MINISTERIOS,BRASILIA,BRASILIA,DF,"Fundacao Oswaldo Cruz - Distrito Federal, Brasilia, DF","Fundacao Oswaldo Cruz - Distrito Federal, Brasilia, DF",-15.802,-47.86917,-15.77097,-47.87113,-15.77156,-47.8709,,,,,2022,2023,,SGO-**98,,
TAXIGOV_DF_3,1358070,Ministério das Relações Exteriores,263,DIRETA,ABC/SPECE/MRE,,CONCLUÍDA,Reunião,,1.67,1.503,7.76,2024-07-09 10:48:51.507,2024-07-09 10:49:08.050,2024-07-09 10:52:56.807,2024-07-09 10:54:12.207,2024-07-09 10:57:56.793,,MINISTERIO DO DESENVOLVIMENTO SOCIAL E COMBATE A FOME - MDS,PA 2,BRASILIA,DF,"Agencia Brasileira de Cooperacao, Brasilia, DF","Agencia Brasileira de Cooperacao, Brasilia, DF",-15.79841,-47.8732,-15.80407,-47.86809,-15.80427,-47.86784,,,,,2022,2023,,SGO-**76,,
TAXIGOV_DF_ENTIDADES,1358067,Instituto Chico Mendes de Conservação da Biodiversidade,91842,INDIRETA,GABIN/ICMBIO,,CONCLUÍDA,Reunião,,8.87,9.063,31.49,2024-07-09 10:48:01.480,2024-07-09 10:48:12.120,2024-07-09 10:51:05.013,2024-07-09 10:51:32.380,2024-07-09 11:09:00.020,,MINISTERIO DA SAUDE - BLOCO G,,BRASILIA,DF,"Instituto Chico Mendes de Conservacao da Biodiversidade, Brasilia, DF","Instituto Chico Mendes de Conservacao da Biodiversidade, Brasilia, DF",-15.80024,-47.86838,-15.80329,-47.92629,-15.80318,-47.92627,,,,LOGAN,2022,2023,PRATA,SGO-**30,,
TAXIGOV_DF_3,1358056,Presidência da República,26,DIRETA,SECOI/SECOM/PR,,CONCLUÍDA,Reunião,,2.72,2.859,10.55,2024-07-09 10:45:22.377,2024-07-09 10:45:32.950,2024-07-09 10:48:56.623,2024-07-09 10:49:38.037,2024-07-09 10:55:25.117,,MINISTERIO DO DESENVOLVIMENTO REGIONAL - ED. CELSO FURTADO,ASA NORTE,BRASILIA,DF,"Agencia Terrua, Asa Norte, Brasilia, DF","Agencia Terrua, Asa Norte, Brasilia, DF",-15.77022,-47.89314,-15.79031,-47.88724,-15.79019,-47.88699,,,,,2019,2020,,REF-**82,,
TAXIGOV_DF_ENTIDADES,1358050,Fundação Oswaldo Cruz,315,INDIRETA,NEVS/FIOCRUZ-BSB,,CONCLUÍDA,Reunião,,23.12,21.589,85.54,2024-07-09 10:43:35.640,2024-07-09 12:50:25.243,2024-07-09 12:58:23.207,2024-07-09 13:04:58.557,2024-07-09 13:31:47.973,,HOSPITAL UNIVERSITARIO DE BRASILIA - EMERGENCIA,ASA NORTE,BRASILIA,DF,"UBS 1 - Sobradinho II, Brasilia, Distrito Federal","UBS 1 - Sobradinho II, Brasilia, Distrito Federal",-15.77171,-47.87302,-15.64388,-47.82431,-15.64463,-47.82429,,,,ETIOS,2019,2020,PRATA,REF-**82,,
TAXIGOV_DF_3,1358046,Ministério da Saúde,304,DIRETA,AECI,,CONCLUÍDA,Reunião,,4.66,4.089,18.08,2024-07-09 10:42:37.867,2024-07-09 10:42:47.257,2024-07-09 10:44:16.597,2024-07-09 10:47:47.013,2024-07-09 10:55:58.750,,"ESPLANADA DOS MINISTERIOS, BL. G",BRASILIA,BRASILIA,DF,SRTVN - ASA NORTE - BRASILIA,SRTVN - ASA NORTE - BRASILIA,-15.80055,-47.86855,-15.78456,-47.88949,-15.7843,-47.8905,,,,,2019,2020,,QUB-**43,,
TAXIGOV_DF_3,1358045,Ministério da Saúde,304,DIRETA,ASCOM/GM/MS,,CONCLUÍDA,Reunião,,1.53,1.932,7.76,2024-07-09 10:42:30.597,2024-07-09 10:42:43.390,2024-07-09 10:45:45.227,2024-07-09 10:46:10.397,2024-07-09 10:48:47.647,,PALACIO DO PLANALTO,,BRASILIA,DF,"Ministerio da Saude - Bloco G, Brasilia, Distrito Federal","Ministerio da Saude - Bloco G, Brasilia, Distrito Federal",-15.79905,-47.86077,-15.80024,-47.86838,-15.7994,-47.86873,,,,,2023,2023,,SGR-**55,,
TAXIGOV_DF_ENTIDADES,1358039,Fundação Cultural Palmares,1782,INDIRETA,CGI/FCP/FCP,,CONCLUÍDA,Reunião,,4.88,3.941,15.47,2024-07-09 10:41:33.363,2024-07-09 10:41:41.987,2024-07-09 10:43:44.030,2024-07-09 10:44:05.103,2024-07-09 10:53:21.737,,"SAUS Q. 2, LT. 1A, SUBSOLO",BRASILIA,BRASILIA,DF,"Fundacao Cultural Palmares - FCP, Asa Norte, Brasilia, DF","Fundacao Cultural Palmares - FCP, Asa Norte, Brasilia, DF",-15.80123,-47.87919,-15.78123,-47.88853,-15.78135,-47.88855,,,,KICKS,2023,2024,PRATA,SGV-**61,,
TAXIGOV_DF_3,1358037,Ministério da Saúde,304,DIRETA,DAPSI,,CONCLUÍDA,Reunião,,32.9,32.896,127.65,2024-07-09 10:41:07.897,2024-07-09 10:41:14.183,2024-07-09 10:42:05.107,2024-07-09 10:42:09.740,2024-07-09 11:20:27.540,,"CASAI,",PARANOA,BRASILIA,DF,"PO 700, - ASA NORTE","PO 700, - ASA NORTE",-15.743,-47.71359,-15.78332,-47.89032,-15.78408,-47.89053,,,,,2021,2022,,RMO-**95,,
TAXIGOV_DF_ENTIDADES,1358035,Fundação Universidade de Brasília,470,INDIRETA,SPI,,CONCLUÍDA,Reunião,,3.76,3.991,13.84,2024-07-09 10:40:43.217,2024-07-09 10:40:52.210,2024-07-09 10:47:00.937,2024-07-09 10:47:13.853,2024-07-09 10:55:38.703,,"APOSFUB - ASSOCIACAO DOS APOSENTADOS DA FUB, UNB",,BRASILIA,DF,"BL G, Asa Norte, Brasilia, Distrito Federal","BL G, Asa Norte, Brasilia, Distrito Federal",-15.76649,-47.87246,-15.75798,-47.89041,-15.7581,-47.89051,,,,CRONOS,2022,2022,PRATA,REU-**98,,
TAXIGOV_DF_3,1358029,Ministério da Saúde,304,DIRETA,CAEQ,,CONCLUÍDA,Reunião,,4.18,4.265,16.22,2024-07-09 10:38:40.877,2024-07-09 10:38:49.127,2024-07-09 10:44:33.113,2024-07-09 10:47:12.290,2024-07-09 10:54:04.070,,ESPLANADA DOS MINISTERIOS,ASA SUL,BRASILIA,DF,"Fundacao Oswaldo Cruz - Distrito Federal, Brasilia, DF","Fundacao Oswaldo Cruz - Distrito Federal, Brasilia, DF",-15.802,-47.86917,-15.77097,-47.87113,-15.7715,-47.87087,,,,,2021,2022,,RTG-**03,,
TAXIGOV_DF_ENTIDADES,1358019,Fundação Coordenação de Aperfeiçoamento de Pessoal de Nível Superior,250,INDIRETA,DEB/CAPES,,CONCLUÍDA,Reunião,,1.73,1.787,7.38,2024-07-09 10:35:51.347,2024-07-09 10:36:01.363,2024-07-09 10:39:23.343,2024-07-09 10:40:10.000,2024-07-09 10:43:38.987,,"ESPLANADA DOS MINISTERIOS, BL. L",ASA NORTE,BRASILIA,DF,"Edificio Capes, Asa Norte, Brasilia, DF","Edificio Capes, Asa Norte, Brasilia, DF",-15.7949,-47.87322,-15.78799,-47.87818,-15.78792,-47.87843,,,,COROLLA,2020,2021,BRANCA,REH-**48,,
TAXIGOV_DF_3,1358016,Ministério da Justiça e Segurança Pública,235881,DIRETA,SAA/SE/MJSP,,CONCLUÍDA,Reunião,,6.79,6.333,26.35,2024-07-09 10:34:29.173,2024-07-09 10:34:35.577,2024-07-09 10:34:43.620,2024-07-09 10:41:32.563,2024-07-09 10:50:19.670,,"SGON, SECRETARIA DE SEGURANÇA PUBLICA",PA 19,BRASILIA,DF,"MINISTERIO DA JUSTIÇA BL T, - PA 1","MINISTERIO DA JUSTIÇA BL T, - PA 1",-15.78177,-47.91183,-15.79649,-47.86658,-15.79678,-47.86593,,,,,2023,2023,,SGU-**46,,
TAXIGOV_DF_3,1358007,Ministério da Defesa,41066,DIRETA,SEORI/MD,,CONCLUÍDA,Reunião,,15.35,15.011,59.56,2024-07-09 10:31:46.077,2024-07-09 10:33:52.373,2024-07-09 10:42:23.703,2024-07-09 10:42:32.463,2024-07-09 11:01:08.097,,"PARKSHOPPING CORPORATE, PARKSHOPPING",ZONA INDUSTRIAL GUARA,BRASILIA,DF,"Ministerio da Defesa, Eixo Monumental, Brasilia, Distrito Federal","Ministerio da Defesa, Eixo Monumental, Brasilia, Distrito Federal",-15.83239,-47.95824,-15.79605,-47.86885,-15.79635,-47.86877,,,,,2022,23,,REV-**13,,
TAXIGOV_DF_3,1358003,Presidência da República,26,DIRETA,DG/IN/CC/PR,,CONCLUÍDA,Reunião,,17.57,17.666,68.17,2024-07-09 10:31:20.327,2024-07-09 10:31:30.933,2024-07-09 10:35:25.337,2024-07-09 10:40:09.983,2024-07-09 11:02:14.277,,ESTRADA PARQUE INDUSTRIAS GRAFICAS,ZONA INDUSTRIAL,BRASILIA,DF,"Esplanada Servicos Terceirizados, Ade Aguas Claras, Brasilia, DF","Esplanada Servicos Terceirizados, Ade Aguas Claras, Brasilia, DF",-15.79243,-47.9136,-15.87513,-48.01287,-15.87529,-48.01317,,,,,2019,2020,,QWT-**02,,
TAXIGOV_DF_3,1357999,Ministério da Justiça e Segurança Pública,235881,DIRETA,DIROP/PRF,704,CONCLUÍDA,Reunião,,2.98,,11.56,2024-07-09 10:30:43.903,2024-07-09 10:31:11.833,2024-07-09 10:36:49.573,2024-07-09 10:37:12.980,2024-07-09 10:46:29.683,,SOFS QD. 9,GUARA,BRASILIA,DF,"Policia Rodoviaria Federal - Sede, Brasilia, DF","Policia Rodoviaria Federal - Sede, Brasilia, DF",-15.82312,-47.95795,-15.81446,-47.94706,,,5.0,,,,2018,2018,,PBF-**58,,
TAXIGOV_DF_ENTIDADES,1357998,Fundo Nacional de Desenvolvimento da Educação,253,INDIRETA,COOPC/FNDE,,CONCLUÍDA,Reunião,,8.82,9.617,32.63,2024-07-09 10:30:18.213,2024-07-09 10:30:25.377,2024-07-09 10:30:35.767,2024-07-09 10:40:02.743,2024-07-09 10:55:28.977,,"SAAN QD 1 MEC FNDE DEPOSITO ARQUIVO,",SAAN,BRASILIA,DF,"SBS FNDE, - ASA SUL","SBS FNDE, - ASA SUL",-15.76717,-47.9393,-15.80091,-47.88345,-15.80136,-47.88352,,,,SIENA,2019,2020,PRATA,PBQ-**36,,
TAXIGOV_DF_ENTIDADES,1357981,Banco Central do Brasil,89,INDIRETA,DEMAP/DIATE,,CONCLUÍDA,Transporte de documentos / materiais,,3.77,3.897,14.1,2024-07-09 10:22:24.607,2024-07-09 10:22:35.400,2024-07-09 10:23:52.693,2024-07-09 10:27:16.267,2024-07-09 10:35:53.973,,MINISTÉRIO DA SAÚDE - BLOCO G,,BRASÍLIA,DF,0 - SET MEDICO HOSP - BRASÍLIA / DF,0 - SET MEDICO HOSP - BRASÍLIA / DF,-15.80024,-47.86838,-15.80322,-47.88516,-15.80336,-47.88496,,,,COROLLA,2021,2022,PRETA,REQ-**45,,
TAXIGOV_DF_ENTIDADES,1357977,Fundação Universidade de Brasília,470,INDIRETA,USG,16205,CONCLUÍDA,Transporte de documentos / materiais,,5.33,5.048,20.47,2024-07-09 10:20:09.807,2024-07-09 10:20:16.787,2024-07-09 10:34:49.850,2024-07-09 10:34:49.850,2024-07-09 10:35:27.010,,"HOSPITAL DE BASE,",PA 4,BRASILIA,DF,"HOSPITAL HUB, - PA 15","EQN 405/404, ASA NORTE, BRASILIA - DF, BRASIL",-15.80015,-47.88879,-15.77154,-47.87384,-15.77277,-47.87556,,,,VIRTUS,2023,2023,PRETA,SGT-**83,,
TAXIGOV_DF_3,1357972,Ministério da Saúde,304,DIRETA,GAB/SESAI,,CONCLUÍDA,Reunião,,4.03,4.185,15.64,2024-07-09 10:19:22.430,2024-07-09 10:19:33.007,2024-07-09 10:25:01.293,2024-07-09 10:27:15.240,2024-07-09 10:36:15.243,,"PO700 - MINISTERIO DA SAUDE, SRTVN, 701",ASA NORTE,BRASILIA,DF,"Ministerio da Saude - Bloco G, Brasilia, Distrito Federal","Ministerio da Saude - Bloco G, Brasilia, Distrito Federal",-15.78407,-47.89045,-15.80024,-47.86838,-15.79998,-47.86814,,,,,2022,2023,,SGQ-**06,,
TAXIGOV_DF_ENTIDADES,1357968,Fundação Oswaldo Cruz,315,INDIRETA,NEVS/FIOCRUZ-BSB,,CONCLUÍDA,Reunião,,23.03,23.384,85.21,2024-07-09 10:18:39.873,2024-07-09 10:20:03.550,2024-07-09 10:24:37.970,2024-07-09 10:25:04.920,2024-07-09 10:52:27.833,,Q 12,SOBRADINHO,BRASILIA,DF,"Hospital Universitario de Brasilia - Emergencia, Asa Norte, Brasilia, DF","Hospital Universitario de Brasilia - Emergencia, Asa Norte, Brasilia, DF",-15.64827,-47.79261,-15.77171,-47.87302,-15.77211,-47.87297,,,,VERSA,2019,2019,BRANCA,PBU-**52,,
TAXIGOV_DF_3,1357967,Ministério da Saúde,304,DIRETA,CGLAB/DAEVS/SVS/MS,,CONCLUÍDA,Reunião,,4.05,4.135,15.71,2024-07-09 10:18:39.050,2024-07-09 10:18:48.163,2024-07-09 10:28:36.830,2024-07-09 10:43:28.193,2024-07-09 10:47:54.680,,VIA N DOIS OESTE,ASA NORTE,BRASILIA,DF,"ESPLANADA DOS MINISTERIOS, BL. G - ASA SUL - BRASILIA","ESPLANADA DOS MINISTERIOS, BL. G - ASA SUL - BRASILIA",-15.78708,-47.89137,-15.80055,-47.86855,-15.80019,-47.86823,,,,,,,,SGR-**11,,
TAXIGOV_DF_ENTIDADES,1357966,Empresa Brasileira de Serviços Hospitalares,117267,INDIRETA,DAS/EBSERH,,CONCLUÍDA,Reunião,,3.33,3.355,11.62,2024-07-09 10:18:34.310,2024-07-09 10:19:13.440,2024-07-09 10:21:22.657,2024-07-09 10:21:58.560,2024-07-09 10:28:15.277,,MINISTERIO DA EDUCACAO,PA 2,BRASILIA,DF,"Empresa Brasileira de Servicos Hospitalares (Ebserh), Ed. Parque Cidade Corporate, Brasilia, Brasilia, DF","Empresa Brasileira de Servicos Hospitalares (Ebserh), Ed. Parque Cidade Corporate, Brasilia, Brasilia, DF",-15.79501,-47.87305,-15.79545,-47.8938,-15.7951,-47.89376,,,,ONIX,2023,2024,PRATA,SGW-**05,,
TAXIGOV_DF_3,1357964,Ministério do Meio Ambiente,1927,DIRETA,ASPAR/GM/MMA,,CONCLUÍDA,Reunião,,1.19,1.354,7.76,2024-07-09 10:18:17.650,2024-07-09 10:18:32.073,2024-07-09 10:19:47.487,2024-07-09 10:22:55.097,2024-07-09 10:27:10.887,,"MINISTERIO DO MEIO AMBIENTE, ESPLANADA DOS MINISTERIOS, BL. B",ZONA CIVICOADMINISTRATIVA,BRASILIA,DF,"Estacionamento do Anexo II Camara dos Deputados, Via S2, Brasilia, Distrito Federal","Estacionamento do Anexo II Camara dos Deputados, Via S2, Brasilia, Distrito Federal",-15.79957,-47.8729,-15.80242,-47.8655,-15.8016,-47.8649,,,,,2022,2023,,SGO-**30,,
TAXIGOV_DF_3,1357958,Ministério da Justiça e Segurança Pública,235881,DIRETA,SAA/SE/MJSP,,CONCLUÍDA,Reunião,,8.87,6.911,34.42,2024-07-09 10:16:56.373,2024-07-09 10:17:03.800,2024-07-09 10:17:14.710,2024-07-09 10:18:22.403,2024-07-09 10:33:53.113,,"UNB, REITORIA",PA 15,BRASILIA,DF,"SGON SECRETARIA DE SUGURANCA PUBLICA, - SGON","SGON SECRETARIA DE SUGURANCA PUBLICA, - SGON",-15.76654,-47.87337,-15.78077,-47.90869,-15.7811,-47.9084,,,,,2023,2023,,SGU-**46,,
TAXIGOV_DF_3,1357929,Ministério da Justiça e Segurança Pública,235881,DIRETA,SAA/SE/MJSP,,CONCLUÍDA,Reunião,,13.05,13.675,50.63,2024-07-09 10:08:11.297,2024-07-09 10:09:54.763,2024-07-09 10:16:45.380,2024-07-09 10:17:29.780,2024-07-09 10:36:37.340,,ANEXO II - MINISTERIO DA JUSTICA,,BRASILIA,DF,"CICCN - Centro Integrado de Comando e Controle Nacional, Brasilia, DF","CICCN - Centro Integrado de Comando e Controle Nacional, Brasilia, DF",-15.796570000000001,-47.866,-15.81449,-47.94658,-15.8151,-47.94664,,,,,2023,2023,,SGT-**86,,
TAXIGOV_DF_3,1357920,Presidência da República,26,DIRETA,DITEC/SA/CC/PR,,CONCLUÍDA,Reunião,,4.2,4.569,16.3,2024-07-09 10:05:59.837,2024-07-09 10:06:11.573,2024-07-09 10:14:50.483,2024-07-09 10:14:58.877,2024-07-09 10:21:49.810,,PCA. DOS TRES PODERES,ASA NORTE,BRASILIA,DF,"Palacio da Alvorada, Via Palacio Presidencial, Brasilia, DF","SPP, ASA NORTE, BRASILIA - DF, 70150-000, BRASIL",-15.79941,-47.86088,-15.79262,-47.82213,-15.79365,-47.82609,,,,,2023,2023,,SGS-**24,,
TAXIGOV_DF_ENTIDADES,1357919,Fundo Nacional de Desenvolvimento da Educação,253,INDIRETA,COOPC/FNDE,,CONCLUÍDA,Reunião,,9.75,9.834,36.08,2024-07-09 10:05:43.863,2024-07-09 10:05:55.903,2024-07-09 10:09:11.620,2024-07-09 10:10:00.627,2024-07-09 10:28:22.923,,"SBS, 12",ASA SUL,BRASILIA,DF,"SAAN Quadra 1, Brasilia, DF","SAAN QUADRA 1 BLOCO B, 220, BRASILIA - DF, 70632-100, BRASIL",-15.80089,-47.88341,-15.76328,-47.93746,-15.76746,-47.93911,,,,SIENA,2019,2020,PRATA,PBQ-**36,,
TAXIGOV_DF_ENTIDADES,1357912,Agência Nacional de Saúde Suplementar,45013,INDIRETA,NUCLEO/DF/ANS,,CONCLUÍDA,Reunião,,1.58,1.619,7.4,2024-07-09 10:03:55.630,2024-07-09 10:04:05.960,2024-07-09 10:05:43.867,2024-07-09 10:06:15.893,2024-07-09 10:10:38.643,,EDIFICIO TERRA BRASILIS,ASA SUL,BRASILIA,DF,"Estacionamento do Anexo II Camara dos Deputados, Via S2, Brasilia, DF","Estacionamento do Anexo II Camara dos Deputados, Via S2, Brasilia, DF",-15.79876,-47.87845,-15.80242,-47.8655,-15.80156,-47.86487,,,,SENTRA,2023,2024,PRETA,SSG-**11,,
TAXIGOV_DF_ENTIDADES,1357909,Instituto Nacional de Estudos e Pesquisas Educacionais Anísio Teixeira,249,INDIRETA,CRL/INEP,,CONCLUÍDA,Outros,,7.46,7.27,27.53,2024-07-09 10:03:35.607,2024-07-09 14:15:11.477,2024-07-09 14:24:11.427,2024-07-09 14:35:06.287,2024-07-09 14:46:51.370,,INSTITUTO NACIONAL DE ESTUDOS E PESQUISAS EDUCACIONAIS,,BRASÍLIA,DF,ARQUIVO DO INEP - BRASÍLIA / DF,ARQUIVO DO INEP - BRASÍLIA / DF,-15.788,-47.91424,-15.80304,-47.96233,-15.80319,-47.96233,,,,YARIS,2023,2024,PRATA,SGX-**80,,
TAXIGOV_DF_ENTIDADES,1357906,Fundação Universidade de Brasília,470,INDIRETA,USU,16205,CONCLUÍDA,Reunião,,3.24,3.872,12.44,2024-07-09 10:03:04.100,2024-07-09 10:03:13.280,2024-07-09 10:08:01.413,2024-07-09 10:08:35.683,2024-07-09 10:16:09.113,,KALUNGA,ASA NORTE,BRASILIA,DF,"HUB Hospital Universitario de Brasilia - Pediatria, Asa Norte, Brasilia, Distrito Federal","HUB Hospital Universitario de Brasilia - Pediatria, Asa Norte, Brasilia, Distrito Federal",-15.78864,-47.88313,-15.77182,-47.87393,-15.77176,-47.87301,,,,COROLLA CROSS,2023,2024,PRATA,SGS-**04,,
TAXIGOV_DF_ENTIDADES,1357903,Instituto Nacional de Estudos e Pesquisas Educacionais Anísio Teixeira,249,INDIRETA,CRL/INEP,,CONCLUÍDA,Outros,,7.8,7.262,28.78,2024-07-09 10:02:00.690,2024-07-09 10:13:55.437,2024-07-09 10:19:01.607,2024-07-09 10:19:39.963,2024-07-09 10:29:13.673,,INSTITUTO NACIONAL DE ESTUDOS E PESQUISAS EDUCACIONAIS,,BRASÍLIA,DF,ARQUIVO DO INEP - BRASÍLIA / DF,ARQUIVO DO INEP - BRASÍLIA / DF,-15.788,-47.91424,-15.80304,-47.96233,-15.80342,-47.96236,,,,TOYOTA COROLLA,2022,23, PRETA,REV-**13,,
TAXIGOV_DF_3,1357900,Ministério da Justiça e Segurança Pública,235881,DIRETA,AFEPAR/MJSP,,CONCLUÍDA,Reunião,,1.69,1.463,7.76,2024-07-09 10:01:38.497,2024-07-09 10:04:01.813,2024-07-09 10:08:41.403,2024-07-09 10:09:50.457,2024-07-09 10:13:35.057,,"MINISTERIO DA JUSTICA, BL. T",BRASILIA,BRASILIA,DF,"Biblioteca do Senado Federal, Brasilia, DF","Biblioteca do Senado Federal, Brasilia, DF",-15.79757,-47.86594,-15.79775,-47.86342,-15.79747,-47.86356,,,,,2022,2023,,SGO-**30,,
TAXIGOV_DF_ENTIDADES,1357896,Fundação Universidade de Brasília,470,INDIRETA,USG,16205,CONCLUÍDA,Transporte de documentos / materiais,,5.36,5.537,20.58,2024-07-09 10:00:21.557,2024-07-09 10:00:55.703,2024-07-09 10:05:20.313,2024-07-09 10:06:01.020,2024-07-09 10:15:59.403,,HOSPITAL UNIVERSITÁRIO DE BRASÍLIA,ASA NORTE,BRASÍLIA,DF,HOSPITAL DE BASE DO DISTRITO FEDERAL - ASA SUL - BRASÍLIA / DF,"SMHS BLOCO D, BLOCO D, ASA SUL, BRASILIA - DF, 70322-000, BRASIL",-15.77091,-47.87361,-15.80024,-47.88879,-15.80059,-47.88991,,,,VIRTUS,2023,2023,PRETA,SGT-**83,,
TAXIGOV_DF_3,1357895,Ministério da Justiça e Segurança Pública,235881,DIRETA,SAA/SE/MJSP,,CONCLUÍDA,Reunião,,5.35,5.598,20.76,2024-07-09 10:00:15.680,2024-07-09 10:00:26.910,2024-07-09 10:04:12.980,2024-07-09 10:05:24.287,2024-07-09 10:14:30.493,,ANEXO II - MINISTERIO DA JUSTICA,,BRASILIA,DF,"Reitoria, Brasilia, DF","Reitoria, Brasilia, DF",-15.796570000000001,-47.866,-15.76295,-47.86695,-15.76328,-47.86658,,,,,2023,2023,,SGU-**46,,
TAXIGOV_DF_3,1357885,Ministério da Saúde,304,DIRETA,CGURG/DAHU/SAES/MS,,CONCLUÍDA,Reunião,,4.19,4.032,16.26,2024-07-09 09:57:01.660,2024-07-09 09:58:01.357,2024-07-09 10:00:49.430,2024-07-09 10:01:43.753,2024-07-09 10:10:14.787,,"ESPLANADA DOS MINISTERIOS, BL. G",ASA SUL,BRASILIA,DF,"PO 700, SRTVN, Asa Norte, Brasilia, DF","SRTVN 701 BLOCO C, BLOCO D, ASA NORTE, BRASILIA - DF, 70719-903, BRASIL",-15.80055,-47.86855,-15.78456,-47.88949,-15.78379,-47.8904,,,,,2023,2023,,SGT-**97,,
TAXIGOV_DF_ENTIDADES,1357882,Instituto Chico Mendes de Conservação da Biodiversidade,91842,INDIRETA,GABIN/ICMBIO,,CONCLUÍDA,Reunião,,7.91,8.143,28.08,2024-07-09 09:56:20.427,2024-07-09 09:57:05.017,2024-07-09 10:03:19.197,2024-07-09 10:05:15.473,2024-07-09 10:19:25.220,,EQSW 103/104,CRUZEIRO,BRASILIA,DF,"Anexo I do Ministerio das Relacoes Exteriores, Esplanada dos Ministerios, Bloco H, Asa Sul, Brasilia, DF","Anexo I do Ministerio das Relacoes Exteriores, Esplanada dos Ministerios, Bloco H, Asa Sul, Brasilia, DF",-15.80427,-47.92573,-15.80129,-47.8677,-15.80061,-47.86837,,,,SIENA,2021,2021,BRANCA,RDJ-**50,,
TAXIGOV_DF_ENTIDADES,1357881,Banco Central do Brasil,89,INDIRETA,DEMAP/INFRA,,CONCLUÍDA,Reunião,,4.09,4.504,15.3,2024-07-09 09:56:11.017,2024-07-09 09:56:23.430,2024-07-09 10:04:50.220,2024-07-09 10:06:16.627,2024-07-09 10:13:52.460,,BANCO CENTRAL DO BRASIL - SEDE,ASA SUL,BRASILIA,DF,"UniBC - Universidade Banco Central, SCES Trecho 2, Brasilia, Distrito Federal","UniBC - Universidade Banco Central, SCES Trecho 2, Brasilia, Distrito Federal",-15.80227,-47.88516,-15.81722,-47.86786,-15.81738,-47.86803,,,,SIENA,2018,2018,ATTRACTV-BRANCA,PBP-**75,,
TAXIGOV_DF_3,1357864,Presidência da República,26,DIRETA,DITEC/SA/CC/PR,,CONCLUÍDA,Reunião,,0.59,0.677,7.76,2024-07-09 09:53:04.223,2024-07-09 09:53:43.930,2024-07-09 09:58:54.830,2024-07-09 10:03:27.373,2024-07-09 10:04:21.460,,PCA. DOS TRES PODERES,ASA NORTE,BRASILIA,DF,"Palacio da Alvorada, Via Palacio Presidencial, Brasilia, DF","VIA N. UM LESTE, EIXO MONUMENTAL, BRASILIA - DF, BRASIL",-15.79941,-47.86088,-15.79262,-47.82213,-15.79766,-47.86694,,,,,2018,2018,,PBE-**25,,
TAXIGOV_DF_3,1357863,Ministério da Saúde,304,DIRETA,CGURG/DAHU/SAES/MS,,CANCELADA,Reunião,,,,,2024-07-09 09:52:51.150,2024-07-09 09:56:30.900,,2024-07-09 09:56:30.900,2024-07-09 09:56:44.460,2024-07-09 09:56:44.460,"ESPLANADA DOS MINISTERIOS, BL. G",ASA SUL,BRASILIA,DF,"PO700 - Ministerio da Saude, SRTVN, 701, Asa Norte, Brasilia, DF",,-15.80055,-47.86855,-15.78407,-47.89045,,,,,,,2023,2023,,SGT-**97,,
TAXIGOV_DF_ENTIDADES,1357860,Banco Central do Brasil,89,INDIRETA,DEMAP/DIATE,,CONCLUÍDA,Transporte de documentos / materiais,,3.03,2.941,11.33,2024-07-09 09:52:31.197,2024-07-09 09:54:19.217,2024-07-09 10:03:07.840,2024-07-09 10:03:16.293,2024-07-09 10:10:42.740,,0,SET MEDICO HOSP,BRASÍLIA,DF,PALÁCIO DO ITAMARATY - BRASÍLIA / DF,PALÁCIO DO ITAMARATY - BRASÍLIA / DF,-15.80322,-47.88516,-15.80068,-47.8673,-15.80082,-47.86834,,,,CIVIC,2021,2021,PRETA,RES-**02,,
TAXIGOV_DF_3,1357852,Presidência da República,26,DIRETA,DCEV/GSI/PR,,CONCLUÍDA,Reunião,,10.97,11.282,42.56,2024-07-09 09:50:15.853,2024-07-09 09:50:26.367,2024-07-09 09:54:50.420,2024-07-09 09:56:40.877,2024-07-09 10:11:41.487,,SQS 414 BL. C,BRASILIA,BRASILIA,DF,"Sala de Autoridades, Base Aerea de Brasilia, Lago Sul, Brasilia, DF","Sala de Autoridades, Base Aerea de Brasilia, Lago Sul, Brasilia, DF",-15.83324,-47.91549,-15.86698,-47.90518,-15.86717,-47.90532,,,,,,,,REU-**33,,
TAXIGOV_DF_ENTIDADES,1357848,Agência Nacional de Transportes Aquaviários,54843,INDIRETA,ARI,,CONCLUÍDA,Transporte de documentos / materiais,,8.6,8.903,31.82,2024-07-09 09:49:43.793,2024-07-09 09:50:00.933,2024-07-09 09:59:41.040,2024-07-09 10:00:56.313,2024-07-09 10:14:59.060,,MINISTERIO DA SAUDE - BLOCO G,,BRASILIA,DF,"Agencia Nacional de Transportes Aquaviarios, Asa Norte, Brasilia, DF","Agencia Nacional de Transportes Aquaviarios, Asa Norte, Brasilia, DF",-15.80024,-47.86838,-15.74526,-47.89653,-15.74503,-47.89635,,,,SIENA,2018,2019,PRATA,PBO-**89,,
TAXIGOV_DF_ENTIDADES,1357834,Banco Central do Brasil,89,INDIRETA,DESEG/BACEN,,CONCLUÍDA,Reunião,,5.06,5.321,18.92,2024-07-09 09:46:46.477,2024-07-09 09:46:54.033,2024-07-09 09:47:02.430,2024-07-09 09:53:27.637,2024-07-09 10:04:23.253,,"SIG QD 8 ARQUIVO DO BANCO CENTRAL,",SIG,BRASILIA,DF,"BANCO CENTRAL, - PA 3","CLS 201, QD 3 BL A, ASA SUL, BRASILIA - DF, 70232-550, BRASIL",-15.79602,-47.91354,-15.80147,-47.88527,-15.80336,-47.88494,,,,SIENA,2019,2020,PRATA,PBQ-**36,,
TAXIGOV_DF_3,1357820,Ministério da Educação,244,DIRETA,SAA/SEXEC/MEC,,CONCLUÍDA,Reunião,,3.43,4.002,13.31,2024-07-09 09:42:02.880,2024-07-09 09:44:41.950,2024-07-09 09:47:12.400,2024-07-09 09:47:28.667,2024-07-09 09:55:43.160,,MINISTERIO DA EDUCACAO - ANEXO I,PA 2,BRASILIA,DF,"MEC Cetremec, Sgas, Asa Sul, Brasilia, DF","MEC Cetremec, Sgas, Asa Sul, Brasilia, DF",-15.79362,-47.87239,-15.81501,-47.88775,-15.81548,-47.88751,,,,,2023,2023,,SGV-**21,,
TAXIGOV_DF_3,1357809,Ministério da Saúde,304,DIRETA,ASCOM/GM/MS,,CONCLUÍDA,Reunião,,0.8,0.878,7.76,2024-07-09 09:39:14.633,2024-07-09 09:40:55.477,2024-07-09 09:42:31.950,2024-07-09 09:43:08.497,2024-07-09 09:44:49.330,,MINISTERIO DA SAUDE - BLOCO G,,BRASILIA,DF,"Palacio do Planalto, Brasilia, Distrito Federal","PRACA DOS TRES PODERES, EIXO MONUMENTAL, BRASILIA - DF, 70100-000, BRASIL",-15.80024,-47.86838,-15.79905,-47.86077,-15.80001,-47.86176,,,,,2023,2023,,SGU-**46,,
TAXIGOV_DF_ENTIDADES,1357796,Fundação Instituto Brasileiro de Geografia e Estatística,3,INDIRETA,UE/DF/GPS/IBGE,,CONCLUÍDA,Reunião,,2.49,2.499,9.26,2024-07-09 09:35:19.250,2024-07-09 09:38:26.870,2024-07-09 09:43:04.660,2024-07-09 09:43:33.107,2024-07-09 09:49:50.477,,INSTITUTO BRASILEIRO DE GEOGRAFIA E ESTATISTICA - DISTRITO FEDERAL,ASA SUL,BRASILIA,DF,"Estacionamento do Anexo II Camara dos Deputados, Via S2, Brasilia, DF","Estacionamento do Anexo II Camara dos Deputados, Via S2, Brasilia, DF",-15.80023,-47.88236,-15.80242,-47.8655,-15.80167,-47.86492,,,,SIENA,2018,2019,PRATA,PBO-**89,,
TAXIGOV_DF_3,1357795,Ministério da Educação,244,DIRETA,SAA/SEXEC/MEC,,CONCLUÍDA,Outros,,3.44,3.875,13.35,2024-07-09 09:35:16.833,2024-07-09 09:38:34.360,2024-07-09 09:42:38.483,2024-07-09 09:42:46.987,2024-07-09 09:49:19.937,,5,,BRASÍLIA,DF,2358 - ASA SUL - BRASÍLIA / DF,2358 - ASA SUL - BRASÍLIA / DF,-15.79311,-47.87197,-15.81467,-47.88815,-15.81538,-47.88745,,,,,2018,2018,,PBM-**57,,
TAXIGOV_DF_3,1357783,Ministério do Meio Ambiente,1927,DIRETA,GM/MMA,,CONCLUÍDA,Reunião,,4.51,4.275,17.5,2024-07-09 09:32:21.940,2024-07-09 09:32:33.050,2024-07-09 09:33:34.533,2024-07-09 09:39:53.407,2024-07-09 09:47:26.470,,"MINISTERIO DO MEIO AMBIENTE, EIXO MONUMENTAL",,BRASILIA,DF,"CDS -Centro de Desenvolvimento Sustentavel, Campus Darcy Ribeiro, UnB, Asa Norte, Brasilia, Distrito Federal","CAMPUS DARCY RIBEIRO UNB, ASA NORTE, BRASILIA - DF, 70910-900, BRASIL",-15.79859,-47.87243,-15.76856,-47.86943,-15.76756,-47.87055,,,,,2022,2022,,REU-**98,,
TAXIGOV_DF_3,1357782,Presidência da República,26,DIRETA,SECOI/SECOM/PR,,CONCLUÍDA,Reunião,,5.86,6.232,22.74,2024-07-09 09:32:13.990,2024-07-09 09:33:51.260,2024-07-09 09:46:59.800,2024-07-09 09:47:32.483,2024-07-09 09:58:28.367,,EM,BRASILIA,BRASILIA,DF,"Ministerio do Desenvolvimento Regional - Ed. Celso Furtado, Asa Norte, Brasilia, DF","Ministerio do Desenvolvimento Regional - Ed. Celso Furtado, Asa Norte, Brasilia, DF",-15.79854,-47.86095,-15.77022,-47.89314,-15.77028,-47.89293,,,,,2022,23,,RET-**85,,
TAXIGOV_DF_3,1357781,Presidência da República,26,DIRETA,DITEC/SA/CC/PR,,CONCLUÍDA,Serviço externo / técnico,,5.95,4.612,23.09,2024-07-09 09:31:55.520,2024-07-09 09:32:05.640,2024-07-09 09:36:20.423,2024-07-09 09:47:12.373,2024-07-09 09:54:25.733,,"CENTRO DE CAPACITACAO E DESENVOLVIMENTO DA PRESIDENCIA DA REPUBLICA (CECAD-PR), PRACA DOS TRES PODERES",ZONA CIVICO-ADMINISTRATIVA,BRASILIA,DF,"Palacio da Alvorada, Via Palacio Presidencial, Brasilia, Distrito Federal","ESTRADA PARQUE DO GUARA, ASA NORTE, BRASILIA - DF, BRASIL",-15.79683,-47.85799,-15.79262,-47.82213,-15.79373,-47.82679,,,,,2023,2023,,SGR-**55,,
TAXIGOV_DF_ENTIDADES,1357775,Fundo Nacional de Desenvolvimento da Educação,253,INDIRETA,COGID/FNDE,,CONCLUÍDA,Reunião,,9.61,9.831,35.56,2024-07-09 09:31:22.890,2024-07-09 09:35:41.017,2024-07-09 09:43:53.130,2024-07-09 09:44:22.623,2024-07-09 10:03:26.540,,"FNDE - FUNDO NACIONAL DE DESENVOLVIMENTO DA EDUCACAO, SBS QD. 2, BL. F",ASA SUL,BRASILIA,DF,"Mec - Fnde Deposito / Arquivo, SAAN Quadra 1, Brasilia, Distrito Federal","Mec - Fnde Deposito / Arquivo, SAAN Quadra 1, Brasilia, Distrito Federal",-15.80104,-47.88336,-15.7674,-47.93933,-15.7675,-47.93917,,,,VIRTUS,2020,2021,BRANCA,REI-**48,,
TAXIGOV_DF_ENTIDADES,1357773,Fundo Nacional de Desenvolvimento da Educação,253,INDIRETA,DIPOI/FNDE,,CONCLUÍDA,Reunião,,9.19,9.831,34.0,2024-07-09 09:31:20.740,2024-07-09 09:34:27.803,2024-07-09 09:41:37.787,2024-07-09 09:42:29.237,2024-07-09 10:03:48.897,,"FUNDO NACIONAL DE DESENVOLVIMENTO DA EDUCACAO, SBS, 12",ASA SUL,BRASILIA,DF,"SAAN Quadra 1, Brasilia, Distrito Federal","SAAN QUADRA 1 BLOCO B, 220, BRASILIA - DF, 70632-100, BRASIL",-15.80089,-47.88341,-15.76257,-47.93756,-15.76742,-47.93921,,,,VIRTUS,2019,2019,PRETA,PBR-**68,,
TAXIGOV_DF_3,1357768,Presidência da República,26,DIRETA,DCEV/GSI/PR,,CONCLUÍDA,Reunião,,16.09,16.612,62.43,2024-07-09 09:30:17.743,2024-07-09 09:30:59.210,2024-07-09 09:43:48.280,2024-07-09 09:44:49.577,2024-07-09 10:07:18.230,,QE 1,GUARA,GUARA,DF,"Base Aerea de Brasilia, Brasilia, DF",AEB - BRASILIA - DF,-15.81377,-47.97884,-15.87127,-47.9087,-15.8672,-47.90551,,,,,2023,2023,,SGS-**70,,
TAXIGOV_DF_ENTIDADES,1357754,Agência Nacional de Telecomunicações,25064,INDIRETA,ARI/ANATEL,,CONCLUÍDA,Reunião,,3.14,3.229,11.56,2024-07-09 09:24:58.737,2024-07-09 09:25:35.143,2024-07-09 09:31:14.780,2024-07-09 09:31:28.217,2024-07-09 09:40:28.140,,ANATEL (GARAGEM),ASA SUL,BRASILIA,DF,"Biblioteca do Senado Federal, Brasilia, DF","Biblioteca do Senado Federal, Brasilia, DF",-15.8055,-47.88216,-15.79775,-47.86342,-15.79746,-47.86357,,,,LOGAN,2022,2023,PRATA,SGO-**30,,
TAXIGOV_DF_3,1357748,Ministério da Justiça e Segurança Pública,235881,DIRETA,DPJUS/SNJ/MJSP,,CONCLUÍDA,Outros,,11.93,11.723,46.29,2024-07-09 09:21:40.963,2024-07-09 09:23:03.857,2024-07-09 09:26:59.797,2024-07-09 09:27:06.140,2024-07-09 09:43:33.247,,MINISTERIO DA JUSTICA E CIDADANIA - ANEXO II,,BRASILIA,DF,"Shopping Iguatemi Brasilia, Brasilia, DF","Shopping Iguatemi Brasilia, Brasilia, DF",-15.796570000000001,-47.866,-15.72094,-47.88592,-15.72015,-47.88557,,,,,,,,REL-**24,,
TAXIGOV_DF_ENTIDADES,1357743,Fundação Universidade de Brasília,470,INDIRETA,USU,16205,CONCLUÍDA,Reunião,,3.87,3.212,14.86,2024-07-09 09:19:39.770,2024-07-09 09:20:23.767,2024-07-09 09:24:47.933,2024-07-09 09:25:58.637,2024-07-09 09:32:58.057,,"HUB HOSPITAL UNIVERSITARIO DE BRASILIA - PEDIATRIA, S/N",ASA NORTE,BRASILIA,DF,"Kalunga, Asa Norte, Brasilia, Distrito Federal","Kalunga, Asa Norte, Brasilia, Distrito Federal",-15.77182,-47.87393,-15.78864,-47.88313,-15.78865,-47.88305,,,,VIRTUS,2018,2018,PRETA,PBG-**53,,
TAXIGOV_DF_3,1357731,Ministério da Justiça e Segurança Pública,235881,DIRETA,SAA/SE/MJSP,,CONCLUÍDA,Reunião,,3.11,3.325,12.07,2024-07-09 09:14:05.750,2024-07-09 09:15:25.350,2024-07-09 09:21:16.057,2024-07-09 09:21:43.687,2024-07-09 09:29:43.593,,POLICIA FEDERAL - SEDE,ASA NORTE,BRASILIA,DF,"Anexo II - Ministerio da Justica, Brasilia, DF","EMI BLOCO C, ASA SUL, BRASILIA - DF, BRASIL",-15.78769,-47.88659,-15.796570000000001,-47.866,-15.79942,-47.87161,,,,,2022,23,,RET-**85,,
TAXIGOV_DF_3,1357723,Ministério das Relações Exteriores,263,DIRETA,ABC/SPECE/MRE,,CONCLUÍDA,Reunião,,1.88,2.23,7.76,2024-07-09 09:10:48.657,2024-07-09 09:19:10.487,2024-07-09 09:22:02.480,2024-07-09 09:22:53.150,2024-07-09 09:27:08.937,,SAFS QD. 2 LT. 2 BL. B,ASA SUL,BRASILIA,DF,"Ministerio do Desenvolvimento Social e Combate a Fome - MDS, Brasilia, DF","Ministerio do Desenvolvimento Social e Combate a Fome - MDS, Brasilia, DF",-15.80408,-47.86801,-15.79841,-47.8732,-15.79869,-47.87318,,,,,2023,2023,,SGU-**46,,
TAXIGOV_DF_ENTIDADES,1357719,Banco Central do Brasil,89,INDIRETA,DESEG/BACEN,,CONCLUÍDA,Reunião,,11.36,10.435,42.49,2024-07-09 09:09:35.267,2024-07-09 09:09:42.250,2024-07-09 09:09:52.387,2024-07-09 09:23:05.623,2024-07-09 09:43:48.593,,"ASBAC,",PA 4,BRASILIA,DF,"SIG QD 8 ARQUIVO DO BANCO CENTRAL, - SIG","SIG QD 8 ARQUIVO DO BANCO CENTRAL, - SIG",-15.8241,-47.88451,-15.79602,-47.91354,-15.79613,-47.91351,,,,SIENA,2019,2020,PRATA,PBQ-**36,,
TAXIGOV_DF_ENTIDADES,1357711,Fundo Nacional de Desenvolvimento da Educação,253,INDIRETA,CGPAE/FNDE,,CONCLUÍDA,Reunião,,4.38,2.484,16.21,2024-07-09 09:06:30.353,2024-07-09 09:06:41.217,2024-07-09 09:11:12.023,2024-07-09 09:14:29.087,2024-07-09 09:29:39.723,,"SBS QD. 2, BL. F",ASA SUL,BRASILIA,DF,PCA. DOS TRES PODERES - ASA SUL - BRASILIA,"VIA S. DOIS LESTE AREA B., ASA SUL, BRASILIA - DF, BRASIL",-15.80104,-47.88336,-15.80115,-47.86607,-15.80154,-47.86492,,,,ONIX,2022,2023,PRATA,SGN-**40,,
TAXIGOV_DF_3,1357700,Ministério da Justiça e Segurança Pública,235881,DIRETA,SRPRF-DF/PRF,704,CONCLUÍDA,Reunião,,5.95,4.621,23.09,2024-07-09 09:02:35.367,2024-07-09 09:02:44.180,2024-07-09 09:08:24.133,2024-07-09 09:09:23.270,2024-07-09 09:19:20.083,,SIA TRECHO 2,SIA,GUARA,DF,"Policia Rodoviaria Federal - Sede, Brasilia, DF","SPO. 15, ASA SUL, BRASILIA - DF, 70610-200, BRASIL",-15.8025,-47.96965,-15.81446,-47.94706,-15.81602,-47.94603,,,,,2018,2019,,PBL-**03,,
TAXIGOV_DF_ENTIDADES,1357698,Fundo Nacional de Desenvolvimento da Educação,253,INDIRETA,CGPAE/FNDE,,CANCELADA,Reunião,,,,,2024-07-09 09:02:34.587,2024-07-09 09:03:09.600,,2024-07-09 09:03:09.600,2024-07-09 09:05:51.353,2024-07-09 09:05:51.353,"SBS QD. 2, BL. F",ASA SUL,BRASILIA,DF,"Camara dos Deputados, Brasilia, DF",,-15.80104,-47.88336,-15.80006,-47.86436,,,,,,ONIX,2022,2023,PRATA,SGN-**40,,
TAXIGOV_DF_ENTIDADES,1357686,Agência Nacional de Transportes Aquaviários,54843,INDIRETA,ARI,,CANCELADA,Reunião,,,,7.4,2024-07-09 08:57:32.190,2024-07-09 08:57:39.007,2024-07-09 09:13:15.073,2024-07-09 09:07:39.007,2024-07-09 09:33:46.097,2024-07-09 09:33:46.097,"ANEXO ITAMARATY,",PA 1,BRASILIA,DF,"514 NORTE ANTAQ, - ASA NORTE",,-15.81067,-47.87197,-15.74503,-47.89647,,,,,,KICKS,2023,2024,PRETA,SGW-**30,,
