base_origem,qru_corrida,orgao_nome,orgao_codigo_siorg,orgao_categoria,unidade_administrativa_nome,unidade_administrativa_codigo_siorg,status,motivo,justificativa,km_total,km_rota_calculada,valor_corrida,data_abertura,data_despacho,data_local_embarque,data_inicio,data_final,data_cancelamento,origem_endereco,origem_bairro,origem_cidade,origem_uf,destino_solicitado_endereco,destino_efetivo_endereco,origem_latitude,origem_longitude,destino_solicitado_latitude,destino_solicitado_longitude,destino_efetivo_latitude,destino_efetivo_longitude,avaliacao_usuario_nota,avaliacao_usuario_texto,veiculo_fabricante,veiculo_modelo,veiculo_ano_fabricacao,veiculo_ano_modelo,veiculo_cor,veiculo_placa,ateste_setorial_data,conteste_info,corrida_longa,mes_abertura,origem_cidade_upper
TAXIGOV_DF_ENTIDADES,1364995,Instituto Brasileiro do Meio Ambiente e dos Recursos Naturais Renováveis,1812,INDIRETA,DIPLAN/IBAMA,,CONCLUÍDA,Reunião,,5.21,4.897,19.28,2024-07-15 19:14:41.830,2024-07-15 19:14:51.773,2024-07-15 19:15:58.990,2024-07-15 19:16:08.173,2024-07-15 19:24:39.847,,"MINISTERIO DO MEIO AMBIENTE, EIXO MONUMENTAL",,BRASILIA,DF,"Ibama, Brasilia, Distrito Federal","Ibama, Brasilia, Distrito Federal",-15.79859,-47.87243,-15.76624,-47.86238,-15.76553,-47.8627,,,,SIENA,2018.0,2019.0,BRANCA,PBK-**34,,,Não,15,BRASILIA
TAXIGOV_DF_3,1364945,Ministério da Saúde,304,DIRETA,CGSPD/DAET/SAES/MS,,CONCLUÍDA,Reunião,,8.97,8.268,34.8,2024-07-15 17:56:36.747,2024-07-15 17:58:50.943,2024-07-15 18:07:42.373,2024-07-15 18:07:48.450,2024-07-15 18:33:29.660,,SCES TRECHO 2,ASA SUL,BRASILIA,DF,"Edificio PO 700, Asa Norte, Brasilia, DF","Edificio PO 700, Asa Norte, Brasilia, DF",-15.81568,-47.84475,-15.78364,-47.89034,-15.78406,-47.89041,,,,,2020.0,2020.0,,REC-**41,,,Não,15,BRASILIA
TAXIGOV_DF_ENTIDADES,1364943,Instituto Nacional de Estudos e Pesquisas Educacionais Anísio Teixeira,249,INDIRETA,GAB/INEP,,CONCLUÍDA,Reunião,,5.66,5.702,20.89,2024-07-15 17:53:11.057,2024-07-15 17:59:01.870,2024-07-15 18:03:46.220,2024-07-15 18:07:09.583,2024-07-15 18:23:11.040,,MINISTERIO DA EDUCACAO,PA 2,BRASILIA,DF,"INEP - Instituto Nacional de Estudos e Pesquisas Educacionais Anisio Teixeira, SIG Qd. 4, Lt. 327, Sudoeste/Octogonal, Cruzeiro, DF","INEP - Instituto Nacional de Estudos e Pesquisas Educacionais Anisio Teixeira, SIG Qd. 4, Lt. 327, Sudoeste/Octogonal, Cruzeiro, DF",-15.79501,-47.87305,-15.78816,-47.91414,-15.78833,-47.91389,,,,COROLLA,2022.0,2023.0,PRETA,SGO-**68,,,Não,15,BRASILIA
TAXIGOV_DF_ENTIDADES,1364934,Instituto Brasileiro de Museus,100584,INDIRETA,DPMUS,,CONCLUÍDA,Reunião,,6.95,7.145,25.72,2024-07-15 17:27:52.640,2024-07-15 17:29:40.733,2024-07-15 17:39:34.003,2024-07-15 17:40:02.943,2024-07-15 17:51:50.860,,SCES TRECHO 2,ASA SUL,BRASILIA,DF,"Edificio Capes, Asa Norte, Brasilia, DF","Edificio Capes, Asa Norte, Brasilia, DF",-15.81568,-47.84475,-15.78799,-47.87818,-15.78853,-47.87856,,,,VOYAGE,2020.0,2020.0,PRATA,REC-**41,,,Não,15,BRASILIA
TAXIGOV_DF_3,1364832,Ministério do Turismo,72084,DIRETA,GM,,CONCLUÍDA,Reunião,,5.5,5.638,21.34,2024-07-15 16:21:27.553,2024-07-15 16:27:43.113,2024-07-15 16:35:33.637,2024-07-15 16:35:36.133,2024-07-15 16:46:56.750,,"MINISTERIO DO TURISMO (MTUR), ESPLANADA DOS MINISTERIOS, BL. U",ZONA CIVICOADMINISTRATIVA,BRASILIA,DF,"Centro Internacional de Convencoes do Brasil, SCES Trecho 2, Asa Sul, Brasilia, Distrito Federal","Centro Internacional de Convencoes do Brasil, SCES Trecho 2, Asa Sul, Brasilia, Distrito Federal",-15.79631,-47.86798,-15.81569,-47.84475,-15.81526,-47.84532,,,,,2020.0,2020.0,,REC-**41,,,Não,15,BRASILIA
TAXIGOV_DF_3,1364828,Presidência da República,26,DIRETA,DITEC/SA/CC/PR,,CONCLUÍDA,Outros,,12.42,14.665,48.19,2024-07-15 16:17:38.827,2024-07-15 16:18:00.153,2024-07-15 16:24:59.940,2024-07-15 16:26:00.783,2024-07-15 16:37:02.730,,RESIDENCIA OFICIAL DA GRANJA DO TORTO,ZONA INDUSTRIAL,BRASILIA,DF,"Palacio do Planalto, Pca. dos Tres Poderes, ZONA CIVICOADMINISTRATIVA, BRASILIA, DF","VIA N. DOIS LESTE, ASA NORTE, BRASILIA - DF, BRASIL",-15.70542,-47.90573,-15.79941,-47.86088,-15.79693,-47.85817,,,,,2022.0,2023.0,,SGO-**68,,,Sim,15,BRASILIA
TAXIGOV_DF_ENTIDADES,1364815,Agência Nacional de Aviação Civil,86144,INDIRETA,SAF/ANAC,,CONCLUÍDA,Reunião,,12.73,11.752,47.1,2024-07-15 16:12:42.100,2024-07-15 16:12:51.400,2024-07-15 16:13:03.733,2024-07-15 16:13:15.077,2024-07-15 16:36:27.253,,"SIA TRECHO 3, CONSELHO DE MEDICINA VETERINARIA",ZONA INDUSTRIAL GUARA,BRASILIA,DF,"MINISTERIO DA SAUDE BL G, - PA 1","EMI BLOCO D, ASA SUL, BRASILIA - DF, BRASIL",-15.80388,-47.95383,-15.80001,-47.86838,-15.79958,-47.87071,,,,CRONOS,2022.0,2023.0,PRATA,SGQ-**74,,,Sim,15,BRASILIA
TAXIGOV_DF_ENTIDADES,1364805,Fundação Universidade de Brasília,470,INDIRETA,IH,,CONCLUÍDA,Serviço externo / técnico,,12.97,9.991,47.73,2024-07-15 16:09:49.390,2024-07-15 16:09:59.930,2024-07-15 16:13:43.747,2024-07-15 16:14:06.513,2024-07-15 16:29:30.063,,UBS 1 LAGO NORTE,SETOR DE HABITACOES INDIVIDUAIS NORTE,BRASILIA,DF,"Hospital Universitario de Brasilia, Asa Norte, Brasilia, DF","SGAN 604, ASA NORTE, BRASILIA - DF, 70830-150, BRASIL",-15.72564,-47.87388,-15.77091,-47.87361,-15.77194,-47.87301,,,,LOGAN,2019.0,2020.0,BRANCA,QWT-**02,,,Sim,15,BRASILIA
TAXIGOV_DF_ENTIDADES,1364796,Fundação Oswaldo Cruz,315,INDIRETA,NEVS/FIOCRUZ-BSB,,CONCLUÍDA,Reunião,,23.6,23.727,87.32,2024-07-15 16:05:32.367,2024-07-15 16:05:41.917,2024-07-15 16:05:58.950,2024-07-15 16:10:24.077,2024-07-15 16:37:54.980,,UBS 1 SAO SEBASTIAO,CENTRO SAO SEBASTIAO,BRASILIA,DF,"Hospital Universitario de Brasilia - Emergencia, Asa Norte, Brasilia, Distrito Federal","Hospital Universitario de Brasilia - Emergencia, Asa Norte, Brasilia, Distrito Federal",-15.90244,-47.77262,-15.77171,-47.87302,-15.77179,-47.87293,,,,KICKS,2023.0,2023.0,PRETA,SGT-**78,,,Sim,15,BRASILIA
TAXIGOV_DF_ENTIDADES,1364787,Agência Nacional de Aviação Civil,86144,INDIRETA,SAF/ANAC,,CONCLUÍDA,Serviço externo / técnico,,11.65,12.378,43.11,2024-07-15 16:02:23.267,2024-07-15 16:02:30.173,2024-07-15 16:02:38.570,2024-07-15 16:03:21.800,2024-07-15 16:16:54.250,,"AEROPORTO ANAC,",AEROPORTO,BRASILIA,DF,"SCS ANAC, - SCS","SCS ANAC, - SCS",-15.8696,-47.93225,-15.79448,-47.89349,-15.79513,-47.89368,,,,COROLLA,2021.0,2022.0,PRETA,REQ-**58,,,Sim,15,BRASILIA
TAXIGOV_DF_3,1364782,Presidência da República,26,DIRETA,DG/IN/CC/PR,,CONCLUÍDA,Reunião,,5.76,5.915,22.35,2024-07-15 16:00:26.467,2024-07-15 16:00:33.463,2024-07-15 16:01:04.063,2024-07-15 16:01:22.433,2024-07-15 16:17:37.407,,"CRS 503 BLOCO B,",ASA SUL,BRASILIA,DF,"SIG IMPRENSA NACIONAL, - PA 31","SIG QUADRA 6, SUDOESTE/OCTOGONAL, CRUZEIRO - DF, 70610-460, BRASIL",-15.80287,-47.89529,-15.79845,-47.92963,-15.79303,-47.91418,,,,,2024.0,2024.0,,SSH-**37,,,Não,15,BRASILIA
TAXIGOV_DF_3,1364776,Advocacia-Geral da União,46,DIRETA,EAGU/AGU,,CONCLUÍDA,Reunião,,6.66,6.745,25.84,2024-07-15 15:57:36.853,2024-07-15 15:57:49.153,2024-07-15 16:03:04.127,2024-07-15 16:03:47.217,2024-07-15 16:20:16.847,,BIBLIOTECA DO SENADO FEDERAL,,BRASILIA,DF,"Advocacia-Geral da Uniao - Sede III, Brasilia, DF","Advocacia-Geral da Uniao - Sede III, Brasilia, DF",-15.79775,-47.86342,-15.79215,-47.9124,-15.7922,-47.91244,,,,,2024.0,2025.0,,SSK-**24,,,Não,15,BRASILIA
TAXIGOV_DF_3,1364772,Presidência da República,26,DIRETA,SECOI/SECOM/PR,,CONCLUÍDA,Reunião,,7.2,6.822,27.94,2024-07-15 15:55:42.880,2024-07-15 15:57:09.183,2024-07-15 16:06:26.077,2024-07-15 16:07:18.573,2024-07-15 16:16:45.620,,"CENTRO INTERNACIONAL DE CONVENCOES DO BRASIL, SCES TRECHO 2",ASA SUL,BRASILIA,DF,"Planalto Bittar - Hotel e Eventos, Asa Sul, Brasilia, Distrito Federal","Planalto Bittar - Hotel e Eventos, Asa Sul, Brasilia, Distrito Federal",-15.81569,-47.84475,-15.79367,-47.88913,-15.79433,-47.88901,,,,,2017.0,2017.0,,PAQ-**53,,,Não,15,BRASILIA
TAXIGOV_DF_3,1364745,Ministério da Saúde,304,DIRETA,CGSA,,CONCLUÍDA,Outros,,14.7,12.162,57.04,2024-07-15 15:42:36.017,2024-07-15 15:42:44.523,2024-07-15 15:43:17.750,2024-07-15 16:14:10.447,2024-07-15 16:32:05.793,,"SIA EDITORA MINISTÉRIO DA SAÚDE,",SETOR INDUSTRIAL,BRASILIA,DF,"ANEXO MINISTERIO DA SAÚDE, - PA 1","ANEXO MINISTERIO DA SAÚDE, - PA 1",-15.80222,-47.95607,-15.80167,-47.86859,-15.80152,-47.86918,,,,,2018.0,2019.0,,PBL-**63,,,Sim,15,BRASILIA
TAXIGOV_DF_ENTIDADES,1364743,Agência Nacional de Aviação Civil,86144,INDIRETA,ASTEC/ANAC,,CONCLUÍDA,Transporte de documentos / materiais,,6.99,6.854,25.86,2024-07-15 15:41:57.937,2024-07-15 15:42:05.390,2024-07-15 15:42:17.743,2024-07-15 15:48:09.377,2024-07-15 16:00:45.770,,"SPS POLICIA FEDERAL SUPERINTENDENCIA,",SPS,BRASILIA,DF,"SCS ANAC, - SCS","SCS ANAC, - SCS",-15.82828,-47.93251,-15.79448,-47.89349,-15.79502,-47.89374,,,,CITY,2022.0,2022.0,PRATA,REU-**12,,,Não,15,BRASILIA
TAXIGOV_DF_3,1364742,Ministério do Turismo,72084,DIRETA,CAMP/SPOA/SE,,CONCLUÍDA,Reunião,,11.69,11.615,45.36,2024-07-15 15:41:29.847,2024-07-15 15:41:42.837,2024-07-15 15:46:29.393,2024-07-15 15:47:18.737,2024-07-15 16:06:53.217,,CONCESSIONARIA FORD SLAVIERO SIA,ZONA INDUSTRIAL GUARA,BRASILIA,DF,"Ministerio do Turismo, n bl U, Brasilia, DF","Ministerio do Turismo, n bl U, Brasilia, DF",-15.80773,-47.95312,-15.79689,-47.86823,-15.79732,-47.86833,,,,,2018.0,2019.0,,PBL-**03,,,Sim,15,BRASILIA
TAXIGOV_DF_ENTIDADES,1364730,Fundo Nacional de Desenvolvimento da Educação,253,INDIRETA,GABIN/FNDE,,CONCLUÍDA,Reunião,,6.26,7.445,23.16,2024-07-15 15:39:38.047,2024-07-15 15:39:47.700,2024-07-15 15:43:05.647,2024-07-15 15:44:39.987,2024-07-15 15:52:58.080,,"FUNDO NACIONAL DE DESENVOLVIMENTO DA EDUCACAO, SBS, 12",ASA SUL,BRASILIA,DF,"Centro Internacional de Convencoes do Brasil, SCES Trecho 2, Asa Sul, Brasilia, Distrito Federal","Centro Internacional de Convencoes do Brasil, SCES Trecho 2, Asa Sul, Brasilia, Distrito Federal",-15.80089,-47.88341,-15.81569,-47.84475,-15.8156,-47.84498,,,,VIRTUS,2019.0,2019.0,PRETA,PBP-**59,,,Não,15,BRASILIA
TAXIGOV_DF_ENTIDADES,1364716,Agência Nacional de Aviação Civil,86144,INDIRETA,SAF/ANAC,,CONCLUÍDA,Reunião,,16.45,18.833,60.87,2024-07-15 15:35:28.243,2024-07-15 15:35:36.243,2024-07-15 15:35:47.580,2024-07-15 15:36:48.350,2024-07-15 16:01:36.513,,"IBAMA,",PA 11,BRASILIA,DF,"SIA TRECHO 05 ANVISA, - SIA","SIA TRECHO 5, SIA, GUARA - DF, 71205-050, BRASIL",-15.76756,-47.86197,-15.78963,-47.9673,-15.799,-47.95308,,,,CRONOS,2022.0,2023.0,PRATA,SGQ-**74,,,Sim,15,BRASILIA
TAXIGOV_DF_3,1364715,Presidência da República,26,DIRETA,DG/IN/CC/PR,,CONCLUÍDA,Reunião,,6.24,5.61,24.21,2024-07-15 15:35:09.547,2024-07-15 15:35:17.283,2024-07-15 15:44:27.533,2024-07-15 15:44:32.840,2024-07-15 15:57:50.270,,ESTRADA PARQUE INDUSTRIAS GRAFICAS,ZONA INDUSTRIAL,BRASILIA,DF,"ENGEMIL ENGENHARIA NOVA SEDE, Via W2 Sul, Asa Sul, Brasilia, DF","ENGEMIL ENGENHARIA NOVA SEDE, Via W2 Sul, Asa Sul, Brasilia, DF",-15.79243,-47.9136,-15.80287,-47.89511,-15.80314,-47.89515,,,,,2024.0,2024.0,,SSH-**37,,,Não,15,BRASILIA
TAXIGOV_DF_ENTIDADES,1364714,Conselho Administrativo de Defesa Econômica,322,INDIRETA,CGP/CADE,,CONCLUÍDA,Reunião,,8.82,8.937,32.63,2024-07-15 15:34:17.387,2024-07-15 15:34:32.090,2024-07-15 15:35:10.417,2024-07-15 15:43:21.377,2024-07-15 16:00:13.680,,"PALACIO DA JUSTIÇA,",PA 1,BRASILIA,DF,"515 NORTE CADE, - ASA NORTE","515 NORTE CADE, - ASA NORTE",-15.79735,-47.86613,-15.74194,-47.89732,-15.74243,-47.89714,,,,VIRTUS,2024.0,2024.0,BRANCA,SSH-**20,,,Não,15,BRASILIA
TAXIGOV_DF_ENTIDADES,1364713,Instituto Nacional de Estudos e Pesquisas Educacionais Anísio Teixeira,249,INDIRETA,GAB/INEP,,CONCLUÍDA,Reunião,,5.68,5.637,20.96,2024-07-15 15:33:26.243,2024-07-15 15:33:55.113,2024-07-15 15:40:54.153,2024-07-15 15:41:43.307,2024-07-15 15:52:59.453,,INSTITUTO NACIONAL DE ESTUDOS E PESQUISAS EDUCACIONAIS,ZONA INDUSTRIAL,BRASILIA,DF,"Ministerio da Educacao, Brasilia, DF","Ministerio da Educacao, Brasilia, DF",-15.788,-47.91424,-15.79501,-47.87305,-15.7954,-47.87295,,,,SIENA,2018.0,2019.0,PRATA,PBK-**99,,,Não,15,BRASILIA
TAXIGOV_DF_ENTIDADES,1364695,Agência Nacional de Aviação Civil,86144,INDIRETA,SAF/ANAC,,CONCLUÍDA,Serviço externo / técnico,,13.28,12.734,49.14,2024-07-15 15:26:36.717,2024-07-15 15:26:45.207,2024-07-15 15:31:13.187,2024-07-15 15:32:05.137,2024-07-15 15:44:44.993,,AGENCIA NACIONAL DE AVIACAO CIVIL,ASA SUL,BRASILIA,DF,"Centro de Treinamento da Agencia Nacional de Aviacao Civil, Estrada Parque Aeroporto, 1471, Brasilia, Distrito Federal","Centro de Treinamento da Agencia Nacional de Aviacao Civil, Estrada Parque Aeroporto, 1471, Brasilia, Distrito Federal",-15.79456,-47.89348,-15.86968,-47.9325,-15.86974,-47.93239,,,,COROLLA,2021.0,2022.0,PRETA,REQ-**58,,,Sim,15,BRASILIA
TAXIGOV_DF_ENTIDADES,1364692,Agência Espacial Brasileira,4243,INDIRETA,DPEI/AEB,,CONCLUÍDA,Reunião,,11.83,11.844,43.89,2024-07-15 15:25:29.750,2024-07-15 15:25:37.400,2024-07-15 15:35:46.603,2024-07-15 15:36:28.717,2024-07-15 15:51:37.700,,AEB AGENCIA ESPACIAL BRASILEIRA,SETOR POLICIAL SUL,BRASILIA,DF,"Ministerio da Ciencia, Tecnologia e Inovacao - MCTI, Brasilia, Distrito Federal","Ministerio da Ciencia, Tecnologia e Inovacao - MCTI, Brasilia, Distrito Federal",-15.81587,-47.94311,-15.79986,-47.87005,-15.79982,-47.86986,,,,ONIX,2022.0,2023.0,PRATA,SGR-**88,,,Sim,15,BRASILIA
TAXIGOV_DF_ENTIDADES,1364690,Instituto Brasileiro de Museus,100584,INDIRETA,DPMUS,,CONCLUÍDA,Reunião,,7.25,6.856,26.83,2024-07-15 15:24:21.273,2024-07-15 15:25:22.857,2024-07-15 15:28:28.303,2024-07-15 15:28:49.157,2024-07-15 15:40:30.090,,EDIFICIO CAPES,ASA NORTE,BRASILIA,DF,"Centro Internacional de Convencoes do Brasil, SCES Trecho 2, Asa Sul, Brasilia, DF","Centro Internacional de Convencoes do Brasil, SCES Trecho 2, Asa Sul, Brasilia, DF",-15.78799,-47.87818,-15.81568,-47.84475,-15.81588,-47.84466,,,,NISSA,2024.0,2025.0,VERSA,SSL-**34,,,Não,15,BRASILIA
TAXIGOV_DF_3,1364687,Ministério do Turismo,72084,DIRETA,CGTR DIMEC/SNDTUR,,CONCLUÍDA,Reunião,,5.56,5.6,21.57,2024-07-15 15:23:25.757,2024-07-15 15:23:33.753,2024-07-15 15:26:39.773,2024-07-15 15:29:22.323,2024-07-15 15:39:15.140,,N BL U,PA 2,BRASILIA,DF,"Centro Internacional de Convencoes do Brasil, SCES Trecho 2, Asa Sul, Brasilia, DF","Centro Internacional de Convencoes do Brasil, SCES Trecho 2, Asa Sul, Brasilia, DF",-15.79689,-47.86823,-15.81568,-47.84475,-15.81558,-47.84505,,,,,2022.0,2023.0,,SGO-**28,,,Não,15,BRASILIA
TAXIGOV_DF_ENTIDADES,1364681,Instituto Nacional do Seguro Social,1934,INDIRETA,DTI/INSS/AC,,CONCLUÍDA,Reunião,,12.5,13.41,46.25,2024-07-15 15:19:38.560,2024-07-15 15:19:46.003,2024-07-15 15:19:58.470,2024-07-15 16:15:46.050,2024-07-15 16:32:14.273,,"SIA, DEPOSITO DO INSS",SIA,BRASILIA,DF,"SAUS QD 2 INSS, - SAUS","SAUS QD 2 INSS, - SAUS",-15.7897,-47.96733,-15.80177,-47.87891,-15.80204,-47.87898,,,,YARIS,2022.0,2023.0,PRATA,REV-**05,,,Sim,15,BRASILIA
TAXIGOV_DF_3,1364671,Ministério das Relações Exteriores,263,DIRETA,SGAD/SG/MRE,,CONCLUÍDA,Serviço externo / técnico,,9.95,9.624,38.61,2024-07-15 15:14:54.207,2024-07-15 15:15:02.347,2024-07-15 15:15:17.017,2024-07-15 15:32:57.890,2024-07-15 15:46:34.357,,"SQN 115 BLOCO C,",ASA NORTE,BRASILIA,DF,"ANEXO II DO ITAMARATY(BOLO DE NOIVA), - ASA SUL","ANEXO II DO ITAMARATY(BOLO DE NOIVA), - ASA SUL",-15.7423,-47.89343,-15.80173,-47.86795,-15.80155,-47.86801,,,,,2022.0,2022.0,,REV-**32,,,Não,15,BRASILIA
TAXIGOV_DF_ENTIDADES,1364666,Agência Nacional de Aviação Civil,86144,INDIRETA,SAF/ANAC,,CONCLUÍDA,Reunião,,7.57,6.745,28.01,2024-07-15 15:12:51.073,2024-07-15 15:12:59.450,2024-07-15 15:18:31.983,2024-07-15 15:19:07.020,2024-07-15 15:33:25.110,,EDIFICIO PARQUE CIDADE CORPORATE,ASA SUL,BRASILIA,DF,"IBAMA Instituto Brasileiro do Meio Ambiente e dos Recursos Naturais Renovaveis, SCEN Trecho 2, Ed. Sede, Brasilia, Distrito Federal","IBAMA, ASA NORTE, BRASILIA - DF, BRASIL",-15.7951,-47.89345,-15.76773,-47.86204,-15.76665,-47.86177,,,,CRONOS,2022.0,2023.0,PRATA,SGQ-**74,,,Não,15,BRASILIA
TAXIGOV_DF_ENTIDADES,1364663,Agência Espacial Brasileira,4243,INDIRETA,DPOA/AEB,,CONCLUÍDA,Outros,,12.8,10.498,47.49,2024-07-15 15:12:21.503,2024-07-15 15:12:27.723,2024-07-15 15:12:38.243,2024-07-15 15:13:34.050,2024-07-15 15:35:49.537,,"704/705 NORTE,",PA 16,BRASILIA,DF,"SPS AEB AGENCIA ESPACIAL BRASILEIRA, - SPS","SPS AEB AGENCIA ESPACIAL BRASILEIRA, - SPS",-15.77452,-47.88883,-15.81565,-47.94314,-15.81585,-47.94309,,,,CCROSS,2023.0,2023.0,PRATA,SGR-**14,,,Sim,15,BRASILIA
TAXIGOV_DF_3,1364661,Ministério da Saúde,304,DIRETA,CGSA,,CONCLUÍDA,Outros,,13.63,12.888,52.88,2024-07-15 15:12:07.327,2024-07-15 15:12:19.507,2024-07-15 15:16:22.187,2024-07-15 15:19:22.537,2024-07-15 15:40:54.357,,ANEXO DO MINISTÉRIO DA SAÚDE,G,BRASÍLIA,DF,EDITORA - MINISTÉRIO DA SAÚDE - BRASÍLIA / DF,EDITORA - MINISTÉRIO DA SAÚDE - BRASÍLIA / DF,-15.80181,-47.86856,-15.80182,-47.95618,-15.80177,-47.95654,,,,,2018.0,2019.0,,PBL-**63,,,Sim,15,BRASÍLIA
TAXIGOV_DF_ENTIDADES,1364659,Banco Central do Brasil,89,INDIRETA,DEMAP/DIDOC,,CONCLUÍDA,Outros,,6.78,7.107,25.36,2024-07-15 15:12:06.623,2024-07-15 15:12:15.887,2024-07-15 15:15:28.847,2024-07-15 15:15:38.807,2024-07-15 15:34:05.193,,0,SET MEDICO HOSP,BRASÍLIA,DF,"QUADRA SIG QUADRA 8, 2025 - ZONA INDUSTRIAL - BRASÍLIA / DF","QUADRA SIG QUADRA 8, 2025 - ZONA INDUSTRIAL - BRASÍLIA / DF",-15.80322,-47.88516,-15.79623,-47.91352,-15.79618,-47.91349,,,,VOYAGE,2021.0,2022.0,BRANCA,RMO-**95,,,Não,15,BRASÍLIA
TAXIGOV_DF_ENTIDADES,1364656,Conselho Administrativo de Defesa Econômica,322,INDIRETA,CGP/CADE,,CONCLUÍDA,Reunião,,10.27,10.607,38.0,2024-07-15 15:10:56.407,2024-07-15 15:11:36.130,2024-07-15 15:14:34.403,2024-07-15 15:16:42.877,2024-07-15 15:32:14.290,,"CONSELHO ADMINISTRATIVO DE DEFESA ECONOMICA (CADE), SEPN 515 CONJ. D LOTE 4",ASA NORTE,BRASILIA,DF,"Palacio da Justica - Ministerio da Justica e Seguranca Publica, Brasilia, Distrito Federal","Palacio da Justica - Ministerio da Justica e Seguranca Publica, Brasilia, Distrito Federal",-15.7423,-47.8975,-15.79765,-47.86583,-15.79689,-47.86588,,,,VIRTUS,2024.0,2024.0,BRANCA,SSH-**20,,,Sim,15,BRASILIA
TAXIGOV_DF_ENTIDADES,1364647,Banco Central do Brasil,89,INDIRETA,COAF,,CONCLUÍDA,Reunião,,6.54,4.902,24.46,2024-07-15 15:07:16.900,2024-07-15 15:07:38.137,2024-07-15 15:10:00.153,2024-07-15 15:10:10.850,2024-07-15 15:21:19.527,,"BLOCO J - ESPLANADA DOS MINISTERIOS, BLOCO J",PA 2,BRASILIA,DF,"UniBacen, SCES, Tr. 2, BRASILIA, DF","UniBacen, SCES, Tr. 2, BRASILIA, DF",-15.79448,-47.87468,-15.81744,-47.86781,-15.81749,-47.86794,,,,SPIN,2023.0,2023.0,BRANCA,SGS-**72,,,Não,15,BRASILIA
TAXIGOV_DF_ENTIDADES,1364640,Fundação Universidade de Brasília,470,INDIRETA,IH,,CONCLUÍDA,Serviço externo / técnico,,7.68,8.152,28.26,2024-07-15 15:02:28.857,2024-07-15 15:02:35.587,2024-07-15 15:08:32.403,2024-07-15 15:08:40.730,2024-07-15 15:19:22.817,,SGAN 912 MOD. C,ASA NORTE,BRASILIA,DF,"UBS 1 Lago Norte, Brasilia, DF","UBS 1 Lago Norte, Brasilia, DF",-15.75481,-47.90072,-15.72564,-47.87388,-15.72542,-47.87438,,,,LOGAN,2019.0,2020.0,BRANCA,QWT-**02,,,Não,15,BRASILIA
TAXIGOV_DF_ENTIDADES,1364631,Fundação Oswaldo Cruz,315,INDIRETA,NEVS/FIOCRUZ-BSB,,CONCLUÍDA,Reunião,,22.74,23.415,84.14,2024-07-15 15:00:34.923,2024-07-15 15:00:48.480,2024-07-15 15:02:20.930,2024-07-15 15:07:06.837,2024-07-15 15:29:21.250,,"HOSPITAL REGIONAL DE SOBRADINHO, Q 12",SUL AGUAS CLARAS,BRASILIA,DF,"Hospital Universitario de Brasilia - Emergencia, Asa Norte, Brasilia, Distrito Federal","Hospital Universitario de Brasilia - Emergencia, Asa Norte, Brasilia, Distrito Federal",-15.64827,-47.79261,-15.77171,-47.87302,-15.77175,-47.87296,,,,VIRTUS,2024.0,2025.0,PRETA,SSK-**22,,,Sim,15,BRASILIA
TAXIGOV_DF_3,1364622,Advocacia-Geral da União,46,DIRETA,EAGU/AGU,,CONCLUÍDA,Reunião,,8.5,6.363,32.98,2024-07-15 14:56:17.447,2024-07-15 14:56:27.057,2024-07-15 15:00:08.337,2024-07-15 15:00:22.027,2024-07-15 15:16:48.783,,PRACA DO BURITI,ASA NORTE,BRASILIA,DF,"STJ - Portaria Adm (golf 3), Brasilia, DF","STJ - Portaria Adm (golf 3), Brasilia, DF",-15.78434,-47.90666,-15.80699,-47.8668,-15.80695,-47.86667,,,,,2020.0,2020.0,,REC-**41,,,Não,15,BRASILIA
TAXIGOV_DF_3,1364618,Ministério da Defesa,41066,DIRETA,SEORI/MD,,CONCLUÍDA,Reunião,,23.89,21.941,92.69,2024-07-15 14:54:16.237,2024-07-15 14:54:26.860,2024-07-15 14:58:09.277,2024-07-15 14:58:13.077,2024-07-15 15:23:41.673,,"VIA N. DOIS LESTE,",BRASILIA,BRASILIA,DF,"MecanicaTech - Solucoes Automotivas, Ade Aguas Claras Conjunto 16, 39, Brasilia, Distrito Federal","MecanicaTech - Solucoes Automotivas, Ade Aguas Claras Conjunto 16, 39, Brasilia, Distrito Federal",-15.79511,-47.86877,-15.87722,-48.01239,-15.87749,-48.01244,,,,,2022.0,2023.0,,SGO-**86,,,Sim,15,BRASILIA
TAXIGOV_DF_ENTIDADES,1364580,Instituto Nacional do Seguro Social,1934,INDIRETA,DTI/INSS/AC,,CONCLUÍDA,Reunião,,15.73,12.174,58.2,2024-07-15 14:36:29.350,2024-07-15 14:36:41.407,2024-07-15 14:43:20.210,2024-07-15 14:44:02.287,2024-07-15 15:16:28.923,,"SAUS QUADRA 2, 3",BRASILIA,BRASILIA,DF,"Deposito do INSS, Sia Trecho 2 Tcheca 2 Canteiro Central Via Ia 1, 83, Brasilia, DF","Deposito do INSS, Sia Trecho 2 Tcheca 2 Canteiro Central Via Ia 1, 83, Brasilia, DF",-15.80114,-47.87923,-15.80708,-47.95577,-15.8068,-47.95597,,,,YARIS,2022.0,2023.0,PRATA,REV-**05,,,Sim,15,BRASILIA
TAXIGOV_DF_ENTIDADES,1364575,Banco Central do Brasil,89,INDIRETA,COAF,,CONCLUÍDA,Reunião,,6.64,5.423,24.83,2024-07-15 14:32:45.090,2024-07-15 14:36:16.380,2024-07-15 14:49:13.540,2024-07-15 14:49:16.657,2024-07-15 15:00:18.767,,"UNIBACEN, SCES, TR. 2",PA 4,BRASILIA,DF,"Bloco J - Esplanada dos Ministerios, Brasilia, Distrito Federal","Bloco J - Esplanada dos Ministerios, Brasilia, Distrito Federal",-15.81744,-47.86781,-15.79448,-47.87468,-15.79445,-47.87455,,,,VIRTUS,2021.0,2022.0,BRANCA,REO-**84,,,Não,15,BRASILIA
TAXIGOV_DF_3,1364568,Ministério da Saúde,304,DIRETA,CGSPD/DAET/SAES/MS,,CONCLUÍDA,Reunião,,8.44,8.27,32.75,2024-07-15 14:30:29.203,2024-07-15 14:30:43.400,2024-07-15 14:35:36.260,2024-07-15 14:36:18.243,2024-07-15 14:52:01.637,,"CICB - CENTRO INTERNACIONAL DE CONVENCOES DO BRASIL, SCES TR. 2, CONJ. 63, LT. 50",PA 4,BRASILIA,DF,"PO700 - Ministerio da Saude, SRTVN, 701, Asa Norte, Brasilia, Distrito Federal","PO700 - Ministerio da Saude, SRTVN, 701, Asa Norte, Brasilia, Distrito Federal",-15.81575,-47.84484,-15.78407,-47.89045,-15.78408,-47.89041,,,,,,,,PAX-**00,,,Não,15,BRASILIA
TAXIGOV_DF_ENTIDADES,1364567,Instituto Chico Mendes de Conservação da Biodiversidade,91842,INDIRETA,CGTER/ICMBIO,,CONCLUÍDA,Reunião,,8.93,9.36,31.7,2024-07-15 14:30:22.183,2024-07-15 14:30:36.050,2024-07-15 14:35:47.943,2024-07-15 14:41:09.457,2024-07-15 14:57:19.840,,"SQSW 104 BLOCO G,",CRUZEIRO,BRASILIA,DF,"Anexo 02 do Senado, Brasilia, Distrito Federal","Anexo 02 do Senado, Brasilia, Distrito Federal",-15.80507,-47.92663,-15.79768,-47.86373,-15.79752,-47.86351,,,,COBALT,2018.0,2018.0,PRATA,PBF-**55,,,Não,15,BRASILIA
TAXIGOV_DF_3,1364564,Ministério das Relações Exteriores,263,DIRETA,SGAD/SG/MRE,,CONCLUÍDA,Serviço externo / técnico,,9.07,9.399,35.19,2024-07-15 14:29:42.373,2024-07-15 14:29:50.233,2024-07-15 14:30:09.320,2024-07-15 14:52:03.950,2024-07-15 15:04:47.960,,"SQS 403 BLOCO B,",ASA SUL,BRASILIA,DF,"SQN 115 BLOCO C, - ASA NORTE","SQN 115 BLOCO C, - ASA NORTE",-15.81106,-47.88776,-15.7423,-47.89343,-15.74226,-47.89356,,,,,2022.0,2022.0,,REV-**32,,,Não,15,BRASILIA
TAXIGOV_DF_ENTIDADES,1364562,Agência Espacial Brasileira,4243,INDIRETA,DPOA/AEB,,CONCLUÍDA,Outros,,13.45,10.695,49.9,2024-07-15 14:29:13.167,2024-07-15 14:29:23.033,2024-07-15 14:42:16.737,2024-07-15 14:46:58.590,2024-07-15 15:09:49.350,,"BRASILIA - DF, 70610-200, BRASIL",BRASILIA,BRASILIA,DF,"Comercio Residencial Norte 704/705, Asa Norte, Brasilia, DF","Comercio Residencial Norte 704/705, Asa Norte, Brasilia, DF",-15.8159,-47.94314,-15.775,-47.88983,-15.775,-47.8903,,,,CCROSS,2023.0,2023.0,PRATA,SGR-**14,,,Sim,15,BRASILIA
TAXIGOV_DF_3,1364524,Ministério do Meio Ambiente,1927,DIRETA,CGGA/SPOA/MMA,,CONCLUÍDA,Reunião,,6.44,5.609,24.99,2024-07-15 14:11:58.613,2024-07-15 14:12:09.133,2024-07-15 14:15:30.453,2024-07-15 14:15:57.863,2024-07-15 14:26:44.547,,"MINISTERIO DO MEIO AMBIENTE, EIXO MONUMENTAL",,BRASILIA,DF,"Funatura Fundacao Pro-Natureza, Asa Norte, Brasilia, Distrito Federal","Funatura Fundacao Pro-Natureza, Asa Norte, Brasilia, Distrito Federal",-15.79859,-47.87243,-15.76523,-47.88554,-15.76533,-47.88655,,,,,2023.0,2023.0,,SGT-**97,,,Não,15,BRASILIA
TAXIGOV_DF_3,1364508,Ministério das Relações Exteriores,263,DIRETA,SGAD/SG/MRE,,CONCLUÍDA,Reunião,,10.04,10.001,38.96,2024-07-15 14:08:23.870,2024-07-15 14:08:37.053,2024-07-15 14:13:03.580,2024-07-15 14:13:07.463,2024-07-15 14:26:37.157,,"SAAN QUADRA 1, 135",ZONA INDUSTRIAL,BRASILIA,DF,"Ministerio das Relacoes Exteriores   Anexo I, Eixo Monumental, Brasilia, DF","VIA S UM LESTE, ASA SUL, BRASILIA - DF, 70100-000, BRASIL",-15.76826,-47.93901,-15.80123,-47.86757,-15.80019,-47.86632,,,,,2021.0,2021.0,,RES-**02,,,Sim,15,BRASILIA
TAXIGOV_DF_3,1364470,Presidência da República,26,DIRETA,ITI/CC/PR,,CONCLUÍDA,Reunião,,6.04,3.692,23.44,2024-07-15 13:45:40.047,2024-07-15 13:46:23.143,2024-07-15 13:55:28.190,2024-07-15 13:58:27.410,2024-07-15 14:12:20.710,,INSTITUTO NACIONAL DE TECNOLOGIA DA INFORMACAO,ASA NORTE,BRASILIA,DF,"Anexo III do Palacio do Planalto, Brasilia, DF","VIA N. UM LESTE, ASA SUL, BRASILIA - DF, BRASIL",-15.78794,-47.88458,-15.799,-47.85901,-15.80024,-47.85902,,,,,2022.0,2023.0,,SGQ-**66,,,Não,15,BRASILIA
TAXIGOV_DF_3,1364462,Presidência da República,26,DIRETA,DITEC/SA/CC/PR,,CONCLUÍDA,Serviço externo / técnico,,19.28,13.214,74.81,2024-07-15 13:41:20.917,2024-07-15 13:43:19.530,2024-07-15 13:48:35.727,2024-07-15 13:50:10.033,2024-07-15 14:17:14.500,,"CENTRO DE CAPACITACAO E DESENVOLVIMENTO DA PRESIDENCIA DA REPUBLICA (CECAD-PR), PRACA DOS TRES PODERES",ZONA CIVICO-ADMINISTRATIVA,BRASILIA,DF,"Residencia Oficial da Granja do Torto, Brasilia, Distrito Federal","PARQUE NACIONAL DE BRASILIA, BRASILIA - DF, 70636-000, BRASIL",-15.79683,-47.85799,-15.70542,-47.90573,-15.7118,-47.90072,,,,,2021.0,2021.0,,REK-**22,,,Sim,15,BRASILIA
TAXIGOV_DF_3,1364437,Ministério da Saúde,304,DIRETA,GAB/SAES,,CONCLUÍDA,Reunião,,9.72,9.794,37.71,2024-07-15 13:28:54.213,2024-07-15 13:29:02.637,2024-07-15 13:37:38.303,2024-07-15 13:38:56.817,2024-07-15 13:51:11.660,,ESCOLA NACIONAL DE ADMINISTRACAO PUBLICA - ENAP,ASA SUL,BRASILIA,DF,"Ministerio da Saude - Bloco G, Brasilia, DF","Ministerio da Saude - Bloco G, Brasilia, DF",-15.83033,-47.93057,-15.80024,-47.86838,-15.80009,-47.86811,,,,,2022.0,2023.0,,SGN-**06,,,Não,15,BRASILIA
TAXIGOV_DF_3,1364435,Ministério da Saúde,304,DIRETA,CGSB/DESF/SAPS/MS,,CONCLUÍDA,Reunião,,5.55,4.434,21.53,2024-07-15 13:25:25.157,2024-07-15 13:27:20.210,2024-07-15 13:36:44.547,2024-07-15 13:37:15.937,2024-07-15 13:44:50.400,,"SCES TR. 2, CONJ. 63, LT. 50",BRASILIA,BRASILIA,DF,"Ministerio da Saude - Anexo B, Esplanada dos Ministerios, Brasilia, Brasilia, DF","Ministerio da Saude - Anexo B, Esplanada dos Ministerios, Brasilia, Brasilia, DF",-15.81575,-47.84484,-15.802,-47.86917,-15.80157,-47.86921,,,,,2019.0,2019.0,,PBU-**76,,,Não,15,BRASILIA
TAXIGOV_DF_3,1364420,Ministério da Saúde,304,DIRETA,CGSPD/DAET/SAES/MS,,CONCLUÍDA,Reunião,,9.07,8.767,35.19,2024-07-15 13:13:40.540,2024-07-15 13:13:54.043,2024-07-15 13:15:54.657,2024-07-15 13:17:45.787,2024-07-15 13:31:03.003,,"SRTVN, 701",ASA NORTE,BRASILIA,DF,"Centro Internacional de Convencoes do Brasil, SCES Trecho 2, Asa Sul, Brasilia, DF","Centro Internacional de Convencoes do Brasil, SCES Trecho 2, Asa Sul, Brasilia, DF",-15.78407,-47.89045,-15.81568,-47.84475,-15.8157,-47.84482,,,,,2024.0,2024.0,,SSJ-**17,,,Não,15,BRASILIA
TAXIGOV_DF_3,1364390,Ministério da Saúde,304,DIRETA,DGCI,,CONCLUÍDA,Reunião,,5.15,4.118,19.98,2024-07-15 12:52:06.827,2024-07-15 12:52:14.480,2024-07-15 13:01:58.030,2024-07-15 13:05:29.750,2024-07-15 13:16:35.137,,MINISTERIO DA SAUDE - BLOCO G,,BRASILIA,DF,"PO700 - Ministerio da Saude, SRTVN, 701, Asa Norte, Brasilia, DF","PO700 - Ministerio da Saude, SRTVN, 701, Asa Norte, Brasilia, DF",-15.80024,-47.86838,-15.78407,-47.89045,-15.78405,-47.89046,,,,,,,,PAX-**00,,,Não,15,BRASILIA
TAXIGOV_DF_ENTIDADES,1364373,Empresa Brasileira de Serviços Hospitalares,117267,INDIRETA,DAS/EBSERH,,CONCLUÍDA,Reunião,,10.04,7.4,35.04,2024-07-15 12:37:59.260,2024-07-15 12:39:02.210,2024-07-15 12:44:50.747,2024-07-15 12:46:07.207,2024-07-15 13:01:43.037,,"CENTRO INTERNACIONAL DE CONVENCOES DO BRASIL, SCES TRECHO 2",ASA SUL,BRASILIA,DF,"Edificio Parque Cidade Corporate, Asa Sul, Brasilia, Distrito Federal","Edificio Parque Cidade Corporate, Asa Sul, Brasilia, Distrito Federal",-15.81569,-47.84475,-15.7951,-47.89345,-15.79524,-47.89386,,,,COROLLA,2019.0,2019.0,PRETA,PBU-**76,,,Sim,15,BRASILIA
TAXIGOV_DF_3,1364370,Advocacia-Geral da União,46,DIRETA,DPOFC/SGA/AGU,,CONCLUÍDA,Transporte de documentos / materiais,,5.51,5.602,21.38,2024-07-15 12:34:12.823,2024-07-15 12:38:30.223,2024-07-15 12:43:03.037,2024-07-15 12:43:44.077,2024-07-15 12:55:22.017,,MINISTERIO DA ECONOMIA - BLOCO K,,BRASILIA,DF,"Advocacia-Geral da Uniao - Sede III, Brasilia, DF","Advocacia-Geral da Uniao - Sede III, Brasilia, DF",-15.79474,-47.87379,-15.79215,-47.9124,-15.79222,-47.91244,,,,,2024.0,2025.0,,SSL-**49,,,Não,15,BRASILIA
TAXIGOV_DF_ENTIDADES,1364353,Fundo Nacional de Desenvolvimento da Educação,253,INDIRETA,DISEC/FNDE,,CONCLUÍDA,Reunião,,8.9,10.394,32.93,2024-07-15 12:18:29.287,2024-07-15 12:18:35.627,2024-07-15 12:21:35.340,2024-07-15 12:21:37.710,2024-07-15 12:36:39.777,,"SAAN QUADRA 1,",ZONA INDUSTRIAL,BRASILIA,DF,"Fundo Nacional de Desenvolvimento da Educacao, Sbs, 12, Asa Sul, Brasilia, Distrito Federal","Fundo Nacional de Desenvolvimento da Educacao, Sbs, 12, Asa Sul, Brasilia, Distrito Federal",-15.76328,-47.93746,-15.80089,-47.88341,-15.80134,-47.88348,,,,ONIX,2022.0,23.0,PRATA,SGP-**61,,,Não,15,BRASILIA
TAXIGOV_DF_3,1364341,Ministério da Defesa,41066,DIRETA,SEORI/MD,,CONCLUÍDA,Reunião,,25.0,22.05,97.0,2024-07-15 12:03:56.370,2024-07-15 12:04:37.063,2024-07-15 12:17:33.663,2024-07-15 12:17:45.170,2024-07-15 12:52:52.507,,"MECANICATECH - SOLUCOES AUTOMOTIVAS, ADE AGUAS CLARAS CONJUNTO 16, 39",AREA DE DESENVOLVIMENTO ECONOMICO AGUAS CLARAS,BRASILIA,DF,"Ministerio da Defesa, Eixo Monumental, Brasilia, Distrito Federal","Ministerio da Defesa, Eixo Monumental, Brasilia, Distrito Federal",-15.87722,-48.01239,-15.79605,-47.86885,-15.79619,-47.86957,,,,,2022.0,2023.0,,SGO-**74,,,Sim,15,BRASILIA
TAXIGOV_DF_3,1364336,Ministério do Meio Ambiente,1927,DIRETA,CGAA/GMV/MMA,,CONCLUÍDA,Reunião,,12.86,11.225,49.9,2024-07-15 12:02:02.720,2024-07-15 12:02:10.190,2024-07-15 12:02:26.990,2024-07-15 13:29:15.467,2024-07-15 13:45:09.610,,"SHIS QI 23 CONJUNTO 10,",SETOR DE HABITACOES INDIVIDUAIS SUL,BRASILIA,DF,"MINISTERIO DA CULTURA BLOCO B, - ESPLANADA","MINISTERIO DA CULTURA BLOCO B, - ESPLANADA",-15.84376,-47.8476,-15.79856,-47.87251,-15.79902,-47.87236,,,,,2023.0,2023.0,,SGW-**96,,,Sim,15,BRASILIA
TAXIGOV_DF_3,1364330,Presidência da República,26,DIRETA,CGPPP/IN/CC/PR,,CONCLUÍDA,Reunião,,43.43,31.266,168.51,2024-07-15 11:59:44.510,2024-07-16 01:45:14.007,2024-07-16 01:54:13.720,2024-07-16 02:02:07.220,2024-07-16 03:01:01.413,,"IMPRENSA NACIONAL, ESTRADA PARQUE INDUSTRIAS GRAFICAS",ZONA INDUSTRIAL,BRASILIA,DF,"Setor Leste Quadra 9, Gama, Brasilia, DF","SETOR LESTE QUADRA 45, QD45 LT84, GAMA - DF, 72440-450, BRASIL",-15.79243,-47.9136,-16.01173,-48.05185,-16.00102,-48.05308,,,,,2024.0,25.0,,SSK-**89,,,Sim,15,BRASILIA
TAXIGOV_DF_3,1364327,Ministério da Saúde,304,DIRETA,CGSB/DESF/SAPS/MS,,CONCLUÍDA,Reunião,,6.16,4.702,23.9,2024-07-15 11:57:37.080,2024-07-15 11:57:46.420,2024-07-15 12:00:56.403,2024-07-15 12:04:55.090,2024-07-15 12:13:29.430,,ESPLANADA DOS MINISTERIOS,BRASILIA,BRASILIA,DF,"Centro Internacional de Convencoes do Brasil, SCES Trecho 2, Asa Sul, Brasilia, DF","Centro Internacional de Convencoes do Brasil, SCES Trecho 2, Asa Sul, Brasilia, DF",-15.802,-47.86917,-15.81568,-47.84475,-15.81568,-47.84471,,,,,2023.0,2023.0,,SGV-**21,,,Não,15,BRASILIA
TAXIGOV_DF_3,1364318,Presidência da República,26,DIRETA,DECADI/SECOI/SECOM/PR,,CONCLUÍDA,Reunião,,5.4,1.251,20.95,2024-07-15 11:52:26.680,2024-07-15 11:52:44.233,2024-07-15 12:07:43.787,2024-07-15 12:07:59.930,2024-07-15 12:15:47.600,,PALACIO DO PLANALTO,,BRASILIA,DF,"Palacio Itamaraty, Brasilia, Distrito Federal","EMI BLOCO G, ASA SUL, BRASILIA - DF, 70058-900, BRASIL",-15.79905,-47.86077,-15.80068,-47.8673,-15.79986,-47.86805,,,,,2023.0,2023.0,,SGS-**72,,,Não,15,BRASILIA
TAXIGOV_DF_3,1364311,Ministério da Saúde,304,DIRETA,GAB/SAES,,CONCLUÍDA,Reunião,,10.68,10.725,41.44,2024-07-15 11:47:39.600,2024-07-15 11:47:50.087,2024-07-15 11:53:12.690,2024-07-15 11:53:58.290,2024-07-15 12:08:41.483,,MINISTERIO DA SAUDE - BLOCO G,,BRASILIA,DF,"Escola Nacional de Administracao Publica - Enap, Asa Sul, Brasilia, DF","Escola Nacional de Administracao Publica - Enap, Asa Sul, Brasilia, DF",-15.80024,-47.86838,-15.83033,-47.93057,-15.83024,-47.9313,,,,,2022.0,2023.0,,SGN-**06,,,Sim,15,BRASILIA
TAXIGOV_DF_3,1364303,Ministério do Desenvolvimento Agrário e Agricultura Familiar,308794,DIRETA,GM / MDA,,CONCLUÍDA,Reunião,,8.54,6.435,33.14,2024-07-15 11:42:13.240,2024-07-15 11:42:23.037,2024-07-15 11:43:43.273,2024-07-15 11:44:30.677,2024-07-15 11:58:49.790,,EMI BLOCO C,BRASILIA,BRASILIA,DF,"Rubaiyat, Asa Sul, Brasilia, DF","Rubaiyat, Asa Sul, Brasilia, DF",-15.79937,-47.87171,-15.83358,-47.89267,-15.8334,-47.89275,,,,,2022.0,2022.0,,REU-**98,,,Não,15,BRASILIA
TAXIGOV_DF_3,1364286,Presidência da República,26,DIRETA,SNPS/SG/PR,,CONCLUÍDA,Reunião,,7.85,4.833,30.46,2024-07-15 11:34:40.290,2024-07-15 11:34:53.990,2024-07-15 11:40:01.860,2024-07-15 11:40:31.983,2024-07-15 11:51:12.530,,SCES TRECHO 2,ASA SUL,BRASILIA,DF,"Arco do Anexo do Palacio do Planalto, Via N1, Brasilia, DF","Arco do Anexo do Palacio do Planalto, Via N1, Brasilia, DF",-15.81568,-47.84475,-15.79967,-47.85931,-15.79971,-47.85936,,,,,2018.0,2018.0,,PBK-**91,,,Não,15,BRASILIA
TAXIGOV_DF_3,1364283,Ministério do Meio Ambiente,1927,DIRETA,CGAA/GMV/MMA,,CONCLUÍDA,Reunião,,16.58,10.954,64.33,2024-07-15 11:30:26.773,2024-07-15 11:30:40.583,2024-07-15 11:33:11.447,2024-07-15 11:35:00.133,2024-07-15 12:00:27.183,,EMI BLOCO B,BRASILIA,BRASILIA,DF,"Lago Sul, Brasilia, DF","SHIS QI 23 CONJUNTO 10, 19, SETOR DE HABITACOES INDIVIDUAIS SUL, LAGO SUL - DF, 71660-100, BRASIL",-15.7989,-47.87204,-15.84143,-47.87675,-15.84465,-47.84732,,,,,2023.0,2023.0,,SGW-**96,,,Sim,15,BRASILIA
TAXIGOV_DF_3,1364282,Ministério da Saúde,304,DIRETA,GM/MS,,CONCLUÍDA,Reunião,,5.57,4.23,21.61,2024-07-15 11:30:06.410,2024-07-15 11:30:47.973,2024-07-15 11:35:33.957,2024-07-15 11:36:11.730,2024-07-15 11:49:01.590,,MINISTERIO DA SAUDE,BRASILIA,BRASILIA,DF,"PO700 - Ministerio da Saude, SRTVN, 701, Asa Norte, Brasilia, DF","SRTVN BLOCO B, BLOCO B, ASA NORTE, BRASILIA - DF, 70719-903, BRASIL",-15.80032,-47.86842,-15.78407,-47.89045,-15.7843,-47.88877,,,,,2021.0,2022.0,,RET-**80,,,Não,15,BRASILIA
TAXIGOV_DF_3,1364251,Ministério da Defesa,41066,DIRETA,ESD/MD,,CONCLUÍDA,Reunião,,12.54,12.371,48.66,2024-07-15 11:14:07.690,2024-07-15 11:14:18.087,2024-07-15 11:18:40.497,2024-07-15 11:19:41.137,2024-07-15 11:35:18.973,,"EM BLOCO Q,",BRASILIA,BRASILIA,DF,"Escola Superior de Defesa, DF-001, km 27, Jardim Botanico, Brasilia, Distrito Federal","ESAF, LAGO SUL - DF, BRASIL",-15.79629,-47.86882,-15.86728,-47.82376,-15.86734,-47.8221,,,,,2023.0,2023.0,,SGV-**21,,,Sim,15,BRASILIA
TAXIGOV_DF_3,1364240,Ministério das Relações Exteriores,263,DIRETA,SGAD/SG/MRE,,CONCLUÍDA,Serviço externo / técnico,,7.14,7.84,27.7,2024-07-15 11:06:50.447,2024-07-15 11:06:57.470,2024-07-15 11:07:09.060,2024-07-15 11:09:40.470,2024-07-15 11:20:41.937,,"SQS 213 BLOCO E,",ASA SUL,BRASILIA,DF,"ANEXO II DO ITAMARATY(BOLO DE NOIVA), - ASA SUL","ANEXO II DO ITAMARATY(BOLO DE NOIVA), - ASA SUL",-15.82941,-47.91436,-15.80173,-47.86795,-15.80189,-47.86777,,,,,,,,SGR-**11,,,Não,15,BRASILIA
TAXIGOV_DF_ENTIDADES,1364238,Fundação Oswaldo Cruz,315,INDIRETA,PSAT/FIOCRUZ-BSB,,CONCLUÍDA,Reunião,,27.5,23.313,101.75,2024-07-15 11:05:32.180,2024-07-15 11:05:40.193,2024-07-15 11:31:44.470,2024-07-15 11:46:19.500,2024-07-15 12:14:10.170,,"SOBRADINHO I, UBS 3",PA 45,BRASILIA,DF,"CAMPUS UNIVERSITARIO DARCY RIBEIRO, - CAMPUS UNIVERSITARIO DARCY RIBEIRO","CAMPUS DARCY RIBEIRO UNB, ASA NORTE, BRASILIA - DF, 70910-900, BRASIL",-15.64934,-47.82826,-15.76371,-47.86878,-15.77144,-47.87083,,,,SIENA,2021.0,21.0,BRANCA,REO-**09,,,Sim,15,BRASILIA
TAXIGOV_DF_ENTIDADES,1364213,Fundo Nacional de Desenvolvimento da Educação,253,INDIRETA,DISEC/FNDE,,CONCLUÍDA,Reunião,,8.73,9.647,32.3,2024-07-15 10:52:08.167,2024-07-15 10:52:14.733,2024-07-15 11:11:24.707,2024-07-15 11:11:44.953,2024-07-15 11:26:36.013,,"SAAN QD 1 MEC FNDE DEPOSITO ARQUIVO,",SAAN,BRASILIA,DF,"SBS FNDE, - ASA SUL","SBS FNDE, - ASA SUL",-15.76717,-47.9393,-15.80091,-47.88345,-15.80126,-47.88378,,,,ONIX,2023.0,2024.0,PRATA,SGW-**05,,,Não,15,BRASILIA
TAXIGOV_DF_ENTIDADES,1364212,Agência Nacional de Aviação Civil,86144,INDIRETA,ASTEC/ANAC,,CONCLUÍDA,Reunião,,12.6,,46.62,2024-07-15 10:50:43.367,2024-07-15 10:51:03.263,2024-07-15 10:59:55.073,2024-07-15 11:00:02.420,2024-07-15 11:24:19.450,,"ESTRADA PARQUE AEROPORTO, 1471",AEROPORTO,BRASILIA,DF,"Agencia Nacional de Aviacao Civil, Asa Sul, Brasilia, DF","Agencia Nacional de Aviacao Civil, Asa Sul, Brasilia, DF",-15.86967,-47.9325,-15.79456,-47.89348,,,5.0,,,SPIN,2023.0,2024.0,PRATA,SGX-**39,,,Sim,15,BRASILIA
TAXIGOV_DF_3,1364203,Ministério das Relações Exteriores,263,DIRETA,SGAD/SG/MRE,,CONCLUÍDA,Serviço externo / técnico,,9.09,7.561,35.27,2024-07-15 10:46:35.580,2024-07-15 10:46:44.837,2024-07-15 10:48:50.503,2024-07-15 10:53:15.487,2024-07-15 11:06:13.320,,VIA S2,ASA SUL,BRASILIA,DF,"BL E, Asa Sul, Brasilia, DF","BL E, Asa Sul, Brasilia, DF",-15.80205,-47.868,-15.82939,-47.91435,-15.82928,-47.91457,,,,,,,,SGR-**11,,,Não,15,BRASILIA
TAXIGOV_DF_3,1364196,Ministério da Educação,244,DIRETA,SECADI,,CONCLUÍDA,Reunião,,5.52,5.594,21.42,2024-07-15 10:43:13.660,2024-07-15 10:43:21.520,2024-07-15 10:43:33.900,2024-07-15 10:44:24.970,2024-07-15 10:52:54.737,,"SCES CICB,",SCES,BRASILIA,DF,"MINISTERIO DA EDUCACAO BL L, - PA 2","SGO, ASA NORTE, BRASILIA - DF, BRASIL",-15.81548,-47.84479,-15.79534,-47.87311,-15.79347,-47.87291,,,,,2023.0,2023.0,,SGV-**21,,,Não,15,BRASILIA
TAXIGOV_DF_3,1364187,Advocacia-Geral da União,46,DIRETA,DPOFC/SGA/AGU,,CONCLUÍDA,Transporte de documentos / materiais,,5.7,6.492,22.12,2024-07-15 10:40:28.650,2024-07-15 10:40:35.437,2024-07-15 10:40:50.027,2024-07-15 10:59:28.223,2024-07-15 11:10:19.687,,"SIG AGU SEDE II,",PA 31,BRASILIA,DF,"MINISTERIO DA ECONOMIA BL K, - PA 2","MINISTERIO DA ECONOMIA BL K, - PA 2",-15.79188,-47.91234,-15.79482,-47.87401,-15.79472,-47.87362,,,,,2018.0,2019.0,,PBO-**89,,,Não,15,BRASILIA
TAXIGOV_DF_ENTIDADES,1364153,Fundação Oswaldo Cruz,315,INDIRETA,PSAT/FIOCRUZ-BSB,,CONCLUÍDA,Reunião,,25.63,25.549,94.83,2024-07-15 10:27:07.583,2024-07-15 10:27:37.773,2024-07-15 10:33:01.183,2024-07-15 10:34:19.800,2024-07-15 11:00:31.610,,UNB CAMPUS DARCY RIBEIRO,ASA NORTE,BRASILIA,DF,"UBS Nova Colina, Brasilia, DF","UBS Nova Colina, Brasilia, DF",-15.77112,-47.87152,-15.64803,-47.75528,-15.64827,-47.75517,,,,SIENA,2021.0,21.0,BRANCA,REO-**09,,,Sim,15,BRASILIA
TAXIGOV_DF_ENTIDADES,1364150,Fundo Nacional de Desenvolvimento da Educação,253,INDIRETA,DISEC/FNDE,,CONCLUÍDA,Reunião,,9.48,9.831,35.08,2024-07-15 10:23:57.443,2024-07-15 10:24:42.310,2024-07-15 10:30:27.783,2024-07-15 10:31:56.793,2024-07-15 10:50:15.310,,"FUNDO NACIONAL DE DESENVOLVIMENTO DA EDUCACAO, SBS, 12",ASA SUL,BRASILIA,DF,"SAAN Quadra 1, Brasilia, Distrito Federal","SAAN QUADRA 1 BLOCO B, 220, BRASILIA - DF, 70632-100, BRASIL",-15.80089,-47.88341,-15.76328,-47.93746,-15.76739,-47.9393,,,,ONIX,2023.0,2024.0,PRATA,SGW-**05,,,Não,15,BRASILIA
TAXIGOV_DF_3,1364146,Ministério da Saúde,304,DIRETA,DGIP/SE,,CONCLUÍDA,Reunião,,5.35,3.49,20.76,2024-07-15 10:22:08.647,2024-07-15 10:22:17.347,2024-07-15 10:25:19.193,2024-07-15 10:26:16.633,2024-07-15 10:39:07.213,,MINISTERIO DA SAUDE - BLOCO G,,BRASILIA,DF,"PO700 - Ministerio da Saude, SRTVN, 701, Asa Norte, Brasilia, DF","VIA W3 NORTE, ASA NORTE, BRASILIA - DF, BRASIL",-15.80024,-47.86838,-15.78407,-47.89045,-15.79002,-47.88909,,,,,2021.0,2021.0,,RDJ-**50,,,Não,15,BRASILIA
TAXIGOV_DF_3,1364140,Advocacia-Geral da União,46,DIRETA,DPOFC/SGA/AGU,,CONCLUÍDA,Transporte de documentos / materiais,,6.96,6.869,27.0,2024-07-15 10:18:56.293,2024-07-15 10:19:04.060,2024-07-15 10:22:05.590,2024-07-15 10:23:20.987,2024-07-15 10:39:48.447,,ESPLANADA DOS MINISTERIOS,ZONA CIVICO-ADMINISTRATIVA,BRASILIA,DF,"Advocacia-Geral da Uniao - Sede III, Brasilia, DF","Advocacia-Geral da Uniao - Sede III, Brasilia, DF",-15.79906,-47.87167,-15.79215,-47.9124,-15.79234,-47.91241,,,,,2018.0,2019.0,,PBO-**89,,,Não,15,BRASILIA
TAXIGOV_DF_ENTIDADES,1364135,Conselho Administrativo de Defesa Econômica,322,INDIRETA,CGP/CADE,,CONCLUÍDA,Reunião,,8.53,9.157,31.56,2024-07-15 10:14:54.560,2024-07-15 10:15:01.890,2024-07-15 10:15:12.510,2024-07-15 10:21:39.647,2024-07-15 10:33:13.450,,"CHAPELARIA DO SENADO,",PA 1,BRASILIA,DF,"515 NORTE CADE, - ASA NORTE","515 NORTE CADE, - ASA NORTE",-15.79943,-47.8642,-15.74194,-47.89732,-15.74244,-47.89721,,,,YARES,2022.0,2023.0,BRANCA,SGP-**69,,,Não,15,BRASILIA
TAXIGOV_DF_ENTIDADES,1364126,Fundação Universidade de Brasília,470,INDIRETA,USG,16205.0,CONCLUÍDA,Transporte de documentos / materiais,,5.48,5.138,21.04,2024-07-15 10:10:26.067,2024-07-15 10:10:33.337,2024-07-15 10:10:42.597,2024-07-15 10:12:18.977,2024-07-15 10:19:10.967,,"HOSPITAL DE BASE,",PA 4,BRASILIA,DF,"HOSPITAL HUB, - PA 15","HOSPITAL HUB, - PA 15",-15.80015,-47.88879,-15.77154,-47.87384,-15.77188,-47.87298,,,,SIENA,2021.0,21.0,BRANCA,REO-**09,,,Não,15,BRASILIA
TAXIGOV_DF_ENTIDADES,1364125,Fundação Oswaldo Cruz,315,INDIRETA,NEVS/FIOCRUZ-BSB,,CONCLUÍDA,Reunião,,24.96,24.594,92.35,2024-07-15 10:10:04.457,2024-07-15 12:50:05.910,2024-07-15 12:57:01.830,2024-07-15 13:02:30.370,2024-07-15 13:31:36.770,,HOSPITAL UNIVERSITARIO DE BRASILIA - EMERGENCIA,ASA NORTE,BRASILIA,DF,"UBS 1 Sao Sebastiao, Brasilia, Distrito Federal","UBS 1 Sao Sebastiao, Brasilia, Distrito Federal",-15.77171,-47.87302,-15.90244,-47.77262,-15.90219,-47.7727,,,,KICKS,2023.0,2023.0,PRETA,SGT-**78,,,Sim,15,BRASILIA
TAXIGOV_DF_3,1364105,Ministério da Educação,244,DIRETA,SECADI,,CONCLUÍDA,Reunião,,9.61,5.923,37.29,2024-07-15 09:59:04.310,2024-07-15 10:00:54.490,2024-07-15 10:03:47.533,2024-07-15 10:07:05.190,2024-07-15 10:41:49.743,,MINISTERIO DA EDUCACAO,PA 2,BRASILIA,DF,"Centro Internacional de Convencoes do Brasil, SCES Trecho 2, Asa Sul, Brasilia, DF","Centro Internacional de Convencoes do Brasil, SCES Trecho 2, Asa Sul, Brasilia, DF",-15.79501,-47.87305,-15.81568,-47.84475,-15.81587,-47.84438,,,,,2023.0,2023.0,,SGV-**21,,,Não,15,BRASILIA
TAXIGOV_DF_3,1364098,Presidência da República,26,DIRETA,SECOI/SECOM/PR,,CONCLUÍDA,Reunião,,8.92,6.969,34.61,2024-07-15 09:57:05.480,2024-07-15 09:57:18.817,2024-07-15 10:00:49.203,2024-07-15 10:01:08.023,2024-07-15 10:18:06.450,,PLANALTO BITTAR - HOTEL E EVENTOS,ASA SUL,BRASILIA,DF,"Centro Internacional de Convencoes do Brasil, SCES Trecho 2, Asa Sul, Brasilia, Distrito Federal","SCES TRECHO 2, 2/43, ASA SUL, BRASILIA - DF, 70200-002, BRASIL",-15.79367,-47.88913,-15.81569,-47.84475,-15.81499,-47.84582,,,,,2023.0,2024.0,,SSG-**88,,,Não,15,BRASILIA
TAXIGOV_DF_ENTIDADES,1364091,Fundação Universidade de Brasília,470,INDIRETA,USG,16205.0,CONCLUÍDA,Transporte de documentos / materiais,,5.37,5.487,20.62,2024-07-15 09:54:05.820,2024-07-15 09:54:33.763,2024-07-15 09:57:24.987,2024-07-15 09:58:43.150,2024-07-15 10:08:45.530,,HOSPITAL UNIVERSITÁRIO DE BRASÍLIA,ASA NORTE,BRASÍLIA,DF,HOSPITAL DE BASE DO DISTRITO FEDERAL - ASA SUL - BRASÍLIA / DF,"SMHS BLOCO D, BLOCO D, ASA SUL, BRASILIA - DF, 70322-000, BRASIL",-15.77091,-47.87361,-15.80024,-47.88879,-15.80028,-47.89015,,,,SIENA,2021.0,21.0,BRANCA,REO-**09,,,Não,15,BRASÍLIA
TAXIGOV_DF_ENTIDADES,1364089,Agência Nacional de Aviação Civil,86144,INDIRETA,ASTEC/ANAC,,CONCLUÍDA,Reunião,,13.73,12.734,50.8,2024-07-15 09:53:54.317,2024-07-15 09:54:10.710,2024-07-15 09:59:20.190,2024-07-15 10:00:01.607,2024-07-15 10:14:04.987,,AGENCIA NACIONAL DE AVIACAO CIVIL,ASA SUL,BRASILIA,DF,"Centro de Treinamento da Agencia Nacional de Aviacao Civil, Estrada Parque Aeroporto, 1471, Brasilia, DF","Centro de Treinamento da Agencia Nacional de Aviacao Civil, Estrada Parque Aeroporto, 1471, Brasilia, DF",-15.79456,-47.89348,-15.86967,-47.9325,-15.8697,-47.93243,,,,ONIX,2023.0,2024.0,BRANCA,SSG-**08,,,Sim,15,BRASILIA
TAXIGOV_DF_ENTIDADES,1364088,Conselho Administrativo de Defesa Econômica,322,INDIRETA,CGP/CADE,,CONCLUÍDA,Reunião,,11.59,11.259,42.88,2024-07-15 09:53:32.057,2024-07-15 09:53:41.523,2024-07-15 09:56:24.233,2024-07-15 09:57:48.620,2024-07-15 10:12:10.280,,"CONSELHO ADMINISTRATIVO DE DEFESA ECONOMICA (CADE), SEPN 515 CONJ. D LOTE 4",ASA NORTE,BRASILIA,DF,"Senado Federal, Pca. dos Tres Poderes, ZONA CIVICOADMINISTRATIVA, BRASILIA, DF","VIA N. DOIS LESTE, ASA NORTE, BRASILIA - DF, BRASIL",-15.7423,-47.8975,-15.79648,-47.86178,-15.79725,-47.86371,,,,YARES,2022.0,2023.0,BRANCA,SGP-**69,,,Sim,15,BRASILIA
TAXIGOV_DF_ENTIDADES,1364074,Empresa Brasileira de Serviços Hospitalares,117267,INDIRETA,DAS/EBSERH,,CONCLUÍDA,Reunião,,8.81,7.785,30.75,2024-07-15 09:45:13.437,2024-07-15 09:45:22.663,2024-07-15 09:52:20.807,2024-07-15 09:53:03.803,2024-07-15 10:07:03.527,,EDIFICIO PARQUE CIDADE CORPORATE,ASA SUL,BRASILIA,DF,"Centro Internacional de Convencoes do Brasil, SCES Trecho 2, Asa Sul, Brasilia, Distrito Federal","Centro Internacional de Convencoes do Brasil, SCES Trecho 2, Asa Sul, Brasilia, Distrito Federal",-15.7951,-47.89345,-15.81569,-47.84475,-15.81569,-47.84466,,,,ONIX,2018.0,2018.0,PRATA,SGT-**90,,,Não,15,BRASILIA
TAXIGOV_DF_3,1364065,Ministério da Saúde,304,DIRETA,CGESCO,,CONCLUÍDA,Reunião,,5.95,4.978,23.09,2024-07-15 09:40:50.353,2024-07-15 09:41:01.060,2024-07-15 09:45:27.967,2024-07-15 09:45:39.040,2024-07-15 09:55:31.733,,"MINISTERIO DA SAUDE - ANEXO A, ESPLANADA DOS MINISTERIOS, BL. G",ZONA CIVICOADMINISTRATIVA,BRASILIA,DF,"Centro Internacional de Convencoes do Brasil, SCES Trecho 2, Asa Sul, Brasilia, Distrito Federal","Centro Internacional de Convencoes do Brasil, SCES Trecho 2, Asa Sul, Brasilia, Distrito Federal",-15.80203,-47.86871,-15.81569,-47.84475,-15.8158,-47.84451,,,,,2022.0,2023.0,,SGO-**86,,,Não,15,BRASILIA
TAXIGOV_DF_3,1364061,Ministério do Desenvolvimento Agrário e Agricultura Familiar,308794,DIRETA,ASPAR / MDA,,CONCLUÍDA,Reunião,,7.08,7.169,27.47,2024-07-15 09:38:34.367,2024-07-15 09:38:42.010,2024-07-15 09:40:53.827,2024-07-15 09:41:59.077,2024-07-15 09:56:25.357,,"BANCA DE REVISTAS - SBN, SBN 1",ASA NORTE,BRASILIA,DF,"Instituto Nacional de Meteorologia, Brasilia, Distrito Federal","INSTITUTO NACIONAL DE METEOROLOGIA, SUDOESTE/OCTOGONAL, CRUZEIRO - DF, BRASIL",-15.79103,-47.8798,-15.78763,-47.92147,-15.79176,-47.92529,,,,,2023.0,2023.0,,SGT-**38,,,Não,15,BRASILIA
TAXIGOV_DF_ENTIDADES,1364059,Empresa de Tecnologia e Informações da Previdência,303,INDIRETA,SGDF/DATAPREV,,CONCLUÍDA,Reunião,,5.5,6.109,20.35,2024-07-15 09:36:25.643,2024-07-15 09:40:35.680,2024-07-15 09:48:04.980,2024-07-15 09:48:07.850,2024-07-15 09:59:32.073,,VIA L2 SUL,ASA SUL,BRASILIA,DF,"AC Coelho Tintas Asa Sul, Asa Sul, Brasilia, DF","AC Coelho Tintas Asa Sul, Asa Sul, Brasilia, DF",-15.80034,-47.87811,-15.81963,-47.91183,-15.81983,-47.91177,,,,COROLLA,2022.0,2023.0,PRETA,RET-**66,,,Não,15,BRASILIA
TAXIGOV_DF_3,1364052,Ministério das Relações Exteriores,263,DIRETA,SGAD/SG/MRE,,CONCLUÍDA,Reunião,,10.54,10.451,40.9,2024-07-15 09:34:48.090,2024-07-15 09:34:59.990,2024-07-15 09:39:36.237,2024-07-15 09:40:13.777,2024-07-15 09:55:40.023,,"ESPLANADA DOS MINISTERIOS, BLOCO H",ASA SUL,BRASILIA,DF,"Unitrans International, SAAN Quadra 1, SAAN, Brasilia, DF","Unitrans International, SAAN Quadra 1, SAAN, Brasilia, DF",-15.80129,-47.8677,-15.76826,-47.93901,-15.76815,-47.93907,,,,,2018.0,2019.0,,PBO-**89,,,Sim,15,BRASILIA
TAXIGOV_DF_ENTIDADES,1364037,Banco Central do Brasil,89,INDIRETA,DEMAP/DIDOC,,CONCLUÍDA,Outros,,5.02,5.317,18.77,2024-07-15 09:27:24.467,2024-07-15 09:27:28.867,2024-07-15 09:32:06.227,2024-07-15 09:32:10.490,2024-07-15 09:43:56.563,,"QUADRA SIG QUADRA 8, 2025",ZONA INDUSTRIAL,BRASÍLIA,DF,0 - SET MEDICO HOSP - BRASÍLIA / DF,0 - SET MEDICO HOSP - BRASÍLIA / DF,-15.79623,-47.91352,-15.80322,-47.88516,-15.80337,-47.885,,,,COROLLA PRETA,2024.0,2024.0,,SSK-**66,,,Não,15,BRASÍLIA
TAXIGOV_DF_ENTIDADES,1364020,Fundo Nacional de Desenvolvimento da Educação,253,INDIRETA,DIARC/FNDE,,CONCLUÍDA,Reunião,,9.94,9.554,36.78,2024-07-15 09:14:55.363,2024-07-15 09:15:19.930,2024-07-15 09:20:11.757,2024-07-15 09:22:32.773,2024-07-15 09:39:40.760,,"SAAN QUADRA 1 BLOCO B, 180",ZONA INDUSTRIAL,BRASILIA,DF,"Fundo Nacional de Desenvolvimento da Educacao, Sbs, 12, Asa Sul, Brasilia, DF","Fundo Nacional de Desenvolvimento da Educacao, Sbs, 12, Asa Sul, Brasilia, DF",-15.76769,-47.93953,-15.80089,-47.88341,-15.8013,-47.88349,,,,COROLLA,2022.0,2023.0,PRETA,RET-**66,,,Não,15,BRASILIA
TAXIGOV_DF_ENTIDADES,1363990,Empresa Brasileira de Serviços Hospitalares,117267,INDIRETA,APDF/EBSERH,,CONCLUÍDA,Reunião,,11.66,12.939,40.69,2024-07-15 08:56:29.277,2024-07-15 08:56:41.113,2024-07-15 09:13:41.887,2024-07-15 09:13:48.380,2024-07-15 09:28:54.470,,"VIA W2 SUL, 13",ASA SUL,BRASILIA,DF,"Centro Internacional de Convencoes do Brasil, SCES Trecho 2, Asa Sul, Brasilia, DF","Centro Internacional de Convencoes do Brasil, SCES Trecho 2, Asa Sul, Brasilia, DF",-15.82816,-47.92731,-15.81568,-47.84475,-15.81547,-47.84518,,,,KICKS,2022.0,2022.0,BRANCA,REU-**33,,,Sim,15,BRASILIA
TAXIGOV_DF_3,1363982,Ministério da Saúde,304,DIRETA,CGSPD/DAET/SAES/MS,,CONCLUÍDA,Reunião,,11.76,8.679,45.63,2024-07-15 08:50:03.920,2024-07-15 08:50:18.783,2024-07-15 08:57:53.897,2024-07-15 08:59:19.843,2024-07-15 09:14:36.603,,SRTVN QUADRA 03,ASA NORTE,BRASILIA,DF,"Centro Internacional de Convencoes do Brasil, SCES Trecho 2, Asa Sul, Brasilia, DF","Centro Internacional de Convencoes do Brasil, SCES Trecho 2, Asa Sul, Brasilia, DF",-15.78354,-47.8903,-15.81568,-47.84475,-15.81554,-47.84508,,,,,2021.0,2022.0,,RMO-**95,,,Sim,15,BRASILIA
TAXIGOV_DF_ENTIDADES,1363977,Agência Nacional de Transportes Terrestres,54793,INDIRETA,SUESP,,CONCLUÍDA,Reunião,,9.03,5.537,33.23,2024-07-15 08:48:04.073,2024-07-15 08:48:11.650,2024-07-15 08:50:06.807,2024-07-15 08:51:49.510,2024-07-15 09:09:02.577,,EIXO MONUMENTAL,,BRASILIA,DF,"ANTT Agencia Nacional de Transportes Terrestres - Sede, Brasilia, DF","ANTT Agencia Nacional de Transportes Terrestres - Sede, Brasilia, DF",-15.79859,-47.87243,-15.80991,-47.84491,-15.80956,-47.8451,,,,SIENA,2017.0,2017.0,BRANCA,PAX-**00,,,Não,15,BRASILIA
TAXIGOV_DF_3,1363970,Ministério da Educação,244,DIRETA,SECADI,,CONCLUÍDA,Reunião,,6.9,5.924,26.77,2024-07-15 08:43:19.620,2024-07-15 08:43:34.687,2024-07-15 08:45:09.590,2024-07-15 08:45:57.703,2024-07-15 08:59:38.693,,"ESPLANADA DOS MINISTERIOS, BL. L",ASA NORTE,BRASILIA,DF,"Centro Internacional de Convencoes do Brasil, SCES Trecho 2, Asa Sul, Brasilia, DF","Centro Internacional de Convencoes do Brasil, SCES Trecho 2, Asa Sul, Brasilia, DF",-15.79331,-47.87215,-15.81568,-47.84475,-15.8156,-47.8449,,,,,2017.0,2017.0,,PAQ-**13,,,Não,15,BRASILIA
TAXIGOV_DF_3,1363962,Ministério da Defesa,41066,DIRETA,ESD/MD,,CONCLUÍDA,Reunião,,16.68,14.298,64.72,2024-07-15 08:36:50.490,2024-07-15 08:37:54.820,2024-07-15 08:49:08.627,2024-07-15 08:49:30.670,2024-07-15 09:15:20.010,,"ESCOLA SUPERIOR DE DEFESA, DF-001, KM 27",JARDIM BOTANICO,BRASILIA,DF,"Ministerio da Defesa, Eixo Monumental, Brasilia, Distrito Federal","Ministerio da Defesa, Eixo Monumental, Brasilia, Distrito Federal",-15.86728,-47.82376,-15.79605,-47.86885,-15.79633,-47.86871,,,,,2022.0,2023.0,,SGO-**30,,,Sim,15,BRASILIA
TAXIGOV_DF_ENTIDADES,1363955,Agência Nacional de Aviação Civil,86144,INDIRETA,SFI/ANAC,,CONCLUÍDA,Reunião,,5.49,3.528,20.31,2024-07-15 08:30:15.440,2024-07-15 08:30:23.187,2024-07-15 08:31:22.830,2024-07-15 08:32:27.337,2024-07-15 08:43:11.067,,AGENCIA NACIONAL DE AVIACAO CIVIL,ASA SUL,BRASILIA,DF,"Ministerio da Defesa - Anexo, Asa Norte, Brasilia, DF","Ministerio da Defesa - Anexo, Asa Norte, Brasilia, DF",-15.79456,-47.89348,-15.79442,-47.87028,-15.79433,-47.87059,,,,LOGAN,2019.0,2020.0,BRANCA,QWT-**02,,,Não,15,BRASILIA
TAXIGOV_DF_3,1363944,Presidência da República,26,DIRETA,COENGE/DIENP/SA/CC/PR,,CONCLUÍDA,Reunião,,5.89,5.902,22.85,2024-07-15 08:22:03.537,2024-07-15 08:22:11.270,2024-07-15 08:22:23.163,2024-07-15 08:30:32.207,2024-07-15 08:42:00.497,,"SQS 104 BLOCO K,",ASA SUL,BRASILIA,DF,"SGO COENGE, - SGO","EM, ASA NORTE, BRASILIA - DF, BRASIL",-15.809,-47.89508,-15.79637,-47.85878,-15.79804,-47.85943,,,,,2023.0,2023.0,,SGW-**96,,,Não,15,BRASILIA
TAXIGOV_DF_3,1363919,Presidência da República,26,DIRETA,COENGE/DIENP/SA/CC/PR,,CONCLUÍDA,Reunião,,7.49,5.89,29.06,2024-07-15 07:53:37.827,2024-07-15 07:56:25.043,2024-07-15 08:04:56.883,2024-07-15 08:05:59.233,2024-07-15 08:20:10.250,,PRACA DOS TRES PODERES,ZONA CIVICO-ADMINISTRATIVA,BRASILIA,DF,"SQS 104 Bl. K, Asa Sul, Brasilia, DF","SQS 104 Bl. K, Asa Sul, Brasilia, DF",-15.79655,-47.85887,-15.80935,-47.89385,-15.80932,-47.89377,,,,,2023.0,2023.0,,SGW-**96,,,Não,15,BRASILIA
TAXIGOV_DF_ENTIDADES,1363858,Fundação Oswaldo Cruz,315,INDIRETA,NEVS/FIOCRUZ-BSB,,CONCLUÍDA,Reunião,,22.04,22.682,81.55,2024-07-14 20:37:57.937,2024-07-15 06:30:16.833,2024-07-15 06:36:16.200,2024-07-15 06:43:27.000,2024-07-15 07:08:19.170,,HOSPITAL UNIVERSITARIO DE BRASILIA - EMERGENCIA,ASA NORTE,BRASILIA,DF,"Hospital Regional de Sobradinho, Q 12, Brasilia, Distrito Federal","Hospital Regional de Sobradinho, Q 12, Brasilia, Distrito Federal",-15.77171,-47.87302,-15.64827,-47.79261,-15.64891,-47.79274,,,,KICKS,2023.0,2023.0,PRETA,SGT-**78,,,Sim,14,BRASILIA
TAXIGOV_DF_3,1363828,Presidência da República,26,DIRETA,COREP/SA/SE/CC/PR,,CONCLUÍDA,Reunião,,33.91,25.991,131.57,2024-07-14 13:57:19.957,2024-07-14 13:58:33.710,2024-07-14 14:09:03.360,2024-07-14 14:09:10.020,2024-07-14 14:42:11.087,,PALACIO DO PLANALTO,,BRASILIA,DF,"Ar 18 Conjunto 2 3, Brasilia, Distrito Federal","Ar 18 Conjunto 2 3, Brasilia, Distrito Federal",-15.79905,-47.86077,-15.65099,-47.82278,-15.65103,-47.82306,,,,,2018.0,2018.0,,PBJ-**32,,,Sim,14,BRASILIA
TAXIGOV_DF_3,1363826,Presidência da República,26,DIRETA,COREP/SA/SE/CC/PR,,CONCLUÍDA,Reunião,,17.55,17.628,68.09,2024-07-14 13:28:46.383,2024-07-14 13:31:32.187,2024-07-14 13:44:07.053,2024-07-14 13:46:08.693,2024-07-14 14:06:59.317,,PALACIO DO PLANALTO,,BRASILIA,DF,"Residencial Del Rey, QI 23, Lt. 10, Guara, Brasilia, DF","Residencial Del Rey, QI 23, Lt. 10, Guara, Brasilia, DF",-15.79905,-47.86077,-15.829,-47.98139,-15.82924,-47.9815,,,,,,,,PBP-**75,,,Sim,14,BRASILIA
TAXIGOV_DF_3,1363805,Presidência da República,26,DIRETA,CERIMONIAL/SRI/PR,,CONCLUÍDA,Reunião,,14.7,,57.03,2024-07-13 21:57:28.637,2024-07-13 22:01:31.710,2024-07-13 22:08:11.003,2024-07-13 22:08:20.750,2024-07-13 22:37:50.883,,AEROPORTO INTERNACIONAL DE BRASILIA,,BRASILIA,DF,"SQN 402 Bloco E, SQN 402 Bl. E, ASA NORTE, BRASILIA, DF","SQN 402 Bloco E, SQN 402 Bl. E, ASA NORTE, BRASILIA, DF",-15.86974,-47.91723,-15.78308,-47.87457,,,5.0,,,,2022.0,2023.0,,SGN-**24,,,Sim,13,BRASILIA
TAXIGOV_DF_ENTIDADES,1363749,Fundação Oswaldo Cruz,315,INDIRETA,NEVS/FIOCRUZ-BSB,,CONCLUÍDA,Reunião,,34.51,34.838,127.69,2024-07-13 12:28:57.473,2024-07-13 12:29:05.963,2024-07-13 12:29:29.970,2024-07-13 12:33:07.767,2024-07-13 13:08:07.380,,"RUA 19,",NUCLEO RURAL LAGO OESTE SOBRADINHO,BRASILIA,DF,"Hospital Universitario de Brasilia - Emergencia, Asa Norte, Brasilia, Distrito Federal","Hospital Universitario de Brasilia - Emergencia, Asa Norte, Brasilia, Distrito Federal",-15.5695,-48.00789,-15.77171,-47.87302,-15.77176,-47.87299,,,,ETIOS,2019.0,2020.0,PRATA,REF-**82,,,Sim,13,BRASILIA
TAXIGOV_DF_ENTIDADES,1363733,Fundação Oswaldo Cruz,315,INDIRETA,NEVS/FIOCRUZ-BSB,,CONCLUÍDA,Reunião,,34.82,32.4,128.83,2024-07-13 09:41:26.883,2024-07-13 09:41:36.403,2024-07-13 09:41:43.900,2024-07-13 09:41:51.030,2024-07-13 10:22:19.667,,UBS 07 SAMAMBAIA,SAMAMBAIA SUL SAMAMBAIA,BRASILIA,DF,"Hospital Universitario de Brasilia - Emergencia, Asa Norte, Brasilia, Distrito Federal","Hospital Universitario de Brasilia - Emergencia, Asa Norte, Brasilia, Distrito Federal",-15.87801,-48.08265,-15.77171,-47.87302,-15.77175,-47.87297,,,,LOGAN,2022.0,2023.0,PRATA,SGO-**30,,,Sim,13,BRASILIA
TAXIGOV_DF_3,1363716,Presidência da República,26,DIRETA,SECOI/SECOM/PR,,CONCLUÍDA,Reunião,,15.03,15.32,58.32,2024-07-13 08:11:59.587,2024-07-13 08:13:03.070,2024-07-13 08:15:13.790,2024-07-13 08:15:42.967,2024-07-13 08:32:05.103,,"RODOVIA PRESIDENTE JUSCELINO KUBITSCHEK, S/N",AEROPORTO,BRASILIA,DF,"Palacio do Planalto, Brasilia, DF","Palacio do Planalto, Brasilia, DF",-15.86997,-47.92097,-15.79905,-47.86077,-15.79919,-47.86182,,,,,2023.0,2024.0,,SGW-**91,,,Sim,13,BRASILIA
TAXIGOV_DF_3,1363715,Presidência da República,26,DIRETA,DECADI/SECOI/SECOM/PR,,CONCLUÍDA,Reunião,,19.1,19.71,74.11,2024-07-13 08:10:18.173,2024-07-13 08:13:53.337,2024-07-13 08:22:22.907,2024-07-13 08:23:40.027,2024-07-13 08:47:35.827,,AEROPORTO INTERNACIONAL DE BRASILIA,,BRASILIA,DF,"Park Ville, Via W 5 Norte, Asa Norte, Brasilia, Distrito Federal","SGAN 913, ASA NORTE, BRASILIA - DF, 70790-130, BRASIL",-15.87069,-47.91935,-15.75372,-47.89886,-15.75474,-47.90246,,,,,2022.0,2023.0,,REU-**92,,,Sim,13,BRASILIA
TAXIGOV_DF_ENTIDADES,1363703,Fundação Oswaldo Cruz,315,INDIRETA,NEVS/FIOCRUZ-BSB,,CONCLUÍDA,Reunião,,17.74,17.919,65.64,2024-07-13 07:37:16.717,2024-07-13 08:20:11.367,2024-07-13 08:27:12.803,2024-07-13 08:42:44.863,2024-07-13 09:04:24.540,,HOSPITAL UNIVERSITARIO DE BRASILIA - EMERGENCIA,ASA NORTE,BRASILIA,DF,"UBS 1 de Estrutural, Brasilia, DF","UBS 1 de Estrutural, Brasilia, DF",-15.77171,-47.87302,-15.78364,-47.99723,-15.78377,-47.99731,,,,SPIN ACT,2022.0,2023.0,PRATA,SGR-**00,,,Sim,13,BRASILIA
TAXIGOV_DF_ENTIDADES,1363695,Fundação Oswaldo Cruz,315,INDIRETA,NEVS/FIOCRUZ-BSB,,CONCLUÍDA,Reunião,,39.23,34.793,145.15,2024-07-13 00:19:22.560,2024-07-13 07:50:17.487,2024-07-13 07:59:51.603,2024-07-13 08:01:11.560,2024-07-13 08:45:16.217,,HOSPITAL UNIVERSITARIO DE BRASILIA - EMERGENCIA,ASA NORTE,BRASILIA,DF,"Rua 19, Brasilia, Distrito Federal","Rua 19, Brasilia, Distrito Federal",-15.77171,-47.87302,-15.5695,-48.00789,-15.56981,-48.00818,,,,ETIOS,2019.0,2020.0,PRATA,REF-**82,,,Sim,13,BRASILIA
TAXIGOV_DF_3,1363691,Presidência da República,26,DIRETA,ASCOM/SRI/PR,,CONCLUÍDA,Reunião,,28.59,26.336,110.93,2024-07-12 23:26:42.150,2024-07-12 23:26:55.420,2024-07-12 23:32:27.617,2024-07-12 23:32:42.407,2024-07-13 00:10:33.180,,AEROPORTO INTERNACIONAL DE BRASILIA - PRESIDENTE JUSCELINO KUBITSCHEK,,BRASILIA,DF,"Condominio Mini Granja do Torto, Brasilia, Distrito Federal","RUA INTERNA, 44, BRASILIA - DF, BRASIL",-15.87069,-47.91935,-15.69544,-47.90651,-15.69634,-47.90755,,,,,2023.0,2023.0,,SGU-**95,,,Sim,12,BRASILIA
TAXIGOV_DF_3,1363689,Presidência da República,26,DIRETA,ASCOM/SRI/PR,,CONCLUÍDA,Reunião,,11.47,11.685,44.5,2024-07-12 23:24:26.743,2024-07-12 23:24:37.977,2024-07-12 23:28:56.740,2024-07-12 23:30:02.573,2024-07-12 23:40:58.350,,ESTRADA PARQUE AEROPORTO,SETOR DE HABITACOES INDIVIDUAIS SUL,LAGO SUL,DF,"BL F, Asa Sul, Brasilia, DF","BL F, Asa Sul, Brasilia, DF",-15.86931,-47.92054,-15.80618,-47.89613,-15.80615,-47.89587,,,,,2017.0,2018.0,,PBB-**38,,,Sim,12,LAGO SUL
TAXIGOV_DF_3,1363670,Ministério da Saúde,304,DIRETA,DEDT,,CONCLUÍDA,Reunião,,6.33,5.592,24.56,2024-07-12 20:43:57.620,2024-07-12 20:45:08.550,2024-07-12 20:50:50.613,2024-07-12 20:52:44.133,2024-07-12 20:59:58.270,,"FACULDADE DE CIENCIAS DA SAUDE, UNIVERSIDADE DE BRASILIA",ASA NORTE,BRASILIA,DF,"PO700 - Ministerio da Saude, SRTVN, 701, Asa Norte, Brasilia, DF","PO700 - Ministerio da Saude, SRTVN, 701, Asa Norte, Brasilia, DF",-15.76867,-47.86622,-15.78407,-47.89045,-15.78411,-47.89047,,,,,,,,SSH-**20,,,Não,12,BRASILIA
TAXIGOV_DF_3,1363665,Presidência da República,26,DIRETA,DITEC/SA/CC/PR,,CONCLUÍDA,Outros,,30.19,31.18,117.14,2024-07-12 20:27:26.120,2024-07-12 20:27:45.020,2024-07-12 20:33:06.570,2024-07-12 20:34:20.950,2024-07-12 21:09:42.650,,AEROPORTO INTERNACIONAL DE BRASILIA - PRESIDENTE JUSCELINO KUBITSCHEK,,BRASILIA,DF,"Conjunto D, Brasilia, DF","QNM 36 CONJUNTO D, SETOR M NORTE, TAGUATINGA - DF, 77320-000, BRASIL",-15.87069,-47.91935,-15.80518,-48.09886,-15.80574,-48.09779,,,,,2022.0,2023.0,,SGN-**06,,,Sim,12,BRASILIA
TAXIGOV_DF_ENTIDADES,1363664,Fundação Oswaldo Cruz,315,INDIRETA,NEVS/FIOCRUZ-BSB,,CONCLUÍDA,Reunião,,32.44,31.676,120.03,2024-07-12 20:08:00.790,2024-07-13 08:10:12.320,2024-07-13 08:16:35.077,2024-07-13 08:17:19.217,2024-07-13 09:02:20.290,,HOSPITAL UNIVERSITARIO DE BRASILIA - EMERGENCIA,ASA NORTE,BRASILIA,DF,"UBS 07 Samambaia, Brasilia, Distrito Federal","UBS 07 Samambaia, Brasilia, Distrito Federal",-15.77171,-47.87302,-15.87801,-48.08265,-15.87793,-48.08249,,,,LOGAN,2022.0,2023.0,PRATA,SGO-**30,,,Sim,12,BRASILIA
TAXIGOV_DF_3,1363656,Ministério da Educação,244,DIRETA,SE/MEC,,CONCLUÍDA,Reunião,,5.43,4.241,21.07,2024-07-12 19:37:42.303,2024-07-12 19:37:50.670,2024-07-12 19:38:03.040,2024-07-12 19:39:11.737,2024-07-12 19:53:23.740,,"607 SUL CONSELHO NACIONAL DE EDUCAÇÃO MEC,",ASA SUL,BRASILIA,DF,"ANEXO MINISTERIO EDUCACAO, garagem - PA 2","SGO, ASA NORTE, BRASILIA - DF, BRASIL",-15.82173,-47.89485,-15.78455,-47.87153,-15.79347,-47.87291,,,,,2022.0,2022.0,,REU-**98,,,Não,12,BRASILIA
TAXIGOV_DF_3,1363598,Ministério da Saúde,304,DIRETA,DAHU/SAES/MS,,CONCLUÍDA,Reunião,,9.83,9.822,38.14,2024-07-12 18:00:24.727,2024-07-12 18:01:46.123,2024-07-12 18:04:56.387,2024-07-12 18:07:12.670,2024-07-12 18:19:59.107,,ESCOLA NACIONAL DE ADMINISTRACAO PUBLICA - ENAP,ASA SUL,BRASILIA,DF,"Ministerio da Saude - Bloco G, Brasilia, DF","Ministerio da Saude - Bloco G, Brasilia, DF",-15.83033,-47.93057,-15.80024,-47.86838,-15.8003,-47.86827,,,,,2024.0,2024.0,,SSH-**27,,,Não,12,BRASILIA
TAXIGOV_DF_3,1363584,Ministério da Saúde,304,DIRETA,DAPSI,,CONCLUÍDA,Reunião,,9.49,8.035,36.82,2024-07-12 17:42:56.150,2024-07-12 17:43:28.947,2024-07-12 17:54:57.933,2024-07-12 17:55:35.787,2024-07-12 18:11:03.843,,ESCOLA NACIONAL DE ADMINISTRACAO PUBLICA - ENAP,ASA SUL,BRASILIA,DF,"PO700 - Ministerio da Saude, SRTVN, 701, Asa Norte, Brasilia, DF","PO700 - Ministerio da Saude, SRTVN, 701, Asa Norte, Brasilia, DF",-15.83033,-47.93057,-15.78407,-47.89045,-15.78436,-47.89045,,,,,2021.0,21.0,,REO-**09,,,Não,12,BRASILIA
TAXIGOV_DF_3,1363581,Ministério da Saúde,304,DIRETA,DEDT,,CONCLUÍDA,Reunião,,11.06,8.027,42.91,2024-07-12 17:40:38.757,2024-07-12 17:40:49.520,2024-07-12 17:44:21.547,2024-07-12 17:44:44.387,2024-07-12 17:59:23.310,,ESCOLA NACIONAL DE ADMINISTRACAO PUBLICA - ENAP,ASA SUL,BRASILIA,DF,"PO 700, SRTVN, Asa Norte, Brasilia, DF","PO 700, SRTVN, Asa Norte, Brasilia, DF",-15.83033,-47.93057,-15.78456,-47.88949,-15.78428,-47.89048,,,,,2023.0,2024.0,,SGW-**30,,,Sim,12,BRASILIA
TAXIGOV_DF_ENTIDADES,1363540,Agência Nacional de Transportes Aquaviários,54843,INDIRETA,ASCOM/ANTAQ,,CONCLUÍDA,Reunião,,18.95,18.93,70.11,2024-07-12 16:52:24.833,2024-07-12 16:53:06.080,2024-07-12 17:03:11.390,2024-07-12 17:05:14.547,2024-07-12 17:28:50.107,,"INSTITUTO BRASILEIRO DE INFRAESTRUTURA (IBI), SHIS QL 26 CONJUNTO 7",SETOR DE HABITACOES INDIVIDUAIS SUL,BRASILIA,DF,"Agencia Nacional de Transportes Aquaviarios, Asa Norte, Brasilia, Distrito Federal","Agencia Nacional de Transportes Aquaviarios, Asa Norte, Brasilia, Distrito Federal",-15.82478,-47.81939,-15.74526,-47.89653,-15.74485,-47.89645,,,,COROLLA,2024.0,2024.0,PRATA,SSH-**27,,,Sim,12,BRASILIA
TAXIGOV_DF_ENTIDADES,1363483,Fundação Oswaldo Cruz,315,INDIRETA,NEVS/FIOCRUZ-BSB,,CONCLUÍDA,Reunião,,28.81,27.181,106.6,2024-07-12 16:15:45.923,2024-07-12 16:16:36.813,2024-07-12 16:34:35.837,2024-07-12 16:35:25.253,2024-07-12 17:09:54.850,,"HOSPITAL REGIONAL DE TAGUATINGA, SETOR C NORTE QNC",,BRASILIA,DF,"Hospital Universitario de Brasilia - Emergencia, Asa Norte, Brasilia, Distrito Federal","Hospital Universitario de Brasilia - Emergencia, Asa Norte, Brasilia, Distrito Federal",-15.82253,-48.0691,-15.77171,-47.87302,-15.77174,-47.87295,,,,KICKS,2023.0,2023.0,PRETA,SGS-**78,,,Sim,12,BRASILIA
TAXIGOV_DF_3,1363453,Presidência da República,26,DIRETA,SEAUD/SECOM/PR,,CONCLUÍDA,Reunião,,6.55,4.242,25.41,2024-07-12 15:57:26.637,2024-07-12 15:57:34.717,2024-07-12 16:01:19.780,2024-07-12 16:07:37.040,2024-07-12 16:13:55.743,,PALACIO DO PLANALTO,,BRASILIA,DF,"Tribunal de Contas da Uniao, SAFS 4, 01, Asa Sul, Brasilia, Distrito Federal","N UM LESTE, ASA SUL, BRASILIA - DF, BRASIL",-15.79905,-47.86077,-15.80385,-47.8632,-15.80621,-47.84302,,,,,2018.0,2019.0,,QOI-**68,,,Não,12,BRASILIA
TAXIGOV_DF_ENTIDADES,1363451,Agência Nacional de Transportes Terrestres,54793,INDIRETA,GEAUT/ANTT,,CONCLUÍDA,Reunião,,6.15,5.369,22.63,2024-07-12 15:55:16.880,2024-07-12 16:20:12.367,2024-07-12 16:28:32.660,2024-07-12 16:28:56.333,2024-07-12 16:37:29.493,,0,ASA NORTE,BRASÍLIA,DF,9 - ASA SUL - BRASÍLIA / DF,9 - ASA SUL - BRASÍLIA / DF,-15.79703,-47.86716,-15.81048,-47.84526,-15.8096,-47.84506,5.0,,,VIRTUS,2023.0,2023.0,PRATA,SGU-**95,,,Não,12,BRASÍLIA
TAXIGOV_DF_3,1363443,Ministério da Justiça e Segurança Pública,235881,DIRETA,DIREX/PRF,704.0,CONCLUÍDA,Reunião,,13.76,14.803,53.39,2024-07-12 15:51:14.140,2024-07-12 15:51:35.767,2024-07-12 15:54:20.720,2024-07-12 15:55:14.593,2024-07-12 16:16:09.053,,AUDITORIO NEREU RAMOS,,BRASILIA,DF,"Policia Rodoviaria Federal - Sede, Brasilia, Distrito Federal","Policia Rodoviaria Federal - Sede, Brasilia, Distrito Federal",-15.80151,-47.86482,-15.81446,-47.94706,-15.81506,-47.94658,,,,,2021.0,2022.0,,REQ-**45,,,Sim,12,BRASILIA
TAXIGOV_DF_3,1363441,Ministério das Relações Exteriores,263,DIRETA,SGAD/SG/MRE,,CONCLUÍDA,Reunião,,5.95,6.163,23.09,2024-07-12 15:50:39.577,2024-07-12 15:50:51.117,2024-07-12 15:51:01.283,2024-07-12 16:20:56.000,2024-07-12 16:34:22.623,,"SQN 307 BLOCO H,",ASA NORTE,BRASILIA,DF,"PALACIO DO ITAMARATY, - PA 1","PALACIO DO ITAMARATY, - PA 1",-15.76672,-47.88803,-15.80054,-47.8672,-15.80093,-47.86809,,,,,,,,REL-**24,,,Não,12,BRASILIA
TAXIGOV_DF_ENTIDADES,1363435,Fundação Universidade de Brasília,470,INDIRETA,SECON,16205.0,CONCLUÍDA,Reunião,,5.16,5.585,19.81,2024-07-12 15:47:18.983,2024-07-12 15:47:49.033,2024-07-12 15:51:49.420,2024-07-12 15:54:15.613,2024-07-12 16:03:16.430,,EDIFICIO PARQUE CIDADE CORPORATE,ASA SUL,BRASILIA,DF,"HUB Hospital Universitario de Brasilia - Pediatria, Asa Norte, Brasilia, DF","EQN 405/404, ASA NORTE, BRASILIA - DF, BRASIL",-15.7951,-47.89345,-15.77182,-47.87393,-15.77331,-47.87544,,,,KICKS SENSE,2021.0,2022.0,PRATA,RER-**63,,,Não,12,BRASILIA
TAXIGOV_DF_3,1363431,Ministério das Comunicações,264359,DIRETA,ASPAD/MCOM,,CONCLUÍDA,Reunião,,8.16,8.196,31.66,2024-07-12 15:45:53.650,2024-07-12 15:46:06.260,2024-07-12 15:52:59.400,2024-07-12 15:53:49.433,2024-07-12 16:08:11.560,,EDIFICIO PARQUE CIDADE CORPORATE,ASA SUL,BRASILIA,DF,"Instituto Serzedello Correa, SCES Trecho 3 Polo 8, 4, Brasilia, DF","Instituto Serzedello Correa, SCES Trecho 3 Polo 8, 4, Brasilia, DF",-15.7951,-47.89345,-15.80607,-47.84357,-15.8062,-47.84309,,,,,2022.0,2023.0,,SGQ-**24,,,Não,12,BRASILIA
TAXIGOV_DF_3,1363408,Ministério do Meio Ambiente,1927,DIRETA,CGTI/SPOA/MMA,,CONCLUÍDA,Reunião,,12.68,11.349,49.2,2024-07-12 15:36:59.740,2024-07-12 15:37:10.050,2024-07-12 15:44:30.740,2024-07-12 15:46:26.007,2024-07-12 16:04:53.497,,FEIRA DOS IMPORTADOS,ZONA INDUSTRIAL GUARA,BRASILIA,DF,"Ministerio do Meio Ambiente, Eixo Monumental, Brasilia, DF","Ministerio do Meio Ambiente, Eixo Monumental, Brasilia, DF",-15.79672,-47.95084,-15.79859,-47.87243,-15.79904,-47.87235,,,,,2023.0,2024.0,,SSF-**75,,,Sim,12,BRASILIA
TAXIGOV_DF_3,1363403,Ministério do Desenvolvimento Agrário e Agricultura Familiar,308794,DIRETA,SEORG / SE / MDA,,CONCLUÍDA,Reunião,,7.77,6.906,30.15,2024-07-12 15:34:16.860,2024-07-12 15:40:12.760,2024-07-12 15:44:49.910,2024-07-12 15:46:40.700,2024-07-12 15:58:24.683,,INSTITUTO NACIONAL DE COLONIZACAO E REFORMA AGRARIA - SEDE,ASA NORTE,BRASILIA,DF,"Instituto Serzedello Correa, SCES Trecho 3 Polo 8, 4, Brasilia, DF","Instituto Serzedello Correa, SCES Trecho 3 Polo 8, 4, Brasilia, DF",-15.79089,-47.87956,-15.80607,-47.84357,-15.80612,-47.84312,,,,,2024.0,2024.0,,SSH-**27,,,Não,12,BRASILIA
TAXIGOV_DF_3,1363400,Ministério das Relações Exteriores,263,DIRETA,SGAD/SG/MRE,,CONCLUÍDA,Reunião,,6.3,6.238,24.44,2024-07-12 15:31:28.907,2024-07-12 15:31:39.013,2024-07-12 15:34:01.000,2024-07-12 15:35:23.733,2024-07-12 15:50:10.777,,BANCO DO BRASIL - ITAMARATY - AGENCIA 1503,,BRASILIA,DF,"BL H, Asa Norte, Brasilia, Distrito Federal","BL H, Asa Norte, Brasilia, Distrito Federal",-15.80101,-47.86792,-15.76676,-47.88798,-15.76656,-47.88771,,,,,,,,REL-**24,,,Não,12,BRASILIA
TAXIGOV_DF_ENTIDADES,1363373,Fundação Universidade de Brasília,470,INDIRETA,SECON,16205.0,CONCLUÍDA,Reunião,,5.62,5.247,21.58,2024-07-12 15:12:10.827,2024-07-12 15:12:22.210,2024-07-12 15:18:09.080,2024-07-12 15:18:30.817,2024-07-12 15:35:58.577,,"HUB HOSPITAL UNIVERSITARIO DE BRASILIA - PEDIATRIA, S/N",ASA NORTE,BRASILIA,DF,"Edificio Parque Cidade Corporate, Asa Sul, Brasilia, DF","Edificio Parque Cidade Corporate, Asa Sul, Brasilia, DF",-15.77182,-47.87393,-15.7951,-47.89345,-15.79513,-47.89377,,,,ONIX,2022.0,2023.0,BRANCA,SGO-**28,,,Não,12,BRASILIA
TAXIGOV_DF_ENTIDADES,1363352,Fundação Oswaldo Cruz,315,INDIRETA,NEVS/FIOCRUZ-BSB,,CONCLUÍDA,Reunião,,36.14,29.674,133.72,2024-07-12 14:59:56.747,2024-07-12 15:00:06.797,2024-07-12 15:03:30.040,2024-07-12 15:04:52.783,2024-07-12 15:46:17.290,,HOSPITAL REGIONAL DE CEILANDIA,CEILANDIA SUL CEILANDIA,BRASILIA,DF,"Hospital Universitario de Brasilia - Emergencia, Asa Norte, Brasilia, Distrito Federal","VIA L. DOIS NORTE, QD N605 BL H, ASA NORTE, BRASILIA - DF, BRASIL",-15.81533,-48.09638,-15.77171,-47.87302,-15.76929,-47.87517,,,,COBALT,2018.0,2019.0,BRANCO,PBS-**80,,,Sim,12,BRASILIA
TAXIGOV_DF_ENTIDADES,1363348,Fundo Nacional de Desenvolvimento da Educação,253,INDIRETA,GABIN/FNDE,,CONCLUÍDA,Reunião,,8.84,8.442,32.71,2024-07-12 14:57:58.587,2024-07-12 14:59:33.480,2024-07-12 15:09:54.567,2024-07-12 15:13:04.377,2024-07-12 15:26:21.960,,ROYAL TULIP BRASILIA ALVORADA,ASA NORTE,BRASILIA,DF,"Fundo Nacional de Desenvolvimento da Educacao, Sbs, 12, Asa Sul, Brasilia, Distrito Federal","Fundo Nacional de Desenvolvimento da Educacao, Sbs, 12, Asa Sul, Brasilia, Distrito Federal",-15.78685,-47.829,-15.80089,-47.88341,-15.80137,-47.88356,,,,COROLLA,2024.0,2024.0,PRATA,SSH-**27,,,Não,12,BRASILIA
TAXIGOV_DF_ENTIDADES,1363334,Fundação Oswaldo Cruz,315,INDIRETA,NEVS/FIOCRUZ-BSB,,CONCLUÍDA,Reunião,,22.82,21.934,84.43,2024-07-12 14:52:32.020,2024-07-12 14:52:44.800,2024-07-12 14:52:51.310,2024-07-12 14:55:12.447,2024-07-12 15:21:01.800,,"UBS 1 DO PARANOA, Q 21 CONJUNTO M, 15",ASA SUL,BRASILIA,DF,"Hospital Universitario de Brasilia - Emergencia, Asa Norte, Brasilia, Distrito Federal","Hospital Universitario de Brasilia - Emergencia, Asa Norte, Brasilia, Distrito Federal",-15.76921,-47.77993,-15.77171,-47.87302,-15.77176,-47.87302,,,,VIRTUS ,2023.0,2023.0,PRATA,SGU-**46,,,Sim,12,BRASILIA
TAXIGOV_DF_3,1363327,Advocacia-Geral da União,46,DIRETA,EAGU/AGU,,CONCLUÍDA,Reunião,,10.55,10.405,40.93,2024-07-12 14:48:04.740,2024-07-12 14:48:11.010,2024-07-12 14:48:20.367,2024-07-12 14:48:31.457,2024-07-12 15:04:58.280,,"STJ GOLF 3,",SAFS,BRASILIA,DF,"ICMBIO, - SUDOESTE","ICMBIO, - SUDOESTE",-15.80673,-47.86683,-15.80302,-47.92627,-15.80326,-47.92638,,,,,2021.0,2022.0,,REQ-**58,,,Sim,12,BRASILIA
TAXIGOV_DF_ENTIDADES,1363323,Banco Central do Brasil,89,INDIRETA,DEMAP/INFRA,,CONCLUÍDA,Outros,,17.04,13.151,63.73,2024-07-12 14:45:45.513,2024-07-12 14:45:53.203,2024-07-12 14:46:10.963,2024-07-12 15:03:56.063,2024-07-12 16:05:22.150,,"SIA, DAMASCO MATERIAL ELÉTRICO",SIA,BRASILIA,DF,"BANCO CENTRAL, - PA 3","CLS 201, QD 3 BL A, ASA SUL, BRASILIA - DF, 70232-550, BRASIL",-15.7897,-47.96733,-15.80147,-47.88527,-15.80345,-47.88511,,,,CRONOS,2022.0,2022.0,PRATA,REU-**98,,,Sim,12,BRASILIA
TAXIGOV_DF_ENTIDADES,1363312,Fundo Nacional de Desenvolvimento da Educação,253,INDIRETA,DIPOI/FNDE,,CONCLUÍDA,Reunião,,8.89,10.157,32.89,2024-07-12 14:42:10.607,2024-07-12 14:42:18.253,2024-07-12 14:48:34.353,2024-07-12 14:51:39.357,2024-07-12 15:08:26.250,,"SAAN QUADRA 1,",ASA SUL,BRASILIA,DF,"Fundo Nacional de Desenvolvimento da Educacao, Sbs, 12, Asa Sul, Brasilia, Distrito Federal","Fundo Nacional de Desenvolvimento da Educacao, Sbs, 12, Asa Sul, Brasilia, Distrito Federal",-15.76257,-47.93756,-15.80089,-47.88341,-15.80135,-47.88347,,,,VIRTUS,2024.0,2025.0,PRETA,SSK-**22,,,Não,12,BRASILIA
TAXIGOV_DF_3,1363274,Ministério da Justiça e Segurança Pública,235881,DIRETA,SAA/SE/MJSP,,CONCLUÍDA,Serviço externo / técnico,,12.39,11.924,48.07,2024-07-12 14:25:39.257,2024-07-12 14:27:48.867,2024-07-12 14:37:20.850,2024-07-12 14:37:52.487,2024-07-12 14:56:44.110,,CICCN - CENTRO INTEGRADO DE COMANDO E CONTROLE NACIONAL,SETOR POLICIAL SUL,BRASILIA,DF,"Palacio da Justica - Ministerio da Justica e Seguranca Publica, Brasilia, Distrito Federal","Palacio da Justica - Ministerio da Justica e Seguranca Publica, Brasilia, Distrito Federal",-15.81449,-47.94658,-15.79669,-47.86591,-15.79679,-47.86587,,,,,2024.0,2024.0,,SSH-**27,,,Sim,12,BRASILIA
TAXIGOV_DF_ENTIDADES,1363267,Banco Central do Brasil,89,INDIRETA,DEMAP/INFRA,,CONCLUÍDA,Outros,,15.04,13.79,56.25,2024-07-12 14:22:44.163,2024-07-12 14:22:51.903,2024-07-12 14:24:01.937,2024-07-12 14:25:47.317,2024-07-12 14:43:41.993,,BANCO CENTRAL DO BRASIL - BCB,ASA SUL,BRASÍLIA,DF,DAMASCO MATERIAL ELÉTRICO HIDRÁULICO E METAIS - SIA SUL - BRASÍLIA / DF,"SETOR SIA TRECHO 17 RUA 17, 1380, SIA, GUARA - DF, 71200-249, BRASIL",-15.80332,-47.8851,-15.79659,-47.96601,-15.79879,-47.9704,,,,CRONOS,2022.0,2022.0,PRATA,REU-**98,,,Sim,12,BRASÍLIA
TAXIGOV_DF_3,1363250,Advocacia-Geral da União,46,DIRETA,EAGU/AGU,,CONCLUÍDA,Reunião,,7.72,7.428,29.95,2024-07-12 14:10:22.800,2024-07-12 14:12:14.570,2024-07-12 14:20:43.240,2024-07-12 14:21:02.547,2024-07-12 14:34:32.430,,ADVOCACIA-GERAL DA UNIAO - SEDE III,ZONA INDUSTRIAL,BRASILIA,DF,"STJ - Portaria Adm (golf 3), Brasilia, DF","STJ - Portaria Adm (golf 3), Brasilia, DF",-15.79215,-47.9124,-15.80699,-47.8668,-15.80692,-47.86677,,,,,2021.0,2022.0,,REQ-**58,,,Não,12,BRASILIA
TAXIGOV_DF_3,1363242,Ministério do Meio Ambiente,1927,DIRETA,CGTI/SPOA/MMA,,CONCLUÍDA,Reunião,,11.0,11.244,42.68,2024-07-12 14:06:46.497,2024-07-12 14:08:00.157,2024-07-12 14:10:06.190,2024-07-12 14:11:05.233,2024-07-12 14:25:59.127,,"ESPLANADA DOS MINISTERIOS, BL. B",ASA SUL,BRASILIA,DF,"Feira dos Importados, Brasilia, DF","SIA, QDAE, SIA, GUARA - DF, BRASIL",-15.7989,-47.87262,-15.79672,-47.95084,-15.7967,-47.94928,,,,,2021.0,2021.0,,REK-**22,,,Sim,12,BRASILIA
TAXIGOV_DF_3,1363236,Ministério de Minas e Energia,2852,DIRETA,SPE/MME,,CONCLUÍDA,Reunião,,10.32,10.075,40.04,2024-07-12 14:04:13.593,2024-07-12 14:04:25.790,2024-07-12 14:07:48.900,2024-07-12 14:09:32.917,2024-07-12 14:22:41.817,,ESCOLA NACIONAL DE ADMINISTRACAO PUBLICA - ENAP,ASA SUL,BRASILIA,DF,"Ministerio de Minas e Energia - Bloco U, Brasilia, DF","Ministerio de Minas e Energia - Bloco U, Brasilia, DF",-15.83033,-47.93057,-15.79648,-47.86802,-15.79668,-47.86791,,,,,,,,REU-**33,,,Sim,12,BRASILIA
TAXIGOV_DF_3,1363216,Ministério da Saúde,304,DIRETA,DAHU/SAES/MS,,CONCLUÍDA,Reunião,,9.93,9.819,38.53,2024-07-12 13:52:36.940,2024-07-12 13:52:49.330,2024-07-12 14:00:16.697,2024-07-12 14:00:46.597,2024-07-12 14:13:22.020,,ESCOLA NACIONAL DE ADMINISTRACAO PUBLICA - ENAP,ASA SUL,BRASILIA,DF,"Ministerio da Saude (MS), Esplanada dos Ministerios, Bl. G, ZONA CIVICOADMINISTRATIVA, BRASILIA, DF","Ministerio da Saude (MS), Esplanada dos Ministerios, Bl. G, ZONA CIVICOADMINISTRATIVA, BRASILIA, DF",-15.83033,-47.93057,-15.80055,-47.86855,-15.8003,-47.8682,,,,,2023.0,2023.0,,SGS-**24,,,Não,12,BRASILIA
TAXIGOV_DF_ENTIDADES,1363204,Fundo Nacional de Desenvolvimento da Educação,253,INDIRETA,GABIN/FNDE,,CONCLUÍDA,Reunião,,8.39,8.361,31.04,2024-07-12 13:47:10.467,2024-07-12 13:49:06.467,2024-07-12 13:53:20.467,2024-07-12 13:55:02.657,2024-07-12 14:11:07.020,,"FUNDO NACIONAL DE DESENVOLVIMENTO DA EDUCACAO, SBS, 12",ASA SUL,BRASILIA,DF,"Royal Tulip Brasilia Alvorada, Asa Norte, Brasilia, Distrito Federal","Royal Tulip Brasilia Alvorada, Asa Norte, Brasilia, Distrito Federal",-15.80089,-47.88341,-15.78685,-47.829,-15.78774,-47.82922,,,,SIENA,2018.0,2019.0,BRANCA,PBK-**34,,,Não,12,BRASILIA
TAXIGOV_DF_3,1363179,Ministério da Saúde,304,DIRETA,GAB/SESAI,,CONCLUÍDA,Reunião,,10.07,8.033,39.07,2024-07-12 13:37:01.023,2024-07-12 13:37:15.247,2024-07-12 13:42:25.060,2024-07-12 13:45:00.210,2024-07-12 14:01:57.407,,ESCOLA NACIONAL DE ADMINISTRACAO PUBLICA - ENAP,ASA SUL,BRASILIA,DF,"PO 700, SRTVN Quadra 03, ASA NORTE, BRASILIA, DF","PO 700, SRTVN Quadra 03, ASA NORTE, BRASILIA, DF",-15.83033,-47.93057,-15.78354,-47.8903,-15.78409,-47.89077,,,,,,,,PBN-**16,,,Sim,12,BRASILIA
TAXIGOV_DF_3,1363157,Presidência da República,26,DIRETA,SE/SG/PR,,CONCLUÍDA,Reunião,,11.18,11.322,43.38,2024-07-12 13:17:47.227,2024-07-12 13:18:46.170,2024-07-12 13:31:20.227,2024-07-12 13:31:26.677,2024-07-12 13:50:18.503,,ESCOLA NACIONAL DE ADMINISTRACAO PUBLICA - ENAP,ASA SUL,BRASILIA,DF,"Palacio do Planalto - Anexo I, Praca dos Tres Poderes, ZONA CIVICOADMINISTRATIVA, BRASILIA, DF","Palacio do Planalto - Anexo I, Praca dos Tres Poderes, ZONA CIVICOADMINISTRATIVA, BRASILIA, DF",-15.83033,-47.93057,-15.79955,-47.85965,-15.79981,-47.85934,,,,,2023.0,2023.0,,SGR-**14,,,Sim,12,BRASILIA
TAXIGOV_DF_3,1363143,Ministério da Saúde,304,DIRETA,GAB/SVS,,CONCLUÍDA,Reunião,,5.51,5.112,21.38,2024-07-12 13:07:18.173,2024-07-12 13:07:54.247,2024-07-12 13:12:55.330,2024-07-12 13:13:43.527,2024-07-12 13:23:23.610,,"PO 700, SRTVN",ASA NORTE,BRASILIA,DF,"Palacio do Planalto, Brasilia, Distrito Federal","Palacio do Planalto, Brasilia, Distrito Federal",-15.78456,-47.88949,-15.79905,-47.86077,-15.79926,-47.86178,,,,,2021.0,2022.0,,RES-**48,,,Não,12,BRASILIA
TAXIGOV_DF_ENTIDADES,1363118,Fundação Oswaldo Cruz,315,INDIRETA,NEVS/FIOCRUZ-BSB,,CONCLUÍDA,Reunião,,23.42,23.18,86.65,2024-07-12 12:45:58.353,2024-07-12 12:46:08.250,2024-07-12 12:50:50.060,2024-07-12 12:52:27.707,2024-07-12 13:19:55.300,,HOSPITAL UNIVERSITARIO DE BRASILIA - EMERGENCIA,ASA NORTE,BRASILIA,DF,"UBS 1 do Paranoa, Q 21 Conjunto M, 15, Brasilia, Distrito Federal","UBS 1 do Paranoa, Q 21 Conjunto M, 15, Brasilia, Distrito Federal",-15.77171,-47.87302,-15.76921,-47.77993,-15.76969,-47.77985,,,,VIRTUS ,2023.0,2023.0,PRATA,SGU-**46,,,Sim,12,BRASILIA
TAXIGOV_DF_ENTIDADES,1363080,Fundação Universidade de Brasília,470,INDIRETA,FT/UNB,,CONCLUÍDA,Reunião,,15.75,14.758,57.96,2024-07-12 12:22:17.983,2024-07-12 12:22:25.230,2024-07-12 12:23:35.973,2024-07-12 12:58:27.090,2024-07-12 13:20:28.110,,"SIA QUADRA 4C, SIA PARAFUSOS E FERRAMENTAS",ZONA INDUSTRIAL GUARA,BRASILIA,DF,"UNB DARCY RIBEIRO, - ASA NORTE","UNB DARCY RIBEIRO, - ASA NORTE",-15.80447,-47.95002,-15.76562,-47.87206,-15.76636,-47.87138,,,,SIENA,2018.0,2018.0,BRANCA,PBJ-**25,,,Sim,12,BRASILIA
TAXIGOV_DF_3,1363077,Ministério da Educação,244,DIRETA,AGTA/MEC,,CONCLUÍDA,Reunião,,9.09,9.829,35.27,2024-07-12 12:20:25.610,2024-07-12 12:20:42.100,2024-07-12 12:26:07.230,2024-07-12 12:26:50.037,2024-07-12 12:41:03.757,,ESCOLA NACIONAL DE ADMINISTRACAO PUBLICA - ENAP,ASA SUL,BRASILIA,DF,"Ministerio da Educacao, Brasilia, Distrito Federal","Ministerio da Educacao, Brasilia, Distrito Federal",-15.83033,-47.93057,-15.79501,-47.87305,-15.79509,-47.87291,,,,,2024.0,2024.0,,SSI-**99,,,Não,12,BRASILIA
TAXIGOV_DF_3,1363069,Ministério das Relações Exteriores,263,DIRETA,SGAD/SG/MRE,,CONCLUÍDA,Reunião,,10.11,10.055,39.23,2024-07-12 12:16:34.190,2024-07-12 12:16:44.937,2024-07-12 12:22:47.290,2024-07-12 12:22:47.950,2024-07-12 12:40:09.087,,"SAAN QUADRA 1, 135",ZONA INDUSTRIAL,BRASILIA,DF,"Ministerio das Relacoes Exteriores   Anexo I, Eixo Monumental, Brasilia, DF","Ministerio das Relacoes Exteriores   Anexo I, Eixo Monumental, Brasilia, DF",-15.76826,-47.93901,-15.80123,-47.86757,-15.80132,-47.86788,,,,,2022.0,2023.0,,SGQ-**06,,,Sim,12,BRASILIA
TAXIGOV_DF_3,1363065,Ministério de Minas e Energia,2852,DIRETA,SPE/MME,,CONCLUÍDA,Reunião,,10.19,10.203,39.54,2024-07-12 12:12:50.833,2024-07-12 12:14:08.447,2024-07-12 12:22:40.063,2024-07-12 12:23:35.923,2024-07-12 12:39:35.917,,EM BLOCO U,ASA NORTE,BRASILIA,DF,"Escola Nacional de Administracao Publica - Enap, Asa Sul, Brasilia, DF","Escola Nacional de Administracao Publica - Enap, Asa Sul, Brasilia, DF",-15.79693,-47.86814,-15.83033,-47.93057,-15.83026,-47.93135,,,,,2021.0,2022.0,,RES-**04,,,Sim,12,BRASILIA
TAXIGOV_DF_3,1363062,Ministério da Saúde,304,DIRETA,CGFNS,,CONCLUÍDA,Reunião,,16.45,8.925,63.83,2024-07-12 12:11:01.243,2024-07-12 12:11:15.940,2024-07-12 12:16:30.963,2024-07-12 12:17:13.263,2024-07-12 12:45:50.683,,EDITORA MINISTERIO DA SAUDE,ZONA INDUSTRIAL GUARA,BRASILIA,DF,"PO 700, Via W 5 Norte, Asa Norte, Brasilia, DF","PRACA DO BURITI, EIXO MONUMENTAL, BRASILIA - DF, 70610-600, BRASIL",-15.80181,-47.95617,-15.78364,-47.89034,-15.78512,-47.91228,,,,,2018.0,2018.0,,SGT-**90,,,Sim,12,BRASILIA
TAXIGOV_DF_ENTIDADES,1363061,Instituto Chico Mendes de Conservação da Biodiversidade,91842,INDIRETA,DIPLAN/ICMBIO,,CONCLUÍDA,Reunião,,8.74,8.835,31.03,2024-07-12 12:10:22.067,2024-07-12 12:11:04.357,2024-07-12 12:12:40.890,2024-07-12 12:15:28.793,2024-07-12 12:36:20.267,,"ESPLANADA DOS MINISTERIOS, BL. B",ASA SUL,BRASILIA,DF,"Instituto Chico Mendes de Conservacao da Biodiversidade, Brasilia, DF","EPIG, SUDOESTE/OCTOGONAL, CRUZEIRO - DF, 70670-400, BRASIL",-15.7989,-47.87262,-15.80329,-47.92629,-15.80429,-47.92527,,,,COROLLA,2023.0,2023.0, PRETA,SGW-**96,,,Não,12,BRASILIA
TAXIGOV_DF_ENTIDADES,1363053,Banco Central do Brasil,89,INDIRETA,DEMAP/INFRA,,CONCLUÍDA,Outros,,19.96,13.131,74.65,2024-07-12 12:05:48.143,2024-07-12 12:05:58.230,2024-07-12 12:06:08.450,2024-07-12 13:10:26.363,2024-07-12 13:54:19.743,,"SIA, ELETROSIA MATERIAL ELÉTRICO",SIA,BRASILIA,DF,"BANCO CENTRAL, - PA 3","CLS 201, QD 3 BL A, ASA SUL, BRASILIA - DF, 70232-550, BRASIL",-15.7897,-47.96733,-15.80147,-47.88527,-15.80336,-47.88491,,,,COROLLA,2024.0,2024.0,PRETA,SSH-**13,,,Sim,12,BRASILIA
TAXIGOV_DF_3,1363041,Ministério do Meio Ambiente,1927,DIRETA,CGGA/SPOA/MMA,,CONCLUÍDA,Reunião,,6.97,6.999,27.04,2024-07-12 11:58:35.560,2024-07-12 11:58:58.433,2024-07-12 12:05:19.263,2024-07-12 12:06:51.837,2024-07-12 12:16:45.667,,Q 8 BL 1 7,SETOR SUDOESTE,BRASILIA,DF,"Ministerio do Meio Ambiente, Eixo Monumental, Brasilia, DF","Ministerio do Meio Ambiente, Eixo Monumental, Brasilia, DF",-15.78666,-47.92444,-15.79859,-47.87243,-15.79872,-47.87221,,,,,2023.0,2024.0,,SSF-**09,,,Não,12,BRASILIA
TAXIGOV_DF_ENTIDADES,1363032,Fundação Universidade de Brasília,470,INDIRETA,FT/UNB,,CONCLUÍDA,Reunião,,15.92,14.864,58.59,2024-07-12 11:51:02.987,2024-07-12 11:51:55.393,2024-07-12 11:58:27.533,2024-07-12 11:58:43.373,2024-07-12 12:19:47.573,,"EDIFICIO SG9, UNB, BRASILIA, DF",,BRASILIA,DF,"SIA PARAFUSOS E FERRAMENTAS, SIA Quadra 4C, Zona Industrial, Brasilia, DF","SIA PARAFUSOS E FERRAMENTAS, SIA Quadra 4C, Zona Industrial, Brasilia, DF",-15.76644,-47.87149,-15.80427,-47.94989,-15.80424,-47.95005,,,,SIENA,2018.0,2018.0,BRANCA,PBJ-**25,,,Sim,12,BRASILIA
TAXIGOV_DF_3,1363028,Ministério da Saúde,304,DIRETA,DAPSI,,CONCLUÍDA,Reunião,,9.46,7.998,36.7,2024-07-12 11:48:03.630,2024-07-12 11:48:43.240,2024-07-12 11:54:38.280,2024-07-12 11:56:15.750,2024-07-12 12:11:29.833,,ESCOLA NACIONAL DE ADMINISTRACAO PUBLICA - ENAP,ASA SUL,BRASILIA,DF,"PO700 - Ministerio da Saude, SRTVN, 701, Asa Norte, Brasilia, DF","PO700 - Ministerio da Saude, SRTVN, 701, Asa Norte, Brasilia, DF",-15.83033,-47.93057,-15.78407,-47.89045,-15.78402,-47.89044,,,,,2019.0,2020.0,,PBV-**23,,,Não,12,BRASILIA
TAXIGOV_DF_ENTIDADES,1363015,Empresa Brasileira de Serviços Hospitalares,117267,INDIRETA,SPC/EBSERH,,CONCLUÍDA,Reunião,,5.65,5.249,19.72,2024-07-12 11:41:31.843,2024-07-12 11:41:39.690,2024-07-12 11:41:53.950,2024-07-12 11:45:31.287,2024-07-12 11:53:04.750,,"HUB HOSPITAL UNIVERSITARIO DE BRASILIA - PEDIATRIA, S/N",ASA NORTE,BRASILIA,DF,"Edificio Parque Cidade Corporate, Asa Sul, Brasilia, DF","Edificio Parque Cidade Corporate, Asa Sul, Brasilia, DF",-15.77182,-47.87393,-15.7951,-47.89345,-15.79509,-47.89378,,,,ONIX,2022.0,2023.0,PRATA,SGN-**40,,,Não,12,BRASILIA
TAXIGOV_DF_ENTIDADES,1362991,Banco Central do Brasil,89,INDIRETA,DEMAP/INFRA,,CONCLUÍDA,Outros,,12.34,11.075,46.15,2024-07-12 11:24:41.157,2024-07-12 11:25:34.660,2024-07-12 11:27:59.010,2024-07-12 11:28:31.253,2024-07-12 12:04:39.540,,BANCO CENTRAL DO BRASIL - BCB,ASA SUL,BRASÍLIA,DF,ELETROSIA MATERIAL ELÉTRICO - BRASÍLIA / DF,"SIA, QD5C LT9, SIA, GUARA - DF, 71200-055, BRASIL",-15.80332,-47.8851,-15.80566,-47.94891,-15.80469,-47.94949,,,,COROLLA,2024.0,2024.0,PRETA,SSH-**13,,,Sim,12,BRASÍLIA
TAXIGOV_DF_3,1362985,Ministério da Saúde,304,DIRETA,SECNS/CNS/MS,,CONCLUÍDA,Reunião,,5.04,4.339,19.56,2024-07-12 11:21:46.087,2024-07-12 11:22:12.950,2024-07-12 11:24:42.750,2024-07-12 11:25:54.293,2024-07-12 11:33:54.703,,"PO 700, VIA W 5 NORTE",ASA NORTE,BRASILIA,DF,"Anexo do Ministerio da Saude, Eixo Monumental, G, Brasilia, Distrito Federal","Anexo do Ministerio da Saude, Eixo Monumental, G, Brasilia, Distrito Federal",-15.78364,-47.89034,-15.80181,-47.86856,-15.8015,-47.86928,,,,,2022.0,2023.0,,SGP-**78,,,Não,12,BRASILIA
TAXIGOV_DF_3,1362975,Ministério da Defesa,41066,DIRETA,SEORI/MD,,CONCLUÍDA,Reunião,,23.86,23.39,92.58,2024-07-12 11:19:37.060,2024-07-12 11:19:58.640,2024-07-12 11:30:19.117,2024-07-12 11:33:16.440,2024-07-12 11:59:25.770,,"FORTE MARECHAL RONDON, RODOVIA DF 001, KM 5",LAGO NORTE,BRASILIA,DF,"Ministerio da Defesa, Esplanada dos Ministerios, Bl. Q, ZONA CIVICOADMINISTRATIVA, BRASILIA, DF","Ministerio da Defesa, Esplanada dos Ministerios, Bl. Q, ZONA CIVICOADMINISTRATIVA, BRASILIA, DF",-15.70895,-47.81431,-15.79641,-47.86894,-15.79638,-47.86871,,,,,2024.0,2025.0,,SSL-**34,,,Sim,12,BRASILIA
TAXIGOV_DF_3,1362973,Ministério da Saúde,304,DIRETA,CGENG/SAA/SE/MS,,CONCLUÍDA,Reunião,,13.61,12.171,52.81,2024-07-12 11:17:29.347,2024-07-12 11:17:35.283,2024-07-12 11:17:46.783,2024-07-12 11:31:11.507,2024-07-12 11:51:24.813,,"SIA EDITORA MINISTÉRIO DA SAÚDE,",SETOR INDUSTRIAL,BRASILIA,DF,"ANEXO MINISTERIO DA SAÚDE, - PA 1","ANEXO MINISTERIO DA SAÚDE, - PA 1",-15.80222,-47.95607,-15.80167,-47.86859,-15.80158,-47.86925,,,,,,,,REL-**24,,,Sim,12,BRASILIA
TAXIGOV_DF_ENTIDADES,1362963,Departamento Nacional de Infraestrutura de Transportes,54844,INDIRETA,DNIT/MINFRA,,CONCLUÍDA,Transporte de documentos / materiais,,7.71,6.722,28.68,2024-07-12 11:14:04.167,2024-07-12 11:14:11.030,2024-07-12 11:14:17.800,2024-07-12 11:14:46.877,2024-07-12 11:26:07.560,,"SCES ANTT,",SCES,BRASILIA,DF,"DNIT, - ASA NORTE","DNIT, - ASA NORTE",-15.80943,-47.84519,-15.7898,-47.87496,-15.78932,-47.8751,,,,SIENA,2021.0,2021.0,BRANCA,RDJ-**50,,,Não,12,BRASILIA
TAXIGOV_DF_ENTIDADES,1362944,Banco Central do Brasil,89,INDIRETA,DEMAP/DIDOC,,CONCLUÍDA,Reunião,,5.25,5.321,19.64,2024-07-12 10:59:55.797,2024-07-12 11:00:25.143,2024-07-12 11:07:04.863,2024-07-12 11:10:23.723,2024-07-12 11:19:44.470,,"QUADRA SIG QUADRA 8, 2025",ZONA INDUSTRIAL,BRASÍLIA,DF,0 - SET MEDICO HOSP - BRASÍLIA / DF,0 - SET MEDICO HOSP - BRASÍLIA / DF,-15.79623,-47.91352,-15.80322,-47.88516,-15.80343,-47.88497,,,,VIRTUS,2023.0,2024.0,PRETA,SSG-**49,,,Não,12,BRASÍLIA
TAXIGOV_DF_ENTIDADES,1362943,Fundação Cultural Palmares,1782,INDIRETA,DAP/CGI/FCP,,CONCLUÍDA,Reunião,,5.49,3.828,17.4,2024-07-12 10:59:36.930,2024-07-12 10:59:49.260,2024-07-12 11:03:54.040,2024-07-12 11:04:12.060,2024-07-12 11:17:11.653,,SHCGN 702/703 BLOCO C,ASA NORTE,BRASILIA,DF,"Junta Comercial, Industrial e de Servicos do Distrito Federal, Asa Sul, Brasilia, DF","Junta Comercial, Industrial e de Servicos do Distrito Federal, Asa Sul, Brasilia, DF",-15.7812,-47.88843,-15.80168,-47.87925,-15.80183,-47.87942,,,,SIENA,2021.0,2021.0,BRANCA,REN-**75,,,Não,12,BRASILIA
TAXIGOV_DF_ENTIDADES,1362930,Conselho Administrativo de Defesa Econômica,322,INDIRETA,CGP/CADE,,CONCLUÍDA,Reunião,,5.72,5.243,21.16,2024-07-12 10:55:00.357,2024-07-12 10:55:07.933,2024-07-12 10:55:22.580,2024-07-12 11:02:16.993,2024-07-12 11:13:55.857,,"BRASILIA SHOPPING,",PA 14,BRASILIA,DF,"515 NORTE CADE, - ASA NORTE","515 NORTE CADE, - ASA NORTE",-15.78649,-47.88884,-15.74194,-47.89732,-15.74256,-47.8972,,,,YARES,2022.0,2023.0,BRANCA,SGP-**69,,,Não,12,BRASILIA
TAXIGOV_DF_ENTIDADES,1362929,Departamento Nacional de Infraestrutura de Transportes,54844,INDIRETA,DNIT/MINFRA,,CONCLUÍDA,Reunião,,11.41,11.405,42.45,2024-07-12 10:54:31.053,2024-07-12 10:54:39.163,2024-07-12 10:54:48.407,2024-07-12 10:55:25.033,2024-07-12 11:12:37.727,,"DETRAN SEDE,",PA 32,BRASILIA,DF,"SCES ANTT, - SCES","SCES ANTT, - SCES",-15.78014,-47.90891,-15.80943,-47.84519,-15.80968,-47.84524,,,,SIENA,2021.0,2021.0,BRANCA,RDJ-**50,,,Sim,12,BRASILIA
TAXIGOV_DF_3,1362919,Ministério da Educação,244,DIRETA,CETREMEC,,CONCLUÍDA,Reunião,,10.51,10.54,40.78,2024-07-12 10:51:09.113,2024-07-12 10:52:43.367,2024-07-12 10:55:55.453,2024-07-12 10:58:45.397,2024-07-12 11:11:27.803,,SGAS,ASA SUL,BRASILIA,DF,"Neoenergia Brasilia - Lago Sul, Brasilia, DF","Neoenergia Brasilia - Lago Sul, Brasilia, DF",-15.81501,-47.88775,-15.84561,-47.85402,-15.84549,-47.85422,,,,,2017.0,2017.0,,PAQ-**53,,,Sim,12,BRASILIA
TAXIGOV_DF_3,1362894,Ministério da Saúde,304,DIRETA,CGENG/SAA/SE/MS,,CONCLUÍDA,Reunião,,13.48,12.89,52.3,2024-07-12 10:40:45.823,2024-07-12 10:40:54.310,2024-07-12 10:44:16.400,2024-07-12 10:44:57.480,2024-07-12 11:17:01.923,,EIXO MONUMENTAL,G,BRASILIA,DF,"Editora - Ministerio da Saude, Brasilia, DF","Editora - Ministerio da Saude, Brasilia, DF",-15.80181,-47.86856,-15.80182,-47.95618,-15.80174,-47.95661,5.0,,,,,,,REL-**24,,,Sim,12,BRASILIA
TAXIGOV_DF_ENTIDADES,1362882,Superintendência do Desenvolvimento do Centro-Oeste,100113,INDIRETA,COORGAB,,CONCLUÍDA,Reunião,,12.31,12.691,45.55,2024-07-12 10:37:21.053,2024-07-12 10:37:32.940,2024-07-12 10:44:30.370,2024-07-12 10:45:00.390,2024-07-12 11:04:17.740,,"SEBRAE, SIA TRECHO 3, 1580",ZONA INDUSTRIAL GUARA,BRASILIA,DF,"Superintendencia do Desenvolvimento do Centro-Oeste, Asa Norte, Brasilia, Distrito Federal","Superintendencia do Desenvolvimento do Centro-Oeste, Asa Norte, Brasilia, Distrito Federal",-15.80241,-47.96582,-15.79119,-47.87828,-15.79125,-47.87852,,,,VIRTUS,2019.0,2020.0,PRETA,EZA-**21,,,Sim,12,BRASILIA
TAXIGOV_DF_3,1362874,Presidência da República,26,DIRETA,DGES/GSI/PR,,CONCLUÍDA,Transporte de documentos / materiais,,10.04,10.204,38.96,2024-07-12 10:35:23.700,2024-07-12 10:35:30.820,2024-07-12 10:35:39.000,2024-07-12 10:41:49.127,2024-07-12 11:03:03.293,,"SMU HMAB,",SMU,BRASILIA,DF,"ANEXO PALACIO PLANALTO, - PA 1","ANEXO PALACIO PLANALTO, - PA 1",-15.77242,-47.93008,-15.79924,-47.85909,-15.80004,-47.85893,,,,,2022.0,2022.0,,SGN-**25,,,Sim,12,BRASILIA
TAXIGOV_DF_3,1362856,Ministério da Saúde,304,DIRETA,CGFNS,,CONCLUÍDA,Reunião,,10.32,10.508,40.04,2024-07-12 10:30:22.453,2024-07-12 10:31:00.947,2024-07-12 10:32:51.383,2024-07-12 10:34:43.283,2024-07-12 10:48:42.783,,VIA W 5 NORTE,ASA NORTE,BRASILIA,DF,"Editora Ministerio da Saude, Brasilia, DF","Editora Ministerio da Saude, Brasilia, DF",-15.78364,-47.89034,-15.80181,-47.95617,-15.80143,-47.95658,,,,,,,,SGT-**78,,,Sim,12,BRASILIA
TAXIGOV_DF_ENTIDADES,1362846,Departamento Nacional de Infraestrutura de Transportes,54844,INDIRETA,DNIT/MINFRA,,CONCLUÍDA,Reunião,,5.61,5.084,20.87,2024-07-12 10:26:23.143,2024-07-12 10:38:08.563,2024-07-12 10:39:43.193,2024-07-12 10:42:43.010,2024-07-12 10:52:15.643,,DNIT - DEPARTAMENTO NACIONAL DE INFRAESTRUTURA DE TRANSPORTES,ASA NORTE,BRASILIA,DF,"Departamento de Transito do Distrito Federal, Asa Norte, Brasilia, DF","Departamento de Transito do Distrito Federal, Asa Norte, Brasilia, DF",-15.78999,-47.87497,-15.78021,-47.90893,-15.78059,-47.9087,,,,SIENA,2021.0,2021.0,BRANCA,RDJ-**50,,,Não,12,BRASILIA
TAXIGOV_DF_ENTIDADES,1362845,Instituto Chico Mendes de Conservação da Biodiversidade,91842,INDIRETA,PFE/ICMBIO,,CONCLUÍDA,Reunião,,5.03,0.168,17.86,2024-07-12 10:26:22.557,2024-07-12 10:26:39.027,2024-07-12 10:28:57.863,2024-07-12 10:30:02.757,2024-07-12 10:41:03.433,,EQSW 103/104,CRUZEIRO,BRASILIA,DF,"Ministerio do Meio Ambiente, Eixo Monumental, Brasilia, DF","EQSW 103 104, QD 103, SUDOESTE/OCTOGONAL, CRUZEIRO - DF, 70670-400, BRASIL",-15.80427,-47.92573,-15.79859,-47.87243,-15.80318,-47.92629,,,,SPIN,2023.0,2024.0,BRANCA,SGX-**80,,,Não,12,BRASILIA
TAXIGOV_DF_3,1362843,Advocacia-Geral da União,46,DIRETA,ACS/GAB/AGU,,CONCLUÍDA,Reunião,,8.01,7.967,31.08,2024-07-12 10:25:19.497,2024-07-12 10:25:29.770,2024-07-12 10:27:31.367,2024-07-12 10:30:51.277,2024-07-12 10:39:21.310,,ESCOLA NACIONAL DE ADMINISTRACAO PUBLICA - ENAP,ASA SUL,BRASILIA,DF,"Advocacia-Geral da Uniao, 6, Asa Sul, Brasilia, DF","Advocacia-Geral da Uniao, 6, Asa Sul, Brasilia, DF",-15.83033,-47.93057,-15.80231,-47.88046,-15.80275,-47.88052,,,,,,,,REK-**58,,,Não,12,BRASILIA
TAXIGOV_DF_ENTIDADES,1362841,Instituto Chico Mendes de Conservação da Biodiversidade,91842,INDIRETA,DIBIO/ICMBIO,,CONCLUÍDA,Reunião,,11.0,11.285,39.05,2024-07-12 10:23:59.550,2024-07-12 10:24:10.703,2024-07-12 10:27:15.270,2024-07-12 10:28:02.600,2024-07-12 10:40:54.657,,INSTITUTO CHICO MENDES DE CONSERVACAO DA BIODIVERSIDADE,SETOR SUDOESTE,BRASILIA,DF,"Centro Nacional de Pesquisa e Conservacao de Cavernas - ICMBIO/CECAV, Brasilia, DF","PARQUE NACIONAL DE BRASILIA, BRASILIA - DF, 70635-800, BRASIL",-15.80329,-47.92629,-15.73303,-47.91753,-15.73969,-47.91831,,,,ONIX,2021.0,2022.0,BRANCA,RES-**48,,,Sim,12,BRASILIA
TAXIGOV_DF_ENTIDADES,1362839,Fundo Nacional de Desenvolvimento da Educação,253,INDIRETA,DIPOI/FNDE,,CONCLUÍDA,Reunião,,8.43,8.72,31.19,2024-07-12 10:23:48.170,2024-07-12 10:23:55.017,2024-07-12 10:24:14.090,2024-07-12 10:25:55.550,2024-07-12 10:50:20.733,,"SAAN QD 1 MEC FNDE DEPOSITO ARQUIVO,",SAAN,BRASILIA,DF,"SBS FNDE, - ASA SUL","SBS FNDE, - ASA SUL",-15.76717,-47.9393,-15.80091,-47.88345,-15.80132,-47.884,,,,PRISMA,2017.0,2017.0,BRANCA,PAQ-**53,,,Não,12,BRASILIA
TAXIGOV_DF_3,1362819,Ministério do Meio Ambiente,1927,DIRETA,CGGA/SPOA/MMA,,CONCLUÍDA,Reunião,,8.03,7.857,31.16,2024-07-12 10:13:39.573,2024-07-12 10:14:40.023,2024-07-12 10:15:56.263,2024-07-12 10:18:49.163,2024-07-12 10:33:15.587,,EIXO MONUMENTAL,PA 2,BRASILIA,DF,"Organizacao das Nacoes Unidas para Agricultura e Alimentacao, Q 8 Bl 1 7, Brasilia, DF","Organizacao das Nacoes Unidas para Agricultura e Alimentacao, Q 8 Bl 1 7, Brasilia, DF",-15.79859,-47.87243,-15.78661,-47.92465,-15.78684,-47.92441,,,,,2023.0,2024.0,,SSF-**75,,,Não,12,BRASILIA
TAXIGOV_DF_ENTIDADES,1362794,Conselho Administrativo de Defesa Econômica,322,INDIRETA,CGP/CADE,,CONCLUÍDA,Reunião,,10.37,10.578,38.37,2024-07-12 10:04:08.700,2024-07-12 10:05:18.953,2024-07-12 10:06:27.807,2024-07-12 10:13:13.123,2024-07-12 10:28:26.297,,"CONSELHO ADMINISTRATIVO DE DEFESA ECONOMICA (CADE), SEPN 515 CONJ. D LOTE 4",ASA NORTE,BRASILIA,DF,"Palacio da Justica - Ministerio da Justica e Seguranca Publica, Brasilia, Distrito Federal","Palacio da Justica - Ministerio da Justica e Seguranca Publica, Brasilia, Distrito Federal",-15.7423,-47.8975,-15.79765,-47.86583,-15.79675,-47.86612,,,,YARES,2022.0,2023.0,BRANCA,SGP-**69,,,Sim,12,BRASILIA
TAXIGOV_DF_ENTIDADES,1362780,Banco Central do Brasil,89,INDIRETA,DEMAP/DIDOC,,CONCLUÍDA,Outros,,7.11,7.07,26.59,2024-07-12 09:58:49.597,2024-07-12 09:59:38.710,2024-07-12 10:01:56.900,2024-07-12 10:09:06.873,2024-07-12 10:23:04.857,,BANCO CENTRAL DO BRASIL - BCB,ASA SUL,BRASÍLIA,DF,ARQUIVO DO BANCO CENTRAL - BRASÍLIA / DF,ARQUIVO DO BANCO CENTRAL - BRASÍLIA / DF,-15.80332,-47.8851,-15.79623,-47.91353,-15.79599,-47.91374,,,,COROLLA,2023.0,24.0,BRANCA,SSF-**66,,,Não,12,BRASÍLIA
TAXIGOV_DF_ENTIDADES,1362770,Fundo Nacional de Desenvolvimento da Educação,253,INDIRETA,DIPOI/FNDE,,CONCLUÍDA,Reunião,,10.1,9.829,37.37,2024-07-12 09:54:44.600,2024-07-12 09:55:37.807,2024-07-12 10:03:33.367,2024-07-12 10:05:50.353,2024-07-12 10:21:41.997,,"FUNDO NACIONAL DE DESENVOLVIMENTO DA EDUCACAO, SBS, 12",ASA SUL,BRASILIA,DF,"SAAN Quadra 1, Brasilia, Distrito Federal","SAAN QUADRA 1 BLOCO B, 220, BRASILIA - DF, 70632-100, BRASIL",-15.80089,-47.88341,-15.76257,-47.93756,-15.7674,-47.9392,,,,PRISMA,2017.0,2017.0,BRANCA,PAQ-**53,,,Sim,12,BRASILIA
TAXIGOV_DF_3,1362760,Ministério da Saúde,304,DIRETA,GAB/SESAI,,CONCLUÍDA,Reunião,,7.85,7.841,30.46,2024-07-12 09:52:23.537,2024-07-12 09:53:08.637,2024-07-12 09:58:15.413,2024-07-12 09:59:18.047,2024-07-12 10:13:34.283,,"PO 700, SRTVN QUADRA 03",ASA NORTE,BRASILIA,DF,"Escola Nacional de Administracao Publica - Enap, Asa Sul, Brasilia, Distrito Federal","Escola Nacional de Administracao Publica - Enap, Asa Sul, Brasilia, Distrito Federal",-15.78354,-47.8903,-15.83033,-47.93057,-15.83026,-47.93131,,,,,2021.0,2021.0,,REO-**32,,,Não,12,BRASILIA
TAXIGOV_DF_3,1362753,Ministério da Justiça e Segurança Pública,235881,DIRETA,SAA/SE/MJSP,,CONCLUÍDA,Serviço externo / técnico,,12.43,13.674,48.23,2024-07-12 09:49:54.520,2024-07-12 09:52:57.397,2024-07-12 09:57:46.063,2024-07-12 10:02:29.333,2024-07-12 10:22:33.540,,PALACIO DA JUSTICA - MINISTERIO DA JUSTICA E SEGURANCA PUBLICA,PA 2,BRASILIA,DF,"CICCN - Centro Integrado de Comando e Controle Nacional, Brasilia, Distrito Federal","CICCN - Centro Integrado de Comando e Controle Nacional, Brasilia, Distrito Federal",-15.79669,-47.86591,-15.81449,-47.94658,-15.81503,-47.94655,,,,,2023.0,2023.0,,SGW-**96,,,Sim,12,BRASILIA
TAXIGOV_DF_3,1362749,Presidência da República,26,DIRETA,DGES/GSI/PR,,CONCLUÍDA,Transporte de documentos / materiais,,8.16,8.336,31.66,2024-07-12 09:48:25.403,2024-07-12 09:48:31.730,2024-07-12 09:56:34.787,2024-07-12 09:57:18.653,2024-07-12 10:07:29.590,,ESTACIONAMENTO DOS ANEXOS DO PALACIO DO PLANALTO,VILA PLANALTO,BRASILIA,DF,"Comando Militar do Planalto / Comando da 11 RM, Brasilia, Distrito Federal","Comando Militar do Planalto / Comando da 11 RM, Brasilia, Distrito Federal",-15.79983,-47.85875,-15.7779,-47.91956,-15.77893,-47.91963,,,,,2022.0,2022.0,,SGN-**25,,,Não,12,BRASILIA
TAXIGOV_DF_3,1362743,Presidência da República,26,DIRETA,SECOI/SECOM/PR,,CONCLUÍDA,Reunião,,6.43,2.851,24.95,2024-07-12 09:46:40.957,2024-07-12 09:46:46.790,2024-07-12 09:53:36.357,2024-07-12 09:54:05.357,2024-07-12 10:05:24.917,,EM,ASA NORTE,BRASILIA,DF,"Edificio Multibrasil Corporate, Asa Norte, Brasilia, DF","SCN QUADRA 2, QD N2, ASA NORTE, BRASILIA - DF, 70712-000, BRASIL",-15.7985,-47.86095,-15.78775,-47.88669,-15.78863,-47.88448,,,,,2020.0,2021.0,,REI-**48,,,Não,12,BRASILIA
TAXIGOV_DF_3,1362731,Ministério das Relações Exteriores,263,DIRETA,SGAD/SG/MRE,,CONCLUÍDA,Reunião,,7.94,7.321,30.81,2024-07-12 09:39:44.503,2024-07-12 09:41:03.237,2024-07-12 09:48:02.183,2024-07-12 09:48:02.880,2024-07-12 10:05:10.377,,"SQS 212 BL. J,",ASA SUL,BRASILIA,DF,"Anexo II do Itamaraty (Bolo de Noiva), Via S2, Brasilia, Distrito Federal","Anexo II do Itamaraty (Bolo de Noiva), Via S2, Brasilia, Distrito Federal",-15.82722,-47.91239,-15.80206,-47.86797,-15.80185,-47.8679,,,,,2022.0,2023.0,,SGQ-**66,,,Não,12,BRASILIA
TAXIGOV_DF_3,1362704,Ministério do Desenvolvimento Agrário e Agricultura Familiar,308794,DIRETA,CGLOG / SPOA / SE / MDA,,CONCLUÍDA,Reunião,,5.35,5.736,20.76,2024-07-12 09:27:00.517,2024-07-12 09:27:17.327,2024-07-12 09:31:05.477,2024-07-12 09:31:44.937,2024-07-12 09:45:57.873,,CONTROLADORIA-GERAL DA UNIAO,ZONA INDUSTRIAL,BRASILIA,DF,"Instituto Nacional de Colonizacao e Reforma Agraria - Sede, Asa Norte, Brasilia, DF","Instituto Nacional de Colonizacao e Reforma Agraria - Sede, Asa Norte, Brasilia, DF",-15.78993,-47.91179,-15.79089,-47.87956,-15.79114,-47.87965,,,,,2023.0,2023.0,,SGT-**97,,,Não,12,BRASILIA
TAXIGOV_DF_3,1362700,Ministério da Justiça e Segurança Pública,235881,DIRETA,ANPD/MJSP,,CONCLUÍDA,Reunião,,5.04,4.155,19.56,2024-07-12 09:25:16.180,2024-07-12 09:25:28.217,2024-07-12 09:37:01.020,2024-07-12 09:37:07.960,2024-07-12 09:50:53.850,,"CAMARADA CAMARAO: CAMAROES, PEIXES, HAPPY HOUR, RESTAURANTE, BRASILIA DF",ASA NORTE,BRASILIA,DF,"Ministerio da Saude - Bloco G, Brasilia, Distrito Federal","Ministerio da Saude - Bloco G, Brasilia, Distrito Federal",-15.78688,-47.89112,-15.80024,-47.86838,-15.80092,-47.8681,,,,,,,,PBP-**75,,,Não,12,BRASILIA
TAXIGOV_DF_3,1362697,Ministério da Saúde,304,DIRETA,DAHU/SAES/MS,,CONCLUÍDA,Reunião,,11.02,10.715,42.76,2024-07-12 09:23:43.860,2024-07-12 09:23:54.367,2024-07-12 09:25:34.673,2024-07-12 09:25:47.690,2024-07-12 09:42:32.887,,MINISTERIO DA SAUDE - BLOCO G,,BRASILIA,DF,"Escola Nacional de Administracao Publica - Enap, Asa Sul, Brasilia, DF","Escola Nacional de Administracao Publica - Enap, Asa Sul, Brasilia, DF",-15.80024,-47.86838,-15.83033,-47.93057,-15.83029,-47.93138,,,,,,,,REL-**24,,,Sim,12,BRASILIA
TAXIGOV_DF_ENTIDADES,1362664,Empresa Brasileira de Serviços Hospitalares,117267,INDIRETA,CCS/EBSERH,,CONCLUÍDA,Reunião,,5.46,5.297,19.06,2024-07-12 09:02:58.660,2024-07-12 09:03:09.733,2024-07-12 09:03:55.593,2024-07-12 09:06:44.083,2024-07-12 09:16:27.590,,EDIFICIO PARQUE CIDADE CORPORATE,ASA SUL,BRASILIA,DF,"HUB Hospital Universitario de Brasilia - Pediatria, Asa Norte, Brasilia, Distrito Federal","HUB Hospital Universitario de Brasilia - Pediatria, Asa Norte, Brasilia, Distrito Federal",-15.7951,-47.89345,-15.77182,-47.87393,-15.77157,-47.87462,,,,CRONOS,2022.0,2023.0,PRATA,SGQ-**74,,,Não,12,BRASILIA
TAXIGOV_DF_3,1362656,Ministério da Saúde,304,DIRETA,DAPSI,,CONCLUÍDA,Reunião,,8.28,7.843,32.13,2024-07-12 08:59:31.833,2024-07-12 08:59:41.117,2024-07-12 09:08:05.993,2024-07-12 09:08:44.717,2024-07-12 09:23:15.230,,SRTVN QUADRA 03,ASA NORTE,BRASILIA,DF,"Escola Nacional de Administracao Publica - Enap, Asa Sul, Brasilia, DF","Escola Nacional de Administracao Publica - Enap, Asa Sul, Brasilia, DF",-15.78354,-47.8903,-15.83033,-47.93057,-15.83023,-47.93131,,,,,2019.0,2020.0,,PBR-**59,,,Não,12,BRASILIA
TAXIGOV_DF_ENTIDADES,1362652,Fundação Universidade de Brasília,470,INDIRETA,IH,,CONCLUÍDA,Reunião,,20.87,19.287,76.8,2024-07-12 08:54:21.720,2024-07-12 08:54:30.060,2024-07-12 09:09:25.830,2024-07-12 09:38:49.250,2024-07-12 10:01:30.237,,"SOBRADINHO II, UPA",PA 45,BRASILIA,DF,"SQN 214 BLOCO E, - ASA NORTE","SQN 214 BLOCO E, - ASA NORTE",-15.64944,-47.82823,-15.74328,-47.88803,-15.74351,-47.88787,,,,YARES,2022.0,2023.0,BRANCA,SGP-**69,,,Sim,12,BRASILIA
TAXIGOV_DF_3,1362651,Ministério das Relações Exteriores,263,DIRETA,SGAD/SG/MRE,,CONCLUÍDA,Reunião,,11.06,10.44,42.91,2024-07-12 08:54:05.343,2024-07-12 08:58:47.670,2024-07-12 09:01:59.743,2024-07-12 09:02:32.900,2024-07-12 09:21:32.817,,EIXO MONUMENTAL,,BRASILIA,DF,"Unitrans International, SAAN Quadra 1, SAAN, Brasilia, DF","Unitrans International, SAAN Quadra 1, SAAN, Brasilia, DF",-15.80123,-47.86757,-15.76826,-47.93901,-15.76805,-47.93904,,,,,2022.0,2023.0,,SGQ-**06,,,Sim,12,BRASILIA
TAXIGOV_DF_ENTIDADES,1362634,Fundação Universidade de Brasília,470,INDIRETA,DGP/DSQVT,,CONCLUÍDA,Serviço externo / técnico,,11.38,11.119,41.88,2024-07-12 08:48:12.010,2024-07-12 08:49:48.443,2024-07-12 08:48:33.690,2024-07-12 10:09:20.433,2024-07-12 10:19:25.293,,"GRANJA DO TORTO, HVETAO",GRANJA DO TORTO,BRASILIA,DF,"UNB, - PA 15","CAMPUS DARCY RIBEIRO UNB, ASA NORTE, BRASILIA - DF, 70910-900, BRASIL",-15.70603,-47.90553,-15.76654,-47.87337,-15.76497,-47.86888,,,,ONIX,2022.0,2023.0,PRATA,SGN-**40,,,Sim,12,BRASILIA
TAXIGOV_DF_3,1362610,Ministério da Saúde,304,DIRETA,DEDT,,CONCLUÍDA,Reunião,,7.69,7.979,29.84,2024-07-12 08:38:51.993,2024-07-12 08:39:04.820,2024-07-12 08:41:40.370,2024-07-12 08:43:42.873,2024-07-12 08:58:03.013,,SRTVN,ASA NORTE,BRASILIA,DF,"Escola Nacional de Administracao Publica - Enap, Asa Sul, Brasilia, DF","Escola Nacional de Administracao Publica - Enap, Asa Sul, Brasilia, DF",-15.78456,-47.88949,-15.83033,-47.93057,-15.83025,-47.9314,,,,,2023.0,2023.0,,SGV-**39,,,Não,12,BRASILIA
TAXIGOV_DF_3,1362609,Ministério do Desenvolvimento Agrário e Agricultura Familiar,308794,DIRETA,CGLOG / SPOA / SE / MDA,,CONCLUÍDA,Reunião,,6.89,6.754,26.73,2024-07-12 08:38:47.583,2024-07-12 08:48:11.840,2024-07-12 08:49:20.037,2024-07-12 08:50:24.967,2024-07-12 09:03:13.703,,BLOCO D - ESPLANADA DOS MINISTERIOS,PA 2,BRASILIA,DF,"Controladoria-Geral da Uniao, Brasilia, DF","Controladoria-Geral da Uniao, Brasilia, DF",-15.79944,-47.87087,-15.78993,-47.91179,-15.78935,-47.91267,,,,,2024.0,2024.0,,SSI-**69,,,Não,12,BRASILIA
TAXIGOV_DF_ENTIDADES,1362600,Instituto do Patrimônio Histórico e Artístico Nacional,2045,INDIRETA,DPA/IPHAN,,CONCLUÍDA,Reunião,,9.45,7.31,34.96,2024-07-12 08:36:37.180,2024-07-12 08:36:49.163,2024-07-12 08:40:31.387,2024-07-12 08:45:04.373,2024-07-12 08:56:50.643,,"FORO TRABALHISTA DE BRASILIA, SEPN, 513",ASA NORTE,BRASILIA,DF,"SHIGS 702 Bloco C, Brasilia, Brasilia, DF","SHIGS 702 Bloco C, Brasilia, Brasilia, DF",-15.7495,-47.89527,-15.79883,-47.89682,-15.79928,-47.89711,5.0,,,VIRTUS,2024.0,2024.0,BRANCA,SSH-**20,,,Não,12,BRASILIA
TAXIGOV_DF_3,1362595,Advocacia-Geral da União,46,DIRETA,ACS/GAB/AGU,,CONCLUÍDA,Reunião,,7.8,8.357,30.26,2024-07-12 08:33:32.963,2024-07-12 08:33:40.753,2024-07-12 08:40:38.720,2024-07-12 08:40:45.143,2024-07-12 08:50:17.597,,"VIA DE LIGACAO SE NE, 6",BRASILIA,BRASILIA,DF,"Escola Nacional de Administracao Publica - Enap, Asa Sul, Brasilia, DF","Escola Nacional de Administracao Publica - Enap, Asa Sul, Brasilia, DF",-15.80252,-47.88053,-15.83033,-47.93057,-15.83023,-47.93136,,,,,2019.0,2020.0,,PBQ-**36,,,Não,12,BRASILIA
TAXIGOV_DF_ENTIDADES,1362590,Fundação Universidade de Brasília,470,INDIRETA,DGP/DSQVT,,CONCLUÍDA,Serviço externo / técnico,,10.34,10.341,38.05,2024-07-12 08:28:41.020,2024-07-12 08:29:01.560,2024-07-12 08:32:42.580,2024-07-12 08:33:08.310,2024-07-12 08:45:12.507,,"BRASILIA - DF, 70833-520, BRASIL",BRASILIA,BRASILIA,DF,"Hospital Veterinario de Grandes Animais (Hvetao) - UnB, Brasilia, DF","GRANJA DO TORTO, BRASILIA - DF, 70636-000, BRASIL",-15.76495,-47.86888,-15.7039,-47.91166,-15.703,-47.91092,,,,ONIX,2022.0,2023.0,PRATA,SGN-**40,,,Sim,12,BRASILIA
TAXIGOV_DF_ENTIDADES,1362583,Fundação Universidade de Brasília,470,INDIRETA,IH,,CONCLUÍDA,Reunião,,20.43,19.075,75.18,2024-07-12 08:23:33.817,2024-07-12 08:23:48.897,2024-07-12 08:29:58.653,2024-07-12 08:30:16.290,2024-07-12 08:52:07.297,,SQN 214 BL. E,BRASILIA,BRASILIA,DF,"UPA de Sobradinho, Sobradinho II, Brasilia, DF","UPA de Sobradinho, Sobradinho II, Brasilia, DF",-15.74315,-47.88827,-15.63952,-47.81963,-15.63982,-47.81972,,,,YARES,2022.0,2023.0,BRANCA,SGP-**69,,,Sim,12,BRASILIA
TAXIGOV_DF_3,1362582,Ministério da Educação,244,DIRETA,SASE/MEC,,CONCLUÍDA,Reunião,,6.09,6.302,23.63,2024-07-12 08:22:26.120,2024-07-12 08:23:48.583,2024-07-12 08:28:41.950,2024-07-12 08:29:21.430,2024-07-12 08:38:38.960,,MINISTERIO DA EDUCACAO,PA 2,BRASILIA,DF,"Instituto Serzedello Correa, SCES Trecho 3 Polo 8, 4, Brasilia, Distrito Federal","Instituto Serzedello Correa, SCES Trecho 3 Polo 8, 4, Brasilia, Distrito Federal",-15.79501,-47.87305,-15.80607,-47.84357,-15.80608,-47.84302,,,,,2020.0,2020.0,,REC-**43,,,Não,12,BRASILIA
TAXIGOV_DF_3,1362569,Ministério da Educação,244,DIRETA,AGTA/MEC,,CONCLUÍDA,Reunião,,9.46,9.569,36.7,2024-07-12 08:13:11.837,2024-07-12 08:16:30.187,2024-07-12 08:21:21.333,2024-07-12 08:21:27.670,2024-07-12 08:36:14.680,,MINISTERIO DA EDUCACAO,ASA SUL,BRASILIA,DF,"Escola Nacional de Administracao Publica - Enap, Asa Sul, Brasilia, Distrito Federal","Escola Nacional de Administracao Publica - Enap, Asa Sul, Brasilia, Distrito Federal",-15.79501,-47.87305,-15.83033,-47.93057,-15.83066,-47.93076,,,,,2018.0,2019.0,,QOI-**68,,,Não,12,BRASILIA
TAXIGOV_DF_3,1362564,Presidência da República,26,DIRETA,SNPS/SG/PR,,CONCLUÍDA,Reunião,,5.02,4.135,19.48,2024-07-12 08:11:29.047,2024-07-12 08:12:30.150,2024-07-12 08:18:49.460,2024-07-12 08:19:18.907,2024-07-12 08:25:20.330,,"BRASILIA - DF, 70833-520, BRASIL",BRASILIA,BRASILIA,DF,"Instituto Serzedello Correa, SCES Trecho 3 Polo 8, 4, Brasilia, DF","Instituto Serzedello Correa, SCES Trecho 3 Polo 8, 4, Brasilia, DF",-15.79965,-47.85926,-15.80607,-47.84357,-15.8063,-47.84323,,,,,2021.0,2022.0,,REQ-**45,,,Não,12,BRASILIA
TAXIGOV_DF_3,1362554,Ministério da Defesa,41066,DIRETA,SEORI/MD,,CONCLUÍDA,Reunião,,21.68,21.93,84.12,2024-07-12 08:05:03.953,2024-07-12 08:06:22.780,2024-07-12 08:12:48.190,2024-07-12 08:13:09.487,2024-07-12 08:35:50.097,,"MINISTERIO DA DEFESA, ESPLANADA DOS MINISTERIOS, BL. Q",ZONA CIVICOADMINISTRATIVA,BRASILIA,DF,"Forte Marechal Rondon, Rodovia DF 001, KM 5, Lago Norte, Brasilia, Distrito Federal","CIGE, LAGO NORTE - DF, BRASIL",-15.79641,-47.86894,-15.70895,-47.81431,-15.71108,-47.81224,,,,,2022.0,2023.0,,SGO-**30,,,Sim,12,BRASILIA
TAXIGOV_DF_ENTIDADES,1362538,Instituto do Patrimônio Histórico e Artístico Nacional,2045,INDIRETA,DPA/IPHAN,,CONCLUÍDA,Reunião,,6.51,7.013,24.09,2024-07-12 07:54:07.277,2024-07-12 07:55:55.413,2024-07-12 08:01:35.660,2024-07-12 08:01:49.723,2024-07-12 08:16:26.940,,"SHIGS 702 BLOCO C,",BRASILIA,BRASILIA,DF,"Foro Trabalhista de Brasilia, SEPN, 513, Asa Norte, Brasilia, Distrito Federal","Foro Trabalhista de Brasilia, SEPN, 513, Asa Norte, Brasilia, Distrito Federal",-15.79883,-47.89682,-15.7495,-47.89527,-15.74948,-47.89487,5.0,,,COROLLA,2023.0,2023.0, PRETA,SGW-**96,,,Não,12,BRASILIA
TAXIGOV_DF_ENTIDADES,1362529,"Instituto Nacional de Metrologia, Qualidade e Tecnologia",240,INDIRETA,GABIN/INMETRO,,CONCLUÍDA,Reunião,,12.3,,45.51,2024-07-12 07:34:09.643,2024-07-12 07:34:48.310,2024-07-12 07:41:53.093,2024-07-12 07:44:23.723,2024-07-12 08:04:55.380,,HOTEL EM BRASILIA - MULTIPARQUE HPLUS LONG STAY,SETOR SUDOESTE,BRASILIA,DF,"Aeroporto Internacional de Brasilia / Presidente Juscelino Kubitschek (BSB), Aer. Internacional de Brasilia, s/n, Lago Sul, Brasilia, DF","Aeroporto Internacional de Brasilia / Presidente Juscelino Kubitschek (BSB), Aer. Internacional de Brasilia, s/n, Lago Sul, Brasilia, DF",-15.79447,-47.91809,-15.8698,-47.9206,,,5.0,,,CCROSS,2023.0,2023.0,PRATA,SGR-**14,,,Sim,12,BRASILIA
TAXIGOV_DF_3,1362486,Presidência da República,26,DIRETA,GAB/SRI/PR,,CONCLUÍDA,Outros,,44.82,41.57,173.9,2024-07-11 22:32:15.807,2024-07-11 22:32:58.253,2024-07-11 22:42:04.350,2024-07-11 22:42:04.093,2024-07-11 23:24:19.300,,PCA. DOS TRES PODERES,ASA NORTE,BRASILIA,DF,"Novo Gama, Novo Gama, GO","RUA VINTE E CINCO, 14, NOVO GAMA - GO, 72862-402, BRASIL",-15.79941,-47.86088,-16.05579,-48.03525,-16.05625,-48.03196,,,,,,,,REU-**12,,,Sim,11,BRASILIA
TAXIGOV_DF_3,1362485,Presidência da República,26,DIRETA,GAB/SRI/PR,,CONCLUÍDA,Outros,,27.92,25.437,108.33,2024-07-11 22:23:33.917,2024-07-11 22:24:25.720,2024-07-11 22:30:52.850,2024-07-11 22:31:20.110,2024-07-11 23:05:26.763,,PALACIO DO PLANALTO,,BRASILIA,DF,"Ar 11 Conjunto 8, Brasilia, DF","Ar 11 Conjunto 8, Brasilia, DF",-15.79905,-47.86077,-15.64174,-47.82276,-15.64156,-47.82264,,,,,2019.0,20.0,,PBY-**66,,,Sim,11,BRASILIA
TAXIGOV_DF_3,1362433,Ministério das Relações Exteriores,263,DIRETA,ABC/SPECE/MRE,,CONCLUÍDA,Reunião,,9.87,10.129,38.3,2024-07-11 18:04:15.130,2024-07-11 18:06:32.810,2024-07-11 18:14:18.057,2024-07-11 18:15:57.120,2024-07-11 18:32:15.133,,SPO. 15,ASA SUL,BRASILIA,DF,"Agencia Brasileira de Cooperacao, Brasilia, DF","Agencia Brasileira de Cooperacao, Brasilia, DF",-15.83041,-47.93099,-15.80407,-47.86809,-15.80426,-47.86794,,,,,2023.0,2023.0,,SGR-**14,,,Não,11,BRASILIA
TAXIGOV_DF_ENTIDADES,1362424,Instituto Chico Mendes de Conservação da Biodiversidade,91842,INDIRETA,ICMBIO/ICMBIO,,CONCLUÍDA,Reunião,,8.8,8.512,31.24,2024-07-11 17:58:27.510,2024-07-11 17:58:34.337,2024-07-11 18:03:15.120,2024-07-11 18:04:18.977,2024-07-11 18:28:05.243,,"ADVOCACIA-GERAL DA UNIAO, 6",ASA SUL,BRASILIA,DF,"Instituto Chico Mendes de Conservacao da Biodiversidade, Brasilia, Distrito Federal","Instituto Chico Mendes de Conservacao da Biodiversidade, Brasilia, Distrito Federal",-15.80231,-47.88046,-15.80329,-47.92629,-15.80323,-47.92629,,,,SPIN ACT,2022.0,2023.0,PRATA,SGR-**00,,,Não,11,BRASILIA
TAXIGOV_DF_3,1362378,Presidência da República,26,DIRETA,SNPS/SG/PR,,CONCLUÍDA,Reunião,,5.07,5.026,19.67,2024-07-11 17:25:19.137,2024-07-11 17:25:28.867,2024-07-11 17:25:32.970,2024-07-11 17:26:20.323,2024-07-11 17:33:06.153,,"SCES TR. 3 POLO 8, LT. 3",ASA SUL,BRASILIA,DF,"Anexo I (Palacio do Planalto   Presidencia da Republica), Praca dos Tres Poderes, Brasilia, DF","VIA N. UM LESTE, EIXO MONUMENTAL, BRASILIA - DF, BRASIL",-15.80629,-47.84259,-15.79955,-47.85925,-15.79928,-47.86179,,,,,,,,SSK-**03,,,Não,11,BRASILIA
TAXIGOV_DF_ENTIDADES,1362371,Instituto Nacional de Estudos e Pesquisas Educacionais Anísio Teixeira,249,INDIRETA,GAB/DGP/INEP,,CONCLUÍDA,Reunião,,5.51,5.708,20.33,2024-07-11 17:14:26.220,2024-07-11 17:14:40.520,2024-07-11 17:17:05.643,2024-07-11 17:19:02.383,2024-07-11 17:31:36.753,,MINISTERIO DA EDUCACAO,PA 2,BRASILIA,DF,"Instituto Nacional de Estudos e Pesquisas Educacionais, Brasilia, DF","Instituto Nacional de Estudos e Pesquisas Educacionais, Brasilia, DF",-15.79501,-47.87305,-15.788,-47.91424,-15.78831,-47.91382,,,,VOYAGE,2021.0,2022.0,BRANCA,RMO-**95,,,Não,11,BRASILIA
TAXIGOV_DF_3,1362358,Ministério da Educação,244,DIRETA,ACS/GM/MEC,,CONCLUÍDA,Reunião,,18.41,,71.43,2024-07-11 17:02:11.817,2024-07-11 17:04:14.713,2024-07-11 17:10:00.063,2024-07-11 17:13:29.473,2024-07-11 17:44:24.160,,"AEROPORTO INTERNACIONAL DE BRASILIA, RODOVIA PRESIDENTE JUSCELINO KUBITSCHEK, S/N",,BRASILIA,DF,"SHCGN 709 Bloco P, Asa Norte, Brasilia, Distrito Federal","SHCGN 709 Bloco P, Asa Norte, Brasilia, Distrito Federal",-15.86997,-47.92097,-15.76153,-47.89445,,,5.0,,,,2023.0,2024.0,,SGY-**09,,,Sim,11,BRASILIA
TAXIGOV_DF_3,1362351,Ministério da Saúde,304,DIRETA,DAPSI,,CONCLUÍDA,Reunião,,9.69,8.006,37.6,2024-07-11 16:56:20.073,2024-07-11 16:56:27.770,2024-07-11 17:01:39.980,2024-07-11 17:04:39.477,2024-07-11 17:25:42.403,,ESCOLA NACIONAL DE ADMINISTRACAO PUBLICA - ENAP,ASA SUL,BRASILIA,DF,"PO 700, SRTVN, Asa Norte, Brasilia, DF","PO 700, SRTVN, Asa Norte, Brasilia, DF",-15.83033,-47.93057,-15.78456,-47.88949,-15.7841,-47.89044,,,,,2023.0,2024.0,,SSG-**83,,,Não,11,BRASILIA
TAXIGOV_DF_3,1362344,Ministério da Saúde,304,DIRETA,DAHU/SAES/MS,,CONCLUÍDA,Reunião,,10.11,9.763,39.23,2024-07-11 16:53:16.947,2024-07-11 16:53:26.367,2024-07-11 16:59:24.863,2024-07-11 17:00:06.997,2024-07-11 17:15:21.597,,ESCOLA NACIONAL DE ADMINISTRACAO PUBLICA - ENAP,ASA SUL,BRASILIA,DF,"Anexo do Ministerio da Saude, Eixo Monumental, G, Brasilia, Distrito Federal","EMI BLOCO G, ASA SUL, BRASILIA - DF, 70058-900, BRASIL",-15.83033,-47.93057,-15.80181,-47.86856,-15.79981,-47.86805,,,,,2024.0,2024.0,,SSI-**99,,,Sim,11,BRASILIA
TAXIGOV_DF_ENTIDADES,1362342,Fundação Nacional do Índio,173,INDIRETA,SEDOC/FUNAI,,CONCLUÍDA,Reunião,,8.61,8.149,30.57,2024-07-11 16:51:30.680,2024-07-11 16:51:40.473,2024-07-11 16:58:38.213,2024-07-11 17:00:15.490,2024-07-11 17:12:37.533,,"SIA TRECHO 8, S/N",ZONA INDUSTRIAL GUARA,BRASILIA,DF,"Edificio Parque Cidade Corporate, Asa Sul, Brasilia, DF","Edificio Parque Cidade Corporate, Asa Sul, Brasilia, DF",-15.79787,-47.94765,-15.7951,-47.89345,-15.79441,-47.89285,,,,COROLLA,2024.0,2024.0,PRATA,SSH-**27,,,Não,11,BRASILIA
TAXIGOV_DF_ENTIDADES,1362305,Instituto Chico Mendes de Conservação da Biodiversidade,91842,INDIRETA,ICMBIO/ICMBIO,,CONCLUÍDA,Reunião,,7.04,7.159,24.99,2024-07-11 16:34:40.537,2024-07-11 16:35:17.080,2024-07-11 16:40:13.943,2024-07-11 16:42:51.777,2024-07-11 16:57:51.240,,INSTITUTO CHICO MENDES DE CONSERVACAO DA BIODIVERSIDADE,SETOR SUDOESTE,BRASILIA,DF,"Advocacia-Geral da Uniao, 6, Asa Sul, Brasilia, Distrito Federal","Advocacia-Geral da Uniao, 6, Asa Sul, Brasilia, Distrito Federal",-15.80329,-47.92629,-15.80231,-47.88046,-15.80167,-47.88072,,,,COROLLA,2021.0,2022.0,PRETA,RES-**04,,,Não,11,BRASILIA
TAXIGOV_DF_ENTIDADES,1362286,Agência Espacial Brasileira,4243,INDIRETA,DPEI/AEB,,CONCLUÍDA,Reunião,,14.03,14.042,52.05,2024-07-11 16:28:09.690,2024-07-11 16:28:19.563,2024-07-11 16:35:32.080,2024-07-11 16:36:37.390,2024-07-11 16:54:16.983,,EIXO MONUMENTAL,,BRASILIA,DF,"AEB Agencia Espacial Brasileira, Brasilia, DF","AEB Agencia Espacial Brasileira, Brasilia, DF",-15.7995,-47.85869,-15.81587,-47.94311,-15.81558,-47.94307,,,,YARIS,2022.0,2023.0,PRATA,SGR-**08,,,Sim,11,BRASILIA
TAXIGOV_DF_3,1362271,Ministério da Justiça e Segurança Pública,235881,DIRETA,DPJUS/SNJ/MJSP,,CONCLUÍDA,Reunião,,14.33,12.264,55.6,2024-07-11 16:24:22.777,2024-07-11 16:25:01.423,2024-07-11 16:27:39.043,2024-07-11 16:27:59.527,2024-07-11 16:43:30.337,,IGUATEMI BRASILIA,SETOR DE HABITACOES INDIVIDUAIS NORTE,BRASILIA,DF,"Ministerio da Justica e Cidadania - Anexo II, Brasilia, Distrito Federal","Ministerio da Justica e Cidadania - Anexo II, Brasilia, Distrito Federal",-15.72094,-47.88592,-15.79657,-47.86601,-15.79677,-47.86592,,,,,2024.0,2024.0,,SSL-**29,,,Sim,11,BRASILIA
TAXIGOV_DF_3,1362270,Ministério do Desenvolvimento Agrário e Agricultura Familiar,308794,DIRETA,CGLOG / SPOA / SE / MDA,,CONCLUÍDA,Reunião,,5.57,5.863,21.61,2024-07-11 16:23:45.797,2024-07-11 16:23:54.160,2024-07-11 16:28:41.780,2024-07-11 16:28:42.110,2024-07-11 16:38:23.473,,CONTROLADORIA-GERAL DA UNIAO,ZONA INDUSTRIAL,BRASILIA,DF,"Ministerio da Agricultura e Pecuaria, Brasilia, DF","Ministerio da Agricultura e Pecuaria, Brasilia, DF",-15.78993,-47.91179,-15.79953,-47.87093,-15.79956,-47.87071,,,,,2020.0,2020.0,,RED-**83,,,Não,11,BRASILIA
TAXIGOV_DF_3,1362247,Ministério da Saúde,304,DIRETA,DATHI,,CONCLUÍDA,Reunião,,10.75,9.98,41.71,2024-07-11 16:17:51.557,2024-07-11 16:17:59.313,2024-07-11 16:20:49.707,2024-07-11 16:22:21.193,2024-07-11 16:40:25.090,,"ANEXO DO MINISTERIO DA SAUDE, EIXO MONUMENTAL",G,BRASILIA,DF,"Escola Nacional de Administracao Publica - Enap, Asa Sul, Brasilia, Distrito Federal","Escola Nacional de Administracao Publica - Enap, Asa Sul, Brasilia, Distrito Federal",-15.80181,-47.86856,-15.83033,-47.93057,-15.8302,-47.93144,,,,,,,,REL-**24,,,Sim,11,BRASILIA
TAXIGOV_DF_3,1362227,Ministério da Defesa,41066,DIRETA,SEORI/MD,,CONCLUÍDA,Reunião,,26.96,23.387,104.6,2024-07-11 16:12:58.173,2024-07-11 16:15:37.600,2024-07-11 16:41:56.907,2024-07-11 16:44:28.837,2024-07-11 17:14:13.320,,"FORTE MARECHAL RONDON, RODOVIA DF 001, KM 5",LAGO NORTE,BRASILIA,DF,"Ministerio da Defesa, Esplanada dos Ministerios, Bl. Q, ZONA CIVICOADMINISTRATIVA, BRASILIA, DF","Ministerio da Defesa, Esplanada dos Ministerios, Bl. Q, ZONA CIVICOADMINISTRATIVA, BRASILIA, DF",-15.70895,-47.81431,-15.79641,-47.86894,-15.7964,-47.86875,,,,,2019.0,2020.0,,PBY-**80,,,Sim,11,BRASILIA
TAXIGOV_DF_ENTIDADES,1362206,Instituto Chico Mendes de Conservação da Biodiversidade,91842,INDIRETA,GABIN/ICMBIO,,CONCLUÍDA,Reunião,,8.92,9.538,31.67,2024-07-11 16:04:01.593,2024-07-11 16:04:16.460,2024-07-11 16:09:59.070,2024-07-11 16:10:07.077,2024-07-11 16:28:14.063,,PALACIO DO PLANALTO,,BRASILIA,DF,"Instituto Chico Mendes de Conservacao da Biodiversidade, Brasilia, DF","Instituto Chico Mendes de Conservacao da Biodiversidade, Brasilia, DF",-15.79905,-47.86077,-15.80329,-47.92629,-15.80323,-47.9263,,,,COROLLA PRETA,2024.0,2024.0,,SSK-**66,,,Não,11,BRASILIA
TAXIGOV_DF_3,1362194,Presidência da República,26,DIRETA,DG/IN/CC/PR,,CONCLUÍDA,Reunião,,10.91,10.11,42.33,2024-07-11 15:58:51.110,2024-07-11 15:59:04.243,2024-07-11 16:01:55.233,2024-07-11 16:03:09.070,2024-07-11 16:15:49.463,,"SETOR SCIA QUADRA 13,",ZONA INDUSTRIAL GUARA,BRASILIA,DF,"SIG IMPRENSA NACIONAL, - PA 31","SIG QUADRA 6, SUDOESTE/OCTOGONAL, CRUZEIRO - DF, 70610-460, BRASIL",-15.78814,-47.98092,-15.79845,-47.92963,-15.79303,-47.91419,,,,,2023.0,2023.0,,SGT-**86,,,Sim,11,BRASILIA
TAXIGOV_DF_3,1362184,Ministério da Saúde,304,DIRETA,CGDI/SAA/SE/MS,,CONCLUÍDA,Reunião,,13.61,12.645,52.81,2024-07-11 15:55:32.323,2024-07-11 15:56:37.817,2024-07-11 16:00:50.877,2024-07-11 16:01:07.763,2024-07-11 16:17:02.997,,EDITORA - MINISTERIO DA SAUDE,ZONA INDUSTRIAL GUARA,BRASILIA,DF,"Ministerio da Saude - Anexo B, Esplanada dos Ministerios, Asa Sul, Brasilia, DF","Ministerio da Saude - Anexo B, Esplanada dos Ministerios, Asa Sul, Brasilia, DF",-15.80182,-47.95618,-15.802,-47.86917,-15.80158,-47.86919,,,,,2019.0,2020.0,,PBR-**59,,,Sim,11,BRASILIA
TAXIGOV_DF_3,1362157,Presidência da República,26,DIRETA,SIMP/SECOM/PR,,CONCLUÍDA,Reunião,,10.27,4.898,39.85,2024-07-11 15:45:04.387,2024-07-11 15:46:25.527,2024-07-11 15:51:05.130,2024-07-11 15:51:16.170,2024-07-11 16:06:49.533,,SGAN 604,ASA NORTE,BRASILIA,DF,"Palacio do Planalto, Brasilia, DF","VIA N. UM LESTE, ASA SUL, BRASILIA - DF, BRASIL",-15.77122,-47.8738,-15.79905,-47.86077,-15.79928,-47.85784,,,,,,,,PBP-**75,,,Sim,11,BRASILIA
TAXIGOV_DF_ENTIDADES,1362151,Banco Central do Brasil,89,INDIRETA,DEMAP/DIDOC,,CONCLUÍDA,Outros,,10.91,6.973,40.8,2024-07-11 15:41:16.130,2024-07-11 15:41:26.317,2024-07-11 15:48:44.707,2024-07-11 16:01:40.897,2024-07-11 16:18:47.737,,0,SET MEDICO HOSP,BRASÍLIA,DF,"QUADRA SIG QUADRA 8, 2025 - ZONA INDUSTRIAL - BRASÍLIA / DF","ESTRADA PARQUE INDUSTRIAS GRAFICAS, SUDOESTE/OCTOGONAL, CRUZEIRO - DF, 70610-480, BRASIL",-15.80322,-47.88516,-15.79623,-47.91352,-15.7975,-47.91354,,,,COROLLA,2022.0,2023.0,PRETA,RET-**66,,,Sim,11,BRASÍLIA
TAXIGOV_DF_3,1362128,Ministério da Saúde,304,DIRETA,SECNS/CNS/MS,,CONCLUÍDA,Reunião,,5.1,2.983,19.79,2024-07-11 15:35:11.720,2024-07-11 15:35:20.660,2024-07-11 15:48:48.873,2024-07-11 15:49:27.667,2024-07-11 16:02:16.547,,SEN,ASA NORTE,BRASILIA,DF,"Ministerio da Saude - Bloco G, Brasilia, DF","Ministerio da Saude - Bloco G, Brasilia, DF",-15.78274,-47.86835,-15.80024,-47.86838,-15.80036,-47.86828,,,,,,,,PBU-**52,,,Não,11,BRASILIA
TAXIGOV_DF_ENTIDADES,1362118,Fundação Oswaldo Cruz,315,INDIRETA,NEVS/FIOCRUZ-BSB,,CONCLUÍDA,Reunião,,41.39,41.573,153.14,2024-07-11 15:31:09.653,2024-07-11 15:31:51.987,2024-07-11 15:31:45.723,2024-07-11 15:33:01.907,2024-07-11 16:13:11.610,,"UNIDADE BASICA DE SAUDE 02 PLANALTINA, QD 1 S/N C 2",SETOR RESIDENCIAL LESTE PLANALTINA,BRASILIA,DF,"Hospital Universitario de Brasilia - Emergencia, Asa Norte, Brasilia, Distrito Federal","SGAN 604, ASA NORTE, BRASILIA - DF, 70830-150, BRASIL",-15.61237,-47.6433,-15.77171,-47.87302,-15.77265,-47.87393,,,,ONIX,2022.0,2023.0,PRATA,SGN-**40,,,Sim,11,BRASILIA
TAXIGOV_DF_ENTIDADES,1362115,Fundação Universidade de Brasília,470,INDIRETA,IH,,CONCLUÍDA,Serviço externo / técnico,,24.35,24.147,89.61,2024-07-11 15:31:02.410,2024-07-11 15:31:15.447,2024-07-11 15:37:35.973,2024-07-11 15:37:43.573,2024-07-11 16:02:33.273,,CENTRO DE REFERENCIA DE ASSISTENCIA SOCIAL (CRAS) - TAGUATINGA,,BRASILIA,DF,"Master Place, SGAN, 912, Asa Norte, Brasilia, DF","Master Place, SGAN, 912, Asa Norte, Brasilia, DF",-15.80139,-48.06651,-15.75417,-47.89883,-15.75419,-47.89878,,,,SIENA,2017.0,2017.0,BRANCA,PAX-**23,,,Sim,11,BRASILIA
TAXIGOV_DF_3,1362107,Presidência da República,26,DIRETA,DG/IN/CC/PR,,CONCLUÍDA,Reunião,,10.37,10.511,40.24,2024-07-11 15:27:58.427,2024-07-11 15:28:11.683,2024-07-11 15:33:00.377,2024-07-11 15:33:05.047,2024-07-11 15:58:06.290,,ESTRADA PARQUE INDUSTRIAS GRAFICAS,ZONA INDUSTRIAL,BRASILIA,DF,SCIA QUADRA 13 CONJUNTO 3 - CIDADE DO AUTOMOVEL - BRASILIA,SCIA QUADRA 13 CONJUNTO 3 - CIDADE DO AUTOMOVEL - BRASILIA,-15.79243,-47.9136,-15.78884,-47.9776,-15.78896,-47.97771,,,,,2023.0,2023.0,,SGT-**86,,,Sim,11,BRASILIA
TAXIGOV_DF_ENTIDADES,1362086,Agência Nacional de Telecomunicações,25064,INDIRETA,SCO/ANATEL,,CONCLUÍDA,Reunião,,9.57,10.208,35.22,2024-07-11 15:21:35.860,2024-07-11 15:21:46.703,2024-07-11 15:30:51.637,2024-07-11 15:32:01.750,2024-07-11 15:42:47.567,,CENAD,SETOR POLICIAL SUL,BRASILIA,DF,"Agencia Nacional de Telecomunicacoes (Anatel), SAUS Qd. 6, Bl. C, E, F e H, ASA SUL, BRASILIA, DF","Agencia Nacional de Telecomunicacoes (Anatel), SAUS Qd. 6, Bl. C, E, F e H, ASA SUL, BRASILIA, DF",-15.81458,-47.94116,-15.80553,-47.88278,-15.80531,-47.8828,,,,COROLLA ,2023.0,24.0, PRETO,SGU-**60,,,Não,11,BRASILIA
TAXIGOV_DF_3,1362080,Presidência da República,26,DIRETA,DGES/GSI/PR,,CONCLUÍDA,Transporte de documentos / materiais,,8.85,9.066,34.34,2024-07-11 15:20:35.457,2024-07-11 15:20:43.390,2024-07-11 15:20:57.317,2024-07-11 15:25:39.990,2024-07-11 15:38:48.103,,"SMU COMANDO MILITAR DO PLANALTO/COMANDO DA 11 RM,",SMU,BRASILIA,DF,"ANEXO PALACIO PLANALTO, - PA 1","ANEXO PALACIO PLANALTO, - PA 1",-15.77776,-47.91966,-15.79924,-47.85909,-15.79985,-47.85926,,,,,2022.0,2022.0,,REU-**98,,,Não,11,BRASILIA
TAXIGOV_DF_3,1362078,Ministério da Saúde,304,DIRETA,CGSNT/DAET/SAS,,CONCLUÍDA,Reunião,,9.29,10.001,36.05,2024-07-11 15:18:59.500,2024-07-11 15:19:11.623,2024-07-11 15:25:20.703,2024-07-11 15:26:03.060,2024-07-11 15:37:57.057,,"SPO. 15,",BRASILIA,BRASILIA,DF,"Ministerio da Saude - Bloco G, Brasilia, Distrito Federal","Ministerio da Saude - Bloco G, Brasilia, Distrito Federal",-15.83037,-47.93137,-15.80024,-47.86838,-15.80028,-47.86823,,,,,2023.0,2024.0,,SGY-**58,,,Não,11,BRASILIA
TAXIGOV_DF_3,1362074,Ministério da Saúde,304,DIRETA,DEGES/SGTES/MS,,CONCLUÍDA,Reunião,,10.57,8.018,41.01,2024-07-11 15:17:45.030,2024-07-11 15:19:51.713,2024-07-11 15:25:13.323,2024-07-11 15:25:42.387,2024-07-11 15:41:49.140,,ESCOLA NACIONAL DE ADMINISTRACAO PUBLICA - ENAP,ASA SUL,BRASILIA,DF,"PO 700, SRTVN, Asa Norte, Brasilia, Distrito Federal","PO 700, SRTVN, Asa Norte, Brasilia, Distrito Federal",-15.83033,-47.93057,-15.78456,-47.88949,-15.7842,-47.89047,,,,,2023.0,2023.0,,SGR-**14,,,Sim,11,BRASILIA
TAXIGOV_DF_ENTIDADES,1362073,Agência Nacional de Aviação Civil,86144,INDIRETA,SAF/ANAC,,CONCLUÍDA,Reunião,,12.25,12.378,45.33,2024-07-11 15:17:44.467,2024-07-11 15:17:52.933,2024-07-11 15:18:02.660,2024-07-11 15:18:11.400,2024-07-11 15:34:32.247,,"AEROPORTO ANAC,",AEROPORTO,BRASILIA,DF,"SCS ANAC, - SCS","SCS ANAC, - SCS",-15.8696,-47.93225,-15.79448,-47.89349,-15.79513,-47.89371,,,,SPIN ,2022.0,2023.0, PRATA,SGQ-**75,,,Sim,11,BRASILIA
TAXIGOV_DF_3,1362063,Ministério da Defesa,41066,DIRETA,SEORI/MD,,CONCLUÍDA,Reunião,,6.96,7.187,27.0,2024-07-11 15:14:12.237,2024-07-11 15:14:28.310,2024-07-11 15:16:25.840,2024-07-11 15:19:24.083,2024-07-11 15:29:24.873,,MINISTERIO DA DEFESA - ANEXO,ASA NORTE,BRASILIA,DF,"Quartel general, Brasilia, DF","SMU, ASA NORTE, BRASILIA - DF, BRASIL",-15.79442,-47.87028,-15.76687,-47.92677,-15.77362,-47.9186,,,,,2023.0,2023.0,,SGV-**39,,,Não,11,BRASILIA
TAXIGOV_DF_ENTIDADES,1362059,Banco Central do Brasil,89,INDIRETA,DEMAP/INFRA,,CONCLUÍDA,Reunião,,12.02,13.15,44.95,2024-07-11 15:12:59.137,2024-07-11 15:13:05.260,2024-07-11 15:13:15.773,2024-07-11 15:16:22.687,2024-07-11 15:53:01.523,,"SIA, W SOARES MATERIAL ELETRONICO",SIA,BRASILIA,DF,"BANCO CENTRAL, - PA 3","CLS 201, QD 3 BL A, ASA SUL, BRASILIA - DF, 70232-550, BRASIL",-15.7897,-47.96733,-15.80147,-47.88527,-15.80352,-47.88498,,,,SIENA,2019.0,2020.0,PRATA,PBQ-**36,,,Sim,11,BRASILIA
TAXIGOV_DF_3,1362026,Presidência da República,26,DIRETA,DITEC/SA/CC/PR,,CONCLUÍDA,Outros,,14.04,14.792,54.48,2024-07-11 15:03:17.647,2024-07-11 15:03:29.430,2024-07-11 15:11:33.490,2024-07-11 15:12:07.127,2024-07-11 15:27:48.660,,RESIDENCIA OFICIAL DA GRANJA DO TORTO,ZONA INDUSTRIAL,BRASILIA,DF,"Restaurante, Presidencia da Republica, ZONA CIVICOADMINISTRATIVA, BRASILIA, DF","Restaurante, Presidencia da Republica, ZONA CIVICOADMINISTRATIVA, BRASILIA, DF",-15.70542,-47.90573,-15.79885,-47.85897,-15.79807,-47.85941,,,,,,,,REK-**58,,,Sim,11,BRASILIA
TAXIGOV_DF_3,1362005,Ministério das Relações Exteriores,263,DIRETA,SGAD/SG/MRE,,CONCLUÍDA,Reunião,,7.77,7.842,30.15,2024-07-11 14:57:53.847,2024-07-11 14:58:01.777,2024-07-11 14:58:15.433,2024-07-11 14:59:09.967,2024-07-11 15:11:33.923,,"SQS 213 BLOCO E,",ASA SUL,BRASILIA,DF,"ANEXO II DO ITAMARATY(BOLO DE NOIVA), - ASA SUL","EMI BLOCO G, ASA SUL, BRASILIA - DF, 70058-900, BRASIL",-15.82941,-47.91436,-15.80173,-47.86795,-15.80041,-47.86828,,,,,2018.0,2019.0,,PBK-**34,,,Não,11,BRASILIA
TAXIGOV_DF_3,1362003,Presidência da República,26,DIRETA,DGES/GSI/PR,,CONCLUÍDA,Transporte de documentos / materiais,,8.14,8.331,31.58,2024-07-11 14:57:42.147,2024-07-11 14:58:40.297,2024-07-11 15:05:04.913,2024-07-11 15:06:45.543,2024-07-11 15:18:35.393,,ESTACIONAMENTO DOS ANEXOS DO PALACIO DO PLANALTO,VILA PLANALTO,BRASILIA,DF,"Comando Militar do Planalto / Comando da 11 RM, Brasilia, Distrito Federal","Comando Militar do Planalto / Comando da 11 RM, Brasilia, Distrito Federal",-15.79983,-47.85875,-15.7779,-47.91956,-15.77892,-47.9198,,,,,2022.0,2022.0,,REU-**98,,,Não,11,BRASILIA
TAXIGOV_DF_ENTIDADES,1361989,Instituto Nacional de Estudos e Pesquisas Educacionais Anísio Teixeira,249,INDIRETA,GAB/INEP,,CONCLUÍDA,Reunião,,6.16,5.623,22.73,2024-07-11 14:53:30.207,2024-07-11 14:54:26.980,2024-07-11 14:56:27.637,2024-07-11 15:00:25.853,2024-07-11 15:15:03.193,,INEP,,BRASILIA,DF,"Fundo Nacional de Desenvolvimento da Educacao, Sbs, 12, Asa Sul, Brasilia, Distrito Federal","Fundo Nacional de Desenvolvimento da Educacao, Sbs, 12, Asa Sul, Brasilia, Distrito Federal",-15.788,-47.91424,-15.80089,-47.88341,-15.80135,-47.88358,,,,COROLLA PRETA,2022.0,2023.0,,SGQ-**66,,,Não,11,BRASILIA
TAXIGOV_DF_3,1361987,Ministério da Saúde,304,DIRETA,DAF/SCTIE/MS,,CONCLUÍDA,Reunião,,9.63,9.997,37.36,2024-07-11 14:52:55.377,2024-07-11 14:53:27.583,2024-07-11 14:53:44.840,2024-07-11 15:02:25.403,2024-07-11 15:11:07.787,,SPO. 15,ASA SUL,BRASILIA,DF,"Ministerio da Saude - Bloco G, Brasilia, DF","Ministerio da Saude - Bloco G, Brasilia, DF",-15.83034,-47.93126,-15.80024,-47.86838,-15.80035,-47.86823,,,,,2023.0,2023.0,,SGV-**39,,,Não,11,BRASILIA
TAXIGOV_DF_ENTIDADES,1361984,Fundação Oswaldo Cruz,315,INDIRETA,NEVS/FIOCRUZ-BSB,,CONCLUÍDA,Reunião,,10.78,10.859,39.89,2024-07-11 14:52:04.750,2024-07-11 14:52:16.530,2024-07-11 14:53:01.240,2024-07-11 14:53:04.423,2024-07-11 15:08:30.620,,"515 SUL, LABORATORIO MICRA",PA 9,BRASILIA,DF,"HOSPITAL HUB, - PA 15","HOSPITAL HUB, - PA 15",-15.82836,-47.9284,-15.77154,-47.87384,-15.77201,-47.87302,,,,SIENA,2021.0,21.0,BRANCA,REO-**09,,,Sim,11,BRASILIA
TAXIGOV_DF_ENTIDADES,1361980,Banco Central do Brasil,89,INDIRETA,DEMAP/INFRA,,CONCLUÍDA,Reunião,,12.23,11.388,45.74,2024-07-11 14:51:02.543,2024-07-11 14:51:38.480,2024-07-11 14:55:28.667,2024-07-11 14:56:09.010,2024-07-11 15:11:09.233,,BANCO CENTRAL DO BRASIL - SEDE,ASA SUL,BRASILIA,DF,"W Soares Material Eletrico, Montagens e Comando, Brasilia, Distrito Federal","W Soares Material Eletrico, Montagens e Comando, Brasilia, Distrito Federal",-15.80227,-47.88516,-15.80469,-47.94935,-15.80469,-47.94948,,,,SIENA,2019.0,2020.0,PRATA,PBQ-**36,,,Sim,11,BRASILIA
TAXIGOV_DF_ENTIDADES,1361964,Fundação Nacional do Índio,173,INDIRETA,NUPAR/FUNAI,,CONCLUÍDA,Reunião,,14.26,9.066,50.62,2024-07-11 14:46:12.107,2024-07-11 14:46:24.673,2024-07-11 14:53:25.117,2024-07-11 14:55:07.490,2024-07-11 15:12:50.963,,EDIFICIO PARQUE CIDADE CORPORATE,ASA SUL,BRASILIA,DF,"SOS Docs Guarda e Digitalizacao de Documentos, SIA Trecho 8, s/n, Brasilia, Distrito Federal","SOS Docs Guarda e Digitalizacao de Documentos, SIA Trecho 8, s/n, Brasilia, Distrito Federal",-15.7951,-47.89345,-15.79787,-47.94765,-15.798,-47.94773,,,,CIVIC,2021.0,2021.0,BRANCA,REJ-**83,,,Sim,11,BRASILIA
TAXIGOV_DF_3,1361930,Advocacia-Geral da União,46,DIRETA,GAB/PGF/AGU,,CONCLUÍDA,Reunião,,5.56,5.562,21.57,2024-07-11 14:35:55.107,2024-07-11 14:36:20.957,2024-07-11 14:39:58.213,2024-07-11 14:40:22.847,2024-07-11 14:52:04.343,,SIG QUADRA 6,CRUZEIRO,BRASILIA,DF,"Advocacia-Geral da Uniao, 6, Asa Sul, Brasilia, DF","Advocacia-Geral da Uniao, 6, Asa Sul, Brasilia, DF",-15.79215,-47.9124,-15.80231,-47.88046,-15.80177,-47.88034,5.0,,,,2019.0,2020.0,,PBY-**80,,,Não,11,BRASILIA
TAXIGOV_DF_ENTIDADES,1361922,Instituto Nacional de Colonização e Reforma Agrária,1799,INDIRETA,DAA-2.1/INCRA,,CONCLUÍDA,Reunião,,5.41,5.991,20.02,2024-07-11 14:32:26.840,2024-07-11 14:32:35.117,2024-07-11 14:32:59.407,2024-07-11 14:34:49.973,2024-07-11 14:45:47.220,,"SGON GARAGEM DO INCRA,",SGON,BRASILIA,DF,"SBN INCRA, - ASA NORTE","SBN INCRA, - ASA NORTE",-15.78009,-47.91323,-15.79085,-47.87956,-15.79125,-47.87949,,,,KICKS,2022.0,2022.0,BRANCA,REU-**33,,,Não,11,BRASILIA
TAXIGOV_DF_ENTIDADES,1361906,Fundação Oswaldo Cruz,315,INDIRETA,NEVS/FIOCRUZ-BSB,,CONCLUÍDA,Reunião,,11.54,10.506,42.7,2024-07-11 14:28:07.240,2024-07-11 14:28:16.490,2024-07-11 14:32:56.747,2024-07-11 14:32:57.250,2024-07-11 14:50:09.290,,HOSPITAL UNIVERSITARIO DE BRASILIA - EMERGENCIA,ASA NORTE,BRASILIA,DF,"Laboratorio Micra, Asa Sul, Brasilia, Distrito Federal","Laboratorio Micra, Asa Sul, Brasilia, Distrito Federal",-15.77171,-47.87302,-15.8267,-47.92571,-15.8266,-47.92567,,,,SIENA,2021.0,21.0,BRANCA,REO-**09,,,Sim,11,BRASILIA
TAXIGOV_DF_3,1361890,Advocacia-Geral da União,46,DIRETA,PGU/AGU,,CONCLUÍDA,Reunião,,6.04,5.601,23.44,2024-07-11 14:23:09.827,2024-07-11 14:23:16.177,2024-07-11 14:24:49.313,2024-07-11 14:29:11.930,2024-07-11 14:40:26.500,,"SIG AGU,",PA 31,BRASILIA,DF,"SAUS QUADRA 3 AGU, - ASA SUL","SAUS QUADRA 3 AGU, - ASA SUL",-15.79123,-47.91234,-15.80212,-47.88036,-15.80278,-47.88045,,,,,2024.0,2024.0,,SSK-**27,,,Não,11,BRASILIA
TAXIGOV_DF_3,1361888,Ministério da Saúde,304,DIRETA,DSAST/SVS,,CONCLUÍDA,Reunião,,9.35,7.236,36.28,2024-07-11 14:22:30.240,2024-07-11 14:22:47.910,2024-07-11 14:31:31.863,2024-07-11 14:32:33.890,2024-07-11 14:47:28.230,,ALPHA BRASILIA IMOVEIS,ASA SUL,BRASILIA,DF,"PO700 - Ministerio da Saude, SRTVN, 701, Asa Norte, Brasilia, Distrito Federal","PO700 - Ministerio da Saude, SRTVN, 701, Asa Norte, Brasilia, Distrito Federal",-15.82713,-47.92596,-15.78407,-47.89045,-15.78415,-47.89046,,,,,2023.0,2023.0,,SGS-**24,,,Não,11,BRASILIA
TAXIGOV_DF_ENTIDADES,1361873,Agência Nacional de Aviação Civil,86144,INDIRETA,SAF/ANAC,,CONCLUÍDA,Reunião,,13.24,12.594,48.99,2024-07-11 14:17:17.167,2024-07-11 14:18:53.080,2024-07-11 14:25:12.203,2024-07-11 14:25:24.147,2024-07-11 14:38:13.017,,"EDIFICIO PARQUE CIDADE CORPORATE, SCS QD. 9, LT. C",ASA SUL,BRASILIA,DF,"Centro de Treinamento da Agencia Nacional de Aviacao Civil, Estrada Parque Aeroporto, 1471, Brasilia, Distrito Federal","Centro de Treinamento da Agencia Nacional de Aviacao Civil, Estrada Parque Aeroporto, 1471, Brasilia, Distrito Federal",-15.79533,-47.89348,-15.86968,-47.9325,-15.86972,-47.93242,,,,SPIN ,2022.0,2023.0, PRATA,SGQ-**75,,,Sim,11,BRASILIA
TAXIGOV_DF_3,1361870,Ministério da Saúde,304,DIRETA,CGVAM/DSASTE/SVS/MS,,CONCLUÍDA,Reunião,,14.73,9.11,57.15,2024-07-11 14:16:07.310,2024-07-11 14:16:44.063,2024-07-11 14:23:07.453,2024-07-11 14:23:57.027,2024-07-11 14:48:47.850,,"PO700 - MINISTERIO DA SAUDE, SRTVN, 701",ASA NORTE,BRASILIA,DF,"Palacio do Planalto, Brasilia, Distrito Federal","VIA DE ACESSO CLS 115-116 SUL, ASA SUL, BRASILIA - DF, BRASIL",-15.78407,-47.89045,-15.79905,-47.86077,-15.83179,-47.92369,,,,,2024.0,2025.0,,SSJ-**86,,,Sim,11,BRASILIA
TAXIGOV_DF_3,1361863,Ministério das Relações Exteriores,263,DIRETA,SGAD/SG/MRE,,CONCLUÍDA,Reunião,,8.93,9.079,34.65,2024-07-11 14:14:31.843,2024-07-11 14:14:44.680,2024-07-11 14:20:08.073,2024-07-11 14:20:34.763,2024-07-11 14:33:03.553,,BL CH,ASA NORTE,BRASILIA,DF,"SQS 411 Bl. H, Asa Sul, Brasilia, Distrito Federal","SQS 411 Bl. H, Asa Sul, Brasilia, Distrito Federal",-15.77292,-47.88403,-15.82755,-47.9067,-15.82746,-47.90686,,,,,2018.0,2019.0,,PBK-**34,,,Não,11,BRASILIA
TAXIGOV_DF_ENTIDADES,1361860,Instituto Nacional de Colonização e Reforma Agrária,1799,INDIRETA,DAA-2.1/INCRA,,CONCLUÍDA,Reunião,,5.03,5.558,18.61,2024-07-11 14:14:13.173,2024-07-11 14:14:21.720,2024-07-11 14:14:25.830,2024-07-11 14:19:27.600,2024-07-11 14:30:50.947,,SBN QD. 1 BL. D,BRASILIA,BRASILIA,DF,"Garagem do Incra, Brasilia, DF","Garagem do Incra, Brasilia, DF",-15.79104,-47.87938,-15.77724,-47.91148,-15.77723,-47.91168,,,,KICKS,2022.0,2022.0,BRANCA,REU-**33,,,Não,11,BRASILIA
TAXIGOV_DF_ENTIDADES,1361844,Fundação Universidade de Brasília,470,INDIRETA,FT/UNB,,CONCLUÍDA,Reunião,,32.99,28.276,121.4,2024-07-11 14:09:18.250,2024-07-11 14:09:50.150,2024-07-11 14:17:18.597,2024-07-11 14:19:28.487,2024-07-11 15:15:09.363,,UNB CAMPUS DARCY RIBEIRO,ASA NORTE,BRASILIA,DF,"Universidade Catolica de Brasilia - Campus Taguatinga, Brasilia, DF","UNIVERSIDADE CATOLICA DE BRASILIA, VILA AREAL, TAGUATINGA - DF, 77320-000, BRASIL",-15.76353,-47.87272,-15.86511,-48.03014,-15.86635,-48.03147,,,,VIRTUS,2019.0,2019.0,PRETA,PBR-**68,,,Sim,11,BRASILIA
TAXIGOV_DF_ENTIDADES,1361840,Fundação Universidade de Brasília,470,INDIRETA,IH,,CONCLUÍDA,Serviço externo / técnico,,24.97,25.158,91.89,2024-07-11 14:08:01.843,2024-07-11 14:12:56.510,2024-07-11 14:15:04.817,2024-07-11 14:15:09.087,2024-07-11 14:43:25.487,,SGAN 912 MOD. C,ASA NORTE,BRASILIA,DF,"Centro de Referencia de Assistencia Social (CRAS) - Taguatinga, Brasilia, DF","Centro de Referencia de Assistencia Social (CRAS) - Taguatinga, Brasilia, DF",-15.75481,-47.90072,-15.80139,-48.06651,-15.80138,-48.06684,,,,V-DRIVE,2020.0,2021.0,BRANCA,RGC-**08,,,Sim,11,BRASILIA
TAXIGOV_DF_ENTIDADES,1361818,Instituto Chico Mendes de Conservação da Biodiversidade,91842,INDIRETA,GABIN/ICMBIO,,CONCLUÍDA,Reunião,,8.9,8.91,31.59,2024-07-11 14:02:27.163,2024-07-11 14:02:40.773,2024-07-11 14:09:25.527,2024-07-11 14:09:58.730,2024-07-11 14:26:23.060,,EQSW 103/104,CRUZEIRO,BRASILIA,DF,"Palacio do Planalto, Brasilia, DF","Palacio do Planalto, Brasilia, DF",-15.80427,-47.92573,-15.79905,-47.86077,-15.79926,-47.86178,,,,KA,2018.0,2018.0,BRANCA,QOB-**36,,,Não,11,BRASILIA
TAXIGOV_DF_3,1361797,Advocacia-Geral da União,46,DIRETA,PGU/AGU,,CONCLUÍDA,Reunião,,6.33,6.151,24.56,2024-07-11 13:56:25.760,2024-07-11 13:57:25.740,2024-07-11 14:01:50.930,2024-07-11 14:02:01.757,2024-07-11 14:18:18.187,,VIA DE LIGACAO SE NE,ASA SUL,BRASILIA,DF,"Advocacia-Geral da Uniao - Sede III, Brasilia, DF","Advocacia-Geral da Uniao - Sede III, Brasilia, DF",-15.80275,-47.88065,-15.79215,-47.9124,-15.79223,-47.91248,,,,,2024.0,2024.0,,SSK-**27,,,Não,11,BRASILIA
TAXIGOV_DF_3,1361790,Ministério do Desenvolvimento Agrário e Agricultura Familiar,308794,DIRETA,CGLOG / SPOA / SE / MDA,,CONCLUÍDA,Reunião,,6.87,6.787,26.66,2024-07-11 13:53:49.513,2024-07-11 13:58:44.803,2024-07-11 13:59:11.777,2024-07-11 13:59:37.917,2024-07-11 14:13:59.520,,MINISTERIO DA AGRICULTURA E PECUARIA,PA 2,BRASILIA,DF,"Controladoria-Geral da Uniao, Brasilia, DF","Controladoria-Geral da Uniao, Brasilia, DF",-15.79953,-47.87093,-15.78993,-47.91179,-15.78949,-47.91267,,,,,2022.0,2023.0,,SGO-**86,,,Não,11,BRASILIA
TAXIGOV_DF_3,1361784,Advocacia-Geral da União,46,DIRETA,GAB/PGF/AGU,,CONCLUÍDA,Reunião,,6.23,6.157,24.17,2024-07-11 13:53:03.163,2024-07-11 13:57:10.640,2024-07-11 14:00:24.243,2024-07-11 14:00:43.360,2024-07-11 14:17:13.773,,6,ASA SUL,BRASILIA,DF,"Advocacia-Geral da Uniao - Sede III, Brasilia, DF","Advocacia-Geral da Uniao - Sede III, Brasilia, DF",-15.80231,-47.88046,-15.79215,-47.9124,-15.79221,-47.91245,,,,,2024.0,2024.0,,SSK-**66,,,Não,11,BRASILIA
TAXIGOV_DF_3,1361772,Ministério da Saúde,304,DIRETA,DAPSI,,CONCLUÍDA,Reunião,,9.99,7.891,38.76,2024-07-11 13:49:29.177,2024-07-11 13:49:45.823,2024-07-11 13:54:32.813,2024-07-11 13:56:33.813,2024-07-11 14:12:13.417,,"BRASILIA - DF, 70719-040, BRASIL",BRASILIA,BRASILIA,DF,"Escola Nacional de Administracao Publica - Enap, Asa Sul, Brasilia, DF","Escola Nacional de Administracao Publica - Enap, Asa Sul, Brasilia, DF",-15.78408,-47.89018,-15.83033,-47.93057,-15.83028,-47.9314,,,,,2023.0,2023.0,,SGV-**39,,,Não,11,BRASILIA
TAXIGOV_DF_3,1361751,Ministério do Desenvolvimento Agrário e Agricultura Familiar,308794,DIRETA,CGLOG / SPOA / SE / MDA,,CONCLUÍDA,Reunião,,7.06,6.776,27.39,2024-07-11 13:41:42.430,2024-07-11 13:42:22.277,2024-07-11 13:45:04.527,2024-07-11 13:45:29.757,2024-07-11 13:58:04.880,,BLOCO D - ESPLANADA DOS MINISTERIOS,PA 2,BRASILIA,DF,"Controladoria-Geral da Uniao, Brasilia, DF","Controladoria-Geral da Uniao, Brasilia, DF",-15.79944,-47.87087,-15.78993,-47.91179,-15.78951,-47.91267,,,,,2018.0,2018.0,,QOB-**36,,,Não,11,BRASILIA
TAXIGOV_DF_ENTIDADES,1361716,Instituto do Patrimônio Histórico e Artístico Nacional,2045,INDIRETA,DPA/IPHAN,,CONCLUÍDA,Reunião,,6.7,6.896,24.79,2024-07-11 13:28:43.630,2024-07-11 13:31:59.830,2024-07-11 13:39:57.293,2024-07-11 13:41:13.950,2024-07-11 13:54:09.547,,"SHIGS 702 BLOCO C,",BRASILIA,BRASILIA,DF,"Foro Trabalhista de Brasilia, SEPN, 513, Asa Norte, Brasilia, Distrito Federal","Foro Trabalhista de Brasilia, SEPN, 513, Asa Norte, Brasilia, Distrito Federal",-15.79883,-47.89682,-15.7495,-47.89527,-15.7494,-47.89543,5.0,,,COROLLA,2021.0,2022.0,PRETA,REQ-**58,,,Não,11,BRASILIA
TAXIGOV_DF_3,1361700,Ministério da Justiça e Segurança Pública,235881,DIRETA,DPJUS/SNJ/MJSP,,CONCLUÍDA,Reunião,,10.6,11.391,41.13,2024-07-11 13:18:33.670,2024-07-11 13:20:59.613,2024-07-11 13:26:23.743,2024-07-11 13:27:31.607,2024-07-11 13:43:47.980,,ANEXO II - MINISTERIO DA JUSTICA,,BRASILIA,DF,"Iguatemi Brasilia, Brasilia, Distrito Federal","Iguatemi Brasilia, Brasilia, Distrito Federal",-15.79657,-47.86601,-15.72094,-47.88592,-15.72131,-47.88582,,,,,2023.0,2023.0,,SGW-**96,,,Sim,11,BRASILIA
TAXIGOV_DF_3,1361688,Ministério das Relações Exteriores,263,DIRETA,SGAD/SG/MRE,,CONCLUÍDA,Reunião,,5.56,5.762,21.57,2024-07-11 13:08:05.597,2024-07-11 13:08:13.290,2024-07-11 13:09:28.820,2024-07-11 13:12:11.930,2024-07-11 13:23:14.293,,BANCO DO BRASIL - ITAMARATY - AGENCIA 1503,,BRASILIA,DF,"SQN 105 Bl. E, Asa Norte, Brasilia, Distrito Federal","SQN 105 Bl. E, Asa Norte, Brasilia, Distrito Federal",-15.80101,-47.86792,-15.77178,-47.88352,-15.77229,-47.88429,,,,,2017.0,2017.0,,PAQ-**53,,,Não,11,BRASILIA
TAXIGOV_DF_3,1361682,Ministério da Justiça e Segurança Pública,235881,DIRETA,COREG/AN,334.0,CONCLUÍDA,Reunião,,6.37,6.402,24.72,2024-07-11 13:06:22.113,2024-07-11 13:07:23.440,2024-07-11 13:11:54.707,2024-07-11 13:13:12.860,2024-07-11 13:21:41.113,,"SCES TRECHO 3 POLO 8, 4",,BRASILIA,DF,"Ministerio da Gestao e da Inovacao em Servicos Publicos - MGI, Brasilia, DF","Ministerio da Gestao e da Inovacao em Servicos Publicos - MGI, Brasilia, DF",-15.80607,-47.84357,-15.79472,-47.87389,-15.7949,-47.87362,,,,,2023.0,2023.0,,SGT-**97,,,Não,11,BRASILIA
TAXIGOV_DF_3,1361679,Ministério da Saúde,304,DIRETA,DEGES/SGTES/MS,,CONCLUÍDA,Reunião,,7.82,7.836,30.34,2024-07-11 13:02:58.597,2024-07-11 13:04:18.800,2024-07-11 13:09:58.277,2024-07-11 13:11:10.357,2024-07-11 13:24:44.550,,"PO 700, SRTVN QUADRA 03",ASA NORTE,BRASILIA,DF,"Escola Nacional de Administracao Publica - Enap, Asa Sul, Brasilia, Distrito Federal","Escola Nacional de Administracao Publica - Enap, Asa Sul, Brasilia, Distrito Federal",-15.78354,-47.8903,-15.83033,-47.93057,-15.83032,-47.93132,,,,,2021.0,2021.0,,REO-**32,,,Não,11,BRASILIA
TAXIGOV_DF_ENTIDADES,1361664,Agência Nacional de Telecomunicações,25064,INDIRETA,SCO/ANATEL,,CONCLUÍDA,Reunião,,9.01,9.371,33.16,2024-07-11 12:54:44.030,2024-07-11 13:28:27.793,2024-07-11 13:32:44.303,2024-07-11 13:39:19.057,2024-07-11 13:55:48.783,,"AGENCIA NACIONAL DE TELECOMUNICACOES (ANATEL), SAUS QD. 6, BL. C, E, F E H",ASA SUL,BRASILIA,DF,"CENAD, Brasilia, Distrito Federal","CENAD, Brasilia, Distrito Federal",-15.80553,-47.88278,-15.81458,-47.94116,-15.81517,-47.94105,,,,LOGAN,2022.0,2023.0,PRATA,SGO-**30,,,Não,11,BRASILIA
TAXIGOV_DF_ENTIDADES,1361656,Banco Central do Brasil,89,INDIRETA,DEMAP/DIDOC,,CONCLUÍDA,Reunião,,5.08,5.316,19.0,2024-07-11 12:50:04.840,2024-07-11 12:51:35.727,2024-07-11 12:57:21.010,2024-07-11 12:57:38.147,2024-07-11 13:06:06.497,,SIG,ZONA INDUSTRIAL,BRASILIA,DF,"Banco Central do Brasil - BCB, Asa Sul, Brasilia, DF","Banco Central do Brasil - BCB, Asa Sul, Brasilia, DF",-15.79623,-47.91353,-15.80332,-47.8851,-15.80338,-47.88495,,,,ONIX,2024.0,2025.0,PRATA,SSL-**37,,,Não,11,BRASILIA
TAXIGOV_DF_3,1361648,Presidência da República,26,DIRETA,COENGE/DIENP/SA/CC/PR,,CONCLUÍDA,Serviço externo / técnico,,5.58,4.894,21.65,2024-07-11 12:46:30.450,2024-07-11 12:52:35.783,2024-07-11 12:54:09.603,2024-07-11 12:57:49.407,2024-07-11 13:05:53.490,,COENGE - COORDENACAO DE ENGENHARIA,,BRASILIA,DF,"Palacio da Alvorada, Via Palacio Presidencial, Brasilia, DF","SPP, ASA NORTE, BRASILIA - DF, 70150-000, BRASIL",-15.79659,-47.85874,-15.79262,-47.82213,-15.79393,-47.82624,,,,,2023.0,2023.0,,SGW-**96,,,Não,11,BRASILIA
TAXIGOV_DF_3,1361632,Ministério da Saúde,304,DIRETA,CGVAM/DSASTE/SVS/MS,,CONCLUÍDA,Reunião,,10.34,8.002,40.12,2024-07-11 12:37:01.240,2024-07-11 12:37:20.657,2024-07-11 12:41:50.537,2024-07-11 12:43:16.177,2024-07-11 12:55:14.720,,ESCOLA NACIONAL DE ADMINISTRACAO PUBLICA - ENAP,ASA SUL,BRASILIA,DF,"PO 700, SRTVN, Asa Norte, Brasilia, Distrito Federal","PO 700, SRTVN, Asa Norte, Brasilia, Distrito Federal",-15.83033,-47.93057,-15.78456,-47.88949,-15.78406,-47.89044,,,,,2023.0,2023.0,,SGS-**24,,,Sim,11,BRASILIA
TAXIGOV_DF_ENTIDADES,1361618,Instituto Nacional de Estudos e Pesquisas Educacionais Anísio Teixeira,249,INDIRETA,CGMIL,,CONCLUÍDA,Reunião,,6.07,6.718,22.4,2024-07-11 12:30:00.333,2024-07-11 12:30:10.233,2024-07-11 12:38:26.663,2024-07-11 12:38:37.570,2024-07-11 12:52:37.293,,CEBRASPE,SAAN,BRASILIA,DF,"Instituto Nacional de Estudos e Pesquisas Educacionais, Brasilia, DF","Instituto Nacional de Estudos e Pesquisas Educacionais, Brasilia, DF",-15.75898,-47.93588,-15.788,-47.91424,-15.78813,-47.91397,,,,VIRTUS,2018.0,2019.0,PRATA,PBN-**94,,,Não,11,BRASILIA
TAXIGOV_DF_3,1361617,Ministério da Saúde,304,DIRETA,DAPSI,,CONCLUÍDA,Reunião,,10.33,8.0,40.08,2024-07-11 12:29:05.120,2024-07-11 12:29:13.720,2024-07-11 12:34:50.677,2024-07-11 12:35:09.077,2024-07-11 12:48:58.233,,ESCOLA NACIONAL DE ADMINISTRACAO PUBLICA - ENAP,ASA SUL,BRASILIA,DF,"PO700 - Ministerio da Saude, SRTVN, 701, Asa Norte, Brasilia, DF","PO700 - Ministerio da Saude, SRTVN, 701, Asa Norte, Brasilia, DF",-15.83033,-47.93057,-15.78407,-47.89045,-15.78404,-47.89046,,,,,2023.0,2024.0,,SGW-**05,,,Sim,11,BRASILIA
TAXIGOV_DF_ENTIDADES,1361615,Fundação Oswaldo Cruz,315,INDIRETA,NEVS/FIOCRUZ-BSB,,CONCLUÍDA,Reunião,,40.22,44.286,148.81,2024-07-11 12:27:36.077,2024-07-11 12:50:16.530,2024-07-11 12:54:07.853,2024-07-11 12:57:26.120,2024-07-11 13:32:33.253,,HOSPITAL UNIVERSITARIO DE BRASILIA - EMERGENCIA,ASA NORTE,BRASILIA,DF,"Unidade Basica de Saude 02 Planaltina, Qd 1 s/n c 2, Brasilia, DF","Unidade Basica de Saude 02 Planaltina, Qd 1 s/n c 2, Brasilia, DF",-15.77171,-47.87302,-15.61237,-47.6433,-15.61219,-47.64325,,,,ONIX,2022.0,2023.0,PRATA,SGN-**40,,,Sim,11,BRASILIA
TAXIGOV_DF_ENTIDADES,1361595,Agência Espacial Brasileira,4243,INDIRETA,DPEI/AEB,,CONCLUÍDA,Reunião,,14.58,13.707,54.09,2024-07-11 12:20:29.470,2024-07-11 13:50:16.750,2024-07-11 14:00:50.113,2024-07-11 14:21:03.600,2024-07-11 14:36:40.620,,"DF-001, KM 27",JARDIM BOTANICO,BRASILIA,DF,"Gabinete da Vice-Presidencia da Republica, Eixo Monumental, Brasilia, DF","PRACA DOS TRES PODERES, ASA NORTE, BRASILIA - DF, 70165-900, BRASIL",-15.86728,-47.82376,-15.7995,-47.85869,-15.79953,-47.86141,,,,SPIN,2022.0,2023.0,BRANCA,SGO-**70,,,Sim,11,BRASILIA
TAXIGOV_DF_3,1361574,Ministério da Justiça e Segurança Pública,235881,DIRETA,SAA/SE/MJSP,,CONCLUÍDA,Serviço externo / técnico,,11.86,11.864,46.02,2024-07-11 12:10:18.393,2024-07-11 12:14:07.103,2024-07-11 12:23:49.680,2024-07-11 12:35:03.740,2024-07-11 12:54:05.737,,CICCN - CENTRO INTEGRADO DE COMANDO E CONTROLE NACIONAL,SETOR POLICIAL SUL,BRASILIA,DF,"Palacio da Justica - Ministerio da Justica e Seguranca Publica, Brasilia, Distrito Federal","Palacio da Justica - Ministerio da Justica e Seguranca Publica, Brasilia, Distrito Federal",-15.81449,-47.94658,-15.79669,-47.86591,-15.79691,-47.8665,,,,,2024.0,2024.0,,SSK-**27,,,Sim,11,BRASILIA
TAXIGOV_DF_ENTIDADES,1361563,Instituto Nacional de Estudos e Pesquisas Educacionais Anísio Teixeira,249,INDIRETA,CGMIL,,CONCLUÍDA,Reunião,,6.45,7.018,23.8,2024-07-11 12:05:26.140,2024-07-11 12:06:18.273,2024-07-11 12:06:42.157,2024-07-11 12:07:48.103,2024-07-11 12:19:58.123,,"SIG QD. 4, LT. 327",CRUZEIRO,BRASILIA,DF,"Cebraspe, SAAN, Brasilia, DF","Cebraspe, SAAN, Brasilia, DF",-15.78816,-47.91414,-15.75898,-47.93588,-15.75901,-47.93599,,,,ONIX PLUS,2022.0,2023.0,BRANCA,SGN-**06,,,Não,11,BRASILIA
TAXIGOV_DF_3,1361549,Presidência da República,26,DIRETA,ITI/CC/PR,,CONCLUÍDA,Reunião,,9.99,7.467,38.76,2024-07-11 11:58:19.207,2024-07-11 11:59:23.407,2024-07-11 12:03:31.670,2024-07-11 12:06:11.947,2024-07-11 12:19:28.950,,ESCOLA NACIONAL DE ADMINISTRACAO PUBLICA - ENAP,ASA SUL,BRASILIA,DF,"Instituto Nacional de Tecnologia da Informacao, Asa Norte, Brasilia, DF","SCN QUADRA 2, ASA NORTE, BRASILIA - DF, 70712-000, BRASIL",-15.83033,-47.93057,-15.78794,-47.88458,-15.7891,-47.8846,,,,,2023.0,24.0,,SSF-**66,,,Não,11,BRASILIA
TAXIGOV_DF_ENTIDADES,1361545,Instituto Brasileiro do Meio Ambiente e dos Recursos Naturais Renováveis,1812,INDIRETA,CONOF/IBAMA,,CONCLUÍDA,Reunião,,5.27,5.476,19.5,2024-07-11 11:55:49.227,2024-07-11 11:56:25.657,2024-07-11 12:00:58.970,2024-07-11 12:02:03.247,2024-07-11 12:09:33.237,,PCA. DOS TRES PODERES,BRASILIA,BRASILIA,DF,"IBAMA Instituto Brasileiro do Meio Ambiente e dos Recursos Naturais Renovaveis, SCEN Trecho 2, Ed. Sede, Brasilia, DF","IBAMA Instituto Brasileiro do Meio Ambiente e dos Recursos Naturais Renovaveis, SCEN Trecho 2, Ed. Sede, Brasilia, DF",-15.79941,-47.86088,-15.76773,-47.86204,-15.76761,-47.86287,,,,PRISMA,2017.0,2017.0,BRANCA,PAQ-**53,,,Não,11,BRASILIA
TAXIGOV_DF_3,1361533,Ministério da Saúde,304,DIRETA,CGDI/SAA/SE/MS,,CONCLUÍDA,Reunião,,15.0,,58.2,2024-07-11 11:50:01.620,2024-07-11 11:50:15.520,2024-07-11 12:15:58.653,2024-07-11 12:16:12.847,2024-07-11 12:18:11.853,,EDITORA - MINISTERIO DA SAUDE,ZONA INDUSTRIAL GUARA,BRASILIA,DF,"Anexo do Ministerio da Saude, Eixo Monumental, G, Brasilia, DF","Anexo do Ministerio da Saude, Eixo Monumental, G, Brasilia, DF",-15.80182,-47.95618,-15.80181,-47.86856,,,5.0,,,,2018.0,2019.0,,PBL-**03,,,Sim,11,BRASILIA
TAXIGOV_DF_3,1361520,Ministério da Defesa,41066,DIRETA,SEORI/MD,,CONCLUÍDA,Reunião,,10.12,8.5,39.27,2024-07-11 11:43:03.690,2024-07-11 11:43:18.920,2024-07-11 11:48:52.783,2024-07-11 11:50:24.767,2024-07-11 12:04:58.347,,"32  GRUPO DE ARTILHARIA DE CAMPANHA, SMU",SETOR MILITAR URBANO,BRASILIA,DF,"Ministerio da Defesa - Anexo, Asa Norte, Brasilia, Distrito Federal","Ministerio da Defesa - Anexo, Asa Norte, Brasilia, Distrito Federal",-15.76281,-47.92444,-15.79442,-47.87028,-15.7942,-47.87047,,,,,2023.0,2024.0,,SGY-**58,,,Sim,11,BRASILIA
TAXIGOV_DF_ENTIDADES,1361512,Instituto Nacional de Estudos e Pesquisas Educacionais Anísio Teixeira,249,INDIRETA,GAB/DGP/INEP,,CONCLUÍDA,Reunião,,5.63,5.674,20.77,2024-07-11 11:39:25.510,2024-07-11 13:15:09.893,2024-07-11 13:25:21.043,2024-07-11 13:37:41.243,2024-07-11 13:50:55.550,,INSTITUTO NACIONAL DE ESTUDOS E PESQUISAS EDUCACIONAIS,ZONA INDUSTRIAL,BRASILIA,DF,"Ministerio da Educacao, Brasilia, DF","Ministerio da Educacao, Brasilia, DF",-15.788,-47.91424,-15.79501,-47.87305,-15.7951,-47.87281,,,,KICKS,2023.0,2024.0,PRATA,SGV-**61,,,Não,11,BRASILIA
TAXIGOV_DF_3,1361486,Ministério da Justiça e Segurança Pública,235881,DIRETA,SENAD/MJSP,,CONCLUÍDA,Reunião,,6.9,6.968,26.77,2024-07-11 11:28:05.293,2024-07-11 11:28:18.280,2024-07-11 11:28:31.917,2024-07-11 11:32:11.200,2024-07-11 11:41:46.450,,FUNDACAO OSWALDO CRUZ - DISTRITO FEDERAL,,BRASILIA,DF,"Anexo II - Ministerio da Justica, Brasilia, Distrito Federal","Anexo II - Ministerio da Justica, Brasilia, Distrito Federal",-15.77097,-47.87113,-15.79657,-47.86601,-15.79697,-47.86678,,,,,2024.0,2025.0,,SSL-**34,,,Não,11,BRASILIA
TAXIGOV_DF_3,1361479,Ministério da Saúde,304,DIRETA,GM/MS,,CONCLUÍDA,Reunião,,7.11,7.099,27.59,2024-07-11 11:23:55.700,2024-07-11 11:24:05.410,2024-07-11 11:28:20.097,2024-07-11 11:28:51.597,2024-07-11 11:37:57.003,,"SCES TR. 3 POLO 8, LT. 3",ASA SUL,BRASILIA,DF,"Organizacao Mundial da Saude, SEN, Asa Norte, Brasilia, DF","Organizacao Mundial da Saude, SEN, Asa Norte, Brasilia, DF",-15.80629,-47.84259,-15.78274,-47.86835,-15.78299,-47.86834,,,,,,,,SSK-**03,,,Não,11,BRASILIA
TAXIGOV_DF_ENTIDADES,1361478,Instituto Nacional de Colonização e Reforma Agrária,1799,INDIRETA,DAH-2.1/INCRA,,CONCLUÍDA,Transporte de documentos / materiais,,5.93,6.073,21.94,2024-07-11 11:23:15.690,2024-07-11 11:23:26.460,2024-07-11 11:25:02.093,2024-07-11 11:25:35.940,2024-07-11 11:37:05.453,,SGO Q 5,CRUZEIRO NOVO,BRASILIA,DF,"Instituto Nacional de Colonizacao e Reforma Agraria - Sede, Asa Norte, Brasilia, DF","Instituto Nacional de Colonizacao e Reforma Agraria - Sede, Asa Norte, Brasilia, DF",-15.77632,-47.91151,-15.79089,-47.87956,-15.79111,-47.87965,,,,VIRTUS,2020.0,2021.0,BRANCA,REI-**48,,,Não,11,BRASILIA
TAXIGOV_DF_3,1361473,Ministério do Desenvolvimento Agrário e Agricultura Familiar,308794,DIRETA,CGLOG / SPOA / SE / MDA,,CONCLUÍDA,Reunião,,5.54,5.86,21.5,2024-07-11 11:22:09.180,2024-07-11 11:22:20.210,2024-07-11 11:27:38.713,2024-07-11 11:27:59.090,2024-07-11 11:38:41.683,,CONTROLADORIA-GERAL DA UNIAO,ASA SUL,BRASILIA,DF,"Ministerio da Agricultura e Pecuaria, Brasilia, DF","Ministerio da Agricultura e Pecuaria, Brasilia, DF",-15.78993,-47.91179,-15.79953,-47.87093,-15.79952,-47.87073,,,,,2021.0,2022.0,,RES-**04,,,Não,11,BRASILIA
TAXIGOV_DF_3,1361472,Ministério do Desenvolvimento Agrário e Agricultura Familiar,308794,DIRETA,CGLOG / SPOA / SE / MDA,,CONCLUÍDA,Reunião,,5.56,5.861,21.57,2024-07-11 11:22:07.243,2024-07-11 11:22:41.743,2024-07-11 11:32:14.700,2024-07-11 11:36:01.503,2024-07-11 11:44:25.417,,CONTROLADORIA-GERAL DA UNIAO,ZONA INDUSTRIAL,BRASILIA,DF,"Ministerio da Agricultura e Pecuaria, Brasilia, DF","Ministerio da Agricultura e Pecuaria, Brasilia, DF",-15.78993,-47.91179,-15.79953,-47.87093,-15.79953,-47.87073,,,,,2022.0,2023.0,,REU-**92,,,Não,11,BRASILIA
TAXIGOV_DF_3,1361470,Ministério da Saúde,304,DIRETA,OUVSUS,,CONCLUÍDA,Reunião,,25.66,23.864,99.56,2024-07-11 11:21:04.193,2024-07-11 11:21:12.467,2024-07-11 11:21:23.833,2024-07-11 11:37:57.630,2024-07-11 12:11:25.830,,"SOBRADINHO II, CONDOMINIO BURITIZINHO",PA 45,BRASILIA,DF,"PO 700, - ASA NORTE","PO 700, - ASA NORTE",-15.64944,-47.82823,-15.78332,-47.89032,-15.78407,-47.89046,,,,,2023.0,2023.0,,SGV-**39,,,Sim,11,BRASILIA
TAXIGOV_DF_3,1361452,Ministério da Educação,244,DIRETA,SAA/SEXEC/MEC,,CONCLUÍDA,Reunião,,41.41,35.547,160.67,2024-07-11 11:10:51.983,2024-07-11 11:10:59.613,2024-07-11 11:11:13.297,2024-07-11 11:11:48.290,2024-07-11 11:54:54.793,,"GAMA, PHS",GAMA,BRASILIA,DF,"MINISTERIO DA EDUCACAO BL L, - PA 2","MINISTERIO DA EDUCACAO BL L, - PA 2",-16.01607,-48.06826,-15.79534,-47.87311,-15.79505,-47.8729,,,,,2022.0,2023.0,,SGO-**30,,,Sim,11,BRASILIA
TAXIGOV_DF_ENTIDADES,1361451,Fundação Oswaldo Cruz,315,INDIRETA,NEVS/FIOCRUZ-BSB,,CONCLUÍDA,Reunião,,36.96,33.642,136.75,2024-07-11 11:10:47.757,2024-07-11 11:11:09.017,2024-07-11 11:14:16.583,2024-07-11 11:19:06.457,2024-07-11 12:00:30.420,,HOSPITAL REGIONAL DE CEILANDIA,,BRASILIA,DF,"Fundacao Oswaldo Cruz (FIOCRUZ), UnB Campus Darcy Ribeiro, Brasilia, Brasilia, DF","Fundacao Oswaldo Cruz (FIOCRUZ), UnB Campus Darcy Ribeiro, Brasilia, Brasilia, DF",-15.81533,-48.09637,-15.77112,-47.87152,-15.77103,-47.87196,,,,COBALT,2018.0,2019.0,BRANCO,PBS-**80,,,Sim,11,BRASILIA
TAXIGOV_DF_3,1361424,Ministério da Educação,244,DIRETA,SESU/MEC,,CONCLUÍDA,Reunião,,6.12,4.671,23.75,2024-07-11 10:57:26.080,2024-07-11 11:04:10.390,2024-07-11 11:06:41.830,2024-07-11 11:08:29.047,2024-07-11 11:21:45.577,,"ESPLANADA DOS MINISTERIOS, BL. L",ASA NORTE,BRASILIA,DF,"Cartorio JK, Asa Sul, Brasilia, DF","VIA W TRES SUL, ASA SUL, BRASILIA - DF, BRASIL",-15.79331,-47.87215,-15.808,-47.9002,-15.80665,-47.8992,,,,,2022.0,2023.0,,SGQ-**66,,,Não,11,BRASILIA
TAXIGOV_DF_3,1361412,Ministério da Saúde,304,DIRETA,DEMAS,,CONCLUÍDA,Reunião,,12.61,11.772,48.93,2024-07-11 10:52:27.927,2024-07-11 10:52:42.180,2024-07-11 11:04:07.653,2024-07-11 11:05:45.677,2024-07-11 11:22:34.243,,"ANVISA AGENCIA NACIONAL DE VIGILANCIA SANITARIA - SEDE, 57",ZONA INDUSTRIAL GUARA,BRASILIA,DF,"Ministerio da Saude - Bloco G, Brasilia, DF","Ministerio da Saude - Bloco G, Brasilia, DF",-15.79912,-47.95372,-15.80024,-47.86838,-15.80032,-47.86825,,,,,2018.0,2018.0,,SGT-**90,,,Sim,11,BRASILIA
TAXIGOV_DF_3,1361405,Ministério da Defesa,41066,DIRETA,SEORI/MD,,CONCLUÍDA,Reunião,,8.44,8.548,32.75,2024-07-11 10:49:12.093,2024-07-11 10:49:24.013,2024-07-11 10:52:55.533,2024-07-11 10:53:32.067,2024-07-11 11:07:23.340,,MINISTERIO DA DEFESA - ANEXO,ASA NORTE,BRASILIA,DF,"32  Grupo de Artilharia de Campanha, SMU, Brasilia, Distrito Federal","32  Grupo de Artilharia de Campanha, SMU, Brasilia, Distrito Federal",-15.79442,-47.87028,-15.76281,-47.92444,-15.76264,-47.92336,,,,,2023.0,2024.0,,SGV-**61,,,Não,11,BRASILIA
TAXIGOV_DF_3,1361401,Ministério da Saúde,304,DIRETA,OUVSUS,,CONCLUÍDA,Reunião,,22.02,22.389,85.44,2024-07-11 10:46:55.577,2024-07-11 10:47:03.930,2024-07-11 10:50:41.067,2024-07-11 10:51:50.047,2024-07-11 11:18:38.243,,"PO700 - MINISTERIO DA SAUDE, SRTVN, 701",ASA NORTE,BRASILIA,DF,"Sh Contagem/Condominio Buritizinho Rua 2, 29, Brasilia, Distrito Federal","Sh Contagem/Condominio Buritizinho Rua 2, 29, Brasilia, Distrito Federal",-15.78407,-47.89045,-15.64408,-47.82903,-15.64408,-47.82914,,,,,2023.0,2023.0,,SGV-**39,,,Sim,11,BRASILIA
TAXIGOV_DF_3,1361378,Presidência da República,26,DIRETA,DGES/GSI/PR,,CONCLUÍDA,Transporte de documentos / materiais,,9.29,8.881,36.05,2024-07-11 10:39:12.013,2024-07-11 10:39:18.410,2024-07-11 10:39:26.893,2024-07-11 10:44:38.140,2024-07-11 11:01:36.593,,"SMU COMANDO MILITAR DO PLANALTO/COMANDO DA 11 RM,",SMU,BRASILIA,DF,"ANEXO PALACIO PLANALTO, - PA 1","VIA N. UM LESTE, ASA SUL, BRASILIA - DF, BRASIL",-15.77776,-47.91966,-15.79924,-47.85909,-15.8006,-47.85738,,,,,2022.0,2023.0,,SGQ-**66,,,Não,11,BRASILIA
TAXIGOV_DF_3,1361362,Ministério do Desenvolvimento Agrário e Agricultura Familiar,308794,DIRETA,CGLOG / SPOA / SE / MDA,,CONCLUÍDA,Reunião,,6.73,6.292,26.11,2024-07-11 10:33:18.647,2024-07-11 10:33:30.873,2024-07-11 10:35:13.633,2024-07-11 10:36:56.873,2024-07-11 10:48:43.690,,"ESPLANADA DOS MINISTERIOS, BL. D",BRASILIA,BRASILIA,DF,"Papelaria ABC, Brasilia, DF","SIG QUADRA 4, 675, SUDOESTE/OCTOGONAL, CRUZEIRO - DF, 70610-440, BRASIL",-15.79961,-47.87095,-15.79061,-47.91226,-15.78956,-47.91274,,,,,2022.0,2022.0,,REU-**98,,,Não,11,BRASILIA
TAXIGOV_DF_3,1361350,Presidência da República,26,DIRETA,DITEC/SA/CC/PR,,CONCLUÍDA,Serviço externo / técnico,,29.42,26.329,114.15,2024-07-11 10:29:55.650,2024-07-11 10:30:10.473,2024-07-11 10:30:17.230,2024-07-11 10:34:32.167,2024-07-11 11:21:00.767,,"AVENIDA TRES,",RIACHO FUNDO,BRASILIA,DF,"Residencia Oficial da Granja do Torto, Brasilia, Distrito Federal","PARQUE NACIONAL DE BRASILIA, BRASILIA - DF, 70636-000, BRASIL",-15.88143,-48.02313,-15.70542,-47.90573,-15.71173,-47.90077,,,,,2022.0,2023.0,,SGN-**40,,,Sim,11,BRASILIA
TAXIGOV_DF_3,1361339,Ministério da Justiça e Segurança Pública,235881,DIRETA,SAA/SE/MJSP,,CONCLUÍDA,Serviço externo / técnico,,13.13,13.669,50.94,2024-07-11 10:25:41.490,2024-07-11 10:25:51.767,2024-07-11 10:28:13.537,2024-07-11 10:28:27.360,2024-07-11 10:58:48.893,,PALACIO DA JUSTICA - MINISTERIO DA JUSTICA E SEGURANCA PUBLICA,PA 2,BRASILIA,DF,"CICCN - Centro Integrado de Comando e Controle Nacional, Brasilia, Distrito Federal","CICCN - Centro Integrado de Comando e Controle Nacional, Brasilia, Distrito Federal",-15.79669,-47.86591,-15.81449,-47.94658,-15.81505,-47.94659,,,,,2023.0,2024.0,,SGY-**87,,,Sim,11,BRASILIA
TAXIGOV_DF_3,1361324,Ministério da Saúde,304,DIRETA,GM/MS,,CONCLUÍDA,Reunião,,5.1,5.306,19.79,2024-07-11 10:21:01.273,2024-07-11 10:21:11.497,2024-07-11 10:23:37.923,2024-07-11 10:24:22.197,2024-07-11 10:31:44.260,,"ESPLANADA DOS MINISTERIOS, BL. G",BRASILIA,BRASILIA,DF,"Tribunal de Contas da Uniao - Instituto Serzedello Correa, Brasilia, DF","Tribunal de Contas da Uniao - Instituto Serzedello Correa, Brasilia, DF",-15.80055,-47.86855,-15.8066,-47.84297,-15.80614,-47.84311,,,,,2018.0,2019.0,,PBO-**89,,,Não,11,BRASILIA
TAXIGOV_DF_3,1361317,Presidência da República,26,DIRETA,DGES/GSI/PR,,CONCLUÍDA,Transporte de documentos / materiais,,10.93,7.816,42.41,2024-07-11 10:16:19.637,2024-07-11 10:16:28.660,2024-07-11 10:18:07.383,2024-07-11 10:19:14.007,2024-07-11 10:37:42.250,,"ANEXO II DO ITAMARATY (BOLO DE NOIVA), VIA S2",ASA SUL,BRASILIA,DF,"Comando Militar do Planalto / Comando da 11 RM, Brasilia, Distrito Federal","Comando Militar do Planalto / Comando da 11 RM, Brasilia, Distrito Federal",-15.80205,-47.868,-15.7779,-47.91956,-15.77888,-47.91972,,,,,2022.0,2023.0,,SGQ-**66,,,Sim,11,BRASILIA
TAXIGOV_DF_ENTIDADES,1361311,Banco Central do Brasil,89,INDIRETA,DEMAP/INFRA,,CONCLUÍDA,Outros,,15.54,13.149,58.12,2024-07-11 10:13:55.817,2024-07-11 10:14:07.580,2024-07-11 10:14:17.620,2024-07-11 10:18:54.073,2024-07-11 11:19:56.403,,"SIA, RETEC",SIA,BRASILIA,DF,"BANCO CENTRAL, - PA 3","CLS 201, QD 3 BL A, ASA SUL, BRASILIA - DF, 70232-550, BRASIL",-15.7897,-47.96733,-15.80147,-47.88527,-15.80347,-47.88504,,,,GRAND SIENA,2018.0,2019.0,BRANCO,PBM-**24,,,Sim,11,BRASILIA
TAXIGOV_DF_ENTIDADES,1361300,Instituto Chico Mendes de Conservação da Biodiversidade,91842,INDIRETA,GABIN/ICMBIO,,CONCLUÍDA,Reunião,,8.96,10.957,31.81,2024-07-11 10:11:16.277,2024-07-11 10:11:22.907,2024-07-11 10:26:40.367,2024-07-11 10:39:54.240,2024-07-11 10:53:44.680,,"ANEXO ITAMARATY,",PA 1,BRASILIA,DF,"ICMBIO, - SUDOESTE","ICMBIO, - SUDOESTE",-15.81067,-47.87197,-15.80302,-47.92627,-15.80311,-47.92652,,,,SPIN,2023.0,2024.0,BRANCA,SGX-**80,,,Não,11,BRASILIA
TAXIGOV_DF_3,1361298,Presidência da República,26,DIRETA,SE/SG/PR,,CONCLUÍDA,Reunião,,6.54,4.24,25.38,2024-07-11 10:10:48.390,2024-07-11 10:10:59.790,2024-07-11 10:13:49.550,2024-07-11 10:19:36.997,2024-07-11 10:24:57.297,,PALACIO DO PLANALTO,,BRASILIA,DF,"Instituto Serzedello Correa, SCES Trecho 3 Polo 8, 4, Brasilia, Distrito Federal","Instituto Serzedello Correa, SCES Trecho 3 Polo 8, 4, Brasilia, Distrito Federal",-15.79905,-47.86077,-15.80607,-47.84357,-15.80608,-47.84307,,,,,,,,SSK-**03,,,Não,11,BRASILIA
TAXIGOV_DF_3,1361284,Ministério da Saúde,304,DIRETA,DESID,,CONCLUÍDA,Reunião,,7.86,4.767,30.5,2024-07-11 10:03:39.620,2024-07-11 10:04:21.277,2024-07-11 10:08:46.097,2024-07-11 10:09:22.220,2024-07-11 10:19:53.137,,FIOCRUZ BRASÍLIA (FUNDAÇÃO OSWALDO CRUZ - BRASÍLIA),,BRASÍLIA,DF,MINISTÉRIO DA SAÚDE - BLOCO G - BRASÍLIA / DF,MINISTÉRIO DA SAÚDE - BLOCO G - BRASÍLIA / DF,-15.77097,-47.87113,-15.80024,-47.86838,-15.8003,-47.86826,,,,,2020.0,2021.0,,REI-**48,,,Não,11,BRASÍLIA
TAXIGOV_DF_3,1361276,Ministério da Saúde,304,DIRETA,DEMAS,,CONCLUÍDA,Reunião,,13.32,13.324,51.68,2024-07-11 09:58:23.277,2024-07-11 09:58:43.037,2024-07-11 10:00:29.173,2024-07-11 10:00:49.420,2024-07-11 10:21:36.107,,MINISTERIO DA SAUDE - BLOCO G,,BRASILIA,DF,"ANVISA Agencia Nacional de Vigilancia Sanitaria - Sede, Brasilia, DF","ANVISA Agencia Nacional de Vigilancia Sanitaria - Sede, Brasilia, DF",-15.80024,-47.86838,-15.79912,-47.95372,-15.79882,-47.95318,,,,,2021.0,2022.0,,RER-**20,,,Sim,11,BRASILIA
TAXIGOV_DF_ENTIDADES,1361268,Instituto Chico Mendes de Conservação da Biodiversidade,91842,INDIRETA,PFE/ICMBIO,,CONCLUÍDA,Reunião,,8.11,7.563,28.79,2024-07-11 09:56:06.900,2024-07-11 09:56:15.597,2024-07-11 10:06:35.720,2024-07-11 10:09:43.077,2024-07-11 10:25:41.697,,EQSW 103/104,SUDOESTE/OCTOGONAL,CRUZEIRO,DF,"Ministerio da Gestao e da Inovacao em Servicos Publicos - MGI, Brasilia, DF","Ministerio da Gestao e da Inovacao em Servicos Publicos - MGI, Brasilia, DF",-15.80427,-47.92571,-15.79472,-47.87389,-15.79502,-47.87415,,,,VIRTUS,2020.0,2020.0,BRANCA,REF-**05,,,Não,11,CRUZEIRO
TAXIGOV_DF_ENTIDADES,1361260,"Instituto Nacional de Metrologia, Qualidade e Tecnologia",240,INDIRETA,GABIN/INMETRO,,CONCLUÍDA,Reunião,,6.37,1.199,23.57,2024-07-11 09:52:47.887,2024-07-11 09:53:03.133,2024-07-11 09:58:27.400,2024-07-11 09:59:28.100,2024-07-11 10:07:50.790,,HOTEL EM BRASILIA - MULTIPARQUE HPLUS LONG STAY,SETOR SUDOESTE,BRASILIA,DF,"Instituto Nacional de Metrologia, Qualidade e Tecnologia, Brasilia, DF","Instituto Nacional de Metrologia, Qualidade e Tecnologia, Brasilia, DF",-15.79447,-47.91809,-15.79429,-47.9117,-15.79513,-47.91175,,,,CRONOS,2022.0,2022.0,PRATA,REU-**98,,,Não,11,BRASILIA
TAXIGOV_DF_3,1361258,Presidência da República,26,DIRETA,DITEC/SA/CC/PR,,CONCLUÍDA,Serviço externo / técnico,,25.55,24.47,99.13,2024-07-11 09:52:30.367,2024-07-11 09:52:50.433,2024-07-11 09:56:20.400,2024-07-11 10:00:40.907,2024-07-11 10:28:15.267,,"RESTAURANTE, PRESIDENCIA DA REPUBLICA",ZONA CIVICOADMINISTRATIVA,BRASILIA,DF,"Qn, 07, Brasilia, Distrito Federal","AVENIDA TRES, QDN7 CJ5 LT 15, RIACHO FUNDO I, RIACHO FUNDO - DF, 71805-705, BRASIL",-15.79885,-47.85897,-15.88313,-48.01898,-15.88159,-48.02327,,,,,2022.0,2023.0,,SGN-**40,,,Sim,11,BRASILIA
TAXIGOV_DF_ENTIDADES,1361247,Instituto Chico Mendes de Conservação da Biodiversidade,91842,INDIRETA,GABIN/ICMBIO,,CONCLUÍDA,Reunião,,8.39,8.117,29.78,2024-07-11 09:48:32.943,2024-07-11 09:48:55.540,2024-07-11 09:51:13.013,2024-07-11 09:52:45.433,2024-07-11 10:10:27.420,,EQSW 103/104,CRUZEIRO,BRASILIA,DF,"Ministerio das Relacoes Exteriores   Anexo I, Eixo Monumental, Brasilia, DF","Ministerio das Relacoes Exteriores   Anexo I, Eixo Monumental, Brasilia, DF",-15.80427,-47.92573,-15.80123,-47.86757,-15.8004,-47.86826,,,,SPIN,2023.0,2024.0,BRANCA,SGX-**80,,,Não,11,BRASILIA
TAXIGOV_DF_3,1361241,Ministério da Justiça e Segurança Pública,235881,DIRETA,COREG/AN,334.0,CONCLUÍDA,Reunião,,6.01,6.043,23.32,2024-07-11 09:47:29.307,2024-07-11 09:49:36.157,2024-07-11 09:50:53.287,2024-07-11 09:51:35.647,2024-07-11 10:01:04.333,,EIXO MONUMENTAL,PA 2,BRASILIA,DF,"Arquivo Nacional, Brasilia, DF","Arquivo Nacional, Brasilia, DF",-15.7964,-47.86991,-15.79156,-47.91331,-15.79137,-47.91308,,,,,2018.0,2018.0,,PBE-**25,,,Não,11,BRASILIA
TAXIGOV_DF_3,1361240,Ministério da Saúde,304,DIRETA,DAHU/SAES/MS,,CONCLUÍDA,Reunião,,13.22,10.722,51.29,2024-07-11 09:47:06.503,2024-07-11 09:47:16.730,2024-07-11 09:49:49.970,2024-07-11 09:50:07.997,2024-07-11 10:05:08.340,,MINISTERIO DA SAUDE - BLOCO G,,BRASILIA,DF,"Escola Nacional de Administracao Publica - Enap, Asa Sul, Brasilia, Distrito Federal","Escola Nacional de Administracao Publica - Enap, Asa Sul, Brasilia, Distrito Federal",-15.80024,-47.86838,-15.83033,-47.93057,-15.83027,-47.93132,,,,,,,,REU-**33,,,Sim,11,BRASILIA
TAXIGOV_DF_3,1361232,Ministério da Educação,244,DIRETA,SAA/SEXEC/MEC,,CONCLUÍDA,Reunião,,38.49,37.464,149.34,2024-07-11 09:42:45.410,2024-07-11 09:42:55.380,2024-07-11 09:44:39.837,2024-07-11 09:46:10.370,2024-07-11 10:32:38.473,,MINISTERIO DA EDUCACAO,PA 2,BRASILIA,DF,"Centro Logistico PHS Gama - DF, Brasilia, Distrito Federal","Centro Logistico PHS Gama - DF, Brasilia, Distrito Federal",-15.79501,-47.87305,-15.98372,-48.07292,-15.98357,-48.07292,,,,,2022.0,2023.0,,SGO-**30,,,Sim,11,BRASILIA
TAXIGOV_DF_ENTIDADES,1361217,Banco Central do Brasil,89,INDIRETA,DEMAP/INFRA,,CONCLUÍDA,Outros,,15.07,13.784,56.36,2024-07-11 09:40:04.847,2024-07-11 09:41:02.160,2024-07-11 09:49:19.403,2024-07-11 09:50:11.997,2024-07-11 10:12:34.807,,BANCO CENTRAL DO BRASIL - BCB,ASA SUL,BRASÍLIA,DF,RETEC REPRESENTAÇÕES E COMÉRCIO DE MÁQUINAS - BRASÍLIA / DF,RETEC REPRESENTAÇÕES E COMÉRCIO DE MÁQUINAS - BRASÍLIA / DF,-15.80332,-47.8851,-15.7987,-47.97035,-15.79893,-47.97044,,,,GRAND SIENA,2018.0,2019.0,BRANCO,PBM-**24,,,Sim,11,BRASÍLIA
TAXIGOV_DF_ENTIDADES,1361199,Fundação Universidade de Brasília,470,INDIRETA,USG,16205.0,CONCLUÍDA,Transporte de documentos / materiais,,5.42,5.534,20.81,2024-07-11 09:33:46.727,2024-07-11 09:33:58.230,2024-07-11 09:37:53.223,2024-07-11 09:38:37.483,2024-07-11 09:48:24.867,,HOSPITAL UNIVERSITÁRIO DE BRASÍLIA,ASA NORTE,BRASÍLIA,DF,HOSPITAL DE BASE DO DISTRITO FEDERAL - ASA SUL - BRASÍLIA / DF,"SMHS BLOCO D, BLOCO D, ASA SUL, BRASILIA - DF, 70322-000, BRASIL",-15.77091,-47.87361,-15.80024,-47.88879,-15.80061,-47.88997,,,,SPIN,2021.0,22.0,BRANCA,REN-**88,,,Não,11,BRASÍLIA
TAXIGOV_DF_ENTIDADES,1361194,Agência Nacional de Transportes Aquaviários,54843,INDIRETA,ARI,,CONCLUÍDA,Transporte de documentos / materiais,,18.59,0.009,68.78,2024-07-11 09:31:59.650,2024-07-11 09:32:09.220,2024-07-11 09:36:33.857,2024-07-11 10:29:01.157,2024-07-11 10:29:15.980,,SEPN 514 BL. D,BRASILIA,BRASILIA,DF,- ASA NORTE - BRASILIA,- ASA NORTE - BRASILIA,-15.7452,-47.89655,-15.74526,-47.89653,-15.74504,-47.89629,,,,VERSA,2021.0,2022.0,BRANCA,RET-**02,,,Sim,11,BRASILIA
TAXIGOV_DF_ENTIDADES,1361190,Instituto Brasileiro de Museus,100584,INDIRETA,DDFEM/IBRAM,,CONCLUÍDA,Reunião,,7.1,4.01,26.27,2024-07-11 09:31:13.150,2024-07-11 09:33:11.710,2024-07-11 09:36:31.600,2024-07-11 09:36:41.837,2024-07-11 09:54:11.190,,EDIFICIO CNC III,ASA NORTE,BRASILIA,DF,- ASA SUL - BRASILIA,"SEPS 702/902, ASA SUL, BRASILIA - DF, 70390-025, BRASIL",-15.78875,-47.87842,-15.82776,-47.9249,-15.79936,-47.89706,,,,VIRTUS,2023.0,2024.0,PRATA,SGV-**43,,,Não,11,BRASILIA
TAXIGOV_DF_ENTIDADES,1361178,Instituto Nacional de Colonização e Reforma Agrária,1799,INDIRETA,DAH-2.1/INCRA,,CONCLUÍDA,Transporte de documentos / materiais,,5.12,5.558,18.94,2024-07-11 09:25:47.140,2024-07-11 09:25:59.123,2024-07-11 09:27:53.997,2024-07-11 09:30:10.867,2024-07-11 09:38:39.330,,SBN QD. 1 BL. D,ASA NORTE,BRASILIA,DF,"SGO Q 5, Brasilia, DF","SGO Q 5, Brasilia, DF",-15.79096,-47.8794,-15.77632,-47.91151,-15.77718,-47.91166,,,,VIRTUS,2024.0,204.0,PRATA,SSI-**94,,,Não,11,BRASILIA
TAXIGOV_DF_ENTIDADES,1361167,Instituto Brasileiro do Meio Ambiente e dos Recursos Naturais Renováveis,1812,INDIRETA,COBIO/IBAMA,,CONCLUÍDA,Reunião,,19.04,17.735,70.45,2024-07-11 09:22:07.030,2024-07-11 09:22:24.280,2024-07-11 09:34:44.610,2024-07-11 09:36:11.753,2024-07-11 09:56:11.287,,AEROPORTO INTERNACIONAL DE BRASILIA,,BRASILIA,DF,"Ibama, Brasilia, Distrito Federal","IBAMA, ASA NORTE, BRASILIA - DF, BRASIL",-15.86997,-47.92097,-15.76624,-47.86238,-15.76753,-47.86151,,,,SIENA,2018.0,2018.0,PRATA,PBE-**98,,,Sim,11,BRASILIA
TAXIGOV_DF_ENTIDADES,1361165,Instituto Nacional de Estudos e Pesquisas Educacionais Anísio Teixeira,249,INDIRETA,GAB/INEP,,CONCLUÍDA,Reunião,,5.21,5.103,19.22,2024-07-11 09:21:30.033,2024-07-11 09:21:35.690,2024-07-11 09:24:31.270,2024-07-11 09:24:54.847,2024-07-11 09:37:38.660,,FUNDACAO ESCOLA SUPERIOR DO MINISTERIO PUBLICO DO DISTRITO FEDERAL E DOS TERRITORIOS,ASA SUL,BRASILIA,DF,"Instituto Nacional de Estudos e Pesquisas Educacionais, Brasilia, DF","Instituto Nacional de Estudos e Pesquisas Educacionais, Brasilia, DF",-15.80039,-47.89346,-15.788,-47.91424,-15.78729,-47.91425,,,,SPIN ACT,2022.0,2023.0,PRATA,SGR-**00,,,Não,11,BRASILIA
TAXIGOV_DF_ENTIDADES,1361164,Fundação Universidade de Brasília,470,INDIRETA,IH,,CONCLUÍDA,Serviço externo / técnico,,48.4,45.526,178.11,2024-07-11 09:21:19.060,2024-07-11 09:21:31.783,2024-07-11 09:22:31.593,2024-07-11 09:59:21.553,2024-07-11 10:50:29.827,,"ITAPOÃ, UPA",ITAPOA I,BRASILIA,DF,"SAMAMBAIA, - PA 38","SAMAMBAIA, - PA 38",-15.7544,-47.76949,-15.90855,-48.15613,-15.85482,-48.07359,5.0,,,VIRTUS,2018.0,2018.0,PRETA,PBG-**53,,,Sim,11,BRASILIA
TAXIGOV_DF_3,1361125,Ministério da Justiça e Segurança Pública,235881,DIRETA,COREG/AN,334.0,CONCLUÍDA,Reunião,,6.21,6.144,24.09,2024-07-11 09:00:42.653,2024-07-11 09:06:30.643,2024-07-11 09:09:20.603,2024-07-11 09:12:28.883,2024-07-11 09:20:41.187,,"ESPLANADA DOS MINISTERIOS, BL. K",EIXO MONUMENTAL,BRASILIA,DF,"Instituto Serzedello Correa, SCES Trecho 3 Polo 8, 4, Brasilia, DF","Instituto Serzedello Correa, SCES Trecho 3 Polo 8, 4, Brasilia, DF",-15.79527,-47.87432,-15.80607,-47.84357,-15.80566,-47.84288,,,,,2021.0,2022.0,,REQ-**58,,,Não,11,BRASILIA
TAXIGOV_DF_3,1361117,Ministério da Saúde,304,DIRETA,CGDI/SAA/SE/MS,,CONCLUÍDA,Reunião,,14.7,12.516,57.04,2024-07-11 08:55:33.590,2024-07-11 08:55:41.120,2024-07-11 08:59:39.423,2024-07-11 09:00:41.827,2024-07-11 09:19:37.077,,"EM, 7",ASA SUL,BRASILIA,DF,"Editora - Ministerio da Saude, Brasilia, DF","Editora - Ministerio da Saude, Brasilia, DF",-15.80212,-47.86937,-15.80182,-47.95618,-15.80214,-47.95595,,,,,2021.0,2022.0,,REQ-**45,,,Sim,11,BRASILIA
TAXIGOV_DF_3,1361105,Ministério da Saúde,304,DIRETA,DAPSI,,CONCLUÍDA,Reunião,,7.85,7.993,30.46,2024-07-11 08:47:52.870,2024-07-11 08:48:00.783,2024-07-11 08:54:55.750,2024-07-11 08:54:58.193,2024-07-11 09:08:39.473,,"BRASILIA - DF, 70719-040, BRASIL",BRASILIA,BRASILIA,DF,"Escola Nacional de Administracao Publica - Enap, Asa Sul, Brasilia, DF","Escola Nacional de Administracao Publica - Enap, Asa Sul, Brasilia, DF",-15.7843,-47.89011,-15.83033,-47.93057,-15.83024,-47.9313,,,,,2024.0,2025.0,,SSK-**24,,,Não,11,BRASILIA
TAXIGOV_DF_3,1361096,Ministério da Saúde,304,DIRETA,DEGERTS,,CONCLUÍDA,Reunião,,10.32,7.886,40.04,2024-07-11 08:43:24.700,2024-07-11 08:43:34.383,2024-07-11 08:47:08.997,2024-07-11 08:47:57.763,2024-07-11 09:03:46.087,,"PO700 - MINISTERIO DA SAUDE, SRTVN, 701",ASA NORTE,BRASILIA,DF,"Escola Nacional de Administracao Publica - Enap, Asa Sul, Brasilia, Distrito Federal","Escola Nacional de Administracao Publica - Enap, Asa Sul, Brasilia, Distrito Federal",-15.78407,-47.89045,-15.83033,-47.93057,-15.83032,-47.93145,,,,,2019.0,2019.0,,PBP-**59,,,Sim,11,BRASILIA
TAXIGOV_DF_3,1361087,Ministério da Justiça e Segurança Pública,235881,DIRETA,SENASP/MJSP,,CONCLUÍDA,Reunião,,6.45,5.458,25.03,2024-07-11 08:38:51.030,2024-07-11 08:40:02.650,2024-07-11 08:46:08.457,2024-07-11 08:47:02.120,2024-07-11 08:56:35.683,,MINISTERIO DA JUSTICA - ANEXO I,PA 2,BRASILIA,DF,"Instituto Serzedello Correa, SCES Trecho 3 Polo 8, 4, Brasilia, DF","Instituto Serzedello Correa, SCES Trecho 3 Polo 8, 4, Brasilia, DF",-15.79663,-47.86655,-15.80607,-47.84357,-15.8061,-47.84311,,,,,2018.0,2019.0,,PBO-**89,,,Não,11,BRASILIA
TAXIGOV_DF_3,1361081,Ministério do Desenvolvimento Agrário e Agricultura Familiar,308794,DIRETA,CGLOG / SPOA / SE / MDA,,CONCLUÍDA,Reunião,,6.3,,24.44,2024-07-11 08:37:00.100,2024-07-11 08:38:21.407,2024-07-11 08:41:22.523,2024-07-11 08:41:34.330,2024-07-11 09:00:20.240,,MINISTERIO DA AGRICULTURA E PECUARIA,PA 2,BRASILIA,DF,"Controladoria-Geral da Uniao, Brasilia, DF","Controladoria-Geral da Uniao, Brasilia, DF",-15.79953,-47.87093,-15.78993,-47.91179,,,5.0,,,,2022.0,2023.0,,REU-**09,,,Não,11,BRASILIA
TAXIGOV_DF_3,1361080,Ministério da Saúde,304,DIRETA,DAPSI,,CONCLUÍDA,Reunião,,10.12,7.823,39.27,2024-07-11 08:36:46.933,2024-07-11 08:37:00.420,2024-07-11 08:41:56.023,2024-07-11 08:42:17.683,2024-07-11 08:57:40.997,,SRTVN QUADRA 03,ASA NORTE,BRASILIA,DF,"Escola Nacional de Administracao Publica - Enap, Asa Sul, Brasilia, DF","Escola Nacional de Administracao Publica - Enap, Asa Sul, Brasilia, DF",-15.78354,-47.8903,-15.83033,-47.93057,-15.83033,-47.93147,,,,,2022.0,2023.0,,SGR-**08,,,Sim,11,BRASILIA
TAXIGOV_DF_3,1361063,Ministério da Saúde,304,DIRETA,GAB/SAES,,CONCLUÍDA,Reunião,,11.98,10.635,46.48,2024-07-11 08:32:21.843,2024-07-11 08:33:38.530,2024-07-11 08:37:05.950,2024-07-11 08:38:13.107,2024-07-11 08:51:50.943,,"ESPLANADA DOS MINISTERIOS, BLOCO G",BRASILIA,BRASILIA,DF,"Escola Nacional de Administracao Publica (ENAP), SAIS Area 2A, Brasilia, Brasilia, DF","Escola Nacional de Administracao Publica (ENAP), SAIS Area 2A, Brasilia, Brasilia, DF",-15.80031,-47.86855,-15.8304,-47.93133,-15.8303,-47.93135,,,,,2023.0,2023.0,,SGU-**46,,,Sim,11,BRASILIA
TAXIGOV_DF_3,1361046,Ministério da Saúde,304,DIRETA,CGVAM/DSASTE/SVS/MS,,CONCLUÍDA,Reunião,,9.89,7.987,38.37,2024-07-11 08:24:21.687,2024-07-11 08:24:34.277,2024-07-11 08:28:01.403,2024-07-11 08:28:03.173,2024-07-11 08:43:00.313,,"PO 700, SRTVN",ASA NORTE,BRASILIA,DF,"Escola Nacional de Administracao Publica - Enap, Asa Sul, Brasilia, Distrito Federal","Escola Nacional de Administracao Publica - Enap, Asa Sul, Brasilia, Distrito Federal",-15.78456,-47.88949,-15.83033,-47.93057,-15.83022,-47.93133,,,,,,,,SSL-**39,,,Não,11,BRASILIA
TAXIGOV_DF_3,1361045,Ministério da Saúde,304,DIRETA,DEDT,,CONCLUÍDA,Reunião,,10.04,7.988,38.96,2024-07-11 08:23:51.120,2024-07-11 08:24:05.750,2024-07-11 08:33:47.100,2024-07-11 08:34:18.693,2024-07-11 08:48:00.147,,SRTVN,ASA NORTE,BRASILIA,DF,"Escola Nacional de Administracao Publica - Enap, Asa Sul, Brasilia, DF","Escola Nacional de Administracao Publica - Enap, Asa Sul, Brasilia, DF",-15.78456,-47.88949,-15.83033,-47.93057,-15.83021,-47.93144,,,,,2022.0,2023.0,,SGN-**94,,,Sim,11,BRASILIA
TAXIGOV_DF_3,1361044,Ministério da Educação,244,DIRETA,SASE/MEC,,CONCLUÍDA,Reunião,,6.19,6.304,24.02,2024-07-11 08:22:39.150,2024-07-11 08:23:33.750,2024-07-11 08:31:23.810,2024-07-11 08:31:50.487,2024-07-11 08:41:13.507,,MINISTERIO DA EDUCACAO,PA 2,BRASILIA,DF,"Instituto Serzedello Correa, SCES Trecho 3 Polo 8, 4, Brasilia, Distrito Federal","Instituto Serzedello Correa, SCES Trecho 3 Polo 8, 4, Brasilia, Distrito Federal",-15.79501,-47.87305,-15.80607,-47.84357,-15.80613,-47.84301,,,,,2024.0,2025.0,,SSL-**34,,,Não,11,BRASILIA
TAXIGOV_DF_3,1361039,Ministério do Desenvolvimento Agrário e Agricultura Familiar,308794,DIRETA,CGLOG / SPOA / SE / MDA,,CONCLUÍDA,Reunião,,6.73,6.277,26.11,2024-07-11 08:19:38.770,2024-07-11 08:19:49.687,2024-07-11 08:21:28.147,2024-07-11 08:22:19.533,2024-07-11 08:33:49.037,,"ESPLANADA DOS MINISTERIOS, BL. D",ASA SUL,BRASILIA,DF,"Controladoria-Geral da Uniao, Brasilia, DF","Controladoria-Geral da Uniao, Brasilia, DF",-15.79961,-47.87095,-15.78993,-47.91179,-15.78943,-47.91271,,,,,2022.0,2022.0,,REU-**98,,,Não,11,BRASILIA
TAXIGOV_DF_ENTIDADES,1361033,Fundação Coordenação de Aperfeiçoamento de Pessoal de Nível Superior,250,INDIRETA,CSA/CAPES,,CONCLUÍDA,Reunião,,10.96,7.976,40.44,2024-07-11 08:16:21.860,2024-07-11 08:16:32.847,2024-07-11 08:17:33.127,2024-07-11 08:18:01.347,2024-07-11 08:32:21.420,,SBN BLOCO L,ASA NORTE,BRASILIA,DF,"Royal Tulip Brasilia Alvorada, Asa Norte, Brasilia, DF","Royal Tulip Brasilia Alvorada, Asa Norte, Brasilia, DF",-15.78807,-47.87842,-15.78685,-47.829,-15.78786,-47.82901,,,,SIENA,2019.0,20.0,PRATA,QUT-**63,,,Sim,11,BRASILIA
TAXIGOV_DF_3,1361021,Ministério da Defesa,41066,DIRETA,SEORI/MD,,CONCLUÍDA,Reunião,,22.3,22.466,86.52,2024-07-11 08:09:33.950,2024-07-11 08:10:21.670,2024-07-11 08:12:51.460,2024-07-11 08:15:34.833,2024-07-11 08:39:55.070,,"MINISTERIO DA DEFESA, ESPLANADA DOS MINISTERIOS, BL. Q",ZONA CIVICOADMINISTRATIVA,BRASILIA,DF,"Forte Marechal Rondon, Rodovia DF 001, KM 5, Lago Norte, Brasilia, Distrito Federal","CIGE, LAGO NORTE - DF, BRASIL",-15.79641,-47.86894,-15.70895,-47.81431,-15.71444,-47.81803,,,,,2024.0,2024.0,,SSK-**66,,,Sim,11,BRASILIA
TAXIGOV_DF_3,1361002,Ministério da Defesa,41066,DIRETA,SEORI/MD,,CONCLUÍDA,Reunião,,12.41,12.542,48.15,2024-07-11 07:47:02.553,2024-07-11 08:26:08.373,2024-07-11 08:39:06.050,2024-07-11 08:41:15.613,2024-07-11 08:56:44.053,,EIXO MONUMENTAL,,BRASILIA,DF,"Escola Superior de Defesa, DF-001, km 27, Jardim Botanico, Brasilia, DF","Escola Superior de Defesa, DF-001, km 27, Jardim Botanico, Brasilia, DF",-15.79605,-47.86885,-15.86728,-47.82376,-15.86769,-47.82309,,,,,2022.0,2023.0,,SGO-**30,,,Sim,11,BRASILIA
TAXIGOV_DF_3,1360997,Ministério da Justiça e Segurança Pública,235881,DIRETA,COREG/AN,334.0,CONCLUÍDA,Reunião,,6.69,6.629,25.96,2024-07-11 07:32:24.640,2024-07-11 08:15:48.290,2024-07-11 08:19:13.437,2024-07-11 08:28:12.800,2024-07-11 08:40:46.600,,SIG QUADRA 6,CRUZEIRO,BRASILIA,DF,"Ministerio da Fazenda, Eixo Monumental, Brasilia, DF","Ministerio da Fazenda, Eixo Monumental, Brasilia, DF",-15.7916,-47.91314,-15.7964,-47.86991,-15.7962,-47.86955,,,,,2023.0,2023.0,,SGT-**48,,,Não,11,BRASILIA
TAXIGOV_DF_ENTIDADES,1360992,Agência Espacial Brasileira,4243,INDIRETA,DPEI/AEB,,CONCLUÍDA,Reunião,,21.8,22.373,80.88,2024-07-11 07:29:39.730,2024-07-11 07:32:27.517,2024-07-11 07:42:36.450,2024-07-11 07:42:42.220,2024-07-11 08:03:09.403,,AEB AGENCIA ESPACIAL BRASILEIRA,SETOR POLICIAL SUL,BRASILIA,DF,"Escola Superior de Defesa, DF-001, km 27, Jardim Botanico, Brasilia, DF","Escola Superior de Defesa, DF-001, km 27, Jardim Botanico, Brasilia, DF",-15.81587,-47.94311,-15.86728,-47.82376,-15.86734,-47.82308,,,,KA,2020.0,2020.0,BRANCA,QXT-**92,,,Sim,11,BRASILIA
TAXIGOV_DF_ENTIDADES,1360976,Fundação Universidade de Brasília,470,INDIRETA,IH,,CONCLUÍDA,Serviço externo / técnico,,59.57,52.736,219.22,2024-07-11 07:16:56.703,2024-07-11 07:17:12.883,2024-07-11 07:17:28.673,2024-07-11 08:16:29.440,2024-07-11 09:20:39.930,,"RECANTO DAS EMAS, UPA",PA 37,BRASILIA,DF,"ITAPOÃ, UPA - ITAPOA I",V SOBRADINHO - BRASILIA - DF,-15.9208,-48.05281,-15.7544,-47.76949,-15.73617,-47.77898,,,,VIRTUS,2018.0,2018.0,PRETA,PBG-**53,,,Sim,11,BRASILIA
TAXIGOV_DF_ENTIDADES,1360967,Fundação Universidade de Brasília,470,INDIRETA,IH,,CONCLUÍDA,Serviço externo / técnico,,8.63,8.781,31.76,2024-07-11 07:00:28.793,2024-07-11 07:00:34.420,2024-07-11 07:00:58.933,2024-07-11 07:01:12.360,2024-07-11 07:15:18.973,,"QN 414 CONJUNTO G, 3",SAMAMBAIA NORTE SAMAMBAIA,BRASILIA,DF,"UPA de Recanto das Emas, Brasilia, DF","UPA de Recanto das Emas, Brasilia, DF",-15.85478,-48.07385,-15.91179,-48.05744,-15.91122,-48.05741,,,,VIRTUS,2018.0,2018.0,PRETA,PBG-**53,,,Não,11,BRASILIA
TAXIGOV_DF_ENTIDADES,1360950,Instituto Brasileiro do Meio Ambiente e dos Recursos Naturais Renováveis,1812,INDIRETA,PREVFOGO/IBAMA,,CONCLUÍDA,Reunião,,23.83,18.523,88.17,2024-07-11 04:32:18.630,2024-07-11 04:33:16.477,2024-07-11 04:38:41.050,2024-07-11 04:44:34.263,2024-07-11 05:06:25.670,,SCEN TR. 2,ASA NORTE,BRASILIA,DF,"Aeroporto Internacional de Brasilia - Presidente Juscelino Kubitschek, Brasilia, DF","ESTRADA PARQUE AEROPORTO, SETOR DE HABITACOES INDIVIDUAIS SUL, LAGO SUL - DF, 71608-000, BRASIL",-15.76718,-47.86065,-15.87069,-47.91935,-15.87018,-47.92156,,,,ETIOS,2019.0,2020.0,PRATA,REF-**82,,,Sim,11,BRASILIA
TAXIGOV_DF_3,1360942,Ministério do Desenvolvimento Agrário e Agricultura Familiar,308794,DIRETA,GM / MDA,,CONCLUÍDA,Reunião,,12.73,11.799,49.39,2024-07-10 22:37:23.827,2024-07-10 22:38:56.327,2024-07-10 22:46:11.900,2024-07-10 22:46:42.773,2024-07-10 23:06:54.873,,RUBAIYAT,ASA SUL,BRASILIA,DF,"Quadra Mista Sudoeste 5, Brasilia, DF","QMSW 5 LOTE 4 BLOCO C, SUDOESTE/OCTOGONAL, CRUZEIRO - DF, 70680-520, BRASIL",-15.83358,-47.89267,-15.79487,-47.91873,-15.7938,-47.91782,,,,,2019.0,2020.0,,PBR-**94,,,Sim,10,BRASILIA
TAXIGOV_DF_3,1360926,Ministério da Educação,244,DIRETA,SE/MEC,,CONCLUÍDA,Reunião,,5.56,4.236,21.57,2024-07-10 19:51:36.663,2024-07-10 19:51:49.493,2024-07-10 19:52:14.787,2024-07-10 19:53:29.087,2024-07-10 20:08:07.663,,"607 SUL CONSELHO NACIONAL DE EDUCAÇÃO MEC,",ASA SUL,BRASILIA,DF,"ANEXO MINISTERIO EDUCACAO, - PA 2","SGO, ASA NORTE, BRASILIA - DF, BRASIL",-15.82173,-47.89485,-15.78455,-47.87153,-15.79352,-47.87289,,,,,2018.0,2018.0,,PBK-**91,,,Não,10,BRASILIA
TAXIGOV_DF_3,1360912,Ministério do Desenvolvimento Agrário e Agricultura Familiar,308794,DIRETA,GM / MDA,,CONCLUÍDA,Reunião,,8.69,6.431,33.72,2024-07-10 19:26:02.103,2024-07-10 19:29:00.930,2024-07-10 19:33:03.487,2024-07-10 19:33:51.383,2024-07-10 19:46:28.560,,EMI BLOCO C,BRASILIA,BRASILIA,DF,"Rubaiyat, Asa Sul, Brasilia, DF","Rubaiyat, Asa Sul, Brasilia, DF",-15.79937,-47.87171,-15.83358,-47.89267,-15.83338,-47.89272,,,,,2022.0,2022.0,,REU-**98,,,Não,10,BRASILIA
TAXIGOV_DF_3,1360911,Ministério da Educação,244,DIRETA,SE/MEC,,CONCLUÍDA,Reunião,,7.63,4.619,29.6,2024-07-10 19:26:00.087,2024-07-10 19:27:29.287,2024-07-10 19:32:40.020,2024-07-10 19:32:50.613,2024-07-10 19:47:57.073,,"ESPLANADA DOS MINISTERIOS, BL. L",ASA NORTE,BRASILIA,DF,"Conselho Nacional de Educacao - Ministerio da Educacao, Asa Sul, Brasilia, DF","Conselho Nacional de Educacao - Ministerio da Educacao, Asa Sul, Brasilia, DF",-15.7949,-47.87322,-15.82171,-47.89524,-15.82199,-47.89495,,,,,2018.0,2018.0,,PBK-**91,,,Não,10,BRASILIA
TAXIGOV_DF_3,1360898,Ministério da Saúde,304,DIRETA,SECNS/CNS/MS,,CONCLUÍDA,Reunião,,10.08,7.956,39.11,2024-07-10 18:58:05.700,2024-07-10 19:08:53.960,2024-07-10 19:14:02.743,2024-07-10 19:14:33.407,2024-07-10 19:26:07.577,,"SEN, LT. 19",BRASILIA,BRASILIA,DF,"CLN 315 Bloco A, Brasilia, Brasilia, DF","CLN 315 Bloco A, Brasilia, Brasilia, DF",-15.78239,-47.86783,-15.74363,-47.89436,-15.7438,-47.89435,,,,,2024.0,2025.0,,SSK-**22,,,Sim,10,BRASILIA
TAXIGOV_DF_3,1360792,Ministério da Saúde,304,DIRETA,DGAP,,CONCLUÍDA,Reunião,,7.54,4.813,29.26,2024-07-10 17:29:53.530,2024-07-10 17:30:11.877,2024-07-10 17:42:10.017,2024-07-10 17:42:16.263,2024-07-10 17:53:20.780,,CAMPUS DARCY RIBEIRO UNB,ASA NORTE,BRASILIA,DF,"Anexo do Ministerio da Saude, Eixo Monumental, G, Brasilia, DF","Anexo do Ministerio da Saude, Eixo Monumental, G, Brasilia, DF",-15.77085,-47.87112,-15.80181,-47.86856,-15.80115,-47.86919,,,,,2021.0,21.0,,REO-**09,,,Não,10,BRASILIA
TAXIGOV_DF_3,1360784,Advocacia-Geral da União,46,DIRETA,DPOFC/SGA/AGU,,CONCLUÍDA,Reunião,,5.59,5.598,21.69,2024-07-10 17:27:32.123,2024-07-10 17:37:58.190,2024-07-10 17:38:20.113,2024-07-10 17:46:18.487,2024-07-10 17:58:17.787,,MINISTERIO DA ECONOMIA - BLOCO K,,BRASILIA,DF,"Advocacia-Geral da Uniao - Sede III, Brasilia, DF","Advocacia-Geral da Uniao - Sede III, Brasilia, DF",-15.79474,-47.87379,-15.79215,-47.9124,-15.7922,-47.91237,,,,,2021.0,2022.0,,REQ-**45,,,Não,10,BRASILIA
TAXIGOV_DF_3,1360765,Ministério da Saúde,304,DIRETA,DGCI,,CONCLUÍDA,Reunião,,5.22,3.88,20.25,2024-07-10 17:16:59.493,2024-07-10 17:17:56.273,2024-07-10 17:24:28.590,2024-07-10 17:24:28.797,2024-07-10 17:38:54.637,,CGU - CONTROLADORIA-GERAL DA UNIAO - SAUS - MULTIBRASIL,ASA SUL,BRASILIA,DF,"PO 700, SRTVN, Asa Norte, Brasilia, DF","PO 700, SRTVN, Asa Norte, Brasilia, DF",-15.80367,-47.88256,-15.78456,-47.88949,-15.78407,-47.89041,,,,,2023.0,2023.0,,SGR-**14,,,Não,10,BRASILIA
TAXIGOV_DF_3,1360759,Presidência da República,26,DIRETA,SNDSAPP/SG/PR,,CONCLUÍDA,Reunião,,6.11,4.767,23.71,2024-07-10 17:14:33.643,2024-07-10 17:21:48.403,2024-07-10 17:28:34.873,2024-07-10 17:30:24.457,2024-07-10 17:45:44.287,,"VENANCIO SHOPPING, SETOR COMERCIAL SUL, Q. 6",ASA SUL,BRASILIA,DF,"Palacio do Planalto - Anexo I, Praca dos Tres Poderes, ZONA CIVICOADMINISTRATIVA, BRASILIA, DF","Palacio do Planalto - Anexo I, Praca dos Tres Poderes, ZONA CIVICOADMINISTRATIVA, BRASILIA, DF",-15.79599,-47.89293,-15.79955,-47.85965,-15.79942,-47.85989,,,,,2023.0,2024.0,,SSF-**67,,,Não,10,BRASILIA
TAXIGOV_DF_3,1360746,Ministério da Saúde,304,DIRETA,DATHI,,CONCLUÍDA,Reunião,,5.94,5.114,23.05,2024-07-10 17:10:06.153,2024-07-10 17:11:09.653,2024-07-10 17:17:38.697,2024-07-10 17:17:46.933,2024-07-10 17:33:11.077,,FUNDACAO OSWALDO CRUZ - DISTRITO FEDERAL,,BRASILIA,DF,"PO 700, SRTVN, Asa Norte, Brasilia, DF","PO 700, SRTVN, Asa Norte, Brasilia, DF",-15.77097,-47.87113,-15.78456,-47.88949,-15.78407,-47.89041,,,,,2023.0,2023.0,,SGS-**24,,,Não,10,BRASILIA
TAXIGOV_DF_ENTIDADES,1360627,Instituto de Pesquisa Econômica Aplicada,7,INDIRETA,BIBLI/IPEA,,CONCLUÍDA,Reunião,,12.8,10.199,47.1,2024-07-10 16:48:55.497,2024-07-10 16:49:06.593,2024-07-10 17:00:11.537,2024-07-10 17:00:59.507,2024-07-10 17:21:25.977,,"SIA CANTEIRO CENTRAL VIA IA 2 TRECHO 2 TCHECA 2, 1220",,BRASÍLIA,DF,"VIA W4 SUL, 702 - ASA SUL - BRASÍLIA / DF","VIA W4 SUL, 702 - ASA SUL - BRASÍLIA / DF",-15.80326,-47.96253,-15.79976,-47.89655,-15.79942,-47.89691,,,,COROLLA,2023.0,2024.0,PRETA,SSF-**67,,,Sim,10,BRASÍLIA
TAXIGOV_DF_3,1360709,Ministério das Relações Exteriores,263,DIRETA,SPTC/SG/MRE,,CONCLUÍDA,Reunião,,21.38,18.347,82.95,2024-07-10 16:46:53.227,2024-07-10 16:47:00.027,2024-07-10 16:47:28.007,2024-07-10 17:11:33.023,2024-07-10 17:40:15.030,,"PARK WAY QD 01,",PA 19,BRASILIA,DF,"ANEXO II DO ITAMARATY(BOLO DE NOIVA), - ASA SUL","ANEXO II DO ITAMARATY(BOLO DE NOIVA), - ASA SUL",-15.88833,-47.97313,-15.80173,-47.86795,-15.80197,-47.86763,,,,,2022.0,2023.0,,SGO-**30,,,Sim,10,BRASILIA
TAXIGOV_DF_ENTIDADES,1360698,Fundação Universidade de Brasília,470,INDIRETA,DIVGP,16205.0,CONCLUÍDA,Reunião,,5.8,6.221,22.27,2024-07-10 16:42:54.057,2024-07-10 16:44:08.030,2024-07-10 16:50:59.433,2024-07-10 16:51:12.697,2024-07-10 17:00:27.857,,"SEPN, 513",ASA NORTE,BRASILIA,DF,"HUB Hospital Universitario de Brasilia - Pediatria, Asa Norte, Brasilia, DF","SGAN 604, ASA NORTE, BRASILIA - DF, 70830-150, BRASIL",-15.7495,-47.89527,-15.77182,-47.87393,-15.77274,-47.87454,,,,KA,2019.0,2020.0,BRANCA,QUB-**43,,,Não,10,BRASILIA
TAXIGOV_DF_3,1360688,Ministério de Minas e Energia,2852,DIRETA,GM/MME,,CONCLUÍDA,Reunião,,20.13,19.906,78.1,2024-07-10 16:38:30.410,2024-07-10 16:38:39.590,2024-07-10 16:42:14.807,2024-07-10 16:42:47.867,2024-07-10 17:08:22.907,,"MINISTERIO DE MINAS E ENERGIA, ESPLANADA DOS MINISTERIOS, BL. U",ZONA CIVICOADMINISTRATIVA,BRASILIA,DF,"Paranoa Parque Quadra 366, Estrada Parque Paranoa, Brasilia, Distrito Federal","Paranoa Parque Quadra 366, Estrada Parque Paranoa, Brasilia, Distrito Federal",-15.79661,-47.86804,-15.76541,-47.79333,-15.76496,-47.79265,,,,,2022.0,2023.0,,SGO-**86,,,Sim,10,BRASILIA
TAXIGOV_DF_3,1360680,Ministério da Saúde,304,DIRETA,DATASUS,,CONCLUÍDA,Reunião,,34.11,32.914,132.35,2024-07-10 16:36:12.857,2024-07-10 16:36:19.300,2024-07-10 16:36:47.503,2024-07-10 16:37:28.633,2024-07-10 17:14:18.537,,"CASAI,",PARANOA,BRASILIA,DF,"PO 700, - ASA NORTE","PO 700, - ASA NORTE",-15.743,-47.71359,-15.78332,-47.89032,-15.78425,-47.89047,,,,,2023.0,2024.0,,SGW-**21,,,Sim,10,BRASILIA
TAXIGOV_DF_3,1360661,Ministério do Desenvolvimento Agrário e Agricultura Familiar,308794,DIRETA,CGLOG / SPOA / SE / MDA,,CONCLUÍDA,Reunião,,12.24,11.48,47.49,2024-07-10 16:21:36.937,2024-07-10 16:21:53.940,2024-07-10 16:24:27.370,2024-07-10 16:25:02.080,2024-07-10 16:43:43.617,,CONAB CDRH - CENTRO DE DESENVOLVIMENTO DE RECURSOS HUMANOS,ZONA INDUSTRIAL GUARA,BRASILIA,DF,"Ministerio da Agricultura e Pecuaria (Mapa), Esplanada dos Ministerios, Bl. D, Brasilia, Brasilia, DF","Ministerio da Agricultura e Pecuaria (Mapa), Esplanada dos Ministerios, Bl. D, Brasilia, Brasilia, DF",-15.80225,-47.95008,-15.79961,-47.87095,-15.79954,-47.87078,,,,,2017.0,18.0,,PBB-**78,,,Sim,10,BRASILIA
TAXIGOV_DF_ENTIDADES,1360648,Fundo Nacional de Desenvolvimento da Educação,253,INDIRETA,COGID/FNDE,,CONCLUÍDA,Reunião,,8.74,9.584,32.34,2024-07-10 16:17:32.767,2024-07-10 16:17:45.757,2024-07-10 16:26:02.363,2024-07-10 16:26:08.747,2024-07-10 16:41:14.027,,SAAN QUADRA 1,ZONA INDUSTRIAL,BRASILIA,DF,"Fundo Nacional de Desenvolvimento da Educacao, Sbs, 12, Asa Sul, Brasilia, DF","Fundo Nacional de Desenvolvimento da Educacao, Sbs, 12, Asa Sul, Brasilia, DF",-15.7674,-47.93933,-15.80089,-47.88341,-15.80131,-47.88342,5.0,,,VIRTUS,2018.0,2019.0,PRATA,PBN-**94,,,Não,10,BRASILIA
TAXIGOV_DF_3,1360639,Ministério da Saúde,304,DIRETA,GM/MS,,CONCLUÍDA,Transporte de documentos / materiais,,5.09,4.132,19.75,2024-07-10 16:14:39.413,2024-07-10 16:14:47.300,2024-07-10 16:14:57.583,2024-07-10 16:15:36.850,2024-07-10 16:21:25.033,,"PO 700,",ASA NORTE,BRASILIA,DF,"MINISTERIO DA SAUDE BL G, - PA 1","MINISTERIO DA SAUDE BL G, - PA 1",-15.78332,-47.89032,-15.80001,-47.86838,-15.80032,-47.86822,,,,,2024.0,2024.0,,SSH-**32,,,Não,10,BRASILIA
TAXIGOV_DF_3,1360637,Ministério da Saúde,304,DIRETA,DECIT,,CONCLUÍDA,Reunião,,9.56,8.279,37.09,2024-07-10 16:13:47.820,2024-07-10 16:15:15.067,2024-07-10 16:23:00.993,2024-07-10 16:23:51.707,2024-07-10 16:37:27.827,,"CENTRO INTERNACIONAL DE CONVENCOES DO BRASIL, SCES TRECHO 2",ASA SUL,BRASILIA,DF,"PO 700, SRTVN Quadra 03, ASA NORTE, BRASILIA, DF","PO 700, SRTVN Quadra 03, ASA NORTE, BRASILIA, DF",-15.81569,-47.84475,-15.78354,-47.8903,-15.78416,-47.89043,,,,,2017.0,2017.0,,PAQ-**53,,,Não,10,BRASILIA
TAXIGOV_DF_3,1360634,Ministério das Relações Exteriores,263,DIRETA,SGAD/SG/MRE,,CONCLUÍDA,Serviço externo / técnico,,6.13,6.441,23.78,2024-07-10 16:12:46.453,2024-07-10 16:12:54.217,2024-07-10 16:13:56.483,2024-07-10 16:15:14.980,2024-07-10 16:24:09.567,,"SQS 410 BLOCO F,",ASA SUL,BRASILIA,DF,"ANEXO II DO ITAMARATY(BOLO DE NOIVA), - ASA SUL","ANEXO II DO ITAMARATY(BOLO DE NOIVA), - ASA SUL",-15.82632,-47.90349,-15.80173,-47.86795,-15.802,-47.86779,,,,,,,,SGS-**56,,,Não,10,BRASILIA
TAXIGOV_DF_3,1360629,Ministério da Educação,244,DIRETA,SECADI,,CONCLUÍDA,Reunião,,11.32,11.366,43.92,2024-07-10 16:10:29.913,2024-07-10 16:10:53.277,2024-07-10 16:13:56.397,2024-07-10 16:15:42.240,2024-07-10 16:32:32.600,,ESCOLA NACIONAL DE ADMINISTRACAO PUBLICA - ENAP,ASA SUL,BRASILIA,DF,"Anexo I (Palacio do Planalto   Presidencia da Republica), Praca dos Tres Poderes, Brasilia, Distrito Federal","Anexo I (Palacio do Planalto   Presidencia da Republica), Praca dos Tres Poderes, Brasilia, Distrito Federal",-15.83033,-47.93057,-15.79955,-47.85925,-15.79987,-47.85843,,,,,2022.0,2023.0,,REV-**05,,,Sim,10,BRASILIA
TAXIGOV_DF_ENTIDADES,1360625,Fundação Universidade de Brasília,470,INDIRETA,DGP/DSQVT,,CONCLUÍDA,Reunião,,33.34,26.036,122.69,2024-07-10 16:07:07.733,2024-07-10 16:07:30.573,2024-07-10 16:07:32.537,2024-07-10 16:11:48.723,2024-07-10 16:41:49.783,,FAZENDA AGUA LIMPA - UNB,NUCLEO RURAL VARGEM BONITA NUCLEO BANDEIRANTE,BRASILIA,DF,"Estacionamento Universitario - ICC Sul, UNB Area 1, 40, Brasilia, DF","CAMPUS DARCY RIBEIRO UNB, ASA NORTE, BRASILIA - DF, 70910-900, BRASIL",-15.94063,-47.94067,-15.7661,-47.86828,-15.76496,-47.8688,,,,COROLLA CROSS,2023.0,2024.0,PRATA,SGS-**04,,,Sim,10,BRASILIA
TAXIGOV_DF_3,1360624,Ministério da Defesa,41066,DIRETA,SEORI/MD,,CONCLUÍDA,Outros,,25.12,28.75,97.47,2024-07-10 16:07:06.403,2024-07-10 16:07:13.980,2024-07-10 16:07:27.877,2024-07-10 16:07:37.433,2024-07-10 16:42:43.110,,"TAGUATINGA NORTE, CLUBE ODONTOLOGICO ASSISTENCIA TECNICA",PA 36,BRASILIA,DF,"MINISTERIO DA DEFESA BLOCO Q, - ESPLANADA","EM BLOCO Q, ASA NORTE, BRASILIA - DF, BRASIL",-15.84069,-48.10105,-15.79576,-47.8706,-15.79633,-47.8687,,,,,2018.0,2018.0,,PBM-**57,,,Sim,10,BRASILIA
TAXIGOV_DF_3,1360617,Ministério do Turismo,72084,DIRETA,GM,,CONCLUÍDA,Reunião,,10.89,11.367,42.25,2024-07-10 16:04:51.353,2024-07-10 16:06:02.557,2024-07-10 16:14:30.820,2024-07-10 16:16:05.007,2024-07-10 16:30:38.100,,ESCOLA NACIONAL DE ADMINISTRACAO PUBLICA - ENAP,ASA SUL,BRASILIA,DF,"Anexo I (Palacio do Planalto   Presidencia da Republica), Praca dos Tres Poderes, Brasilia, Distrito Federal","Anexo I (Palacio do Planalto   Presidencia da Republica), Praca dos Tres Poderes, Brasilia, Distrito Federal",-15.83033,-47.93057,-15.79955,-47.85925,-15.79988,-47.85844,,,,,,,,PBN-**16,,,Sim,10,BRASILIA
TAXIGOV_DF_3,1360611,Presidência da República,26,DIRETA,SECOI/SECOM/PR,,CONCLUÍDA,Reunião,,6.75,5.593,26.19,2024-07-10 16:02:31.643,2024-07-10 16:02:41.360,2024-07-10 16:10:36.217,2024-07-10 16:11:39.103,2024-07-10 16:26:24.463,,EM,BRASILIA,BRASILIA,DF,"Ministerio do Desenvolvimento Regional - Ed. Celso Furtado, Asa Norte, Brasilia, DF","VIA W. QUATRO NORTE, ASA NORTE, BRASILIA - DF, BRASIL",-15.79854,-47.86095,-15.77022,-47.89314,-15.76933,-47.89233,,,,,2018.0,2019.0,,PBS-**80,,,Não,10,BRASILIA
TAXIGOV_DF_3,1360602,Ministério do Desenvolvimento Agrário e Agricultura Familiar,308794,DIRETA,DEPROT / SETEQ / MDA,,CONCLUÍDA,Reunião,,8.97,9.067,34.8,2024-07-10 15:58:55.677,2024-07-10 15:59:36.427,2024-07-10 16:06:20.050,2024-07-10 16:06:37.387,2024-07-10 16:18:06.477,,ESCOLA NACIONAL DE ADMINISTRACAO PUBLICA - ENAP,ASA SUL,BRASILIA,DF,"Banca Palacio do Desenvolvimento, Asa Norte, Brasilia, DF","Banca Palacio do Desenvolvimento, Asa Norte, Brasilia, DF",-15.83033,-47.93057,-15.79111,-47.87962,-15.79118,-47.87956,,,,,2023.0,2023.0,,SGT-**86,,,Não,10,BRASILIA
TAXIGOV_DF_3,1360597,Advocacia-Geral da União,46,DIRETA,DPOFC/SGA/AGU,,CONCLUÍDA,Transporte de documentos / materiais,,5.82,6.378,22.58,2024-07-10 15:56:58.803,2024-07-10 15:57:12.947,2024-07-10 16:06:00.273,2024-07-10 16:10:11.227,2024-07-10 16:24:05.530,,SIG QUADRA 6,CRUZEIRO,BRASILIA,DF,"Ministerio da Economia - Bloco K, Brasilia, DF","Ministerio da Economia - Bloco K, Brasilia, DF",-15.79254,-47.91306,-15.79474,-47.87379,-15.79486,-47.87372,,,,,2023.0,2023.0,,SGR-**14,,,Não,10,BRASILIA
TAXIGOV_DF_ENTIDADES,1360596,Fundação Oswaldo Cruz,315,INDIRETA,NEVS/FIOCRUZ-BSB,,CONCLUÍDA,Reunião,,23.08,23.415,85.4,2024-07-10 15:56:15.960,2024-07-10 15:56:26.640,2024-07-10 16:01:24.507,2024-07-10 16:02:26.157,2024-07-10 16:29:36.817,,Q 12,SOBRADINHO,BRASILIA,DF,"Hospital Universitario de Brasilia - Emergencia, Asa Norte, Brasilia, DF","Hospital Universitario de Brasilia - Emergencia, Asa Norte, Brasilia, DF",-15.64827,-47.79261,-15.77171,-47.87302,-15.77175,-47.87295,,,,SIENA,2019.0,2020.0,BRANCA,PBY-**80,,,Sim,10,BRASILIA
TAXIGOV_DF_ENTIDADES,1360570,Conselho Administrativo de Defesa Econômica,322,INDIRETA,CGP/CADE,,CONCLUÍDA,Reunião,,5.87,5.39,21.72,2024-07-10 15:47:21.273,2024-07-10 15:47:34.583,2024-07-10 15:54:21.093,2024-07-10 15:55:02.780,2024-07-10 16:07:37.457,,BRASILIA SHOPPING,ASA NORTE,BRASILIA,DF,"Conselho Administrativo de Defesa Economica (CADE), SEPN 515 Conj. D Lote 4, ASA NORTE, BRASILIA, DF","Conselho Administrativo de Defesa Economica (CADE), SEPN 515 Conj. D Lote 4, ASA NORTE, BRASILIA, DF",-15.78665,-47.88926,-15.7423,-47.8975,-15.74242,-47.89711,,,,VOYAGE,2021.0,2022.0,BRANCA,RMO-**95,,,Não,10,BRASILIA
TAXIGOV_DF_3,1360566,Presidência da República,26,DIRETA,SNPS/SG/PR,,CONCLUÍDA,Reunião,,5.08,2.574,19.71,2024-07-10 15:45:42.123,2024-07-10 15:45:50.723,2024-07-10 15:54:44.873,2024-07-10 15:54:58.317,2024-07-10 16:03:41.930,,EIXO MONUMENTAL,,BRASILIA,DF,"Organizacao Mundial da Saude, SEN, Asa Norte, Brasilia, DF","Organizacao Mundial da Saude, SEN, Asa Norte, Brasilia, DF",-15.79859,-47.87243,-15.78274,-47.86835,-15.78299,-47.86837,,,,,2022.0,2023.0,,SGO-**86,,,Não,10,BRASILIA
TAXIGOV_DF_3,1360563,Ministério da Saúde,304,DIRETA,CPROJ/SESAI,,CONCLUÍDA,Reunião,,5.72,4.171,22.19,2024-07-10 15:44:12.850,2024-07-10 15:45:05.860,2024-07-10 15:45:13.543,2024-07-10 15:46:11.770,2024-07-10 15:56:07.793,,SEN,ASA NORTE,BRASILIA,DF,"PO 700, SRTVN, Asa Norte, Brasilia, DF","PO 700, SRTVN, Asa Norte, Brasilia, DF",-15.78274,-47.86835,-15.78456,-47.88949,-15.78426,-47.89046,,,,,2019.0,2019.0,,PBP-**59,,,Não,10,BRASILIA
TAXIGOV_DF_ENTIDADES,1360562,Instituto de Pesquisa Econômica Aplicada,7,INDIRETA,BIBLI/IPEA,,CONCLUÍDA,Reunião,,11.94,10.065,43.94,2024-07-10 15:43:48.307,2024-07-10 15:44:01.960,2024-07-10 15:56:49.357,2024-07-10 15:57:00.930,2024-07-10 16:16:45.700,,"VIA W4 SUL, 702",ASA SUL,BRASÍLIA,DF,"SIA CANTEIRO CENTRAL VIA IA 2 TRECHO 2 TCHECA 2, 1220 - BRASÍLIA / DF","SIA CANTEIRO CENTRAL VIA IA 2 TRECHO 2 TCHECA 2, 1220 - BRASÍLIA / DF",-15.79976,-47.89655,-15.80326,-47.96253,-15.80338,-47.96247,,,,SPIN,2019.0,2020.0,BRANCA,PBR-**94,,,Sim,10,BRASÍLIA
TAXIGOV_DF_3,1360560,Presidência da República,26,DIRETA,SNDSAPP/SG/PR,,CONCLUÍDA,Reunião,,5.07,5.177,19.67,2024-07-10 15:43:05.947,2024-07-10 15:45:20.860,2024-07-10 15:52:04.770,2024-07-10 15:52:16.993,2024-07-10 16:03:52.577,,"PRESIDENCIA DA REPUBLICA - ANEXO I, BRASILIA",ZONA CIVICOADMINISTRATIVA,BRASILIA,DF,"EBC Brasilia, Asa Sul, Brasilia, Distrito Federal","EBC Brasilia, Asa Sul, Brasilia, Distrito Federal",-15.79944,-47.85939,-15.79621,-47.89253,-15.79664,-47.89299,,,,,2022.0,2023.0,,SGQ-**06,,,Não,10,BRASILIA
TAXIGOV_DF_3,1360559,Ministério da Justiça e Segurança Pública,235881,DIRETA,SRPRF-DF/PRF,704.0,CONCLUÍDA,Reunião,,12.84,12.841,49.82,2024-07-10 15:42:36.280,2024-07-10 15:43:29.903,2024-07-10 15:51:28.177,2024-07-10 15:52:09.623,2024-07-10 16:03:12.807,,SOF CONJUNTO E,PLANALTINA,PLANALTINA,DF,"BR-020, km 37,6 norte - Policia Rodoviaria Federal, Brasilia, DF","BR-020, km 37,6 norte - Policia Rodoviaria Federal, Brasilia, DF",-15.60693,-47.64343,-15.58189,-47.53472,-15.58207,-47.53574,,,,,,,,SSL-**34,,,Sim,10,PLANALTINA
TAXIGOV_DF_3,1360551,Ministério da Saúde,304,DIRETA,DAPSI,,CONCLUÍDA,Reunião,,7.61,3.743,29.53,2024-07-10 15:39:36.390,2024-07-10 15:39:44.877,2024-07-10 15:41:12.783,2024-07-10 15:42:41.147,2024-07-10 15:57:10.897,,"PO 700, SRTVN",ASA NORTE,BRASILIA,DF,"Memorial dos Povos Indigenas, Brasilia, Distrito Federal","EMI BLOCO A, ASA SUL, BRASILIA - DF, BRASIL",-15.78456,-47.88949,-15.78492,-47.91138,-15.79868,-47.87322,,,,,2021.0,2022.0,,RTG-**03,,,Não,10,BRASILIA
TAXIGOV_DF_3,1360547,Ministério das Relações Exteriores,263,DIRETA,SPTC/SG/MRE,,CONCLUÍDA,Reunião,,22.15,22.276,85.94,2024-07-10 15:39:05.073,2024-07-10 15:39:15.730,2024-07-10 15:48:45.397,2024-07-10 15:55:46.817,2024-07-10 16:27:24.430,,85,,BRASÍLIA,DF,3 - BRASÍLIA / DF,"SMPW QUADRA 23 CONJUNTO 3, PARK WAY, NUCLEO BANDEIRANTE - DF, 71745-303, BRASIL",-15.80135,-47.86819,-15.89233,-47.9186,-15.89004,-47.92,,,,,2022.0,2023.0,,SGO-**30,,,Sim,10,BRASÍLIA
TAXIGOV_DF_ENTIDADES,1360543,Fundação Universidade de Brasília,470,INDIRETA,USG,16205.0,CONCLUÍDA,Transporte de documentos / materiais,,7.83,5.116,30.07,2024-07-10 15:37:44.427,2024-07-10 15:37:50.477,2024-07-10 15:38:01.903,2024-07-10 15:39:16.363,2024-07-10 15:56:20.300,,"HOSPITAL DE BASE,",PA 4,BRASILIA,DF,"HOSPITAL HUB, - PA 15","HOSPITAL HUB, - PA 15",-15.80015,-47.88879,-15.77154,-47.87384,-15.77098,-47.87464,,,,HB20S,2019.0,20.0,PRATA,PBY-**66,,,Não,10,BRASILIA
TAXIGOV_DF_3,1360540,Ministério da Justiça e Segurança Pública,235881,DIRETA,SE/MJSP,,CONCLUÍDA,Reunião,,42.79,38.978,166.03,2024-07-10 15:37:30.667,2024-07-10 15:38:50.290,2024-07-10 15:42:09.247,2024-07-10 15:43:40.197,2024-07-10 16:27:53.063,,ANEXO II - MINISTERIO DA JUSTICA,,BRASILIA,DF,"Forca Nacional, Brasilia, DF","Forca Nacional, Brasilia, DF",-15.79657,-47.866,-16.03473,-48.05833,-16.03477,-48.05835,,,,,2017.0,2017.0,,PAQ-**13,,,Sim,10,BRASILIA
TAXIGOV_DF_ENTIDADES,1360521,Instituto Nacional de Estudos e Pesquisas Educacionais Anísio Teixeira,249,INDIRETA,GAB/INEP,,CONCLUÍDA,Reunião,,6.1,5.625,22.51,2024-07-10 15:29:49.110,2024-07-10 15:30:48.803,2024-07-10 15:34:13.650,2024-07-10 15:35:01.700,2024-07-10 15:45:29.500,,INEP,,BRASILIA,DF,"Fundo Nacional de Desenvolvimento da Educacao, Sbs, 12, Asa Sul, Brasilia, Distrito Federal","Fundo Nacional de Desenvolvimento da Educacao, Sbs, 12, Asa Sul, Brasilia, Distrito Federal",-15.788,-47.91424,-15.80089,-47.88341,-15.80132,-47.88359,,,,CCROSS,2023.0,2024.0,PRATA,SGX-**62,,,Não,10,BRASILIA
TAXIGOV_DF_3,1360514,Ministério das Relações Exteriores,263,DIRETA,SGAD/SG/MRE,,CONCLUÍDA,Reunião,,5.98,5.555,23.2,2024-07-10 15:27:02.747,2024-07-10 15:27:31.713,2024-07-10 15:31:45.830,2024-07-10 15:34:42.787,2024-07-10 15:45:18.863,,BL CH,ASA NORTE,BRASILIA,DF,"BANCO DO BRASIL - ITAMARATY - Agencia 1503, Brasilia, Distrito Federal","BANCO DO BRASIL - ITAMARATY - Agencia 1503, Brasilia, Distrito Federal",-15.77292,-47.88403,-15.80101,-47.86792,-15.8004,-47.86812,,,,,2024.0,2024.0,,SSH-**32,,,Não,10,BRASILIA
TAXIGOV_DF_ENTIDADES,1360508,Agência Nacional de Transportes Aquaviários,54843,INDIRETA,SGE/ANTAQ,,CONCLUÍDA,Reunião,,8.88,8.837,32.86,2024-07-10 15:25:51.133,2024-07-10 15:26:01.047,2024-07-10 15:30:02.883,2024-07-10 15:31:21.933,2024-07-10 15:47:38.297,,CAMARA DOS DEPUTADOS ANEXO IV,ANEXO IV,BRASILIA,DF,"Agencia Nacional de Transportes Aquaviarios, Asa Norte, Brasilia, DF","Agencia Nacional de Transportes Aquaviarios, Asa Norte, Brasilia, DF",-15.80264,-47.86511,-15.74526,-47.89653,-15.74509,-47.89634,,,,VERSA,2024.0,2025.0,PRATA,SSL-**49,,,Não,10,BRASILIA
TAXIGOV_DF_ENTIDADES,1360504,Empresa de Tecnologia e Informações da Previdência,303,INDIRETA,MANUTENÇÃO/DATAPREV,,CONCLUÍDA,Reunião,,12.79,11.614,47.32,2024-07-10 15:24:53.640,2024-07-10 15:25:01.737,2024-07-10 15:31:40.883,2024-07-10 15:32:27.597,2024-07-10 15:53:42.673,,ITATIAIA ATACADISTA,ZONA INDUSTRIAL GUARA,BRASILIA,DF,"DATAPREV - Empresa de Tecnologia e Informacoes da Previdencia Social, Via L2 Sul, Asa Sul, Brasilia, DF","DATAPREV - Empresa de Tecnologia e Informacoes da Previdencia Social, Via L2 Sul, Asa Sul, Brasilia, DF",-15.8026,-47.95608,-15.80034,-47.87811,-15.80037,-47.87815,,,,VOYAGE,2019.0,2020.0,BRANCA,PBV-**53,,,Sim,10,BRASILIA
TAXIGOV_DF_3,1360492,Ministério da Defesa,41066,DIRETA,SEORI/MD,,CONCLUÍDA,Outros,,25.2,23.686,97.78,2024-07-10 15:18:08.950,2024-07-10 15:18:21.023,2024-07-10 15:23:17.613,2024-07-10 15:24:29.327,2024-07-10 15:56:59.930,,"EM BLOCO Q,",BRASILIA,BRASILIA,DF,"CLUBE ODONTOLOGICO ASSISTENCIA TECNICA, Brasilia, Distrito Federal","CLUBE ODONTOLOGICO ASSISTENCIA TECNICA, Brasilia, Distrito Federal",-15.79594,-47.86875,-15.83661,-48.05696,-15.83687,-48.05689,,,,,2018.0,2018.0,,PBM-**57,,,Sim,10,BRASILIA
TAXIGOV_DF_ENTIDADES,1360487,Instituto Nacional de Estudos e Pesquisas Educacionais Anísio Teixeira,249,INDIRETA,GAB/INEP,,CONCLUÍDA,Reunião,,7.93,8.74,29.26,2024-07-10 15:15:59.753,2024-07-10 15:16:05.690,2024-07-10 15:27:43.633,2024-07-10 15:27:48.290,2024-07-10 15:42:18.270,,"ANEXO ITAMARATY,",PA 1,BRASILIA,DF,"SIG QD 4 INEP, - SIG","SIG QD 4 INEP, - SIG",-15.81067,-47.87197,-15.78765,-47.91411,-15.78829,-47.91378,,,,CCROSS,2023.0,2023.0,PRATA,SGR-**14,,,Não,10,BRASILIA
TAXIGOV_DF_ENTIDADES,1360486,Fundação Universidade de Brasília,470,INDIRETA,USG,16205.0,CONCLUÍDA,Transporte de documentos / materiais,,6.59,6.855,25.31,2024-07-10 15:15:49.837,2024-07-10 15:17:15.673,2024-07-10 15:21:51.560,2024-07-10 15:22:41.310,2024-07-10 15:36:30.220,,HOSPITAL UNIVERSITÁRIO DE BRASÍLIA,ASA NORTE,BRASÍLIA,DF,HOSPITAL DE APOIO DE BRASÍLIA - BRASÍLIA / DF,HOSPITAL DE APOIO DE BRASÍLIA - BRASÍLIA / DF,-15.77091,-47.87361,-15.75856,-47.91536,-15.758,-47.91517,,,,HB20S,2019.0,20.0,PRATA,PBY-**66,,,Não,10,BRASÍLIA
TAXIGOV_DF_ENTIDADES,1360473,Fundação Oswaldo Cruz,315,INDIRETA,NEVS/FIOCRUZ-BSB,,CONCLUÍDA,Reunião,,29.7,29.546,109.89,2024-07-10 15:10:11.143,2024-07-10 15:11:32.847,2024-07-10 15:23:43.557,2024-07-10 15:35:00.133,2024-07-10 16:08:27.457,,HOSPITAL REGIONAL DE CEILANDIA,CEILANDIA SUL CEILANDIA,BRASILIA,DF,"Hospital Universitario de Brasilia - Emergencia, Asa Norte, Brasilia, Distrito Federal","Hospital Universitario de Brasilia - Emergencia, Asa Norte, Brasilia, Distrito Federal",-15.81533,-48.09638,-15.77171,-47.87302,-15.7718,-47.87289,,,,VOYAGE,2021.0,2022.0,BRANCA,RES-**93,,,Sim,10,BRASILIA
TAXIGOV_DF_ENTIDADES,1360470,Conselho Administrativo de Defesa Econômica,322,INDIRETA,CGP/CADE,,CONCLUÍDA,Reunião,,6.18,5.795,22.87,2024-07-10 15:08:29.640,2024-07-10 15:08:40.713,2024-07-10 15:20:43.910,2024-07-10 15:25:18.870,2024-07-10 15:35:49.947,,"CONSELHO ADMINISTRATIVO DE DEFESA ECONOMICA (CADE), SEPN 515 CONJ. D LOTE 4",ASA NORTE,BRASILIA,DF,"Correios - Brasilia Shopping, Asa Norte, Brasilia, Distrito Federal","Correios - Brasilia Shopping, Asa Norte, Brasilia, Distrito Federal",-15.7423,-47.8975,-15.78701,-47.88925,-15.78673,-47.88823,,,,VIRTUS,2022.0,2022.0,PRATA,SGQ-**29,,,Não,10,BRASILIA
TAXIGOV_DF_3,1360468,Ministério das Relações Exteriores,263,DIRETA,SGAD/SG/MRE,,CONCLUÍDA,Serviço externo / técnico,,10.59,7.455,41.09,2024-07-10 15:07:59.960,2024-07-10 15:08:07.943,2024-07-10 15:12:54.797,2024-07-10 15:12:57.987,2024-07-10 15:24:56.887,,VIA S2,ASA SUL,BRASILIA,DF,"BL B, Asa Sul, Brasilia, DF","BL B, Asa Sul, Brasilia, DF",-15.80205,-47.868,-15.83023,-47.91395,-15.8303,-47.91423,,,,,2023.0,2023.0,,SGS-**72,,,Sim,10,BRASILIA
TAXIGOV_DF_ENTIDADES,1360435,Instituto Nacional de Estudos e Pesquisas Educacionais Anísio Teixeira,249,INDIRETA,GAB/INEP,,CONCLUÍDA,Reunião,,6.11,5.757,22.55,2024-07-10 14:53:56.670,2024-07-10 14:56:24.833,2024-07-10 15:01:28.560,2024-07-10 15:02:26.217,2024-07-10 15:14:33.443,,"SIG QD. 4, LT. 327",CRUZEIRO,BRASILIA,DF,"Ministerio das Relacoes Exteriores   Anexo I, Eixo Monumental, Brasilia, DF","Ministerio das Relacoes Exteriores   Anexo I, Eixo Monumental, Brasilia, DF",-15.78816,-47.91414,-15.80123,-47.86757,-15.80182,-47.86757,,,,CCROSS,2023.0,2023.0,PRATA,SGR-**14,,,Não,10,BRASILIA
TAXIGOV_DF_3,1360417,Presidência da República,26,DIRETA,DITEC/SA/CC/PR,,CONCLUÍDA,Outros,,12.16,14.671,47.18,2024-07-10 14:47:46.810,2024-07-10 14:48:55.367,2024-07-10 14:57:01.653,2024-07-10 14:58:11.197,2024-07-10 15:09:37.590,,RESIDENCIA OFICIAL DA GRANJA DO TORTO,ZONA INDUSTRIAL,BRASILIA,DF,"Restaurante, Presidencia da Republica, ZONA CIVICOADMINISTRATIVA, BRASILIA, DF","VIA N. DOIS LESTE, ASA NORTE, BRASILIA - DF, BRASIL",-15.70542,-47.90573,-15.79885,-47.85897,-15.79759,-47.85867,,,,,2023.0,2024.0,,SGX-**62,,,Sim,10,BRASILIA
TAXIGOV_DF_ENTIDADES,1360411,Fundação Universidade de Brasília,470,INDIRETA,DAC,,CONCLUÍDA,Reunião,,38.67,31.524,142.31,2024-07-10 14:45:20.570,2024-07-10 14:45:55.683,2024-07-10 14:46:02.503,2024-07-10 14:46:31.227,2024-07-10 15:23:49.393,,UNIVERSIDADE DE BRASILIA - CAMPUS CEILANDIA,CEILANDIA SUL CEILANDIA,BRASILIA,DF,"Restaurante Universitario - RU, UNB Area 1, Brasilia, DF","Restaurante Universitario - RU, UNB Area 1, Brasilia, DF",-15.84408,-48.1016,-15.76424,-47.87044,-15.76387,-47.87069,,,,COROLLA,2022.0,23.0,PRATA,RET-**85,,,Sim,10,BRASILIA
TAXIGOV_DF_ENTIDADES,1360393,Instituto Brasileiro do Meio Ambiente e dos Recursos Naturais Renováveis,1812,INDIRETA,PREVFOGO/IBAMA,,CONCLUÍDA,Outros,,17.65,19.572,65.3,2024-07-10 14:39:40.367,2024-07-10 14:39:52.220,2024-07-10 14:44:55.113,2024-07-10 14:53:42.387,2024-07-10 15:24:46.403,,IBAMA INSTITUTO BRASILEIRO DO MEIO AMBIENTE E DOS RECURSOS NATURAIS RENOVÁVEIS,ED. SEDE,BRASÍLIA,DF,NARA MITSUBISHI - BRASÍLIA / DF,NARA MITSUBISHI - BRASÍLIA / DF,-15.76773,-47.86204,-15.80634,-47.96328,-15.80594,-47.96268,,,,COROLLA,2023.0,2024.0,PRETA,SSF-**67,,,Sim,10,BRASÍLIA
TAXIGOV_DF_3,1360368,Presidência da República,26,DIRETA,DGES/GSI/PR,,CONCLUÍDA,Transporte de documentos / materiais,,9.85,9.857,38.22,2024-07-10 14:31:49.157,2024-07-10 14:31:57.280,2024-07-10 14:32:09.860,2024-07-10 15:22:44.177,2024-07-10 15:38:46.667,,"QG DO EXERCITO,",PA 32,BRASILIA,DF,"ANEXO PALACIO PLANALTO, - PA 1","ANEXO PALACIO PLANALTO, - PA 1",-15.77233,-47.91702,-15.79924,-47.85909,-15.79982,-47.8597,,,,,2018.0,2019.0,,PBO-**89,,,Não,10,BRASILIA
TAXIGOV_DF_3,1360356,Ministério da Saúde,304,DIRETA,GAB/SVS,,CONCLUÍDA,Reunião,,7.44,4.909,28.87,2024-07-10 14:24:33.113,2024-07-10 14:24:48.593,2024-07-10 14:30:09.890,2024-07-10 14:31:16.117,2024-07-10 14:48:43.620,,"SRTVN, 701",ASA NORTE,BRASILIA,DF,"Anexo do Ministerio da Saude, Eixo Monumental, G, Brasilia, DF","Anexo do Ministerio da Saude, Eixo Monumental, G, Brasilia, DF",-15.78407,-47.89045,-15.80181,-47.86856,-15.80178,-47.86848,,,,,2022.0,2023.0,,SGO-**74,,,Não,10,BRASILIA
TAXIGOV_DF_3,1360322,Presidência da República,26,DIRETA,COENGE/DIENP/SA/CC/PR,,CONCLUÍDA,Serviço externo / técnico,,5.52,4.898,21.42,2024-07-10 14:15:32.797,2024-07-10 14:20:40.513,2024-07-10 14:29:27.877,2024-07-10 14:31:45.353,2024-07-10 14:44:24.937,,COENGE - COORDENACAO DE ENGENHARIA,,BRASILIA,DF,"Palacio da Alvorada, Via Palacio Presidencial, Brasilia, DF","SPP, ASA NORTE, BRASILIA - DF, 70150-000, BRASIL",-15.79659,-47.85874,-15.79262,-47.82213,-15.79403,-47.8262,,,,,,,,REL-**24,,,Não,10,BRASILIA
TAXIGOV_DF_3,1360319,Ministério da Saúde,304,DIRETA,DECIT,,CONCLUÍDA,Reunião,,8.64,8.728,33.52,2024-07-10 14:14:58.990,2024-07-10 14:15:10.120,2024-07-10 14:20:13.280,2024-07-10 14:21:05.620,2024-07-10 14:35:36.187,,"PO 700, SRTVN QUADRA 03",ASA NORTE,BRASILIA,DF,"Centro Internacional de Convencoes do Brasil, SCES Trecho 2, Asa Sul, Brasilia, Distrito Federal","Centro Internacional de Convencoes do Brasil, SCES Trecho 2, Asa Sul, Brasilia, Distrito Federal",-15.78354,-47.8903,-15.81569,-47.84475,-15.81617,-47.84529,,,,,2018.0,2018.0,,QOB-**36,,,Não,10,BRASILIA
TAXIGOV_DF_ENTIDADES,1360310,Fundação Universidade de Brasília,470,INDIRETA,DGP/DSQVT,,CONCLUÍDA,Reunião,,61.05,27.916,224.66,2024-07-10 14:12:29.283,2024-07-10 14:12:39.370,2024-07-10 14:14:34.447,2024-07-10 14:17:35.147,2024-07-10 15:14:29.720,,"BRASILIA - DF, 70833-520, BRASIL",BRASILIA,BRASILIA,DF,"Fazenda Agua Limpa - UnB, Brasilia, DF","SETOR EXPERIMENTAL UNB, LAGO SUL - DF, BRASIL",-15.76463,-47.86851,-15.94063,-47.94067,-15.94935,-47.93524,,,,COROLLA CROSS,2023.0,2024.0,PRATA,SGS-**04,,,Sim,10,BRASILIA
TAXIGOV_DF_ENTIDADES,1360283,Fundação Universidade de Brasília,470,INDIRETA,DIVGP,16205.0,CONCLUÍDA,Reunião,,5.89,6.266,22.62,2024-07-10 14:04:13.570,2024-07-10 14:04:25.610,2024-07-10 14:08:51.503,2024-07-10 14:09:16.473,2024-07-10 14:19:18.390,,"FORO TRABALHISTA DE BRASILIA, SEPN, 513",ASA NORTE,BRASILIA,DF,"HUB Hospital Universitario de Brasilia - Pediatria, Asa Norte, Brasilia, Distrito Federal","SGAN 604, ASA NORTE, BRASILIA - DF, 70830-150, BRASIL",-15.7495,-47.89527,-15.77182,-47.87393,-15.77289,-47.87426,,,,CITY,2022.0,2022.0,PRATA,REU-**12,,,Não,10,BRASILIA
TAXIGOV_DF_3,1360276,Ministério da Saúde,304,DIRETA,DATASUS,,CONCLUÍDA,Reunião,,32.74,32.944,127.03,2024-07-10 14:02:54.383,2024-07-10 14:03:01.923,2024-07-10 14:04:45.237,2024-07-10 14:05:06.043,2024-07-10 14:45:02.437,,"SRTVN, 701",ASA NORTE,BRASILIA,DF,"CASAI Brasilia, Brasilia, DF","CASAI Brasilia, Brasilia, DF",-15.78407,-47.89045,-15.74319,-47.71326,-15.74317,-47.71378,,,,,2023.0,2024.0,,SGW-**21,,,Sim,10,BRASILIA
TAXIGOV_DF_3,1360258,Presidência da República,26,DIRETA,DGES/GSI/PR,,CONCLUÍDA,Transporte de documentos / materiais,,10.07,9.422,39.07,2024-07-10 13:56:37.910,2024-07-10 13:59:53.340,2024-07-10 14:05:23.410,2024-07-10 14:06:26.047,2024-07-10 14:28:15.790,,BRASILIA,BRASILIA,BRASILIA,DF,"QGEx Portaria Norte, Brasilia, DF","QGEx Portaria Norte, Brasilia, DF",-15.79944,-47.85939,-15.77236,-47.91702,-15.77214,-47.91671,,,,,2018.0,2019.0,,PBO-**89,,,Sim,10,BRASILIA
TAXIGOV_DF_3,1360254,Ministério do Desenvolvimento Agrário e Agricultura Familiar,308794,DIRETA,CGLOG / SPOA / SE / MDA,,CONCLUÍDA,Reunião,,13.72,12.972,53.23,2024-07-10 13:55:04.833,2024-07-10 14:01:23.170,2024-07-10 14:07:19.527,2024-07-10 14:10:13.303,2024-07-10 14:35:03.303,,MINISTERIO DA AGRICULTURA E PECUARIA,,BRASILIA,DF,"Enagro - Escola Nacional de Gestao Agropecuaria, Brasilia, Distrito Federal","SIA, SIA, GUARA - DF, 71205-060, BRASIL",-15.79954,-47.87093,-15.80316,-47.94975,-15.80213,-47.9502,,,,,2023.0,2024.0,,SSG-**88,,,Sim,10,BRASILIA
TAXIGOV_DF_3,1360248,Ministério da Educação,244,DIRETA,SECADI,,CONCLUÍDA,Reunião,,8.16,9.56,31.66,2024-07-10 13:53:47.490,2024-07-10 13:54:45.260,2024-07-10 13:57:28.710,2024-07-10 13:59:35.077,2024-07-10 14:13:29.193,,"MINISTERIO DA EDUCACAO (MEC), ESPLANADA DOS MINISTERIOS, BL. L",ZONA CIVICOADMINISTRATIVA,BRASILIA,DF,"Escola Nacional de Administracao Publica - Enap, Asa Sul, Brasilia, Distrito Federal","Escola Nacional de Administracao Publica - Enap, Asa Sul, Brasilia, Distrito Federal",-15.7949,-47.87322,-15.83033,-47.93057,-15.83081,-47.93082,,,,,2023.0,2024.0,,SGV-**61,,,Não,10,BRASILIA
TAXIGOV_DF_3,1360214,Ministério da Saúde,304,DIRETA,DECOOP,,CONCLUÍDA,Reunião,,12.02,10.701,46.64,2024-07-10 13:43:20.143,2024-07-10 13:44:17.910,2024-07-10 13:50:33.420,2024-07-10 13:53:08.100,2024-07-10 14:10:53.233,,EMI BLOCO F,ASA SUL,BRASILIA,DF,"Escola Nacional de Administracao Publica - Enap, Asa Sul, Brasilia, DF","Escola Nacional de Administracao Publica - Enap, Asa Sul, Brasilia, DF",-15.80079,-47.86919,-15.83033,-47.93057,-15.83027,-47.9313,,,,,2017.0,2017.0,,PAQ-**13,,,Sim,10,BRASILIA
TAXIGOV_DF_3,1360191,Ministério da Saúde,304,DIRETA,DECOOP,,CONCLUÍDA,Reunião,,13.17,10.724,51.1,2024-07-10 13:36:28.243,2024-07-10 13:37:38.593,2024-07-10 13:41:40.863,2024-07-10 13:42:13.030,2024-07-10 13:58:08.543,,MINISTERIO DA SAUDE - BLOCO G,,BRASILIA,DF,"Escola Nacional de Administracao Publica - Enap, Asa Sul, Brasilia, Distrito Federal","Escola Nacional de Administracao Publica - Enap, Asa Sul, Brasilia, Distrito Federal",-15.80024,-47.86838,-15.83033,-47.93057,-15.83025,-47.93131,,,,,2023.0,2023.0,,SGV-**21,,,Sim,10,BRASILIA
TAXIGOV_DF_3,1360189,Ministério da Saúde,304,DIRETA,DECOOP,,CONCLUÍDA,Reunião,,12.97,10.444,50.32,2024-07-10 13:36:23.270,2024-07-10 13:36:31.113,2024-07-10 13:37:29.923,2024-07-10 13:42:42.217,2024-07-10 13:57:03.860,,"MINISTERIO DA SAUDE (MS), ESPLANADA DOS MINISTERIOS, BL. G",ZONA CIVICOADMINISTRATIVA,BRASILIA,DF,"Escola Nacional de Administracao Publica - Enap, Asa Sul, Brasilia, Distrito Federal","Escola Nacional de Administracao Publica - Enap, Asa Sul, Brasilia, Distrito Federal",-15.80055,-47.86855,-15.83033,-47.93057,-15.83136,-47.93084,,,,,2022.0,2023.0,,SGR-**08,,,Sim,10,BRASILIA
TAXIGOV_DF_ENTIDADES,1360187,Fundo Nacional de Desenvolvimento da Educação,253,INDIRETA,COGID/FNDE,,CONCLUÍDA,Reunião,,10.01,9.82,37.04,2024-07-10 13:34:31.603,2024-07-10 13:34:40.170,2024-07-10 13:37:53.073,2024-07-10 13:42:56.767,2024-07-10 13:59:04.090,,"SBS QD. 2, BL. F",BRASILIA,BRASILIA,DF,"Mec - Fnde Deposito / Arquivo, SAAN Quadra 1, Brasilia, DF","Mec - Fnde Deposito / Arquivo, SAAN Quadra 1, Brasilia, DF",-15.80104,-47.88336,-15.7674,-47.93933,-15.76741,-47.93919,5.0,,,SPIN ACT,2022.0,2023.0,PRATA,SGR-**00,,,Sim,10,BRASILIA
TAXIGOV_DF_3,1360181,Ministério da Saúde,304,DIRETA,SECNS/CNS/MS,,CONCLUÍDA,Reunião,,7.42,7.543,28.79,2024-07-10 13:32:02.353,2024-07-10 13:32:37.747,2024-07-10 13:36:27.090,2024-07-10 13:38:43.550,2024-07-10 13:57:51.550,,CLN 315 BLOCO A,BRASILIA,BRASILIA,DF,"Organizacao Mundial da Saude, SEN, Asa Norte, Brasilia, DF","Organizacao Mundial da Saude, SEN, Asa Norte, Brasilia, DF",-15.74363,-47.89436,-15.78274,-47.86835,-15.78298,-47.86832,,,,,2022.0,2023.0,,SGP-**69,,,Não,10,BRASILIA
TAXIGOV_DF_3,1360177,Ministério das Comunicações,264359,DIRETA,GSTEL/MCOM,,CONCLUÍDA,Reunião,,80.62,80.935,312.81,2024-07-10 13:31:09.543,2024-07-10 13:31:18.290,2024-07-10 13:39:13.567,2024-07-10 13:41:42.813,2024-07-10 14:44:49.457,,"LA  PALMA, AVENIDA CIRCULAR, 220",FORMOSINHA,FORMOSA,GO,"Ministerio das Comunicacoes, Brasilia, Distrito Federal","Ministerio das Comunicacoes, Brasilia, Distrito Federal",-15.55437,-47.32139,-15.79688,-47.86721,-15.79687,-47.86711,,,,,2018.0,2018.0,,PBJ-**32,,,Sim,10,FORMOSA
TAXIGOV_DF_3,1360151,Ministério das Relações Exteriores,263,DIRETA,SGAD/SG/MRE,,CONCLUÍDA,Reunião,,6.64,4.7,25.76,2024-07-10 13:21:20.203,2024-07-10 13:22:58.350,2024-07-10 13:26:18.907,2024-07-10 13:27:56.513,2024-07-10 13:40:49.953,,BANCO DO BRASIL - ITAMARATY - AGENCIA 1503,,BRASILIA,DF,"SQN 106 Bl. E, Asa Norte, Brasilia, Distrito Federal","SQN 304, ASA NORTE, BRASILIA - DF, 70736-010, BRASIL",-15.80101,-47.86792,-15.77024,-47.88358,-15.77666,-47.88478,,,,,2024.0,2024.0,,SSH-**60,,,Não,10,BRASILIA
TAXIGOV_DF_3,1360150,Ministério da Saúde,304,DIRETA,GAB/SAPS,,CONCLUÍDA,Reunião,,5.04,5.305,19.56,2024-07-10 13:21:12.987,2024-07-10 13:26:48.500,2024-07-10 13:26:54.160,2024-07-10 13:29:01.697,2024-07-10 13:36:24.580,,"MINISTERIO DA SAUDE (MS), ESPLANADA DOS MINISTERIOS, BL. G",ZONA CIVICOADMINISTRATIVA,BRASILIA,DF,"Instituto Serzedello Correa, SCES Trecho 3 Polo 8, 4, Brasilia, Distrito Federal","Instituto Serzedello Correa, SCES Trecho 3 Polo 8, 4, Brasilia, Distrito Federal",-15.80055,-47.86855,-15.80607,-47.84357,-15.80608,-47.84302,,,,,2017.0,2017.0,,PAQ-**13,,,Não,10,BRASILIA
TAXIGOV_DF_3,1360128,Presidência da República,26,DIRETA,SNJ/SG/PR,,CONCLUÍDA,Reunião,,13.84,11.319,53.7,2024-07-10 13:13:49.150,2024-07-10 13:16:07.813,2024-07-10 13:20:32.187,2024-07-10 13:21:19.677,2024-07-10 13:34:37.913,,ESCOLA NACIONAL DE ADMINISTRACAO PUBLICA - ENAP,ASA SUL,BRASILIA,DF,"Anexo I (Palacio do Planalto   Presidencia da Republica), Praca dos Tres Poderes, Brasilia, Distrito Federal","Anexo I (Palacio do Planalto   Presidencia da Republica), Praca dos Tres Poderes, Brasilia, Distrito Federal",-15.83033,-47.93057,-15.79955,-47.85925,-15.79978,-47.8593,,,,,2024.0,2024.0,,SSH-**13,,,Sim,10,BRASILIA
TAXIGOV_DF_3,1360102,Ministério da Saúde,304,DIRETA,DECOOP,,CONCLUÍDA,Reunião,,11.75,10.666,45.59,2024-07-10 13:04:37.630,2024-07-10 13:04:47.377,2024-07-10 13:07:20.007,2024-07-10 13:10:09.293,2024-07-10 13:25:27.740,,"MINISTERIO DA SAUDE (MS), ESPLANADA DOS MINISTERIOS, BL. G",ZONA CIVICOADMINISTRATIVA,BRASILIA,DF,"Escola Nacional de Administracao Publica - Enap, Asa Sul, Brasilia, Distrito Federal","Escola Nacional de Administracao Publica - Enap, Asa Sul, Brasilia, Distrito Federal",-15.80055,-47.86855,-15.83033,-47.93057,-15.83025,-47.93133,,,,,2023.0,2023.0,,SGT-**00,,,Sim,10,BRASILIA
TAXIGOV_DF_ENTIDADES,1360073,Fundação Oswaldo Cruz,315,INDIRETA,NEVS/FIOCRUZ-BSB,,CONCLUÍDA,Reunião,,32.32,32.207,119.58,2024-07-10 12:49:14.230,2024-07-10 12:49:20.560,2024-07-10 12:49:41.167,2024-07-10 12:55:07.947,2024-07-10 13:27:00.333,,"QR 308 CONJUNTO 11, CASA 11",SAMAMBAIA SUL SAMAMBAIA,BRASILIA,DF,"HOSPITAL HUB, - PA 15","HOSPITAL HUB, - PA 15",-15.8773,-48.07482,-15.77154,-47.87384,-15.77175,-47.87294,,,,COROLLA,2024.0,2024.0,PRATA,SSH-**37,,,Sim,10,BRASILIA
TAXIGOV_DF_3,1360069,Ministério da Saúde,304,DIRETA,DAPSI,,CONCLUÍDA,Reunião,,7.11,5.121,27.59,2024-07-10 12:47:12.783,2024-07-10 12:49:43.133,2024-07-10 12:54:59.717,2024-07-10 12:55:24.150,2024-07-10 13:07:30.760,,FUNDACAO OSWALDO CRUZ - DISTRITO FEDERAL,,BRASILIA,DF,"PO 700, SRTVN, Asa Norte, Brasilia, Distrito Federal","PO 700, SRTVN, Asa Norte, Brasilia, Distrito Federal",-15.77097,-47.87113,-15.78456,-47.88949,-15.78413,-47.89047,,,,,2021.0,2021.0,,REN-**75,,,Não,10,BRASILIA
TAXIGOV_DF_3,1360068,Ministério da Saúde,304,DIRETA,DGCI,,CONCLUÍDA,Reunião,,5.97,5.123,23.16,2024-07-10 12:47:04.780,2024-07-10 12:49:54.220,2024-07-10 12:56:10.723,2024-07-10 12:56:49.520,2024-07-10 13:08:40.550,,FUNDACAO OSWALDO CRUZ - DISTRITO FEDERAL,,BRASILIA,DF,"PO 700, SRTVN, Asa Norte, Brasilia, DF","VIA W. CINCO NORTE, ASA NORTE, BRASILIA - DF, 70790-010, BRASIL",-15.77097,-47.87113,-15.78456,-47.88949,-15.78401,-47.89068,,,,,2023.0,2024.0,,SSF-**10,,,Não,10,BRASILIA
TAXIGOV_DF_ENTIDADES,1360067,Fundação Oswaldo Cruz,315,INDIRETA,NEVS/FIOCRUZ-BSB,,CONCLUÍDA,Reunião,,22.42,22.628,82.95,2024-07-10 12:47:02.627,2024-07-10 12:47:17.287,2024-07-10 12:50:30.990,2024-07-10 12:51:44.393,2024-07-10 13:13:32.633,,HOSPITAL UNIVERSITARIO DE BRASILIA - EMERGENCIA,ASA NORTE,BRASILIA,DF,"Hospital Regional de Sobradinho, Q 12, Brasilia, Distrito Federal","RUA CINCO, SOBRADINHO - DF, 73010-508, BRASIL",-15.77171,-47.87302,-15.64827,-47.79261,-15.6494,-47.79285,,,,VIRTUS,2024.0,2024.0,BRANCA,SSH-**20,,,Sim,10,BRASILIA
TAXIGOV_DF_3,1360046,Ministério da Saúde,304,DIRETA,CGSB/DESF/SAPS/MS,,CONCLUÍDA,Reunião,,5.44,5.022,21.11,2024-07-10 12:37:22.270,2024-07-10 12:40:14.477,2024-07-10 12:45:30.107,2024-07-10 12:45:51.837,2024-07-10 12:54:08.383,,FUNDACAO OSWALDO CRUZ - DISTRITO FEDERAL,,BRASILIA,DF,"Ministerio da Saude - Anexo B, Esplanada dos Ministerios, ZONA CIVICOADMINISTRATIVA, BRASILIA, DF","Ministerio da Saude - Anexo B, Esplanada dos Ministerios, ZONA CIVICOADMINISTRATIVA, BRASILIA, DF",-15.77097,-47.87113,-15.802,-47.86917,-15.80163,-47.86923,,,,,2019.0,2019.0,,PBP-**59,,,Não,10,BRASILIA
TAXIGOV_DF_ENTIDADES,1360039,Fundação Oswaldo Cruz,315,INDIRETA,NEVS/FIOCRUZ-BSB,,CONCLUÍDA,Reunião,,32.25,30.751,119.33,2024-07-10 12:34:25.613,2024-07-10 12:34:42.387,2024-07-10 12:39:47.690,2024-07-10 12:41:50.183,2024-07-10 13:17:12.993,,HOSPITAL UNIVERSITARIO DE BRASILIA - EMERGENCIA,ASA NORTE,BRASILIA,DF,"Hospital Regional de Ceilandia, Brasilia, Distrito Federal","Hospital Regional de Ceilandia, Brasilia, Distrito Federal",-15.77171,-47.87302,-15.81533,-48.09638,-15.816,-48.09645,,,,COROLLA,2023.0,2023.0,BRANCA,SGT-**48,,,Sim,10,BRASILIA
TAXIGOV_DF_3,1360038,Ministério da Saúde,304,DIRETA,DPNI,,CONCLUÍDA,Reunião,,6.58,5.507,25.53,2024-07-10 12:33:57.723,2024-07-10 12:34:08.790,2024-07-10 12:41:32.953,2024-07-10 12:43:41.437,2024-07-10 12:55:40.407,,FUNDACAO OSWALDO CRUZ - DISTRITO FEDERAL,,BRASILIA,DF,"Edificio PO 700, Via W 5 Norte, Asa Norte, Brasilia, Distrito Federal","Edificio PO 700, Via W 5 Norte, Asa Norte, Brasilia, Distrito Federal",-15.77097,-47.87113,-15.78364,-47.89034,-15.78444,-47.89047,,,,,2019.0,20.0,,PBY-**66,,,Não,10,BRASILIA
TAXIGOV_DF_3,1360027,Ministério da Saúde,304,DIRETA,GAB/SGTES,,CONCLUÍDA,Reunião,,15.14,15.101,58.74,2024-07-10 12:26:02.080,2024-07-10 12:26:12.090,2024-07-10 12:35:34.060,2024-07-10 12:36:23.197,2024-07-10 12:56:01.763,,"AER. INTERNACIONAL DE BRASILIA, S/N",SETOR DE HABITACOES INDIVIDUAIS SUL,LAGO SUL,DF,"PO700 - Ministerio da Saude, SRTVN, 701, Asa Norte, Brasilia, DF","PO700 - Ministerio da Saude, SRTVN, 701, Asa Norte, Brasilia, DF",-15.87019,-47.9204,-15.78407,-47.89045,-15.78414,-47.89044,,,,,2024.0,2024.0,,SSL-**29,,,Sim,10,LAGO SUL
TAXIGOV_DF_3,1360022,Presidência da República,26,DIRETA,SNPS/SG/PR,,CONCLUÍDA,Reunião,,5.05,5.139,19.59,2024-07-10 12:24:12.437,2024-07-10 12:24:26.220,2024-07-10 12:30:23.240,2024-07-10 12:30:50.657,2024-07-10 12:38:18.997,,SEN,ASA NORTE,BRASILIA,DF,"Presidencia da Republica - Anexo I, Brasilia, Brasilia, Brasilia, DF","Presidencia da Republica - Anexo I, Brasilia, Brasilia, Brasilia, DF",-15.78274,-47.86835,-15.79944,-47.85939,-15.79974,-47.85934,,,,,2021.0,2022.0,,RET-**80,,,Não,10,BRASILIA
TAXIGOV_DF_ENTIDADES,1360020,Agência Nacional de Transportes Aquaviários,54843,INDIRETA,SGE/ANTAQ,,CONCLUÍDA,Reunião,,9.78,9.699,36.19,2024-07-10 12:22:57.143,2024-07-10 14:20:13.220,2024-07-10 14:26:07.183,2024-07-10 14:31:03.503,2024-07-10 14:45:51.540,,AGENCIA NACIONAL DE TRANSPORTES AQUAVIARIOS,ASA NORTE,BRASILIA,DF,"Camara dos Deputados Anexo IV, Anexo IV, Brasilia, DF","Camara dos Deputados Anexo IV, Anexo IV, Brasilia, DF",-15.74526,-47.89653,-15.80264,-47.86511,-15.80202,-47.86515,,,,COROLLA,2019.0,2020.0,PRETA,PBV-**72,,,Não,10,BRASILIA
TAXIGOV_DF_ENTIDADES,1360006,Banco Central do Brasil,89,INDIRETA,DEMAP/INFRA,,CONCLUÍDA,Reunião,,5.9,4.851,22.07,2024-07-10 12:15:21.967,2024-07-10 12:30:33.937,2024-07-10 12:36:39.163,2024-07-10 12:37:15.733,2024-07-10 12:45:48.787,,SCES TRECHO 2,PA 4,BRASILIA,DF,"Banco Central do Brasil (BCB), SBS Qd. 3 Bl. B, Brasilia, Brasilia, DF","Banco Central do Brasil (BCB), SBS Qd. 3 Bl. B, Brasilia, Brasilia, DF",-15.81722,-47.86786,-15.80308,-47.88529,-15.80345,-47.88503,,,,VIRTUS,2024.0,2024.0,PRETA,SSI-**69,,,Não,10,BRASILIA
TAXIGOV_DF_3,1359993,Presidência da República,26,DIRETA,SNJ/SG/PR,,CONCLUÍDA,Reunião,,11.51,11.57,44.66,2024-07-10 12:10:35.843,2024-07-10 12:11:00.423,2024-07-10 12:20:09.960,2024-07-10 12:20:28.123,2024-07-10 12:36:50.167,,"SPO. 15,",BRASILIA,BRASILIA,DF,"Arco do Anexo do Palacio do Planalto, Via N1, Brasilia, Distrito Federal","Arco do Anexo do Palacio do Planalto, Via N1, Brasilia, Distrito Federal",-15.83052,-47.93145,-15.79967,-47.85931,-15.79979,-47.8597,,,,,2018.0,2019.0,,PBK-**34,,,Sim,10,BRASILIA
TAXIGOV_DF_ENTIDADES,1359983,Agência Espacial Brasileira,4243,INDIRETA,DPEI/AEB,,CONCLUÍDA,Reunião,,24.83,23.585,92.12,2024-07-10 12:07:11.420,2024-07-10 12:47:46.390,2024-07-10 13:03:28.473,2024-07-10 13:16:02.370,2024-07-10 13:45:04.343,,"DF-001, KM 27",JARDIM BOTANICO,BRASILIA,DF,"AEB Agencia Espacial Brasileira, Brasilia, DF","AEB Agencia Espacial Brasileira, Brasilia, DF",-15.86728,-47.82376,-15.81587,-47.94311,-15.81586,-47.94311,,,,SIENA,2018.0,2019.0,PRATA,PBO-**89,,,Sim,10,BRASILIA
TAXIGOV_DF_3,1359980,Ministério das Relações Exteriores,263,DIRETA,SGAD/SG/MRE,,CONCLUÍDA,Reunião,,10.14,10.09,39.34,2024-07-10 12:06:02.513,2024-07-10 12:06:26.290,2024-07-10 12:12:01.020,2024-07-10 12:12:05.850,2024-07-10 12:28:48.410,,SAAN QUADRA 1,SAAN,BRASILIA,DF,"Ministerio das Relacoes Exteriores   Anexo I, Eixo Monumental, Brasilia, DF","Ministerio das Relacoes Exteriores   Anexo I, Eixo Monumental, Brasilia, DF",-15.76826,-47.93901,-15.80123,-47.86757,-15.80129,-47.86753,,,,,2018.0,2019.0,,PBN-**94,,,Sim,10,BRASILIA
TAXIGOV_DF_ENTIDADES,1359955,Fundação Nacional do Índio,173,INDIRETA,SETEP/FUNAI,,CONCLUÍDA,Reunião,,24.88,25.115,88.32,2024-07-10 11:58:27.953,2024-07-10 11:58:39.897,2024-07-10 12:03:21.370,2024-07-10 12:03:38.323,2024-07-10 12:25:20.280,,EDIFICIO PARQUE CIDADE CORPORATE,ASA SUL,BRASILIA,DF,"Centro de Formacao em Politica Indigenista - FUNAI, Q 2 Q 3, Sobradinho, Brasilia, DF","Centro de Formacao em Politica Indigenista - FUNAI, Q 2 Q 3, Sobradinho, Brasilia, DF",-15.7951,-47.89345,-15.65223,-47.81456,-15.65231,-47.81411,,,,SPIN,2023.0,2023.0,BRANCA,SGS-**72,,,Sim,10,BRASILIA
TAXIGOV_DF_ENTIDADES,1359940,Fundação Oswaldo Cruz,315,INDIRETA,NEVS/FIOCRUZ-BSB,,CONCLUÍDA,Reunião,,10.7,5.833,39.59,2024-07-10 11:51:15.630,2024-07-10 11:51:21.510,2024-07-10 11:51:39.060,2024-07-10 11:51:47.013,2024-07-10 12:15:44.547,,"TAGUATINGA SUL, QNC 13 LOTE 01 CASA 2",PA 36,BRASILIA,DF,SAMAMBAIA NORTE QR 401 CONJUNTO 13 CASA 25,"QUADRA QR 401 CONJUNTO 2, QDR401 CJ 13 LT24, SAMAMBAIA - DF, 72319-013, BRASIL",-15.84079,-48.10105,,,-15.87061,-48.09457,,,,COROLLA,2024.0,2024.0,PRATA,SSH-**37,,,Sim,10,BRASILIA
TAXIGOV_DF_ENTIDADES,1359931,Empresa de Tecnologia e Informações da Previdência,303,INDIRETA,SGDF/DATAPREV,,CONCLUÍDA,Reunião,,12.83,11.633,47.47,2024-07-10 11:45:31.917,2024-07-10 11:45:42.953,2024-07-10 11:54:23.427,2024-07-10 11:55:11.033,2024-07-10 12:14:55.190,,ITATIAIA ATACADISTA,ZONA INDUSTRIAL GUARA,BRASILIA,DF,"DATAPREV - Empresa de Tecnologia e Informacoes da Previdencia Social, Via L2 Sul, Asa Sul, Brasilia, DF","DATAPREV - Empresa de Tecnologia e Informacoes da Previdencia Social, Via L2 Sul, Asa Sul, Brasilia, DF",-15.8026,-47.95608,-15.80034,-47.87811,-15.8002,-47.87812,,,,ONIX,2022.0,2023.0,BRANCA,SGO-**28,,,Sim,10,BRASILIA
TAXIGOV_DF_3,1359929,Ministério das Relações Exteriores,263,DIRETA,ABC/SPECE/MRE,,CONCLUÍDA,Transporte de documentos / materiais,,5.92,6.102,22.97,2024-07-10 11:45:07.247,2024-07-10 11:46:55.747,2024-07-10 11:50:19.680,2024-07-10 11:50:25.967,2024-07-10 11:57:18.950,,"CASA DA ONU - COMPLEXO SERGIO VIEIRA DE MELLO, SEN",ASA NORTE,BRASILIA,DF,"Agencia Brasileira de Cooperacao, SAFS Qd. 2 Lt. 2 Bl. B, ZONA CIVICOADMINISTRATIVA, BRASILIA, DF","Agencia Brasileira de Cooperacao, SAFS Qd. 2 Lt. 2 Bl. B, ZONA CIVICOADMINISTRATIVA, BRASILIA, DF",-15.78163,-47.86534,-15.80409,-47.86801,-15.80424,-47.86801,,,,,2021.0,2022.0,,REQ-**58,,,Não,10,BRASILIA
TAXIGOV_DF_ENTIDADES,1359879,Instituto Brasileiro do Meio Ambiente e dos Recursos Naturais Renováveis,1812,INDIRETA,DAI/IBAMA,,CONCLUÍDA,Reunião,,5.54,5.637,20.5,2024-07-10 11:28:32.693,2024-07-10 11:31:07.487,2024-07-10 11:34:00.867,2024-07-10 11:35:36.877,2024-07-10 11:45:16.783,,"ANEXO I DO MINISTERIO DAS RELACOES EXTERIORES, ESPLANADA DOS MINISTERIOS, BLOCO H",ZONA CIVICOADMINISTRATIVA,BRASILIA,DF,"Ibama, Brasilia, Brasilia, DF","Ibama, Brasilia, Brasilia, DF",-15.80129,-47.8677,-15.76718,-47.86158,-15.76754,-47.8614,,,,COROLLA,2024.0,2024.0,PRATA,SSH-**27,,,Não,10,BRASILIA
TAXIGOV_DF_ENTIDADES,1359872,Agência Nacional de Vigilância Sanitária,36687,INDIRETA,AINTE/ANVISA,,CONCLUÍDA,Reunião,,13.34,13.456,46.96,2024-07-10 11:25:56.620,2024-07-10 11:26:06.710,2024-07-10 11:30:22.747,2024-07-10 11:30:56.477,2024-07-10 11:50:43.483,,"MINISTERIO DA SAUDE (MS), ESPLANADA DOS MINISTERIOS, BL. G",ZONA CIVICOADMINISTRATIVA,BRASILIA,DF,"ANVISA Agencia Nacional de Vigilancia Sanitaria - Sede, Brasilia, Distrito Federal","ANVISA Agencia Nacional de Vigilancia Sanitaria - Sede, Brasilia, Distrito Federal",-15.80055,-47.86855,-15.79912,-47.95372,-15.79944,-47.95363,,,,VIRTUS,2023.0,2023.0,BRANCA,SGT-**86,,,Sim,10,BRASILIA
TAXIGOV_DF_3,1359870,Ministério do Turismo,72084,DIRETA,CGCE/GM,,CONCLUÍDA,Reunião,,5.1,4.949,19.79,2024-07-10 11:25:51.507,2024-07-10 11:26:11.010,2024-07-10 11:31:07.663,2024-07-10 11:31:37.080,2024-07-10 11:38:55.047,,BRASILIA PALACE HOTEL,ASA NORTE,BRASILIA,DF,"Ministerio do Turismo, n bl U, Brasilia, DF","Ministerio do Turismo, n bl U, Brasilia, DF",-15.78832,-47.83075,-15.79689,-47.86823,-15.79678,-47.86789,,,,,2023.0,2023.0,,SGR-**55,,,Não,10,BRASILIA
TAXIGOV_DF_3,1359862,Ministério das Relações Exteriores,263,DIRETA,ABC/SPECE/MRE,,CONCLUÍDA,Transporte de documentos / materiais,,6.46,5.446,25.06,2024-07-10 11:22:37.813,2024-07-10 11:22:51.973,2024-07-10 11:29:00.790,2024-07-10 11:29:06.887,2024-07-10 11:36:16.830,,"AGENCIA BRASILEIRA DE COOPERACAO, SAFS QD. 2 LT. 2 BL. B",ZONA CIVICOADMINISTRATIVA,BRASILIA,DF,"Casa da ONU - Complexo Sergio Vieira de Mello, SEN, Asa Norte, Brasilia, Distrito Federal","Casa da ONU - Complexo Sergio Vieira de Mello, SEN, Asa Norte, Brasilia, Distrito Federal",-15.80409,-47.86801,-15.78163,-47.86534,-15.78173,-47.8652,,,,,2021.0,2022.0,,REQ-**58,,,Não,10,BRASILIA
TAXIGOV_DF_ENTIDADES,1359856,Fundação Oswaldo Cruz,315,INDIRETA,NEVS/FIOCRUZ-BSB,,CONCLUÍDA,Reunião,,9.61,6.277,35.56,2024-07-10 11:20:40.213,2024-07-10 11:20:57.877,2024-07-10 11:21:17.670,2024-07-10 11:21:33.923,2024-07-10 11:45:42.920,,"TAGUATINGA SUL, QS 11 CONJUNTO A",PA 36,BRASILIA,DF,TAGUATINGA SUL QNC 13 LOTE 01 CASA 2,"QNC 13, QDNC13 LT1 CS 01, SETOR C NORTE, TAGUATINGA - DF, 77320-000, BRASIL",-15.84079,-48.10105,,,-15.82565,-48.06533,,,,COROLLA,2024.0,2024.0,PRATA,SSH-**37,,,Não,10,BRASILIA
TAXIGOV_DF_ENTIDADES,1359851,Fundação Universidade de Brasília,470,INDIRETA,IH,,CONCLUÍDA,Reunião,,26.72,27.244,98.33,2024-07-10 11:20:16.743,2024-07-10 11:20:22.780,2024-07-10 12:06:52.850,2024-07-10 12:07:18.280,2024-07-10 12:38:32.543,,"QNA 32, LOTE 2 CASA 2",TAGUATINGA NORTE TAGUATINGA,BRASILIA,DF,"214 NORTE, - PA 17","SQN 214 BLOCO E, BLOCO E, ASA NORTE, BRASILIA - DF, 70873-050, BRASIL",-15.82315,-48.0602,-15.74374,-47.88639,-15.74343,-47.88799,,,,COROLLA,2019.0,2020.0,PRETA,PBV-**72,,,Sim,10,BRASILIA
TAXIGOV_DF_3,1359829,Presidência da República,26,DIRETA,SPP/SECOM/PR,,CONCLUÍDA,Reunião,,16.86,14.969,65.42,2024-07-10 11:11:59.367,2024-07-10 11:13:48.777,2024-07-10 11:25:03.027,2024-07-10 11:25:59.067,2024-07-10 11:41:39.720,,AEROPORTO INTERNACIONAL DE BRASILIA - PRESIDENTE JUSCELINO KUBITSCHEK,,BRASILIA,DF,"Ministerio dos Transportes - Anexo A e B, Eixo Monumental, Brasilia, Distrito Federal","Ministerio dos Transportes - Anexo A e B, Eixo Monumental, Brasilia, Distrito Federal",-15.87069,-47.91935,-15.79543,-47.86689,-15.79534,-47.86701,,,,,2018.0,2018.0,,PBJ-**25,,,Sim,10,BRASILIA
TAXIGOV_DF_3,1359827,Ministério da Saúde,304,DIRETA,DAHU/SAES/MS,,CONCLUÍDA,Reunião,,5.65,4.918,21.92,2024-07-10 11:10:35.273,2024-07-10 11:10:47.460,2024-07-10 11:15:53.820,2024-07-10 11:18:39.010,2024-07-10 11:31:39.193,,PALACIO DO PLANALTO,,BRASILIA,DF,- ASA SUL - BRASILIA,- ASA SUL - BRASILIA,-15.79905,-47.86077,-15.7951,-47.89345,-15.79521,-47.89387,,,,,2024.0,2025.0,,SSL-**49,,,Não,10,BRASILIA
TAXIGOV_DF_ENTIDADES,1359805,Banco Central do Brasil,89,INDIRETA,DEINF/BACEN,,CONCLUÍDA,Reunião,,5.93,4.999,22.18,2024-07-10 11:03:25.403,2024-07-10 11:06:20.750,2024-07-10 11:10:41.777,2024-07-10 11:11:20.327,2024-07-10 11:21:04.900,,SCES TRECHO 2,PA 4,BRASILIA,DF,"Banco Central do Brasil (BCB), SBS Qd. 3 Bl. B, Brasilia, Brasilia, DF","Banco Central do Brasil (BCB), SBS Qd. 3 Bl. B, Brasilia, Brasilia, DF",-15.81722,-47.86786,-15.80308,-47.88529,-15.80324,-47.88463,,,,SPIN ACT,2022.0,2023.0,PRATA,SGR-**00,,,Não,10,BRASILIA
TAXIGOV_DF_ENTIDADES,1359778,Instituto Chico Mendes de Conservação da Biodiversidade,91842,INDIRETA,GABIN/ICMBIO,,CONCLUÍDA,Reunião,,9.12,9.541,32.38,2024-07-10 10:52:51.383,2024-07-10 10:53:08.767,2024-07-10 10:57:47.320,2024-07-10 10:58:14.600,2024-07-10 11:10:46.217,,PALACIO DO PLANALTO,,BRASILIA,DF,"Instituto Chico Mendes de Conservacao da Biodiversidade, Brasilia, DF","Instituto Chico Mendes de Conservacao da Biodiversidade, Brasilia, DF",-15.79905,-47.86077,-15.80329,-47.92629,-15.80319,-47.9263,,,,PRISMA,2017.0,2017.0,BRANCA,PAQ-**53,,,Não,10,BRASILIA
TAXIGOV_DF_3,1359777,Ministério da Justiça e Segurança Pública,235881,DIRETA,ASCOM/GM/MJSP,,CONCLUÍDA,Reunião,,17.98,12.053,69.76,2024-07-10 10:52:47.943,2024-07-10 12:52:32.860,2024-07-10 13:04:33.807,2024-07-10 13:05:05.523,2024-07-10 13:38:59.267,,"MINISTERIO DA JUSTICA E SEGURANCA PUBLICA (MJ), ESPLANADA DOS MINISTERIOS, BL. T",ZONA CIVICOADMINISTRATIVA,BRASILIA,DF,"CETOP Centro de Treinamento Operacional CBMDF, Estrada Setor Policial Militar, Asa Sul, Brasilia, Distrito Federal","SPO, ASA SUL, BRASILIA - DF, 70610-200, BRASIL",-15.79711,-47.86591,-15.83028,-47.92821,-15.83448,-47.93698,,,,,2024.0,2025.0,,SSJ-**86,,,Sim,10,BRASILIA
TAXIGOV_DF_3,1359767,Advocacia-Geral da União,46,DIRETA,GAB/PGF/AGU,,CONCLUÍDA,Reunião,,6.09,5.813,23.63,2024-07-10 10:48:29.163,2024-07-10 10:50:52.613,2024-07-10 10:58:55.063,2024-07-10 10:58:56.050,2024-07-10 11:10:49.973,,SIG QUADRA 6,CRUZEIRO,BRASILIA,DF,"Advocacia-Geral da Uniao, 6, Asa Sul, Brasilia, DF","Advocacia-Geral da Uniao, 6, Asa Sul, Brasilia, DF",-15.79215,-47.9124,-15.80231,-47.88046,-15.80268,-47.88071,,,,,2022.0,2023.0,,REU-**34,,,Não,10,BRASILIA
TAXIGOV_DF_3,1359746,Ministério do Turismo,72084,DIRETA,CGCE/GM,,CONCLUÍDA,Reunião,,6.78,0.033,26.31,2024-07-10 10:39:49.913,2024-07-10 10:41:38.427,2024-07-10 10:46:24.360,2024-07-10 10:50:21.533,2024-07-10 10:50:22.413,,N BL U,PA 2,BRASILIA,DF,"Brasilia Palace Hotel, Asa Norte, Brasilia, DF","EM BLOCO U, BLOCO U, ASA NORTE, BRASILIA - DF, BRASIL",-15.79689,-47.86823,-15.78832,-47.83075,-15.79668,-47.86788,,,,,2023.0,2024.0,,SGW-**21,,,Não,10,BRASILIA
TAXIGOV_DF_ENTIDADES,1359732,Agência Nacional de Vigilância Sanitária,36687,INDIRETA,AINTE/ANVISA,,CONCLUÍDA,Reunião,,12.63,11.859,44.46,2024-07-10 10:34:54.313,2024-07-10 10:35:02.130,2024-07-10 10:44:58.030,2024-07-10 10:45:39.463,2024-07-10 11:02:17.543,,"ANVISA AGENCIA NACIONAL DE VIGILANCIA SANITARIA - SEDE, 57",ZONA INDUSTRIAL GUARA,BRASILIA,DF,"Ministerio das Relacoes Exteriores   Anexo I, Eixo Monumental, Brasilia, Distrito Federal","Ministerio das Relacoes Exteriores   Anexo I, Eixo Monumental, Brasilia, Distrito Federal",-15.79912,-47.95372,-15.80123,-47.86757,-15.80092,-47.8681,,,,ONIX,2018.0,2018.0,PRATA,SGT-**90,,,Sim,10,BRASILIA
TAXIGOV_DF_3,1359731,Ministério das Comunicações,264359,DIRETA,CGCE/MCOM,,CONCLUÍDA,Reunião,,6.72,5.679,26.07,2024-07-10 10:34:13.030,2024-07-10 10:37:15.617,2024-07-10 10:42:30.907,2024-07-10 10:46:46.100,2024-07-10 10:56:52.910,,MINISTERIO DAS COMUNICACOES E DOS TRANSPORTES,PA 2,BRASILIA,DF,"Brasilia Palace Hotel, Asa Norte, Brasilia, Distrito Federal","Brasilia Palace Hotel, Asa Norte, Brasilia, Distrito Federal",-15.79691,-47.86715,-15.78832,-47.83075,-15.78836,-47.83071,,,,,2019.0,2019.0,,PBU-**76,,,Não,10,BRASILIA
TAXIGOV_DF_ENTIDADES,1359692,Fundação Oswaldo Cruz,315,INDIRETA,NEVS/FIOCRUZ-BSB,,CONCLUÍDA,Reunião,,26.07,24.756,96.46,2024-07-10 10:21:47.663,2024-07-10 10:22:03.363,2024-07-10 10:30:21.070,2024-07-10 10:38:05.573,2024-07-10 11:13:54.407,,"HOSPITAL UNIVERSITARIO DE BRASILIA, 604/605",ASA NORTE,BRASILIA,DF,"Qs 11 Conjunto A, Brasilia, DF","QS 11 CONJUNTO A, QDS9 CJA LT 14Q, VILA AREAL, TAGUATINGA - DF, 77320-000, BRASIL",-15.77091,-47.87361,-15.87254,-48.01772,-15.86835,-48.02067,,,,COROLLA,2024.0,2024.0,PRATA,SSH-**37,,,Sim,10,BRASILIA
TAXIGOV_DF_ENTIDADES,1359687,Fundação Universidade de Brasília,470,INDIRETA,IH,,CONCLUÍDA,Reunião,,15.17,13.784,55.83,2024-07-10 10:21:05.487,2024-07-10 10:21:12.163,2024-07-10 10:25:59.790,2024-07-10 10:26:27.623,2024-07-10 10:52:25.273,,"RECANTO DAS EMAS, UPA",PA 37,BRASILIA,DF,"QNA 32, LOTE 2 CASA 2 - TAGUATINGA NORTE TAGUATINGA","QNA 32, LOTE 2 CASA 2 - TAGUATINGA NORTE TAGUATINGA",-15.9208,-48.05281,-15.82315,-48.0602,-15.82274,-48.05998,,,,COROLLA,2019.0,2020.0,PRETA,PBV-**72,,,Sim,10,BRASILIA
TAXIGOV_DF_3,1359642,Presidência da República,26,DIRETA,DITEC/SA/CC/PR,,CONCLUÍDA,Serviço externo / técnico,,11.08,12.983,42.99,2024-07-10 10:09:05.387,2024-07-10 10:09:15.620,2024-07-10 10:16:40.890,2024-07-10 10:21:14.650,2024-07-10 10:35:20.240,,"RESTAURANTE, PRESIDENCIA DA REPUBLICA",ZONA CIVICOADMINISTRATIVA,BRASILIA,DF,"Residencia Oficial da Granja do Torto, Brasilia, Distrito Federal","PARQUE NACIONAL DE BRASILIA, BRASILIA - DF, 70636-000, BRASIL",-15.79885,-47.85897,-15.70542,-47.90573,-15.71194,-47.90069,,,,,2022.0,2023.0,,SGQ-**74,,,Sim,10,BRASILIA
TAXIGOV_DF_3,1359641,Presidência da República,26,DIRETA,SPP/SECOM/PR,,CONCLUÍDA,Reunião,,17.57,15.236,68.17,2024-07-10 10:09:02.863,2024-07-10 10:10:58.243,2024-07-10 10:12:42.253,2024-07-10 10:14:31.800,2024-07-10 10:36:36.810,,"MINISTERIO DOS TRANSPORTES - ANEXO A E B, EIXO MONUMENTAL",PA 2,BRASILIA,DF,"Aeroporto Internacional de Brasilia - Presidente Juscelino Kubitschek, Brasilia, Distrito Federal","ESTRADA PARQUE AEROPORTO, SETOR DE HABITACOES INDIVIDUAIS SUL, LAGO SUL - DF, 71608-900, BRASIL",-15.79543,-47.86689,-15.87069,-47.91935,-15.87037,-47.92164,,,,,,,,REU-**33,,,Sim,10,BRASILIA
TAXIGOV_DF_ENTIDADES,1359633,Instituto Brasileiro do Meio Ambiente e dos Recursos Naturais Renováveis,1812,INDIRETA,DAP/IBAMA,,CONCLUÍDA,Reunião,,5.66,5.602,20.94,2024-07-10 10:06:11.770,2024-07-10 10:08:11.890,2024-07-10 10:13:01.967,2024-07-10 10:13:26.653,2024-07-10 10:21:09.673,,"SENADO FEDERAL BLOCO DE APOIO IV, VIA N2",ASA SUL,BRASILIA,DF,"Ibama, Brasilia, Distrito Federal","IBAMA, ASA NORTE, BRASILIA - DF, BRASIL",-15.79776,-47.86341,-15.76624,-47.86238,-15.76751,-47.86142,,,,COROLLA,2024.0,2024.0,PRATA,SSH-**37,,,Não,10,BRASILIA
TAXIGOV_DF_ENTIDADES,1359620,Instituto Nacional de Colonização e Reforma Agrária,1799,INDIRETA,DAA-2/INCRA,,CONCLUÍDA,Reunião,,5.05,5.564,18.68,2024-07-10 10:02:29.933,2024-07-10 10:04:25.810,2024-07-10 10:09:22.487,2024-07-10 10:09:59.210,2024-07-10 10:20:59.010,,"INSTITUTO NACIONAL DE COLONIZACAO E REFORMA AGRARIA (INCRA), SBN QD. 1 BL. D",ASA NORTE,BRASILIA,DF,"Sgon Q 4, SGO Q 1 Ae, 1, Brasilia, Distrito Federal","SGO, 13, ASA NORTE, BRASILIA - DF, 70610-650, BRASIL",-15.79096,-47.8794,-15.77651,-47.91079,-15.77723,-47.91168,,,,KICKS,2023.0,2024.0,PRATA,SGV-**61,,,Não,10,BRASILIA
TAXIGOV_DF_ENTIDADES,1359616,Departamento Nacional de Infraestrutura de Transportes,54844,INDIRETA,DNIT/MINFRA,,CONCLUÍDA,Reunião,,5.57,4.734,20.72,2024-07-10 10:01:33.903,2024-07-10 10:01:48.053,2024-07-10 10:06:01.713,2024-07-10 10:10:33.983,2024-07-10 10:22:20.440,,SAN QD. 3 BL. A,ASA NORTE,BRASILIA,DF,"Sesc Estacao 504 Sul (DF), Asa Sul, Brasilia, DF","Sesc Estacao 504 Sul (DF), Asa Sul, Brasilia, DF",-15.79071,-47.87523,-15.8064,-47.89845,-15.80588,-47.89843,,,,KICKS,2022.0,2022.0,BRANCA,SGN-**25,,,Não,10,BRASILIA
TAXIGOV_DF_ENTIDADES,1359600,Instituto Nacional de Colonização e Reforma Agrária,1799,INDIRETA,DAA-2.2/INCRA,,CONCLUÍDA,Reunião,,5.3,5.989,19.61,2024-07-10 09:57:22.440,2024-07-10 09:57:32.570,2024-07-10 10:03:05.120,2024-07-10 10:03:15.330,2024-07-10 10:16:16.613,,SGO Q 1 AE,SETORES COMPLEMENTARES,BRASILIA,DF,"Instituto Nacional de Colonizacao e Reforma Agraria - Sede, Asa Norte, Brasilia, DF","Instituto Nacional de Colonizacao e Reforma Agraria - Sede, Asa Norte, Brasilia, DF",-15.77651,-47.91079,-15.79089,-47.87956,-15.79112,-47.8797,,,,COROLLA,2019.0,2019.0,PRETA,PBU-**76,,,Não,10,BRASILIA
TAXIGOV_DF_3,1359582,Ministério das Comunicações,264359,DIRETA,GSTEL/MCOM,,CONCLUÍDA,Reunião,,76.69,80.551,297.56,2024-07-10 09:52:40.307,2024-07-10 09:52:53.467,2024-07-10 10:00:48.363,2024-07-10 10:08:17.353,2024-07-10 11:10:15.760,,"MINISTERIO DA INFRAESTRUTURA - ANEXOS A E B, EIXO MONUMENTAL",,BRASILIA,DF,"R. 19, 1400, Rua 19, 1400, Formosinha, Formosa, Goias","AVENIDA BRASILIA, 1400B, FORMOSA - GO, 73813-010, BRASIL",-15.79521,-47.86691,-15.55999,-47.33055,-15.55221,-47.3266,,,,,2018.0,2018.0,,PBJ-**32,,,Sim,10,BRASILIA
TAXIGOV_DF_3,1359569,Advocacia-Geral da União,46,DIRETA,GAB/PGF/AGU,,CONCLUÍDA,Reunião,,6.34,6.144,24.6,2024-07-10 09:49:04.160,2024-07-10 09:53:57.410,2024-07-10 09:58:25.643,2024-07-10 09:59:05.007,2024-07-10 10:09:11.617,,"SAUS QD. 3, LT. 5/6",ASA SUL,BRASILIA,DF,"Advocacia-Geral da Uniao - Sede III, Brasilia, DF","Advocacia-Geral da Uniao - Sede III, Brasilia, DF",-15.80235,-47.88043,-15.79215,-47.9124,-15.7921,-47.9124,,,,,2024.0,2024.0,,SSH-**13,,,Não,10,BRASILIA
TAXIGOV_DF_ENTIDADES,1359567,Instituto Brasileiro do Meio Ambiente e dos Recursos Naturais Renováveis,1812,INDIRETA,DAI/IBAMA,,CONCLUÍDA,Reunião,,7.36,5.91,27.23,2024-07-10 09:48:49.043,2024-07-10 09:48:59.743,2024-07-10 09:55:58.660,2024-07-10 09:55:59.290,2024-07-10 10:06:13.963,,"IBAMA,",BRASILIA,BRASILIA,DF,"Ministerio da Saude - Bloco G, Brasilia, Distrito Federal","VIA S. DOIS OESTE, 13, ASA SUL, BRASILIA - DF, BRASIL",-15.76718,-47.86158,-15.80024,-47.86838,-15.80137,-47.86756,,,,CRONOS,2022.0,2022.0,PRATA,REU-**98,,,Não,10,BRASILIA
TAXIGOV_DF_ENTIDADES,1359542,Fundação Universidade de Brasília,470,INDIRETA,DAC,,CONCLUÍDA,Reunião,,37.07,32.475,136.42,2024-07-10 09:43:27.327,2024-07-10 09:43:38.597,2024-07-10 09:48:32.373,2024-07-10 09:50:42.430,2024-07-10 10:33:20.883,,UNB CAMPUS DARCY RIBEIRO,ASA NORTE,BRASILIA,DF,"Universidade de Brasilia - Campus Ceilandia, Brasilia, DF","Universidade de Brasilia - Campus Ceilandia, Brasilia, DF",-15.76433,-47.87036,-15.84408,-48.1016,-15.84381,-48.10147,,,,COROLLA,2022.0,23.0,PRATA,RET-**85,,,Sim,10,BRASILIA
TAXIGOV_DF_ENTIDADES,1359539,Empresa de Tecnologia e Informações da Previdência,303,INDIRETA,MANUTENÇÃO/DATAPREV,,CONCLUÍDA,Reunião,,12.61,12.235,46.66,2024-07-10 09:41:15.570,2024-07-10 09:42:25.193,2024-07-10 09:45:08.183,2024-07-10 09:46:09.127,2024-07-10 10:04:23.890,,VIA L2 SUL,ASA SUL,BRASILIA,DF,"Itatiaia Atacadista, Brasilia, DF","Itatiaia Atacadista, Brasilia, DF",-15.80034,-47.87811,-15.8026,-47.95608,-15.80252,-47.95603,,,,KICKS,2023.0,2023.0,PRATA,SGT-**97,,,Sim,10,BRASILIA
TAXIGOV_DF_ENTIDADES,1359537,Fundação Universidade de Brasília,470,INDIRETA,IH,,CONCLUÍDA,Reunião,,6.1,2.242,22.45,2024-07-10 09:40:58.860,2024-07-10 09:41:06.410,2024-07-10 09:41:16.657,2024-07-10 09:41:54.583,2024-07-10 09:55:12.730,,"RIACHO FUNDO 2, UPA",RIACHO FUNDO 2,BRASILIA,DF,"RECANTO DAS EMAS, UPA - PA 37","AVENIDA PONTE ALTA, RECANTO DAS EMAS - DF, 72630-218, BRASIL",-15.90384,-48.0716,-15.9208,-48.05281,-15.91124,-48.0575,,,,COROLLA,2019.0,2020.0,PRETA,PBV-**72,,,Não,10,BRASILIA
TAXIGOV_DF_3,1359528,Ministério do Desenvolvimento Agrário e Agricultura Familiar,308794,DIRETA,DECOOP / SEAB / MDA,,CONCLUÍDA,Reunião,,14.15,12.502,54.9,2024-07-10 09:39:53.080,2024-07-10 09:42:58.680,2024-07-10 09:49:05.483,2024-07-10 09:51:12.517,2024-07-10 10:19:53.757,,PALACIO DO DESENVOLVIMENTO,ASA NORTE,BRASILIA,DF,"Parque de Exposicoes da Granja do Torto, Pqeat, Brasilia, DF","PARQUE NACIONAL DE BRASILIA, BRASILIA - DF, 70635-800, BRASIL",-15.79075,-47.87953,-15.70583,-47.91437,-15.70343,-47.91339,,,,,2024.0,2025.0,,SSK-**24,,,Sim,10,BRASILIA
TAXIGOV_DF_3,1359511,Ministério da Saúde,304,DIRETA,GAB/SGTES,,CONCLUÍDA,Reunião,,14.65,14.725,56.84,2024-07-10 09:35:57.090,2024-07-10 09:36:08.940,2024-07-10 09:39:18.550,2024-07-10 09:40:38.020,2024-07-10 09:55:13.910,,SRTVN QUADRA 03,ASA NORTE,BRASILIA,DF,"Aeroporto Internacional de Brasilia - Presidente Juscelino Kubitschek, Brasilia, DF","ESTRADA PARQUE AEROPORTO, SETOR DE HABITACOES INDIVIDUAIS SUL, LAGO SUL - DF, 71608-000, BRASIL",-15.78354,-47.8903,-15.87069,-47.91935,-15.87042,-47.92149,,,,,2023.0,2023.0,,SGT-**48,,,Sim,10,BRASILIA
TAXIGOV_DF_3,1359495,Ministério das Relações Exteriores,263,DIRETA,SGAD/SG/MRE,,CONCLUÍDA,Reunião,,10.34,10.472,40.12,2024-07-10 09:31:10.797,2024-07-10 09:31:23.130,2024-07-10 09:33:50.183,2024-07-10 09:35:14.650,2024-07-10 09:48:38.690,,"ESPLANADA DOS MINISTERIOS, BLOCO H",ASA SUL,BRASILIA,DF,"Unitrans International, SAAN Quadra 1, SAAN, Brasilia, DF","Unitrans International, SAAN Quadra 1, SAAN, Brasilia, DF",-15.80129,-47.8677,-15.76826,-47.93901,-15.76797,-47.93902,,,,,2023.0,2024.0,,SGV-**13,,,Sim,10,BRASILIA
TAXIGOV_DF_ENTIDADES,1359478,Instituto Nacional de Estudos e Pesquisas Educacionais Anísio Teixeira,249,INDIRETA,GAB/INEP,,CONCLUÍDA,Reunião,,5.19,5.158,19.15,2024-07-10 09:25:24.307,2024-07-10 09:26:35.180,2024-07-10 09:32:08.177,2024-07-10 09:32:31.930,2024-07-10 09:49:52.640,,FUNDACAO ESCOLA SUPERIOR DO MINISTERIO PUBLICO DO DISTRITO FEDERAL E DOS TERRITORIOS,ASA SUL,BRASILIA,DF,"Instituto Nacional de Estudos e Pesquisas Educacionais, Brasilia, DF","Instituto Nacional de Estudos e Pesquisas Educacionais, Brasilia, DF",-15.80039,-47.89346,-15.788,-47.91424,-15.78777,-47.91437,,,,VIRTUS,2022.0,2022.0,PRATA,SGQ-**29,,,Não,10,BRASILIA
TAXIGOV_DF_ENTIDADES,1359474,Instituto Nacional de Colonização e Reforma Agrária,1799,INDIRETA,DAA-2.2/INCRA,,CONCLUÍDA,Reunião,,5.24,5.61,19.39,2024-07-10 09:24:48.847,2024-07-10 09:28:59.443,2024-07-10 09:36:03.280,2024-07-10 09:36:03.587,2024-07-10 09:47:42.373,,INSTITUTO NACIONAL DE COLONIZACAO E REFORMA AGRARIA - SEDE,ASA NORTE,BRASILIA,DF,"Sgon Q 4, SGO Q 1 Ae, 1, Brasilia, DF","SGO, 13, ASA NORTE, BRASILIA - DF, 70610-650, BRASIL",-15.79089,-47.87956,-15.77651,-47.91079,-15.7772,-47.9117,,,,KICKS,2023.0,2024.0,BRANCA,SGY-**29,,,Não,10,BRASILIA
TAXIGOV_DF_3,1359439,Ministério da Saúde,304,DIRETA,GAB/SGTES,,CONCLUÍDA,Reunião,,5.3,4.177,20.56,2024-07-10 09:15:23.863,2024-07-10 09:15:33.300,2024-07-10 09:19:17.597,2024-07-10 09:20:20.403,2024-07-10 09:33:44.420,,"PO 700, SRTVN",ASA NORTE,BRASILIA,DF,SEN - ASA NORTE - BRASILIA,SEN - ASA NORTE - BRASILIA,-15.78456,-47.88949,-15.78274,-47.86835,-15.78293,-47.86832,,,,,2017.0,2017.0,,PAQ-**13,,,Não,10,BRASILIA
TAXIGOV_DF_ENTIDADES,1359403,Fundação Nacional do Índio,173,INDIRETA,SETEP/FUNAI,,CONCLUÍDA,Reunião,,24.92,25.231,88.47,2024-07-10 09:03:48.250,2024-07-10 09:08:02.533,2024-07-10 09:30:20.860,2024-07-10 09:32:40.607,2024-07-10 09:58:55.420,,Q 2 Q 3,SOBRADINHO,BRASILIA,DF,"Edificio Parque Cidade Corporate, Asa Sul, Brasilia, DF","Edificio Parque Cidade Corporate, Asa Sul, Brasilia, DF",-15.65223,-47.81456,-15.7951,-47.89345,-15.79512,-47.89379,,,,ONIX ,2022.0,2023.0,PRATA,SGN-**94,,,Sim,10,BRASILIA
TAXIGOV_DF_3,1359382,Ministério das Relações Exteriores,263,DIRETA,SGAD/SG/MRE,,CONCLUÍDA,Serviço externo / técnico,,6.1,6.377,23.67,2024-07-10 08:56:18.737,2024-07-10 08:57:30.620,2024-07-10 09:07:11.703,2024-07-10 09:07:30.080,2024-07-10 09:21:43.653,,SQN 108 BLOCO A,ASA NORTE,BRASILIA,DF,"Ministerio da Saude - Bloco G, Brasilia, DF","Ministerio da Saude - Bloco G, Brasilia, DF",-15.76381,-47.88656,-15.80024,-47.86838,-15.80031,-47.86823,,,,,2023.0,2023.0,,SGT-**97,,,Não,10,BRASILIA
TAXIGOV_DF_3,1359369,Presidência da República,26,DIRETA,SNJ/SG/PR,,CONCLUÍDA,Reunião,,12.0,12.331,46.56,2024-07-10 08:51:04.707,2024-07-10 08:52:36.027,2024-07-10 08:56:24.397,2024-07-10 08:58:26.893,2024-07-10 09:14:39.973,,VIA N1,,BRASILIA,DF,"Escola Nacional de Administracao Publica - Enap, Asa Sul, Brasilia, DF","Escola Nacional de Administracao Publica - Enap, Asa Sul, Brasilia, DF",-15.79967,-47.85931,-15.83033,-47.93057,-15.83024,-47.93134,,,,,2023.0,2023.0,,SGT-**38,,,Sim,10,BRASILIA
TAXIGOV_DF_3,1359339,Ministério da Saúde,304,DIRETA,CGIAD,,CONCLUÍDA,Reunião,,5.08,0.001,19.71,2024-07-10 08:39:08.673,2024-07-10 08:44:43.447,2024-07-10 08:46:05.387,2024-07-10 08:46:07.830,2024-07-10 08:46:13.560,,MINISTERIO DA SAUDE - BLOCO G,,BRASILIA,DF,"Instituto Serzedello Correa, SCES Trecho 3 Polo 8, 4, Brasilia, DF","EMI BLOCO G, ASA SUL, BRASILIA - DF, 70058-900, BRASIL",-15.80024,-47.86838,-15.80607,-47.84357,-15.80029,-47.86826,,,,,2020.0,2021.0,,RFW-**64,,,Não,10,BRASILIA
TAXIGOV_DF_3,1359337,Ministério da Saúde,304,DIRETA,DGAP,,CONCLUÍDA,Reunião,,5.08,5.125,19.71,2024-07-10 08:37:21.663,2024-07-10 08:39:08.950,2024-07-10 08:40:18.663,2024-07-10 08:40:41.940,2024-07-10 08:47:17.863,,MINISTERIO DA SAUDE - BLOCO G,,BRASILIA,DF,"Instituto Serzedello Correa, SCES Trecho 3 Polo 8, 4, Brasilia, Distrito Federal","Instituto Serzedello Correa, SCES Trecho 3 Polo 8, 4, Brasilia, Distrito Federal",-15.80024,-47.86838,-15.80607,-47.84357,-15.80606,-47.84303,,,,,2019.0,2020.0,,EZA-**21,,,Não,10,BRASILIA
TAXIGOV_DF_ENTIDADES,1359317,Instituto Nacional de Colonização e Reforma Agrária,1799,INDIRETA,CAMARA DE CONCILIACAO AGRARIA,,CONCLUÍDA,Reunião,,5.08,5.07,18.8,2024-07-10 08:30:39.460,2024-07-10 08:30:49.120,2024-07-10 08:36:43.607,2024-07-10 08:37:36.420,2024-07-10 08:46:57.997,,SBN QD. 1 BL. D,BRASILIA,BRASILIA,DF,"Superintendencia Regional do Incra, SGO Q 1 Ae, Asa Norte, Brasilia, DF","Superintendencia Regional do Incra, SGO Q 1 Ae, Asa Norte, Brasilia, DF",-15.79096,-47.8794,-15.78032,-47.91313,-15.78029,-47.91286,,,,VIRTUS,2019.0,2019.0,PRETA,PBP-**59,,,Não,10,BRASILIA
TAXIGOV_DF_ENTIDADES,1359304,Fundação Universidade de Brasília,470,INDIRETA,DIVGP,16205.0,CONCLUÍDA,Reunião,,5.8,6.266,22.27,2024-07-10 08:23:38.387,2024-07-10 08:23:46.050,2024-07-10 08:28:51.270,2024-07-10 08:29:24.127,2024-07-10 08:37:56.170,,"VIA W3 NORTE,",BRASILIA,BRASILIA,DF,"HUB Hospital Universitario de Brasilia - Pediatria, Asa Norte, Brasilia, Distrito Federal","HUB Hospital Universitario de Brasilia - Pediatria, Asa Norte, Brasilia, Distrito Federal",-15.74959,-47.89519,-15.77182,-47.87393,-15.77278,-47.8743,,,,YARES,2022.0,2023.0,BRANCA,SGP-**69,,,Não,10,BRASILIA
TAXIGOV_DF_3,1359301,Ministério da Saúde,304,DIRETA,AISA/GM/MS,,CONCLUÍDA,Reunião,,6.06,5.552,23.51,2024-07-10 08:23:00.267,2024-07-10 08:23:09.990,2024-07-10 08:25:35.920,2024-07-10 08:26:28.223,2024-07-10 08:36:21.600,,"MINISTERIO DA SAUDE (MS), ESPLANADA DOS MINISTERIOS, BL. G",ZONA CIVICOADMINISTRATIVA,BRASILIA,DF,"Brasilia Palace Hotel, Asa Norte, Brasilia, Distrito Federal","Brasilia Palace Hotel, Asa Norte, Brasilia, Distrito Federal",-15.80055,-47.86855,-15.78832,-47.83075,-15.78844,-47.83097,,,,,2022.0,2022.0,,SGQ-**29,,,Não,10,BRASILIA
TAXIGOV_DF_ENTIDADES,1359295,Fundação Universidade de Brasília,470,INDIRETA,IH,,CONCLUÍDA,Reunião,,35.39,31.053,130.24,2024-07-10 08:17:35.877,2024-07-10 08:18:40.180,2024-07-10 08:27:06.520,2024-07-10 08:27:38.737,2024-07-10 09:07:25.757,,SQN 214 BL. E,BRASILIA,BRASILIA,DF,"UPA Riacho Fundo II, Brasilia, DF","UPA Riacho Fundo II, Brasilia, DF",-15.74315,-47.88827,-15.89994,-48.04013,-15.90006,-48.04027,,,,COROLLA,2019.0,2020.0,PRETA,PBV-**72,,,Sim,10,BRASILIA
TAXIGOV_DF_3,1359270,Ministério da Defesa,41066,DIRETA,SEORI/MD,,CONCLUÍDA,Reunião,,12.35,12.455,47.92,2024-07-10 08:01:17.100,2024-07-10 08:27:14.117,2024-07-10 08:32:13.857,2024-07-10 08:34:41.227,2024-07-10 08:49:45.823,,EIXO MONUMENTAL,PA 2,BRASILIA,DF,"Escola Superior de Defesa, DF-001, km 27, Jardim Botanico, Brasilia, DF","Escola Superior de Defesa, DF-001, km 27, Jardim Botanico, Brasilia, DF",-15.79605,-47.86885,-15.86728,-47.82376,-15.86704,-47.82301,,,,,2018.0,2019.0,,PBO-**89,,,Sim,10,BRASILIA
TAXIGOV_DF_ENTIDADES,1359251,Agência Espacial Brasileira,4243,INDIRETA,DPEI/AEB,,CONCLUÍDA,Reunião,,22.11,22.238,82.03,2024-07-10 07:33:21.497,2024-07-10 07:34:43.343,2024-07-10 07:44:51.043,2024-07-10 07:44:57.737,2024-07-10 08:08:29.237,,AEB AGENCIA ESPACIAL BRASILEIRA,SETOR POLICIAL SUL,BRASILIA,DF,"Escola Superior de Defesa, DF-001, km 27, Jardim Botanico, Brasilia, DF","ESAF, LAGO SUL - DF, BRASIL",-15.81587,-47.94311,-15.86728,-47.82376,-15.86738,-47.82202,,,,COROLLA,2024.0,2024.0,PRATA,SSH-**37,,,Sim,10,BRASILIA
TAXIGOV_DF_3,1359249,Ministério das Relações Exteriores,263,DIRETA,SGAD/SG/MRE,,CONCLUÍDA,Serviço externo / técnico,,6.22,6.172,24.13,2024-07-10 07:28:28.807,2024-07-10 07:28:34.587,2024-07-10 07:31:16.390,2024-07-10 07:34:07.223,2024-07-10 07:43:07.413,,VIA S2,ASA SUL,BRASILIA,DF,"BL H, Asa Norte, Brasilia, DF","BL H, Asa Norte, Brasilia, DF",-15.80205,-47.868,-15.76676,-47.88798,-15.76648,-47.88766,,,,,2024.0,2024.0,,SSK-**66,,,Não,10,BRASILIA
TAXIGOV_DF_3,1359220,Presidência da República,26,DIRETA,DITEC/SA/CC/PR,,CONCLUÍDA,Reunião,,47.71,32.28,185.11,2024-07-10 01:52:06.010,2024-07-10 02:18:13.630,2024-07-10 02:25:34.280,2024-07-10 02:33:13.363,2024-07-10 03:27:25.987,,ANEXO III DO PALACIO DO PLANALTO,ASA SUL,BRASILIA,DF,"QBR 2 BLOCO M, Santa Maria, Brasilia, Distrito Federal","QBR 2 BLOCO M, Santa Maria, Brasilia, Distrito Federal",-15.799,-47.85901,-15.9964,-47.99548,-15.9961,-47.99533,,,,,2022.0,2023.0,,REU-**34,,,Sim,10,BRASILIA
TAXIGOV_DF_3,1359216,Presidência da República,26,DIRETA,DCEV/GSI/PR,,CONCLUÍDA,Reunião,,21.32,20.649,82.72,2024-07-10 00:39:12.303,2024-07-10 00:39:23.100,2024-07-10 00:51:47.400,2024-07-10 00:51:49.213,2024-07-10 01:17:10.113,,BASE AEREA DE BRASILIA,,BRASILIA,DF,"Residencial You LifeStyle, Av. Jacaranda, SUL AGUAS CLARAS, BRASILIA, DF","Residencial You LifeStyle, Av. Jacaranda, SUL AGUAS CLARAS, BRASILIA, DF",-15.87127,-47.9087,-15.84689,-48.03184,-15.84642,-48.03198,,,,,2023.0,2024.0,,SGY-**09,,,Sim,10,BRASILIA
TAXIGOV_DF_3,1359208,Presidência da República,26,DIRETA,DCEV/GSI/PR,,CONCLUÍDA,Reunião,,32.21,30.658,124.97,2024-07-09 23:08:21.650,2024-07-09 23:09:18.633,2024-07-09 23:19:34.513,2024-07-09 23:21:55.063,2024-07-09 23:56:35.230,,BASE AEREA DE BRASILIA,,BRASILIA,DF,"Q 30, Brasilia, DF","SETOR LESTE QUADRA 30, QD30 CQ LT 72, GAMA - DF, 72460-300, BRASIL",-15.87127,-47.9087,-16.02698,-48.05184,-16.02836,-48.052,,,,,2017.0,2018.0,,QMT-**88,,,Sim,9,BRASILIA
TAXIGOV_DF_3,1359203,Presidência da República,26,DIRETA,DCEV/GSI/PR,,CONCLUÍDA,Reunião,,10.88,11.264,42.21,2024-07-09 23:05:55.227,2024-07-09 23:06:08.420,2024-07-09 23:15:42.760,2024-07-09 23:20:11.063,2024-07-09 23:33:21.240,,BASE AEREA DE BRASILIA,LAGO SUL,BRASILIA,DF,"SQS 414 Bloco C, SQS 414 Bl. C, Brasilia, Brasilia, DF","SQS 414 Bloco C, SQS 414 Bl. C, Brasilia, Brasilia, DF",-15.86698,-47.90518,-15.83324,-47.91549,-15.83304,-47.91564,,,,,2024.0,2024.0,,SSH-**60,,,Sim,9,BRASILIA
TAXIGOV_DF_3,1359196,Presidência da República,26,DIRETA,DCEV/GSI/PR,,CONCLUÍDA,Reunião,,14.02,14.048,54.4,2024-07-09 22:52:07.797,2024-07-09 22:53:10.737,2024-07-09 23:03:53.420,2024-07-09 23:09:21.767,2024-07-09 23:27:25.997,,SPP,ASA NORTE,BRASILIA,DF,"BL B1113, Cruzeiro Novo, Brasilia, DF","BL B1113, Cruzeiro Novo, Brasilia, DF",-15.79287,-47.82612,-15.79166,-47.9356,-15.79204,-47.93562,,,,,2018.0,2019.0,,PBK-**99,,,Sim,9,BRASILIA
TAXIGOV_DF_3,1359185,Presidência da República,26,DIRETA,GP/PR,,CONCLUÍDA,Reunião,,19.92,18.743,77.29,2024-07-09 22:31:19.533,2024-07-09 22:32:59.123,2024-07-09 22:46:55.143,2024-07-09 22:52:34.687,2024-07-09 23:14:57.027,,BASE AEREA DE BRASILIA,,BRASILIA,DF,"BL G, Asa Norte, Brasilia, DF","BL G, Asa Norte, Brasilia, DF",-15.87127,-47.9087,-15.7663,-47.88775,-15.76627,-47.88747,,,,,2023.0,2024.0,,SGY-**09,,,Sim,9,BRASILIA
TAXIGOV_DF_3,1359183,Presidência da República,26,DIRETA,COSAU/DIGEP/SA/CC/PR,,CONCLUÍDA,Reunião,,21.08,20.231,81.79,2024-07-09 22:08:52.293,2024-07-09 22:35:05.850,2024-07-09 22:46:24.797,2024-07-09 22:56:32.470,2024-07-09 23:22:35.457,,BASE AEREA DE BRASILIA,,BRASILIA,DF,"Residencial Vinicius Serrao, Avenida Flamboyant, 6, Brasilia, Distrito Federal","Residencial Vinicius Serrao, Avenida Flamboyant, 6, Brasilia, Distrito Federal",-15.87127,-47.9087,-15.83696,-48.02886,-15.83708,-48.02884,,,,,2019.0,2020.0,,LVE-**42,,,Sim,9,BRASILIA
TAXIGOV_DF_3,1359166,Presidência da República,26,DIRETA,DCEV/GSI/PR,,CONCLUÍDA,Reunião,,13.89,13.811,53.89,2024-07-09 20:45:30.983,2024-07-09 21:30:41.497,2024-07-09 21:42:46.830,2024-07-09 21:43:11.017,2024-07-09 21:59:50.153,,SHCES QUADRA 1113 BLOCO B,CRUZEIRO,BRASILIA,DF,"Palacio da Alvorada, Via Palacio Presidencial, Brasilia, DF","SPP, ASA NORTE, BRASILIA - DF, 70150-000, BRASIL",-15.7916,-47.93575,-15.79262,-47.82213,-15.79374,-47.82611,,,,,2023.0,2023.0,,SGV-**00,,,Sim,9,BRASILIA
TAXIGOV_DF_3,1359157,Presidência da República,26,DIRETA,GP/PR,,CONCLUÍDA,Reunião,,22.99,21.545,89.2,2024-07-09 20:24:06.830,2024-07-09 22:30:19.360,2024-07-09 22:41:39.443,2024-07-09 22:51:10.153,2024-07-09 23:16:00.870,,BASE AEREA DE BRASILIA,,BRASILIA,DF,"BL A, Asa Norte, Brasilia, Distrito Federal","BL A, Asa Norte, Brasilia, Distrito Federal",-15.87127,-47.9087,-15.73831,-47.8894,-15.73799,-47.8889,,,,,2017.0,2018.0,,PBB-**38,,,Sim,9,BRASILIA
TAXIGOV_DF_3,1359156,Presidência da República,26,DIRETA,DIARO/SA/SE/CC/PR,,CONCLUÍDA,Outros,,26.63,24.867,103.32,2024-07-09 20:21:43.640,2024-07-09 22:36:23.550,2024-07-09 22:52:10.407,2024-07-09 23:14:08.657,2024-07-09 23:41:11.793,,BASE AEREA DE BRASILIA,,BRASILIA,DF,"Condominio do Edificio Varandas do Lago Norte II, Brasilia, Distrito Federal","Condominio do Edificio Varandas do Lago Norte II, Brasilia, Distrito Federal",-15.87127,-47.9087,-15.71536,-47.88441,-15.71556,-47.88455,,,,,2020.0,2020.0,,REC-**41,,,Sim,9,BRASILIA
TAXIGOV_DF_3,1359136,Ministério da Saúde,304,DIRETA,DEGES/SGTES/MS,,CONCLUÍDA,Reunião,,6.78,5.13,26.31,2024-07-09 18:49:25.353,2024-07-09 18:59:41.030,2024-07-09 19:05:51.560,2024-07-09 19:08:54.953,2024-07-09 19:20:02.153,,FUNDACAO OSWALDO CRUZ - DISTRITO FEDERAL,,BRASILIA,DF,"PO700 - Ministerio da Saude, SRTVN, 701, Asa Norte, Brasilia, Distrito Federal","PO700 - Ministerio da Saude, SRTVN, 701, Asa Norte, Brasilia, Distrito Federal",-15.77097,-47.87113,-15.78407,-47.89045,-15.78421,-47.89045,,,,,2022.0,2022.0,,REU-**98,,,Não,9,BRASILIA
TAXIGOV_DF_ENTIDADES,1359130,Agência Nacional do Cinema,57682,INDIRETA,ESCRITÓRIO SEDE BSB,,CONCLUÍDA,Reunião,,18.7,15.487,69.0,2024-07-09 18:44:57.583,2024-07-09 18:47:06.030,2024-07-09 18:50:46.863,2024-07-09 18:50:53.597,2024-07-09 19:15:44.103,,CAMARA DOS DEPUTADOS,,BRASILIA,DF,"Aeroporto Internacional de Brasilia, Brasilia, Distrito Federal","ESTRADA PARQUE AEROPORTO, SETOR DE HABITACOES INDIVIDUAIS SUL, LAGO SUL - DF, 71608-000, BRASIL",-15.80006,-47.86436,-15.86974,-47.91723,-15.8694,-47.92148,,,,SIENA,2018.0,2019.0,BRANCA,PBK-**34,,,Sim,9,BRASILIA
TAXIGOV_DF_ENTIDADES,1359091,Fundo Nacional de Desenvolvimento da Educação,253,INDIRETA,CGDME,,CONCLUÍDA,Reunião,,6.09,3.677,22.53,2024-07-09 18:08:37.653,2024-07-09 18:08:50.407,2024-07-09 18:24:21.940,2024-07-09 18:31:44.117,2024-07-09 18:54:07.167,,CENTRO DE EVENTOS E CONVENÇÕES BRASIL 21,ASA SUL,BRASÍLIA,DF,17 - ASA SUL - BRASÍLIA / DF,"VIA AF5 SUL, ASA SUL, BRASILIA - DF, BRASIL",-15.79267,-47.89454,-15.80094,-47.8836,-15.80381,-47.87165,,,,COROLLA,2022.0,2023.0,PRATA,SGO-**74,,,Não,9,BRASÍLIA
TAXIGOV_DF_ENTIDADES,1359046,Fundação Oswaldo Cruz,315,INDIRETA,NUSMAD/FIOCRUZ-BSB,,CONCLUÍDA,Reunião,,62.31,53.841,230.55,2024-07-09 17:37:06.807,2024-07-09 17:37:15.433,2024-07-09 17:37:17.283,2024-07-09 17:37:23.490,2024-07-09 18:58:07.387,,QUADRA 1 CONJUNTO H,VEREDAS,BRASILIA,DF,"Centro de Saude n 15, Brasilia, DF","Centro de Saude n 15, Brasilia, DF",-15.67227,-48.20036,-15.79517,-47.84814,-15.79546,-47.84807,,,,KICKS,2023.0,2023.0,PRETA,SGT-**78,,,Sim,9,BRASILIA
TAXIGOV_DF_ENTIDADES,1359028,Fundação Oswaldo Cruz,315,INDIRETA,NEVS/FIOCRUZ-BSB,,CONCLUÍDA,Reunião,,6.84,6.878,25.31,2024-07-09 17:27:33.180,2024-07-09 18:02:42.450,2024-07-09 18:08:31.750,2024-07-09 18:15:02.860,2024-07-09 18:29:32.827,,HOSPITAL MATERNO INFANTIL DE BRASILIA,ASA SUL,BRASILIA,DF,"Hospital Universitario de Brasilia - Emergencia, Asa Norte, Brasilia, Distrito Federal","Hospital Universitario de Brasilia - Emergencia, Asa Norte, Brasilia, Distrito Federal",-15.82353,-47.89727,-15.77171,-47.87302,-15.77175,-47.87297,,,,COROLLA,2021.0,2022.0,PRETA,REQ-**58,,,Não,9,BRASILIA
TAXIGOV_DF_3,1359007,Ministério das Relações Exteriores,263,DIRETA,SGAD/SG/MRE,,CONCLUÍDA,Serviço externo / técnico,,6.53,6.744,25.34,2024-07-09 17:14:10.307,2024-07-09 17:14:17.920,2024-07-09 17:18:01.620,2024-07-09 17:18:03.003,2024-07-09 17:33:15.883,,"SQN 108 BLOCO D,",ASA NORTE,BRASILIA,DF,"ITAMARATY, - PA 1","ITAMARATY, - PA 1",-15.76285,-47.88622,-15.80048,-47.86723,-15.80139,-47.86756,,,,,,,,PBB-**73,,,Não,9,BRASILIA
TAXIGOV_DF_ENTIDADES,1358962,Instituto Nacional de Estudos e Pesquisas Educacionais Anísio Teixeira,249,INDIRETA,CGSNAEB/INEP,,CONCLUÍDA,Reunião,,6.94,6.715,25.61,2024-07-09 16:55:36.740,2024-07-09 16:56:25.270,2024-07-09 17:03:12.307,2024-07-09 17:04:57.037,2024-07-09 17:16:49.677,,"PRACA DOS TRES PODERES, S/N",,BRASILIA,DF,"CASSI - CliniCASSI Brasilia, Brasilia, DF","CASSI - CliniCASSI Brasilia, Brasilia, DF",-15.79929,-47.86407,-15.78876,-47.91432,-15.78824,-47.91404,,,,CRONOS,2022.0,2022.0,PRATA,REU-**98,,,Não,9,BRASILIA
TAXIGOV_DF_ENTIDADES,1358942,Instituto Nacional de Estudos e Pesquisas Educacionais Anísio Teixeira,249,INDIRETA,CGSNAEB/INEP,,CONCLUÍDA,Reunião,,10.56,5.758,38.97,2024-07-09 16:47:13.980,2024-07-09 16:50:15.533,2024-07-09 17:08:50.110,2024-07-09 17:13:17.503,2024-07-09 17:29:29.703,,"PRACA DOS TRES PODERES, S/N",,BRASILIA,DF,- BRASILIA,"VIA S. UM OESTE, EIXO MONUMENTAL, BRASILIA - DF, BRASIL",-15.79929,-47.86407,-15.78972,-47.91394,-15.78553,-47.91249,,,,COBALT,2018.0,2019.0,BRANCO,PBS-**80,,,Sim,9,BRASILIA
TAXIGOV_DF_ENTIDADES,1358933,Instituto Nacional de Estudos e Pesquisas Educacionais Anísio Teixeira,249,INDIRETA,CGEI/INEP,,CONCLUÍDA,Reunião,,12.9,6.779,47.6,2024-07-09 16:44:32.107,2024-07-09 16:44:40.080,2024-07-09 16:44:49.330,2024-07-09 16:52:49.140,2024-07-09 17:09:25.863,,ANEXO 02 DO SENADO,,BRASILIA,DF,- BRASILIA,- BRASILIA,-15.79768,-47.86372,-15.788,-47.91424,-15.78826,-47.91387,,,,VIRTUS,2023.0,2023.0,PRATA,SGU-**95,,,Sim,9,BRASILIA
TAXIGOV_DF_ENTIDADES,1358891,Banco Central do Brasil,89,INDIRETA,DEMAP/INFRA,,CONCLUÍDA,Reunião,,5.87,4.854,21.95,2024-07-09 16:16:33.747,2024-07-09 16:19:42.687,2024-07-09 16:25:08.417,2024-07-09 16:25:33.477,2024-07-09 16:35:12.653,,SCES TRECHO 2,PA 4,BRASILIA,DF,"Banco Central do Brasil (BCB), SBS Qd. 3 Bl. B, Brasilia, Brasilia, DF","Banco Central do Brasil (BCB), SBS Qd. 3 Bl. B, Brasilia, Brasilia, DF",-15.81722,-47.86786,-15.80308,-47.88529,-15.80346,-47.88506,,,,ONIX ,2022.0,2023.0,PRATA,SGN-**94,,,Não,9,BRASILIA
TAXIGOV_DF_3,1358874,Ministério da Defesa,41066,DIRETA,SEORI/MD,,CONCLUÍDA,Reunião,,15.88,15.563,61.61,2024-07-09 16:09:07.563,2024-07-09 16:09:21.497,2024-07-09 16:13:25.617,2024-07-09 16:13:37.730,2024-07-09 16:32:50.970,,HOTEL IBIS STYLES AEROPORTO DE BRASILIA,,BRASILIA,DF,"Ministerio da Defesa - Anexo, Asa Norte, Brasilia, Distrito Federal","VIA N. DOIS LESTE, ASA NORTE, BRASILIA - DF, BRASIL",-15.87107,-47.9267,-15.79442,-47.87028,-15.79562,-47.86756,5.0,,,,2017.0,2018.0,,PBB-**38,,,Sim,9,BRASILIA
TAXIGOV_DF_3,1358866,Ministério das Relações Exteriores,263,DIRETA,SGAD/SG/MRE,,CONCLUÍDA,Serviço externo / técnico,,6.36,6.236,24.68,2024-07-09 16:03:26.553,2024-07-09 16:07:26.187,2024-07-09 16:10:36.027,2024-07-09 16:10:52.053,2024-07-09 16:21:05.353,,VIA S2,ASA SUL,BRASILIA,DF,"BL H, Asa Norte, Brasilia, DF","BL H, Asa Norte, Brasilia, DF",-15.80205,-47.868,-15.76676,-47.88798,-15.76661,-47.88824,,,,,2024.0,2024.0,,SSH-**27,,,Não,9,BRASILIA
TAXIGOV_DF_ENTIDADES,1358834,Conselho Administrativo de Defesa Econômica,322,INDIRETA,CGP/CADE,,CONCLUÍDA,Reunião,,7.56,7.974,27.97,2024-07-09 15:48:14.610,2024-07-09 15:48:31.293,2024-07-09 16:01:06.497,2024-07-09 16:02:41.273,2024-07-09 16:16:19.780,,"IRON MOUNTAIN, 1370",ZONA INDUSTRIAL,BRASILIA,DF,"Conselho Administrativo de Defesa Economica (CADE), SEPN 515 Conj. D Lote 4, ASA NORTE, BRASILIA, DF","Conselho Administrativo de Defesa Economica (CADE), SEPN 515 Conj. D Lote 4, ASA NORTE, BRASILIA, DF",-15.75848,-47.93392,-15.7423,-47.8975,-15.74243,-47.89723,,,,VIRTUS,2018.0,2019.0,PRATA,PBN-**94,,,Não,9,BRASILIA
TAXIGOV_DF_ENTIDADES,1358828,Fundação Universidade de Brasília,470,INDIRETA,USM,16205.0,CONCLUÍDA,Reunião,,51.07,42.863,196.11,2024-07-09 15:45:07.920,2024-07-09 15:45:13.047,2024-07-09 15:45:39.293,2024-07-09 15:45:41.653,2024-07-09 16:35:44.783,,"NOVO GAMA, VILA UNIÃO",PA 48,BRASILIA,DF,"HOSPITAL HUB, - PA 15","HOSPITAL HUB, - PA 15",-16.0788,-48.00783,-15.77154,-47.87384,-15.77159,-47.87377,,,,SIENA,2018.0,2018.0,BRANCA,PBF-**58,,,Sim,9,BRASILIA
TAXIGOV_DF_ENTIDADES,1358772,Banco Central do Brasil,89,INDIRETA,DEMAP/INFRA,,CONCLUÍDA,Outros,,15.67,13.14,58.61,2024-07-09 15:24:09.247,2024-07-09 15:24:16.907,2024-07-09 15:24:39.823,2024-07-09 15:29:20.850,2024-07-09 16:08:15.507,,"SIA, TRECHO 17 RETEC",SIA,BRASILIA,DF,"BANCO CENTRAL, - PA 3","CLS 201, QD 3 BL A, ASA SUL, BRASILIA - DF, 70232-550, BRASIL",-15.7897,-47.96733,-15.80147,-47.88527,-15.8034,-47.88499,,,,KICKS,2023.0,204.0,PRETA,SSF-**01,,,Sim,9,BRASILIA
TAXIGOV_DF_ENTIDADES,1358726,Agência Nacional de Aviação Civil,86144,INDIRETA,SAF/ANAC,,CONCLUÍDA,Reunião,,12.3,12.376,45.51,2024-07-09 15:03:09.573,2024-07-09 15:03:26.670,2024-07-09 15:33:36.840,2024-07-09 15:34:32.190,2024-07-09 15:50:48.593,,"AEROPORTO ANAC,",AEROPORTO,BRASILIA,DF,"SCS ANAC, - SCS","SCS ANAC, - SCS",-15.8696,-47.93225,-15.79448,-47.89349,-15.79512,-47.89378,,,,COROLLA,2021.0,2022.0,PRETA,RES-**04,,,Sim,9,BRASILIA
TAXIGOV_DF_ENTIDADES,1358722,Fundação Oswaldo Cruz,315,INDIRETA,NEVS/FIOCRUZ-BSB,,CONCLUÍDA,Reunião,,24.98,22.836,92.43,2024-07-09 15:01:14.793,2024-07-09 15:01:27.550,2024-07-09 15:01:49.547,2024-07-09 15:02:06.240,2024-07-09 15:29:55.047,,UBS 1 - SOBRADINHO II,SETOR OESTE SOBRADINHO II,BRASILIA,DF,"Hospital Universitario de Brasilia - Emergencia, Asa Norte, Brasilia, Distrito Federal","Hospital Universitario de Brasilia - Emergencia, Asa Norte, Brasilia, Distrito Federal",-15.64388,-47.82431,-15.77171,-47.87302,-15.77174,-47.87298,,,,ETIOS,2019.0,2020.0,PRATA,REF-**82,,,Sim,9,BRASILIA
TAXIGOV_DF_3,1358720,Ministério das Relações Exteriores,263,DIRETA,SGAD/SG/MRE,,CONCLUÍDA,Serviço externo / técnico,,5.83,5.205,22.62,2024-07-09 15:00:32.133,2024-07-09 15:00:39.847,2024-07-09 15:00:44.043,2024-07-09 15:00:49.880,2024-07-09 15:09:06.030,,BL E,ASA SUL,BRASILIA,DF,"Anexo II do Itamaraty (Bolo de Noiva), Via S2, Brasilia, DF","Anexo II do Itamaraty (Bolo de Noiva), Via S2, Brasilia, DF",-15.81689,-47.89862,-15.80205,-47.868,-15.80153,-47.86765,,,,,2019.0,20.0,,QUT-**63,,,Não,9,BRASILIA
TAXIGOV_DF_ENTIDADES,1358696,Instituto Nacional de Estudos e Pesquisas Educacionais Anísio Teixeira,249,INDIRETA,CRL/INEP,,CONCLUÍDA,Outros,,8.16,9.201,30.11,2024-07-09 14:50:43.140,2024-07-09 14:50:49.917,2024-07-09 14:51:03.837,2024-07-09 14:51:10.820,2024-07-09 15:02:27.787,,"SIA,",SIA,BRASILIA,DF,"SIG QD 4 INEP, - SIG","SIG QD 4 INEP, - SIG",-15.7897,-47.96733,-15.78765,-47.91411,-15.78825,-47.91385,,,,YARIS,2023.0,2024.0,PRATA,SGX-**80,,,Não,9,BRASILIA
TAXIGOV_DF_3,1358693,Ministério da Saúde,304,DIRETA,CGSAT/DSASTE/SVS/MS,,CONCLUÍDA,Reunião,,5.49,4.376,21.3,2024-07-09 14:50:15.283,2024-07-09 14:56:20.040,2024-07-09 15:01:07.637,2024-07-09 15:02:49.187,2024-07-09 15:10:59.173,,EIXO MONUMENTAL,G,BRASILIA,DF,"PO700 - Ministerio da Saude, SRTVN, 701, Asa Norte, Brasilia, DF","PO700 - Ministerio da Saude, SRTVN, 701, Asa Norte, Brasilia, DF",-15.80181,-47.86856,-15.78407,-47.89045,-15.78407,-47.89043,,,,,2023.0,24.0,,SGU-**60,,,Não,9,BRASILIA
TAXIGOV_DF_ENTIDADES,1358683,Fundação Universidade de Brasília,470,INDIRETA,SPI,,CONCLUÍDA,Reunião,,5.09,5.206,18.73,2024-07-09 14:48:58.830,2024-07-09 14:49:10.790,2024-07-09 14:52:04.107,2024-07-09 14:52:19.917,2024-07-09 15:00:58.103,,UNB,,BRASILIA,DF,"SQN 214 Bl. E, Asa Norte, Brasilia, DF","SQN 214 Bl. E, Asa Norte, Brasilia, DF",-15.76649,-47.87246,-15.7434,-47.88798,-15.74339,-47.88792,,,,VERSA,2019.0,2019.0,BRANCA,PBU-**52,,,Não,9,BRASILIA
TAXIGOV_DF_ENTIDADES,1358675,Conselho Administrativo de Defesa Econômica,322,INDIRETA,CGP/CADE,,CONCLUÍDA,Reunião,,8.92,8.94,33.0,2024-07-09 14:47:35.373,2024-07-09 14:47:42.930,2024-07-09 14:47:53.630,2024-07-09 15:01:18.140,2024-07-09 15:12:49.813,,"PALACIO DA JUSTIÇA,",PA 1,BRASILIA,DF,"515 NORTE CADE, - ASA NORTE","515 NORTE CADE, - ASA NORTE",-15.79735,-47.86613,-15.74194,-47.89732,-15.74241,-47.89717,,,,COROLLA,2020.0,2021.0,BRANCA,REH-**48,,,Não,9,BRASILIA
TAXIGOV_DF_ENTIDADES,1358661,Agência Nacional de Aviação Civil,86144,INDIRETA,SAF/ANAC,,CONCLUÍDA,Reunião,,13.43,12.594,49.69,2024-07-09 14:41:36.313,2024-07-09 14:42:15.250,2024-07-09 14:42:54.913,2024-07-09 14:44:32.310,2024-07-09 15:01:39.730,,"SCS QD. 9, LT. C",ASA SUL,BRASILIA,DF,"Centro de Treinamento da Agencia Nacional de Aviacao Civil, Estrada Parque Aeroporto, 1471, Brasilia, DF","Centro de Treinamento da Agencia Nacional de Aviacao Civil, Estrada Parque Aeroporto, 1471, Brasilia, DF",-15.79533,-47.89348,-15.86967,-47.9325,-15.86974,-47.93238,,,,COROLLA,2021.0,2022.0,PRETA,RES-**04,,,Sim,9,BRASILIA
TAXIGOV_DF_ENTIDADES,1358649,Banco Central do Brasil,89,INDIRETA,DEMAP/INFRA,,CONCLUÍDA,Reunião,,11.93,4.189,44.62,2024-07-09 14:38:41.130,2024-07-09 14:38:53.260,2024-07-09 14:41:18.683,2024-07-09 14:59:04.837,2024-07-09 15:07:31.403,,SBS QD. 3 BL. B,BRASILIA,BRASILIA,DF,"Universidade do Banco Central, SCES Trecho 2, Brasilia, DF","Universidade do Banco Central, SCES Trecho 2, Brasilia, DF",-15.80308,-47.88529,-15.81722,-47.86786,-15.81744,-47.86792,,,,VIRTUS,2018.0,2018.0,PRATA,PBJ-**77,,,Sim,9,BRASILIA
TAXIGOV_DF_3,1358648,Ministério da Saúde,304,DIRETA,DECEIIS,,CONCLUÍDA,Reunião,,5.31,4.206,20.6,2024-07-09 14:38:38.200,2024-07-09 14:38:49.450,2024-07-09 14:38:56.910,2024-07-09 14:39:13.063,2024-07-09 14:47:23.473,,"ESPLANADA DOS MINISTERIOS, BL. G",ASA SUL,BRASILIA,DF,"Fundacao Oswaldo Cruz - Distrito Federal, Brasilia, DF","Fundacao Oswaldo Cruz - Distrito Federal, Brasilia, DF",-15.80055,-47.86855,-15.77097,-47.87113,-15.77157,-47.87094,,,,,,,,PBU-**52,,,Não,9,BRASILIA
TAXIGOV_DF_ENTIDADES,1358645,Agência Espacial Brasileira,4243,INDIRETA,DPOA/AEB,,CONCLUÍDA,Outros,,14.7,10.49,54.54,2024-07-09 14:37:54.980,2024-07-09 14:38:06.420,2024-07-09 14:38:19.277,2024-07-09 14:40:02.770,2024-07-09 15:06:33.840,,"704/705 NORTE,",PA 16,BRASILIA,DF,"SPO, - SETOR POLICIAL SUL","SPO. 15, ASA SUL, BRASILIA - DF, 70610-200, BRASIL",-15.77452,-47.88883,-15.82425,-47.93895,-15.81581,-47.94316,,,,COROLLA,2023.0,2023.0,PRATA,SGT-**00,,,Sim,9,BRASILIA
TAXIGOV_DF_3,1358638,Ministério da Saúde,304,DIRETA,DESID,,CONCLUÍDA,Reunião,,7.95,4.768,30.85,2024-07-09 14:34:59.867,2024-07-09 14:35:13.627,2024-07-09 14:41:46.380,2024-07-09 14:42:03.637,2024-07-09 14:52:21.380,,FUNDACAO OSWALDO CRUZ - DISTRITO FEDERAL,,BRASILIA,DF,"Ministerio da Saude - Bloco G, Brasilia, Distrito Federal","Ministerio da Saude - Bloco G, Brasilia, Distrito Federal",-15.77097,-47.87113,-15.80024,-47.86838,-15.80033,-47.86819,,,,,2021.0,21.0,,REO-**09,,,Não,9,BRASILIA
TAXIGOV_DF_ENTIDADES,1358614,Banco Central do Brasil,89,INDIRETA,DEMAP/INFRA,,CONCLUÍDA,Outros,,14.73,13.803,55.09,2024-07-09 14:26:00.147,2024-07-09 14:36:15.340,2024-07-09 14:42:26.443,2024-07-09 14:52:08.507,2024-07-09 15:22:26.993,,BANCO CENTRAL DO BRASIL - SEDE,ASA SUL,BRASÍLIA,DF,"SIA, TRECHO 17 RETEC - SIA","SETOR SIA TRECHO 17 RUA 17, 1360, SIA, GUARA - DF, 71200-249, BRASIL",-15.80332,-47.8851,-15.7897,-47.96733,-15.79879,-47.97029,,,,KICKS,2023.0,204.0,PRETA,SSF-**01,,,Sim,9,BRASÍLIA
TAXIGOV_DF_ENTIDADES,1358606,Fundação Oswaldo Cruz,315,INDIRETA,NEVS/FIOCRUZ-BSB,,CONCLUÍDA,Reunião,,27.96,27.122,103.45,2024-07-09 14:22:59.920,2024-07-09 14:24:00.633,2024-07-09 14:36:01.033,2024-07-09 14:36:48.433,2024-07-09 15:13:44.370,,"AMBULATORIO - HOSPITAL REGIONAL DE TAGUATINGA, SETOR C NORTE QNC",ASA SUL,BRASILIA,DF,"Hospital Universitario de Brasilia - Emergencia, Asa Norte, Brasilia, Distrito Federal","Hospital Universitario de Brasilia - Emergencia, Asa Norte, Brasilia, Distrito Federal",-15.822,-48.06879,-15.77171,-47.87302,-15.77176,-47.87301,,,,COROLLA,2022.0,2023.0,PRETA,RET-**66,,,Sim,9,BRASILIA
TAXIGOV_DF_3,1358605,Ministério das Relações Exteriores,263,DIRETA,SGAD/SG/MRE,,CONCLUÍDA,Serviço externo / técnico,,6.06,5.501,23.51,2024-07-09 14:22:13.163,2024-07-09 14:23:52.207,2024-07-09 14:25:45.273,2024-07-09 14:27:22.160,2024-07-09 14:37:56.327,,VIA S2,ASA SUL,BRASILIA,DF,"BL I, Asa Sul, Brasilia, DF","SQS 207, ASA SUL, BRASILIA - DF, 70252-400, BRASIL",-15.80205,-47.868,-15.81847,-47.89918,-15.81659,-47.89859,,,,,2019.0,20.0,,QUT-**63,,,Não,9,BRASILIA
TAXIGOV_DF_3,1358599,Ministério da Saúde,304,DIRETA,GM/MS,,CONCLUÍDA,Reunião,,7.82,4.723,30.34,2024-07-09 14:20:25.140,2024-07-09 14:20:30.120,2024-07-09 14:24:30.027,2024-07-09 14:25:02.190,2024-07-09 14:34:43.687,,"BRASILIA - DF, 70833-520, BRASIL",BRASILIA,BRASILIA,DF,"Ministerio da Saude - Bloco G, Brasilia, DF","Ministerio da Saude - Bloco G, Brasilia, DF",-15.77136,-47.87101,-15.80024,-47.86838,-15.80006,-47.86824,,,,,2023.0,2023.0,,SGU-**46,,,Não,9,BRASILIA
TAXIGOV_DF_ENTIDADES,1358587,Agência Nacional de Transportes Aquaviários,54843,INDIRETA,SGE/ANTAQ,,CONCLUÍDA,Reunião,,19.96,20.824,73.85,2024-07-09 14:18:15.620,2024-07-09 14:18:57.943,2024-07-09 14:36:56.803,2024-07-09 14:39:52.033,2024-07-09 15:03:09.947,,"SHIS QL 26 CONJUNTO 7,",SETOR DE HABITACOES INDIVIDUAIS SUL,BRASILIA,DF,"ANTAQ - Agencia Nacional de Transportes Aquaviarios, Asa Norte, Brasilia, Distrito Federal","ANTAQ - Agencia Nacional de Transportes Aquaviarios, Asa Norte, Brasilia, Distrito Federal",-15.8244,-47.81941,-15.74526,-47.89653,-15.74495,-47.89634,,,,VIRTUS,2021.0,2022.0,BRANCA,REO-**84,,,Sim,9,BRASILIA
TAXIGOV_DF_3,1358586,Presidência da República,26,DIRETA,ITI/CC/PR,,CONCLUÍDA,Reunião,,5.03,4.02,19.52,2024-07-09 14:18:08.140,2024-07-09 14:35:13.927,2024-07-09 14:42:16.710,2024-07-09 14:45:07.633,2024-07-09 14:56:09.753,,INSTITUTO NACIONAL DE TECNOLOGIA DA INFORMAÇÃO,ASA NORTE,BRASÍLIA,DF,PAVILHÃO DAS METAS - BRASÍLIA / DF,PAVILHÃO DAS METAS - BRASÍLIA / DF,-15.78794,-47.88458,-15.80202,-47.85426,-15.80243,-47.85368,,,,,2023.0,24.0,,SGU-**60,,,Não,9,BRASÍLIA
TAXIGOV_DF_ENTIDADES,1358577,Conselho Administrativo de Defesa Econômica,322,INDIRETA,CGP/CADE,,CONCLUÍDA,Reunião,,10.32,10.603,38.18,2024-07-09 14:15:07.440,2024-07-09 14:15:44.500,2024-07-09 14:26:22.500,2024-07-09 14:28:55.937,2024-07-09 14:46:24.120,,"CONSELHO ADMINISTRATIVO DE DEFESA ECONOMICA (CADE), SEPN 515 CONJ. D LOTE 4",ASA NORTE,BRASILIA,DF,"Palacio da Justica - Ministerio da Justica e Seguranca Publica, Brasilia, Distrito Federal","Palacio da Justica - Ministerio da Justica e Seguranca Publica, Brasilia, Distrito Federal",-15.7423,-47.8975,-15.79765,-47.86583,-15.7968,-47.86589,,,,COROLLA,2020.0,2021.0,BRANCA,REH-**48,,,Sim,9,BRASILIA
TAXIGOV_DF_ENTIDADES,1358567,Fundação Oswaldo Cruz,315,INDIRETA,NEVS/FIOCRUZ-BSB,,CONCLUÍDA,Reunião,,33.43,29.545,123.69,2024-07-09 14:11:42.453,2024-07-09 14:22:31.270,2024-07-09 14:37:31.587,2024-07-09 14:38:11.437,2024-07-09 15:15:06.393,,HOSPITAL REGIONAL DE CEILANDIA,,BRASILIA,DF,"Hospital Universitario de Brasilia - Emergencia, Asa Norte, Brasilia, DF","Hospital Universitario de Brasilia - Emergencia, Asa Norte, Brasilia, DF",-15.81533,-48.09637,-15.77171,-47.87302,-15.77184,-47.87292,,,,SIENA,2021.0,2021.0,BRANCA,REN-**79,,,Sim,9,BRASILIA
TAXIGOV_DF_ENTIDADES,1358549,Conselho Administrativo de Defesa Econômica,322,INDIRETA,CGP/CADE,,CONCLUÍDA,Reunião,,8.84,8.362,32.71,2024-07-09 14:04:21.350,2024-07-09 14:04:33.820,2024-07-09 14:11:04.480,2024-07-09 14:11:42.923,2024-07-09 14:25:11.430,,"VIA W3 NORTE,",BRASILIA,BRASILIA,DF,"Iron Mountain, Brasilia, Distrito Federal","Iron Mountain, Brasilia, Distrito Federal",-15.74328,-47.89738,-15.75848,-47.93392,-15.75773,-47.93389,,,,COROLLA,2019.0,2020.0,PRETA,PBV-**72,,,Não,9,BRASILIA
TAXIGOV_DF_ENTIDADES,1358529,Agência Espacial Brasileira,4243,INDIRETA,DPOA/AEB,,CONCLUÍDA,Outros,,14.75,10.672,54.72,2024-07-09 13:59:40.767,2024-07-09 14:00:17.717,2024-07-09 14:07:50.330,2024-07-09 14:12:24.290,2024-07-09 14:36:49.260,,"BRASILIA - DF, 70610-200, BRASIL",BRASILIA,BRASILIA,DF,"Comercio Residencial Norte 704/705, Asa Norte, Brasilia, DF","Comercio Residencial Norte 704/705, Asa Norte, Brasilia, DF",-15.8159,-47.94314,-15.775,-47.88983,-15.77501,-47.89051,,,,COROLLA,2023.0,2023.0,PRATA,SGT-**00,,,Sim,9,BRASILIA
TAXIGOV_DF_ENTIDADES,1358476,Instituto Nacional de Estudos e Pesquisas Educacionais Anísio Teixeira,249,INDIRETA,CGEI/INEP,,CONCLUÍDA,Reunião,,6.3,6.847,23.25,2024-07-09 13:40:31.030,2024-07-09 13:40:43.527,2024-07-09 13:42:50.910,2024-07-09 13:43:22.450,2024-07-09 14:00:41.510,,"SIG QD. 4, LT. 327",SUDOESTE/OCTOGONAL,CRUZEIRO,DF,"Anexo 02 do Senado, Brasilia, DF","Anexo 02 do Senado, Brasilia, DF",-15.78816,-47.91414,-15.79768,-47.86372,-15.7975,-47.8635,,,,SIENA,2021.0,2021.0,BRANCA,RTM-**81,,,Não,9,CRUZEIRO
TAXIGOV_DF_ENTIDADES,1358438,Instituto Nacional de Estudos e Pesquisas Educacionais Anísio Teixeira,249,INDIRETA,CGDI/INEP,,CONCLUÍDA,Reunião,,6.0,6.058,22.14,2024-07-09 13:30:42.420,2024-07-09 13:30:58.017,2024-07-09 13:33:46.970,2024-07-09 13:34:51.133,2024-07-09 13:47:27.380,,"SIG QD. 4, LT. 327",CRUZEIRO,BRASILIA,DF,"Senado Federal, Praca dos Tres Poderes, s/n, Brasilia, DF","Senado Federal, Praca dos Tres Poderes, s/n, Brasilia, DF",-15.78816,-47.91414,-15.79929,-47.86407,-15.7996,-47.86435,,,,ONIX,2022.0,2023.0,PRATA,SGN-**40,,,Não,9,BRASILIA
TAXIGOV_DF_ENTIDADES,1358429,Fundação Universidade de Brasília,470,INDIRETA,USM,16205.0,CONCLUÍDA,Reunião,,50.39,,193.49,2024-07-09 13:29:05.480,2024-07-09 13:29:14.983,2024-07-09 13:41:06.800,2024-07-09 13:41:09.623,2024-07-09 15:44:48.103,,"HUB HOSPITAL UNIVERSITARIO DE BRASILIA - PEDIATRIA, S/N",ASA NORTE,BRASILIA,DF,"Vila Uniao, Vila Uniao, Novo Gama, Goias","Vila Uniao, Vila Uniao, Novo Gama, Goias",-15.77182,-47.87393,-16.07561,-48.04439,,,5.0,,,SIENA,2018.0,2018.0,BRANCA,PBF-**58,,,Sim,9,BRASILIA
TAXIGOV_DF_ENTIDADES,1358406,Instituto Nacional de Estudos e Pesquisas Educacionais Anísio Teixeira,249,INDIRETA,GAB/DAEB/INEP,,CONCLUÍDA,Reunião,,6.56,6.818,24.21,2024-07-09 13:21:23.063,2024-07-09 13:21:33.417,2024-07-09 13:24:07.000,2024-07-09 13:25:13.973,2024-07-09 13:38:42.940,,INSTITUTO NACIONAL DE ESTUDOS E PESQUISAS EDUCACIONAIS,,BRASILIA,DF,"Senado Federal, Praca dos Tres Poderes, s/n, Brasilia, Distrito Federal","VIA N. DOIS LESTE, ASA NORTE, BRASILIA - DF, BRASIL",-15.788,-47.91424,-15.79929,-47.86407,-15.79745,-47.86361,,,,YARIS,2022.0,2023.0,PRATA,REV-**05,,,Não,9,BRASILIA
TAXIGOV_DF_3,1358345,Ministério da Justiça e Segurança Pública,235881,DIRETA,SAA/SE/MJSP,,CONCLUÍDA,Reunião,,6.89,7.104,26.73,2024-07-09 12:44:12.587,2024-07-09 12:44:29.217,2024-07-09 12:56:19.840,2024-07-09 12:56:20.943,2024-07-09 13:10:21.840,,BIBLIOTECA PEDRO ALEIXO,BRASILIA,BRASILIA,DF,"Tribunal de Justica do Distrito Federal e dos Territorios, Brasilia, DF","Tribunal de Justica do Distrito Federal e dos Territorios, Brasilia, DF",-15.80147,-47.86436,-15.78723,-47.90902,-15.78774,-47.90855,,,,,2022.0,2023.0,,SGO-**76,,,Não,9,BRASILIA
TAXIGOV_DF_ENTIDADES,1358343,Banco Central do Brasil,89,INDIRETA,DEMAP/INFRA,,CONCLUÍDA,Reunião,,5.76,4.825,21.54,2024-07-09 12:44:10.280,2024-07-09 12:44:47.670,2024-07-09 12:47:07.340,2024-07-09 12:48:26.153,2024-07-09 12:58:15.893,,SCES TRECHO 2,PA 4,BRASILIA,DF,"Banco Central do Brasil (BCB), SBS Qd. 3 Bl. B, Brasilia, Brasilia, DF","Banco Central do Brasil (BCB), SBS Qd. 3 Bl. B, Brasilia, Brasilia, DF",-15.81722,-47.86786,-15.80308,-47.88529,-15.80328,-47.88485,,,,TOYOTA COROLLA,2022.0,23.0, PRETA,REV-**13,,,Não,9,BRASILIA
TAXIGOV_DF_3,1358336,Ministério do Meio Ambiente,1927,DIRETA,GM/MMA,,CONCLUÍDA,Reunião,,9.53,4.458,36.98,2024-07-09 12:41:37.907,2024-07-09 12:41:48.180,2024-07-09 12:47:56.517,2024-07-09 12:48:11.447,2024-07-09 12:59:25.967,,"CDS -CENTRO DE DESENVOLVIMENTO SUSTENTAVEL, CAMPUS DARCY RIBEIRO, UNB",ASA NORTE,BRASILIA,DF,"Ministerio do Meio Ambiente, Eixo Monumental, Brasilia, Distrito Federal","Ministerio do Meio Ambiente, Eixo Monumental, Brasilia, Distrito Federal",-15.76856,-47.86943,-15.79859,-47.87243,-15.79901,-47.87239,,,,,2019.0,20.0,,QUT-**63,,,Não,9,BRASILIA
TAXIGOV_DF_3,1358314,Ministério da Saúde,304,DIRETA,GAB/SGTES,,CONCLUÍDA,Reunião,,11.74,5.135,45.55,2024-07-09 12:27:10.030,2024-07-09 12:27:18.003,2024-07-09 12:34:38.180,2024-07-09 12:35:30.367,2024-07-09 12:54:39.430,,FUNDACAO OSWALDO CRUZ - DISTRITO FEDERAL,,BRASILIA,DF,"PO700 - Ministerio da Saude, SRTVN, 701, Asa Norte, Brasilia, DF","PO700 - Ministerio da Saude, SRTVN, 701, Asa Norte, Brasilia, DF",-15.77097,-47.87113,-15.78407,-47.89045,-15.78426,-47.89044,,,,,,,,PBU-**52,,,Sim,9,BRASILIA
TAXIGOV_DF_3,1358296,Ministério da Justiça e Segurança Pública,235881,DIRETA,SAA/SE/MJSP,,CONCLUÍDA,Reunião,,11.85,11.911,45.98,2024-07-09 12:17:48.370,2024-07-09 12:17:57.930,2024-07-09 12:29:28.523,2024-07-09 12:30:25.167,2024-07-09 12:47:55.987,,CICCN - CENTRO INTEGRADO DE COMANDO E CONTROLE NACIONAL,SETOR POLICIAL SUL,BRASILIA,DF,"Anexo II - Ministerio da Justica, Brasilia, DF","Anexo II - Ministerio da Justica, Brasilia, DF",-15.81449,-47.94658,-15.79657,-47.866,-15.7967,-47.86597,,,,,2023.0,2024.0,,SGW-**30,,,Sim,9,BRASILIA
TAXIGOV_DF_ENTIDADES,1358265,Agência Espacial Brasileira,4243,INDIRETA,DPEI/AEB,,CONCLUÍDA,Reunião,,24.87,23.426,92.27,2024-07-09 12:06:42.247,2024-07-09 12:41:05.587,2024-07-09 12:56:38.650,2024-07-09 13:19:31.763,2024-07-09 13:49:15.893,,"DF-001, KM 27",JARDIM BOTANICO,BRASILIA,DF,"AEB Agencia Espacial Brasileira, Brasilia, DF","AEB Agencia Espacial Brasileira, Brasilia, DF",-15.86728,-47.82376,-15.81587,-47.94311,-15.81638,-47.94249,,,,KICKS,2022.0,2022.0,BRANCA,SGN-**25,,,Sim,9,BRASILIA
TAXIGOV_DF_3,1358238,Ministério da Saúde,304,DIRETA,DEPPROS,,CONCLUÍDA,Reunião,,5.99,5.022,23.24,2024-07-09 11:56:49.427,2024-07-09 11:57:03.507,2024-07-09 12:03:41.070,2024-07-09 12:04:22.537,2024-07-09 12:13:01.460,,FUNDACAO OSWALDO CRUZ - DISTRITO FEDERAL,,BRASILIA,DF,"ESPLANADA DOS MINISTERIOS, BL. G - ASA SUL - BRASILIA","ESPLANADA DOS MINISTERIOS, BL. G - ASA SUL - BRASILIA",-15.77097,-47.87113,-15.80203,-47.86871,-15.80163,-47.86925,,,,,2022.0,2023.0,,SGR-**00,,,Não,9,BRASILIA
TAXIGOV_DF_ENTIDADES,1358237,Instituto Nacional de Estudos e Pesquisas Educacionais Anísio Teixeira,249,INDIRETA,CGSNAEB/INEP,,CONCLUÍDA,Reunião,,6.03,6.037,22.25,2024-07-09 11:56:35.613,2024-07-09 13:15:16.833,2024-07-09 13:26:56.037,2024-07-09 13:34:07.413,2024-07-09 13:44:12.053,,INSTITUTO NACIONAL DE ESTUDOS E PESQUISAS EDUCACIONAIS,ZONA INDUSTRIAL,BRASILIA,DF,"Senado Federal, Praca dos Tres Poderes, s/n, Brasilia, DF","Senado Federal, Praca dos Tres Poderes, s/n, Brasilia, DF",-15.788,-47.91424,-15.79929,-47.86407,-15.79962,-47.86444,,,,ONIX,2022.0,23.0,PRATA,SGP-**61,,,Não,9,BRASILIA
TAXIGOV_DF_ENTIDADES,1358236,Instituto Nacional de Estudos e Pesquisas Educacionais Anísio Teixeira,249,INDIRETA,CGSNAEB/INEP,,CONCLUÍDA,Reunião,,6.25,6.286,23.06,2024-07-09 11:56:23.100,2024-07-09 13:15:12.960,2024-07-09 13:20:12.683,2024-07-09 13:30:59.293,2024-07-09 13:49:54.477,,"SIG QUADRA 4, 83",SUDOESTE/OCTOGONAL,CRUZEIRO,DF,"Senado Federal, Praca dos Tres Poderes, s/n, Brasilia, DF","EM, BL T, ASA NORTE, BRASILIA - DF, BRASIL",-15.78816,-47.91358,-15.79929,-47.86407,-15.79763,-47.8657,,,,SPIN,2023.0,2024.0,PRATA,SSF-**09,,,Não,9,CRUZEIRO
TAXIGOV_DF_ENTIDADES,1358230,Fundo Nacional de Desenvolvimento da Educação,253,INDIRETA,COGID/FNDE,,CONCLUÍDA,Reunião,,9.35,9.6,34.59,2024-07-09 11:53:35.627,2024-07-09 11:53:43.283,2024-07-09 11:57:28.990,2024-07-09 11:58:03.500,2024-07-09 12:14:16.040,,"MEC - FNDE DEPOSITO / ARQUIVO, SAAN QUADRA 1",ZONA INDUSTRIAL,BRASILIA,DF,"FNDE - Fundo Nacional de Desenvolvimento da Educacao, SBS Qd. 2, Bl. F, ASA SUL, BRASILIA, DF","FNDE - Fundo Nacional de Desenvolvimento da Educacao, SBS Qd. 2, Bl. F, ASA SUL, BRASILIA, DF",-15.7674,-47.93933,-15.80104,-47.88336,-15.80132,-47.88358,,,,SPIN,2022.0,2023.0,BRANCA,SGQ-**87,,,Não,9,BRASILIA
TAXIGOV_DF_3,1358211,Ministério da Justiça e Segurança Pública,235881,DIRETA,DPJUS/SNJ/MJSP,,CONCLUÍDA,Outros,,12.47,12.24,48.38,2024-07-09 11:44:14.700,2024-07-09 11:44:27.500,2024-07-09 11:49:06.010,2024-07-09 11:49:51.873,2024-07-09 12:06:24.507,,IGUATEMI BRASILIA,SETOR DE HABITACOES INDIVIDUAIS NORTE,BRASILIA,DF,"Anexo II - Ministerio da Justica, Brasilia, DF","Anexo II - Ministerio da Justica, Brasilia, DF",-15.72094,-47.88592,-15.79657,-47.866,-15.79669,-47.86612,,,,,2023.0,2023.0,,SGV-**76,,,Sim,9,BRASILIA
TAXIGOV_DF_ENTIDADES,1358172,Banco Central do Brasil,89,INDIRETA,DEMAP/INFRA,,CONCLUÍDA,Serviço externo / técnico,,5.97,5.835,22.33,2024-07-09 11:27:54.437,2024-07-09 11:29:20.880,2024-07-09 11:33:36.967,2024-07-09 11:34:48.987,2024-07-09 11:42:19.980,,34,,BRASÍLIA,DF,0 - SET MEDICO HOSP - BRASÍLIA / DF,0 - SET MEDICO HOSP - BRASÍLIA / DF,-15.81822,-47.86719,-15.80322,-47.88516,-15.80347,-47.88501,5.0,,,GRAND SIENA,2018.0,2018.0,BRANCA,PBE-**25,,,Não,9,BRASÍLIA
TAXIGOV_DF_ENTIDADES,1358167,Fundação Oswaldo Cruz,315,INDIRETA,NEVS/FIOCRUZ-BSB,,CONCLUÍDA,Reunião,,7.79,7.276,28.82,2024-07-09 11:25:48.810,2024-07-09 12:50:21.420,2024-07-09 13:00:21.470,2024-07-09 13:00:30.427,2024-07-09 13:12:45.207,,HOSPITAL UNIVERSITARIO DE BRASILIA - EMERGENCIA,ASA NORTE,BRASILIA,DF,"Hospital Materno Infantil de Brasilia, Asa Sul, Brasilia, DF","Hospital Materno Infantil de Brasilia, Asa Sul, Brasilia, DF",-15.77171,-47.87302,-15.82353,-47.89727,-15.82343,-47.89758,,,,SIENA,2021.0,21.0,BRANCA,REO-**09,,,Não,9,BRASILIA
TAXIGOV_DF_ENTIDADES,1358145,Fundo Nacional de Desenvolvimento da Educação,253,INDIRETA,DIPOI/FNDE,,CONCLUÍDA,Reunião,,9.98,10.158,36.93,2024-07-09 11:16:15.433,2024-07-09 11:18:42.717,2024-07-09 11:25:37.683,2024-07-09 11:25:44.080,2024-07-09 11:40:00.273,,"SAAN QUADRA 1,",ASA SUL,BRASILIA,DF,"Fundo Nacional de Desenvolvimento da Educacao, Sbs, 12, Asa Sul, Brasilia, Distrito Federal","Fundo Nacional de Desenvolvimento da Educacao, Sbs, 12, Asa Sul, Brasilia, Distrito Federal",-15.76257,-47.93756,-15.80089,-47.88341,-15.80133,-47.88348,,,,COROLLA,2022.0,2023.0,PRETA,RET-**66,,,Não,9,BRASILIA
TAXIGOV_DF_ENTIDADES,1358142,Banco Central do Brasil,89,INDIRETA,DEMAP/INFRA,,CONCLUÍDA,Reunião,,5.82,4.838,21.77,2024-07-09 11:15:32.180,2024-07-09 11:19:20.020,2024-07-09 11:27:26.687,2024-07-09 11:28:19.317,2024-07-09 11:37:06.900,,"UNIBC - UNIVERSIDADE BANCO CENTRAL, SCES TRECHO 2",ASA SUL,BRASILIA,DF,"Banco Central do Brasil - Sede, Asa Sul, Brasilia, Distrito Federal","CLS 201, QD 3 BL A, ASA SUL, BRASILIA - DF, 70232-550, BRASIL",-15.81722,-47.86786,-15.80227,-47.88516,-15.80337,-47.88493,,,,PRISMA,2017.0,2017.0,BRANCA,PAQ-**53,,,Não,9,BRASILIA
TAXIGOV_DF_3,1358119,Presidência da República,26,DIRETA,DG/IN/CC/PR,,CONCLUÍDA,Reunião,,20.3,17.856,78.76,2024-07-09 11:02:39.123,2024-07-09 11:02:50.753,2024-07-09 11:08:37.037,2024-07-09 11:11:09.407,2024-07-09 11:31:37.680,,"ADE DE AGUAS CLARAS, ESPLANADA SERVIÇOS TERCEIRIZADOS",PA 23,BRASILIA,DF,"SIG IMPRENSA NACIONAL, - PA 31","SIG QUADRA 6, SUDOESTE/OCTOGONAL, CRUZEIRO - DF, 70610-460, BRASIL",-15.87582,-48.01526,-15.79845,-47.92963,-15.79301,-47.91424,,,,,2019.0,2020.0,,QWT-**02,,,Sim,9,BRASILIA
TAXIGOV_DF_3,1358107,Ministério da Saúde,304,DIRETA,CAEQ,,CONCLUÍDA,Reunião,,7.68,4.83,29.8,2024-07-09 10:57:36.893,2024-07-09 10:57:42.160,2024-07-09 10:57:55.880,2024-07-09 10:58:16.813,2024-07-09 11:08:38.747,,"FIO CRUZ,",UNB,BRASILIA,DF,"ANEXO MINISTERIO DA SAÚDE, - PA 1","EM, ASA SUL, BRASILIA - DF, 70070-600, BRASIL",-15.77089,-47.87117,-15.80167,-47.86859,-15.80189,-47.87164,,,,,2021.0,2022.0,,RTG-**03,,,Não,9,BRASILIA
TAXIGOV_DF_ENTIDADES,1358093,Agência Nacional do Cinema,57682,INDIRETA,ESCRITÓRIO SEDE BSB,,CONCLUÍDA,Reunião,,12.4,2.656,45.75,2024-07-09 10:54:57.200,2024-07-09 10:55:11.150,2024-07-09 11:00:07.630,2024-07-09 11:00:30.653,2024-07-09 11:03:20.163,,AEROPORTO INTERNACIONAL DE BRASILIA,,BRASILIA,DF,"Agencia Nacional de Telecomunicacoes (Anatel), SAUS Qd. 6, Bl. C, E, F e H, ASA SUL, BRASILIA, DF","Agencia Nacional de Telecomunicacoes (Anatel), SAUS Qd. 6, Bl. C, E, F e H, ASA SUL, BRASILIA, DF",-15.86974,-47.91723,-15.80553,-47.88278,-15.86179,-47.93512,5.0,,,SIENA,2017.0,2018.0,BRANCA,PBB-**38,,,Sim,9,BRASILIA
TAXIGOV_DF_3,1358082,Ministério da Saúde,304,DIRETA,DEPPROS,,CONCLUÍDA,Reunião,,5.47,4.272,21.22,2024-07-09 10:53:00.260,2024-07-09 10:53:30.010,2024-07-09 10:59:55.527,2024-07-09 10:59:59.620,2024-07-09 11:08:56.210,,ESPLANADA DOS MINISTERIOS,BRASILIA,BRASILIA,DF,"Fundacao Oswaldo Cruz - Distrito Federal, Brasilia, DF","Fundacao Oswaldo Cruz - Distrito Federal, Brasilia, DF",-15.802,-47.86917,-15.77097,-47.87113,-15.77156,-47.8709,,,,,2022.0,2023.0,,SGO-**98,,,Não,9,BRASILIA
TAXIGOV_DF_ENTIDADES,1358067,Instituto Chico Mendes de Conservação da Biodiversidade,91842,INDIRETA,GABIN/ICMBIO,,CONCLUÍDA,Reunião,,8.87,9.063,31.49,2024-07-09 10:48:01.480,2024-07-09 10:48:12.120,2024-07-09 10:51:05.013,2024-07-09 10:51:32.380,2024-07-09 11:09:00.020,,MINISTERIO DA SAUDE - BLOCO G,,BRASILIA,DF,"Instituto Chico Mendes de Conservacao da Biodiversidade, Brasilia, DF","Instituto Chico Mendes de Conservacao da Biodiversidade, Brasilia, DF",-15.80024,-47.86838,-15.80329,-47.92629,-15.80318,-47.92627,,,,LOGAN,2022.0,2023.0,PRATA,SGO-**30,,,Não,9,BRASILIA
TAXIGOV_DF_ENTIDADES,1358050,Fundação Oswaldo Cruz,315,INDIRETA,NEVS/FIOCRUZ-BSB,,CONCLUÍDA,Reunião,,23.12,21.589,85.54,2024-07-09 10:43:35.640,2024-07-09 12:50:25.243,2024-07-09 12:58:23.207,2024-07-09 13:04:58.557,2024-07-09 13:31:47.973,,HOSPITAL UNIVERSITARIO DE BRASILIA - EMERGENCIA,ASA NORTE,BRASILIA,DF,"UBS 1 - Sobradinho II, Brasilia, Distrito Federal","UBS 1 - Sobradinho II, Brasilia, Distrito Federal",-15.77171,-47.87302,-15.64388,-47.82431,-15.64463,-47.82429,,,,ETIOS,2019.0,2020.0,PRATA,REF-**82,,,Sim,9,BRASILIA
TAXIGOV_DF_3,1358037,Ministério da Saúde,304,DIRETA,DAPSI,,CONCLUÍDA,Reunião,,32.9,32.896,127.65,2024-07-09 10:41:07.897,2024-07-09 10:41:14.183,2024-07-09 10:42:05.107,2024-07-09 10:42:09.740,2024-07-09 11:20:27.540,,"CASAI,",PARANOA,BRASILIA,DF,"PO 700, - ASA NORTE","PO 700, - ASA NORTE",-15.743,-47.71359,-15.78332,-47.89032,-15.78408,-47.89053,,,,,2021.0,2022.0,,RMO-**95,,,Sim,9,BRASILIA
TAXIGOV_DF_3,1358016,Ministério da Justiça e Segurança Pública,235881,DIRETA,SAA/SE/MJSP,,CONCLUÍDA,Reunião,,6.79,6.333,26.35,2024-07-09 10:34:29.173,2024-07-09 10:34:35.577,2024-07-09 10:34:43.620,2024-07-09 10:41:32.563,2024-07-09 10:50:19.670,,"SGON, SECRETARIA DE SEGURANÇA PUBLICA",PA 19,BRASILIA,DF,"MINISTERIO DA JUSTIÇA BL T, - PA 1","MINISTERIO DA JUSTIÇA BL T, - PA 1",-15.78177,-47.91183,-15.79649,-47.86658,-15.79678,-47.86593,,,,,2023.0,2023.0,,SGU-**46,,,Não,9,BRASILIA
TAXIGOV_DF_3,1358007,Ministério da Defesa,41066,DIRETA,SEORI/MD,,CONCLUÍDA,Reunião,,15.35,15.011,59.56,2024-07-09 10:31:46.077,2024-07-09 10:33:52.373,2024-07-09 10:42:23.703,2024-07-09 10:42:32.463,2024-07-09 11:01:08.097,,"PARKSHOPPING CORPORATE, PARKSHOPPING",ZONA INDUSTRIAL GUARA,BRASILIA,DF,"Ministerio da Defesa, Eixo Monumental, Brasilia, Distrito Federal","Ministerio da Defesa, Eixo Monumental, Brasilia, Distrito Federal",-15.83239,-47.95824,-15.79605,-47.86885,-15.79635,-47.86877,,,,,2022.0,23.0,,REV-**13,,,Sim,9,BRASILIA
TAXIGOV_DF_3,1358003,Presidência da República,26,DIRETA,DG/IN/CC/PR,,CONCLUÍDA,Reunião,,17.57,17.666,68.17,2024-07-09 10:31:20.327,2024-07-09 10:31:30.933,2024-07-09 10:35:25.337,2024-07-09 10:40:09.983,2024-07-09 11:02:14.277,,ESTRADA PARQUE INDUSTRIAS GRAFICAS,ZONA INDUSTRIAL,BRASILIA,DF,"Esplanada Servicos Terceirizados, Ade Aguas Claras, Brasilia, DF","Esplanada Servicos Terceirizados, Ade Aguas Claras, Brasilia, DF",-15.79243,-47.9136,-15.87513,-48.01287,-15.87529,-48.01317,,,,,2019.0,2020.0,,QWT-**02,,,Sim,9,BRASILIA
TAXIGOV_DF_ENTIDADES,1357998,Fundo Nacional de Desenvolvimento da Educação,253,INDIRETA,COOPC/FNDE,,CONCLUÍDA,Reunião,,8.82,9.617,32.63,2024-07-09 10:30:18.213,2024-07-09 10:30:25.377,2024-07-09 10:30:35.767,2024-07-09 10:40:02.743,2024-07-09 10:55:28.977,,"SAAN QD 1 MEC FNDE DEPOSITO ARQUIVO,",SAAN,BRASILIA,DF,"SBS FNDE, - ASA SUL","SBS FNDE, - ASA SUL",-15.76717,-47.9393,-15.80091,-47.88345,-15.80136,-47.88352,,,,SIENA,2019.0,2020.0,PRATA,PBQ-**36,,,Não,9,BRASILIA
TAXIGOV_DF_ENTIDADES,1357977,Fundação Universidade de Brasília,470,INDIRETA,USG,16205.0,CONCLUÍDA,Transporte de documentos / materiais,,5.33,5.048,20.47,2024-07-09 10:20:09.807,2024-07-09 10:20:16.787,2024-07-09 10:34:49.850,2024-07-09 10:34:49.850,2024-07-09 10:35:27.010,,"HOSPITAL DE BASE,",PA 4,BRASILIA,DF,"HOSPITAL HUB, - PA 15","EQN 405/404, ASA NORTE, BRASILIA - DF, BRASIL",-15.80015,-47.88879,-15.77154,-47.87384,-15.77277,-47.87556,,,,VIRTUS,2023.0,2023.0,PRETA,SGT-**83,,,Não,9,BRASILIA
TAXIGOV_DF_ENTIDADES,1357968,Fundação Oswaldo Cruz,315,INDIRETA,NEVS/FIOCRUZ-BSB,,CONCLUÍDA,Reunião,,23.03,23.384,85.21,2024-07-09 10:18:39.873,2024-07-09 10:20:03.550,2024-07-09 10:24:37.970,2024-07-09 10:25:04.920,2024-07-09 10:52:27.833,,Q 12,SOBRADINHO,BRASILIA,DF,"Hospital Universitario de Brasilia - Emergencia, Asa Norte, Brasilia, DF","Hospital Universitario de Brasilia - Emergencia, Asa Norte, Brasilia, DF",-15.64827,-47.79261,-15.77171,-47.87302,-15.77211,-47.87297,,,,VERSA,2019.0,2019.0,BRANCA,PBU-**52,,,Sim,9,BRASILIA
TAXIGOV_DF_3,1357958,Ministério da Justiça e Segurança Pública,235881,DIRETA,SAA/SE/MJSP,,CONCLUÍDA,Reunião,,8.87,6.911,34.42,2024-07-09 10:16:56.373,2024-07-09 10:17:03.800,2024-07-09 10:17:14.710,2024-07-09 10:18:22.403,2024-07-09 10:33:53.113,,"UNB, REITORIA",PA 15,BRASILIA,DF,"SGON SECRETARIA DE SUGURANCA PUBLICA, - SGON","SGON SECRETARIA DE SUGURANCA PUBLICA, - SGON",-15.76654,-47.87337,-15.78077,-47.90869,-15.7811,-47.9084,,,,,2023.0,2023.0,,SGU-**46,,,Não,9,BRASILIA
TAXIGOV_DF_3,1357929,Ministério da Justiça e Segurança Pública,235881,DIRETA,SAA/SE/MJSP,,CONCLUÍDA,Reunião,,13.05,13.675,50.63,2024-07-09 10:08:11.297,2024-07-09 10:09:54.763,2024-07-09 10:16:45.380,2024-07-09 10:17:29.780,2024-07-09 10:36:37.340,,ANEXO II - MINISTERIO DA JUSTICA,,BRASILIA,DF,"CICCN - Centro Integrado de Comando e Controle Nacional, Brasilia, DF","CICCN - Centro Integrado de Comando e Controle Nacional, Brasilia, DF",-15.79657,-47.866,-15.81449,-47.94658,-15.8151,-47.94664,,,,,2023.0,2023.0,,SGT-**86,,,Sim,9,BRASILIA
TAXIGOV_DF_ENTIDADES,1357919,Fundo Nacional de Desenvolvimento da Educação,253,INDIRETA,COOPC/FNDE,,CONCLUÍDA,Reunião,,9.75,9.834,36.08,2024-07-09 10:05:43.863,2024-07-09 10:05:55.903,2024-07-09 10:09:11.620,2024-07-09 10:10:00.627,2024-07-09 10:28:22.923,,"SBS, 12",ASA SUL,BRASILIA,DF,"SAAN Quadra 1, Brasilia, DF","SAAN QUADRA 1 BLOCO B, 220, BRASILIA - DF, 70632-100, BRASIL",-15.80089,-47.88341,-15.76328,-47.93746,-15.76746,-47.93911,,,,SIENA,2019.0,2020.0,PRATA,PBQ-**36,,,Não,9,BRASILIA
TAXIGOV_DF_ENTIDADES,1357909,Instituto Nacional de Estudos e Pesquisas Educacionais Anísio Teixeira,249,INDIRETA,CRL/INEP,,CONCLUÍDA,Outros,,7.46,7.27,27.53,2024-07-09 10:03:35.607,2024-07-09 14:15:11.477,2024-07-09 14:24:11.427,2024-07-09 14:35:06.287,2024-07-09 14:46:51.370,,INSTITUTO NACIONAL DE ESTUDOS E PESQUISAS EDUCACIONAIS,,BRASÍLIA,DF,ARQUIVO DO INEP - BRASÍLIA / DF,ARQUIVO DO INEP - BRASÍLIA / DF,-15.788,-47.91424,-15.80304,-47.96233,-15.80319,-47.96233,,,,YARIS,2023.0,2024.0,PRATA,SGX-**80,,,Não,9,BRASÍLIA
TAXIGOV_DF_ENTIDADES,1357903,Instituto Nacional de Estudos e Pesquisas Educacionais Anísio Teixeira,249,INDIRETA,CRL/INEP,,CONCLUÍDA,Outros,,7.8,7.262,28.78,2024-07-09 10:02:00.690,2024-07-09 10:13:55.437,2024-07-09 10:19:01.607,2024-07-09 10:19:39.963,2024-07-09 10:29:13.673,,INSTITUTO NACIONAL DE ESTUDOS E PESQUISAS EDUCACIONAIS,,BRASÍLIA,DF,ARQUIVO DO INEP - BRASÍLIA / DF,ARQUIVO DO INEP - BRASÍLIA / DF,-15.788,-47.91424,-15.80304,-47.96233,-15.80342,-47.96236,,,,TOYOTA COROLLA,2022.0,23.0, PRETA,REV-**13,,,Não,9,BRASÍLIA
TAXIGOV_DF_ENTIDADES,1357896,Fundação Universidade de Brasília,470,INDIRETA,USG,16205.0,CONCLUÍDA,Transporte de documentos / materiais,,5.36,5.537,20.58,2024-07-09 10:00:21.557,2024-07-09 10:00:55.703,2024-07-09 10:05:20.313,2024-07-09 10:06:01.020,2024-07-09 10:15:59.403,,HOSPITAL UNIVERSITÁRIO DE BRASÍLIA,ASA NORTE,BRASÍLIA,DF,HOSPITAL DE BASE DO DISTRITO FEDERAL - ASA SUL - BRASÍLIA / DF,"SMHS BLOCO D, BLOCO D, ASA SUL, BRASILIA - DF, 70322-000, BRASIL",-15.77091,-47.87361,-15.80024,-47.88879,-15.80059,-47.88991,,,,VIRTUS,2023.0,2023.0,PRETA,SGT-**83,,,Não,9,BRASÍLIA
TAXIGOV_DF_3,1357895,Ministério da Justiça e Segurança Pública,235881,DIRETA,SAA/SE/MJSP,,CONCLUÍDA,Reunião,,5.35,5.598,20.76,2024-07-09 10:00:15.680,2024-07-09 10:00:26.910,2024-07-09 10:04:12.980,2024-07-09 10:05:24.287,2024-07-09 10:14:30.493,,ANEXO II - MINISTERIO DA JUSTICA,,BRASILIA,DF,"Reitoria, Brasilia, DF","Reitoria, Brasilia, DF",-15.79657,-47.866,-15.76295,-47.86695,-15.76328,-47.86658,,,,,2023.0,2023.0,,SGU-**46,,,Não,9,BRASILIA
TAXIGOV_DF_ENTIDADES,1357882,Instituto Chico Mendes de Conservação da Biodiversidade,91842,INDIRETA,GABIN/ICMBIO,,CONCLUÍDA,Reunião,,7.91,8.143,28.08,2024-07-09 09:56:20.427,2024-07-09 09:57:05.017,2024-07-09 10:03:19.197,2024-07-09 10:05:15.473,2024-07-09 10:19:25.220,,EQSW 103/104,CRUZEIRO,BRASILIA,DF,"Anexo I do Ministerio das Relacoes Exteriores, Esplanada dos Ministerios, Bloco H, Asa Sul, Brasilia, DF","Anexo I do Ministerio das Relacoes Exteriores, Esplanada dos Ministerios, Bloco H, Asa Sul, Brasilia, DF",-15.80427,-47.92573,-15.80129,-47.8677,-15.80061,-47.86837,,,,SIENA,2021.0,2021.0,BRANCA,RDJ-**50,,,Não,9,BRASILIA
TAXIGOV_DF_3,1357852,Presidência da República,26,DIRETA,DCEV/GSI/PR,,CONCLUÍDA,Reunião,,10.97,11.282,42.56,2024-07-09 09:50:15.853,2024-07-09 09:50:26.367,2024-07-09 09:54:50.420,2024-07-09 09:56:40.877,2024-07-09 10:11:41.487,,SQS 414 BL. C,BRASILIA,BRASILIA,DF,"Sala de Autoridades, Base Aerea de Brasilia, Lago Sul, Brasilia, DF","Sala de Autoridades, Base Aerea de Brasilia, Lago Sul, Brasilia, DF",-15.83324,-47.91549,-15.86698,-47.90518,-15.86717,-47.90532,,,,,,,,REU-**33,,,Sim,9,BRASILIA
TAXIGOV_DF_ENTIDADES,1357848,Agência Nacional de Transportes Aquaviários,54843,INDIRETA,ARI,,CONCLUÍDA,Transporte de documentos / materiais,,8.6,8.903,31.82,2024-07-09 09:49:43.793,2024-07-09 09:50:00.933,2024-07-09 09:59:41.040,2024-07-09 10:00:56.313,2024-07-09 10:14:59.060,,MINISTERIO DA SAUDE - BLOCO G,,BRASILIA,DF,"Agencia Nacional de Transportes Aquaviarios, Asa Norte, Brasilia, DF","Agencia Nacional de Transportes Aquaviarios, Asa Norte, Brasilia, DF",-15.80024,-47.86838,-15.74526,-47.89653,-15.74503,-47.89635,,,,SIENA,2018.0,2019.0,PRATA,PBO-**89,,,Não,9,BRASILIA
TAXIGOV_DF_ENTIDADES,1357834,Banco Central do Brasil,89,INDIRETA,DESEG/BACEN,,CONCLUÍDA,Reunião,,5.06,5.321,18.92,2024-07-09 09:46:46.477,2024-07-09 09:46:54.033,2024-07-09 09:47:02.430,2024-07-09 09:53:27.637,2024-07-09 10:04:23.253,,"SIG QD 8 ARQUIVO DO BANCO CENTRAL,",SIG,BRASILIA,DF,"BANCO CENTRAL, - PA 3","CLS 201, QD 3 BL A, ASA SUL, BRASILIA - DF, 70232-550, BRASIL",-15.79602,-47.91354,-15.80147,-47.88527,-15.80336,-47.88494,,,,SIENA,2019.0,2020.0,PRATA,PBQ-**36,,,Não,9,BRASILIA
TAXIGOV_DF_3,1357782,Presidência da República,26,DIRETA,SECOI/SECOM/PR,,CONCLUÍDA,Reunião,,5.86,6.232,22.74,2024-07-09 09:32:13.990,2024-07-09 09:33:51.260,2024-07-09 09:46:59.800,2024-07-09 09:47:32.483,2024-07-09 09:58:28.367,,EM,BRASILIA,BRASILIA,DF,"Ministerio do Desenvolvimento Regional - Ed. Celso Furtado, Asa Norte, Brasilia, DF","Ministerio do Desenvolvimento Regional - Ed. Celso Furtado, Asa Norte, Brasilia, DF",-15.79854,-47.86095,-15.77022,-47.89314,-15.77028,-47.89293,,,,,2022.0,23.0,,RET-**85,,,Não,9,BRASILIA
TAXIGOV_DF_3,1357781,Presidência da República,26,DIRETA,DITEC/SA/CC/PR,,CONCLUÍDA,Serviço externo / técnico,,5.95,4.612,23.09,2024-07-09 09:31:55.520,2024-07-09 09:32:05.640,2024-07-09 09:36:20.423,2024-07-09 09:47:12.373,2024-07-09 09:54:25.733,,"CENTRO DE CAPACITACAO E DESENVOLVIMENTO DA PRESIDENCIA DA REPUBLICA (CECAD-PR), PRACA DOS TRES PODERES",ZONA CIVICO-ADMINISTRATIVA,BRASILIA,DF,"Palacio da Alvorada, Via Palacio Presidencial, Brasilia, Distrito Federal","ESTRADA PARQUE DO GUARA, ASA NORTE, BRASILIA - DF, BRASIL",-15.79683,-47.85799,-15.79262,-47.82213,-15.79373,-47.82679,,,,,2023.0,2023.0,,SGR-**55,,,Não,9,BRASILIA
TAXIGOV_DF_ENTIDADES,1357775,Fundo Nacional de Desenvolvimento da Educação,253,INDIRETA,COGID/FNDE,,CONCLUÍDA,Reunião,,9.61,9.831,35.56,2024-07-09 09:31:22.890,2024-07-09 09:35:41.017,2024-07-09 09:43:53.130,2024-07-09 09:44:22.623,2024-07-09 10:03:26.540,,"FNDE - FUNDO NACIONAL DE DESENVOLVIMENTO DA EDUCACAO, SBS QD. 2, BL. F",ASA SUL,BRASILIA,DF,"Mec - Fnde Deposito / Arquivo, SAAN Quadra 1, Brasilia, Distrito Federal","Mec - Fnde Deposito / Arquivo, SAAN Quadra 1, Brasilia, Distrito Federal",-15.80104,-47.88336,-15.7674,-47.93933,-15.7675,-47.93917,,,,VIRTUS,2020.0,2021.0,BRANCA,REI-**48,,,Não,9,BRASILIA
TAXIGOV_DF_ENTIDADES,1357773,Fundo Nacional de Desenvolvimento da Educação,253,INDIRETA,DIPOI/FNDE,,CONCLUÍDA,Reunião,,9.19,9.831,34.0,2024-07-09 09:31:20.740,2024-07-09 09:34:27.803,2024-07-09 09:41:37.787,2024-07-09 09:42:29.237,2024-07-09 10:03:48.897,,"FUNDO NACIONAL DE DESENVOLVIMENTO DA EDUCACAO, SBS, 12",ASA SUL,BRASILIA,DF,"SAAN Quadra 1, Brasilia, Distrito Federal","SAAN QUADRA 1 BLOCO B, 220, BRASILIA - DF, 70632-100, BRASIL",-15.80089,-47.88341,-15.76257,-47.93756,-15.76742,-47.93921,,,,VIRTUS,2019.0,2019.0,PRETA,PBR-**68,,,Não,9,BRASILIA
TAXIGOV_DF_3,1357768,Presidência da República,26,DIRETA,DCEV/GSI/PR,,CONCLUÍDA,Reunião,,16.09,16.612,62.43,2024-07-09 09:30:17.743,2024-07-09 09:30:59.210,2024-07-09 09:43:48.280,2024-07-09 09:44:49.577,2024-07-09 10:07:18.230,,QE 1,GUARA,GUARA,DF,"Base Aerea de Brasilia, Brasilia, DF",AEB - BRASILIA - DF,-15.81377,-47.97884,-15.87127,-47.9087,-15.8672,-47.90551,,,,,2023.0,2023.0,,SGS-**70,,,Sim,9,GUARA
TAXIGOV_DF_3,1357748,Ministério da Justiça e Segurança Pública,235881,DIRETA,DPJUS/SNJ/MJSP,,CONCLUÍDA,Outros,,11.93,11.723,46.29,2024-07-09 09:21:40.963,2024-07-09 09:23:03.857,2024-07-09 09:26:59.797,2024-07-09 09:27:06.140,2024-07-09 09:43:33.247,,MINISTERIO DA JUSTICA E CIDADANIA - ANEXO II,,BRASILIA,DF,"Shopping Iguatemi Brasilia, Brasilia, DF","Shopping Iguatemi Brasilia, Brasilia, DF",-15.79657,-47.866,-15.72094,-47.88592,-15.72015,-47.88557,,,,,,,,REL-**24,,,Sim,9,BRASILIA
TAXIGOV_DF_ENTIDADES,1357719,Banco Central do Brasil,89,INDIRETA,DESEG/BACEN,,CONCLUÍDA,Reunião,,11.36,10.435,42.49,2024-07-09 09:09:35.267,2024-07-09 09:09:42.250,2024-07-09 09:09:52.387,2024-07-09 09:23:05.623,2024-07-09 09:43:48.593,,"ASBAC,",PA 4,BRASILIA,DF,"SIG QD 8 ARQUIVO DO BANCO CENTRAL, - SIG","SIG QD 8 ARQUIVO DO BANCO CENTRAL, - SIG",-15.8241,-47.88451,-15.79602,-47.91354,-15.79613,-47.91351,,,,SIENA,2019.0,2020.0,PRATA,PBQ-**36,,,Sim,9,BRASILIA
TAXIGOV_DF_3,1357700,Ministério da Justiça e Segurança Pública,235881,DIRETA,SRPRF-DF/PRF,704.0,CONCLUÍDA,Reunião,,5.95,4.621,23.09,2024-07-09 09:02:35.367,2024-07-09 09:02:44.180,2024-07-09 09:08:24.133,2024-07-09 09:09:23.270,2024-07-09 09:19:20.083,,SIA TRECHO 2,SIA,GUARA,DF,"Policia Rodoviaria Federal - Sede, Brasilia, DF","SPO. 15, ASA SUL, BRASILIA - DF, 70610-200, BRASIL",-15.8025,-47.96965,-15.81446,-47.94706,-15.81602,-47.94603,,,,,2018.0,2019.0,,PBL-**03,,,Não,9,GUARA
